Model,Params,Threads,Recall,RR@10,IndexSec,LoadSec,ConvertSec,SearchSecMedian,SearchSecRuns,AmortizedUsPerQuery,QPS,LatencyUsSingleThread,PeakRSSGB,IndexBytes,NumQueries,K,ResultsOrdered,Host,JobID
SparseHNSW_Bloom2_30_b2_s0x0,M=32 efC=200 ef=30 alpha=0.75 beta=2 q=u8 bloomH=2 bloomT=30 bloomSrc=pruned,64,0.4991404011,0.6716,385.5889,8.6357,0.0000,0.025573,0.025209;0.025573;0.025783,3.663754,272944.12,,12.86,0,6980,10,True,nid007003,59090054
SparseHNSW_Bloom2_30_b2_s0x0,M=32 efC=200 ef=40 alpha=0.75 beta=2 q=u8 bloomH=2 bloomT=30 bloomSrc=pruned,64,0.5218194842,0.6981,385.5889,8.6357,0.0000,0.031330,0.031330;0.031434;0.031299,4.488539,222789.66,,12.86,0,6980,10,True,nid007003,59090054
SparseHNSW_Bloom2_30_b2_s0x0,M=32 efC=200 ef=50 alpha=0.75 beta=2 q=u8 bloomH=2 bloomT=30 bloomSrc=pruned,64,0.5396848138,0.7181,385.5889,8.6357,0.0000,0.036753,0.036753;0.036797;0.036732,5.265473,189916.47,,12.86,0,6980,10,True,nid007003,59090054
SparseHNSW_Bloom2_30_b2_s0x0,M=32 efC=200 ef=100 alpha=0.75 beta=2 q=u8 bloomH=2 bloomT=30 bloomSrc=pruned,64,0.6020343840,0.7794,385.5889,8.6357,0.0000,0.062275,0.062103;0.062275;0.062443,8.921920,112083.50,,12.86,0,6980,10,True,nid007003,59090054
SparseHNSW_Bloom2_30_b2_s0x0,M=32 efC=200 ef=200 alpha=0.75 beta=2 q=u8 bloomH=2 bloomT=30 bloomSrc=pruned,64,0.6851289398,0.8407,385.5889,8.6357,0.0000,0.110391,0.110391;0.110357;0.110482,15.815330,63229.79,,12.86,0,6980,10,True,nid007003,59090054
SparseHNSW_Bloom2_30_b3_s0x0,M=32 efC=200 ef=30 alpha=0.75 beta=3 q=u8 bloomH=2 bloomT=30 bloomSrc=pruned,64,0.5032521490,0.6716,385.5889,8.6357,0.0000,0.026294,0.026315;0.026273;0.026294,3.767049,265459.80,,12.86,0,6980,10,True,nid007003,59090054
SparseHNSW_Bloom2_30_b3_s0x0,M=32 efC=200 ef=40 alpha=0.75 beta=3 q=u8 bloomH=2 bloomT=30 bloomSrc=pruned,64,0.5263610315,0.6981,385.5889,8.6357,0.0000,0.031755,0.031807;0.031731;0.031755,4.549427,219807.90,,12.86,0,6980,10,True,nid007003,59090054
SparseHNSW_Bloom2_30_b3_s0x0,M=32 efC=200 ef=50 alpha=0.75 beta=3 q=u8 bloomH=2 bloomT=30 bloomSrc=pruned,64,0.5445128940,0.7181,385.5889,8.6357,0.0000,0.037278,0.037277;0.037304;0.037278,5.340688,187241.80,,12.86,0,6980,10,True,nid007003,59090054
SparseHNSW_Bloom2_30_b3_s0x0,M=32 efC=200 ef=100 alpha=0.75 beta=3 q=u8 bloomH=2 bloomT=30 bloomSrc=pruned,64,0.6075644699,0.7794,385.5889,8.6357,0.0000,0.062856,0.062856;0.062804;0.063020,9.005158,111047.47,,12.86,0,6980,10,True,nid007003,59090054
SparseHNSW_Bloom2_30_b3_s0x0,M=32 efC=200 ef=200 alpha=0.75 beta=3 q=u8 bloomH=2 bloomT=30 bloomSrc=pruned,64,0.6915329513,0.8407,385.5889,8.6357,0.0000,0.110987,0.110945;0.110987;0.111294,15.900716,62890.25,,12.86,0,6980,10,True,nid007003,59090054
SparseHNSW_Bloom2_30_b2_s8x4,M=32 efC=200 ef=30 alpha=0.75 beta=2 q=u8 seedT=8 seedH=8 seedS=4 bloomH=2 bloomT=30 bloomSrc=pruned,64,0.5543123209,0.7841,385.5889,8.6357,0.0000,0.026217,0.026217;0.026253;0.026182,3.756017,266239.46,,12.86,0,6980,10,True,nid007003,59090054
SparseHNSW_Bloom2_30_b2_s8x4,M=32 efC=200 ef=40 alpha=0.75 beta=2 q=u8 seedT=8 seedH=8 seedS=4 bloomH=2 bloomT=30 bloomSrc=pruned,64,0.5865042980,0.8270,385.5889,8.6357,0.0000,0.030264,0.030295;0.030264;0.030247,4.335817,230637.06,,12.86,0,6980,10,True,nid007003,59090054
SparseHNSW_Bloom2_30_b2_s8x4,M=32 efC=200 ef=50 alpha=0.75 beta=2 q=u8 seedT=8 seedH=8 seedS=4 bloomH=2 bloomT=30 bloomSrc=pruned,64,0.6048424069,0.8489,385.5889,8.6357,0.0000,0.036082,0.035995;0.036082;0.036134,5.169341,193448.26,,12.86,0,6980,10,True,nid007003,59090054
SparseHNSW_Bloom2_30_b2_s8x4,M=32 efC=200 ef=100 alpha=0.75 beta=2 q=u8 seedT=8 seedH=8 seedS=4 bloomH=2 bloomT=30 bloomSrc=pruned,64,0.6751002865,0.9017,385.5889,8.6357,0.0000,0.061782,0.061782;0.061737;0.061790,8.851289,112977.89,,12.86,0,6980,10,True,nid007003,59090054
SparseHNSW_Bloom2_30_b2_s8x4,M=32 efC=200 ef=200 alpha=0.75 beta=2 q=u8 seedT=8 seedH=8 seedS=4 bloomH=2 bloomT=30 bloomSrc=pruned,64,0.7792263610,0.9414,385.5889,8.6357,0.0000,0.109441,0.109301;0.109468;0.109441,15.679226,63778.66,,12.86,0,6980,10,True,nid007003,59090054
SparseHNSW_Bloom2_30_b3_s8x4,M=32 efC=200 ef=30 alpha=0.75 beta=3 q=u8 seedT=8 seedH=8 seedS=4 bloomH=2 bloomT=30 bloomSrc=pruned,64,0.5585243553,0.7841,385.5889,8.6357,0.0000,0.026844,0.026844;0.026928;0.026767,3.845845,260020.86,,12.86,0,6980,10,True,nid007003,59090054
SparseHNSW_Bloom2_30_b3_s8x4,M=32 efC=200 ef=40 alpha=0.75 beta=3 q=u8 seedT=8 seedH=8 seedS=4 bloomH=2 bloomT=30 bloomSrc=pruned,64,0.5911461318,0.8270,385.5889,8.6357,0.0000,0.030829,0.030818;0.030829;0.030939,4.416762,226410.20,,12.86,0,6980,10,True,nid007003,59090054
SparseHNSW_Bloom2_30_b3_s8x4,M=32 efC=200 ef=50 alpha=0.75 beta=3 q=u8 seedT=8 seedH=8 seedS=4 bloomH=2 bloomT=30 bloomSrc=pruned,64,0.6097134670,0.8489,385.5889,8.6357,0.0000,0.036667,0.036775;0.036667;0.036655,5.253152,190361.91,,12.86,0,6980,10,True,nid007003,59090054
SparseHNSW_Bloom2_30_b3_s8x4,M=32 efC=200 ef=100 alpha=0.75 beta=3 q=u8 seedT=8 seedH=8 seedS=4 bloomH=2 bloomT=30 bloomSrc=pruned,64,0.6808882521,0.9017,385.5889,8.6357,0.0000,0.062245,0.062245;0.062247;0.062244,8.917622,112137.52,,12.86,0,6980,10,True,nid007003,59090054
SparseHNSW_Bloom2_30_b3_s8x4,M=32 efC=200 ef=200 alpha=0.75 beta=3 q=u8 seedT=8 seedH=8 seedS=4 bloomH=2 bloomT=30 bloomSrc=pruned,64,0.7860171920,0.9414,385.5889,8.6357,0.0000,0.110053,0.109605;0.110053;0.110086,15.766905,63423.99,,12.86,0,6980,10,True,nid007003,59090054
SparseHNSW_Bloom2_30_b2_s0x0,M=32 efC=200 ef=20 alpha=0.775 beta=2 q=u8 bloomH=2 bloomT=30 bloomSrc=pruned,64,0.5240257880,0.6758,406.6559,8.6557,0.0000,0.020188,0.019817;0.020188;0.020328,2.892264,345749.95,,12.94,0,6980,10,True,nid005641,59090055
SparseHNSW_Bloom2_30_b2_s0x0,M=32 efC=200 ef=30 alpha=0.775 beta=2 q=u8 bloomH=2 bloomT=30 bloomSrc=pruned,64,0.5575501433,0.7107,406.6559,8.6557,0.0000,0.026476,0.026447;0.026476;0.026505,3.793123,263634.99,,12.94,0,6980,10,True,nid005641,59090055
SparseHNSW_Bloom2_30_b2_s0x0,M=32 efC=200 ef=35 alpha=0.775 beta=2 q=u8 bloomH=2 bloomT=30 bloomSrc=pruned,64,0.5694412607,0.7256,406.6559,8.6557,0.0000,0.029537,0.029475;0.029555;0.029537,4.231662,236313.78,,12.94,0,6980,10,True,nid005641,59090055
SparseHNSW_Bloom2_30_b2_s0x0,M=32 efC=200 ef=40 alpha=0.775 beta=2 q=u8 bloomH=2 bloomT=30 bloomSrc=pruned,64,0.5806590258,0.7372,406.6559,8.6557,0.0000,0.032380,0.032323;0.032392;0.032380,4.638968,215565.16,,12.94,0,6980,10,True,nid005641,59090055
SparseHNSW_Bloom2_30_b2_s0x0,M=32 efC=200 ef=50 alpha=0.775 beta=2 q=u8 bloomH=2 bloomT=30 bloomSrc=pruned,64,0.5972206304,0.7544,406.6559,8.6557,0.0000,0.037930,0.037930;0.037835;0.037957,5.434097,184023.20,,12.94,0,6980,10,True,nid005641,59090055
SparseHNSW_Bloom2_30_b2_s0x0,M=32 efC=200 ef=100 alpha=0.775 beta=2 q=u8 bloomH=2 bloomT=30 bloomSrc=pruned,64,0.6568338109,0.8110,406.6559,8.6557,0.0000,0.064148,0.064251;0.064148;0.063923,9.190258,108810.87,,12.94,0,6980,10,True,nid005641,59090055
SparseHNSW_Bloom2_30_b2_s0x0,M=32 efC=200 ef=200 alpha=0.775 beta=2 q=u8 bloomH=2 bloomT=30 bloomSrc=pruned,64,0.7304584527,0.8669,406.6559,8.6557,0.0000,0.112325,0.112317;0.112325;0.112358,16.092407,62141.11,,12.94,0,6980,10,True,nid005641,59090055
SparseHNSW_Bloom2_30_b3_s0x0,M=32 efC=200 ef=20 alpha=0.775 beta=3 q=u8 bloomH=2 bloomT=30 bloomSrc=pruned,64,0.5611747851,0.7107,406.6559,8.6557,0.0000,0.027106,0.027106;0.027102;0.027134,3.883381,257507.56,,12.94,0,6980,10,True,nid005641,59090055
SparseHNSW_Bloom2_30_b3_s0x0,M=32 efC=200 ef=30 alpha=0.775 beta=3 q=u8 bloomH=2 bloomT=30 bloomSrc=pruned,64,0.5611747851,0.7107,406.6559,8.6557,0.0000,0.027015,0.027110;0.027015;0.027012,3.870344,258374.98,,12.94,0,6980,10,True,nid005641,59090055
SparseHNSW_Bloom2_30_b3_s0x0,M=32 efC=200 ef=35 alpha=0.775 beta=3 q=u8 bloomH=2 bloomT=30 bloomSrc=pruned,64,0.5733237822,0.7256,406.6559,8.6557,0.0000,0.030056,0.030057;0.030056;0.030035,4.306017,232233.16,,12.94,0,6980,10,True,nid005641,59090055
SparseHNSW_Bloom2_30_b3_s0x0,M=32 efC=200 ef=40 alpha=0.775 beta=3 q=u8 bloomH=2 bloomT=30 bloomSrc=pruned,64,0.5848137536,0.7372,406.6559,8.6557,0.0000,0.032844,0.032844;0.032886;0.032842,4.705444,212519.79,,12.94,0,6980,10,True,nid005641,59090055
SparseHNSW_Bloom2_30_b3_s0x0,M=32 efC=200 ef=50 alpha=0.775 beta=3 q=u8 bloomH=2 bloomT=30 bloomSrc=pruned,64,0.6015329513,0.7544,406.6559,8.6557,0.0000,0.038447,0.038447;0.038363;0.038525,5.508166,181548.63,,12.94,0,6980,10,True,nid005641,59090055
SparseHNSW_Bloom2_30_b3_s0x0,M=32 efC=200 ef=100 alpha=0.775 beta=3 q=u8 bloomH=2 bloomT=30 bloomSrc=pruned,64,0.6617478510,0.8110,406.6559,8.6557,0.0000,0.064833,0.064773;0.064873;0.064833,9.288395,107661.22,,12.94,0,6980,10,True,nid005641,59090055
SparseHNSW_Bloom2_30_b3_s0x0,M=32 efC=200 ef=200 alpha=0.775 beta=3 q=u8 bloomH=2 bloomT=30 bloomSrc=pruned,64,0.7361031519,0.8669,406.6559,8.6557,0.0000,0.113060,0.113060;0.112799;0.113200,16.197708,61737.13,,12.94,0,6980,10,True,nid005641,59090055
SparseHNSW_Bloom2_30_b4_s0x0,M=32 efC=200 ef=20 alpha=0.775 beta=4 q=u8 bloomH=2 bloomT=30 bloomSrc=pruned,64,0.5857449857,0.7372,406.6559,8.6557,0.0000,0.033555,0.033555;0.033459;0.033624,4.807307,208016.69,,12.94,0,6980,10,True,nid005641,59090055
SparseHNSW_Bloom2_30_b4_s0x0,M=32 efC=200 ef=30 alpha=0.775 beta=4 q=u8 bloomH=2 bloomT=30 bloomSrc=pruned,64,0.5857449857,0.7372,406.6559,8.6557,0.0000,0.033533,0.033516;0.033545;0.033533,4.804155,208153.16,,12.94,0,6980,10,True,nid005641,59090055
SparseHNSW_Bloom2_30_b4_s0x0,M=32 efC=200 ef=35 alpha=0.775 beta=4 q=u8 bloomH=2 bloomT=30 bloomSrc=pruned,64,0.5857449857,0.7372,406.6559,8.6557,0.0000,0.033503,0.033483;0.033503;0.033548,4.799857,208339.55,,12.94,0,6980,10,True,nid005641,59090055
SparseHNSW_Bloom2_30_b4_s0x0,M=32 efC=200 ef=40 alpha=0.775 beta=4 q=u8 bloomH=2 bloomT=30 bloomSrc=pruned,64,0.5857449857,0.7372,406.6559,8.6557,0.0000,0.033512,0.033512;0.033556;0.033471,4.801146,208283.60,,12.94,0,6980,10,True,nid005641,59090055
SparseHNSW_Bloom2_30_b4_s0x0,M=32 efC=200 ef=50 alpha=0.775 beta=4 q=u8 bloomH=2 bloomT=30 bloomSrc=pruned,64,0.6025787966,0.7544,406.6559,8.6557,0.0000,0.039020,0.038908;0.039020;0.039029,5.590258,178882.62,,12.94,0,6980,10,True,nid005641,59090055
SparseHNSW_Bloom2_30_b4_s0x0,M=32 efC=200 ef=100 alpha=0.775 beta=4 q=u8 bloomH=2 bloomT=30 bloomSrc=pruned,64,0.6629083095,0.8110,406.6559,8.6557,0.0000,0.065350,0.065353;0.065207;0.065350,9.362464,106809.49,,12.94,0,6980,10,True,nid005641,59090055
SparseHNSW_Bloom2_30_b4_s0x0,M=32 efC=200 ef=200 alpha=0.775 beta=4 q=u8 bloomH=2 bloomT=30 bloomSrc=pruned,64,0.7373782235,0.8669,406.6559,8.6557,0.0000,0.113706,0.113706;0.113788;0.113392,16.290258,61386.38,,12.94,0,6980,10,True,nid005641,59090055
SparseHNSW_Bloom2_30_b2_s8x4,M=32 efC=200 ef=20 alpha=0.775 beta=2 q=u8 seedT=8 seedH=8 seedS=4 bloomH=2 bloomT=30 bloomSrc=pruned,64,0.6274928367,0.8352,406.6559,8.6557,0.0000,0.027214,0.027214;0.027240;0.027204,3.898854,256485.63,,12.94,0,6980,10,True,nid005641,59090055
SparseHNSW_Bloom2_30_b2_s8x4,M=32 efC=200 ef=30 alpha=0.775 beta=2 q=u8 seedT=8 seedH=8 seedS=4 bloomH=2 bloomT=30 bloomSrc=pruned,64,0.6275358166,0.8352,406.6559,8.6557,0.0000,0.027171,0.027175;0.027171;0.027138,3.892693,256891.54,,12.94,0,6980,10,True,nid005641,59090055
SparseHNSW_Bloom2_30_b2_s8x4,M=32 efC=200 ef=35 alpha=0.775 beta=2 q=u8 seedT=8 seedH=8 seedS=4 bloomH=2 bloomT=30 bloomSrc=pruned,64,0.6406876791,0.8486,406.6559,8.6557,0.0000,0.028367,0.028367;0.028314;0.028372,4.064040,246060.56,,12.94,0,6980,10,True,nid005641,59090055
SparseHNSW_Bloom2_30_b2_s8x4,M=32 efC=200 ef=40 alpha=0.775 beta=2 q=u8 seedT=8 seedH=8 seedS=4 bloomH=2 bloomT=30 bloomSrc=pruned,64,0.6531375358,0.8634,406.6559,8.6557,0.0000,0.031259,0.031278;0.031197;0.031259,4.478367,223295.69,,12.94,0,6980,10,True,nid005641,59090055
SparseHNSW_Bloom2_30_b2_s8x4,M=32 efC=200 ef=50 alpha=0.775 beta=2 q=u8 seedT=8 seedH=8 seedS=4 bloomH=2 bloomT=30 bloomSrc=pruned,64,0.6692120344,0.8810,406.6559,8.6557,0.0000,0.036929,0.036831;0.036931;0.036929,5.290688,189011.35,,12.94,0,6980,10,True,nid005641,59090055
SparseHNSW_Bloom2_30_b2_s8x4,M=32 efC=200 ef=100 alpha=0.775 beta=2 q=u8 seedT=8 seedH=8 seedS=4 bloomH=2 bloomT=30 bloomSrc=pruned,64,0.7304584527,0.9236,406.6559,8.6557,0.0000,0.062857,0.062930;0.062540;0.062857,9.005301,111045.71,,12.94,0,6980,10,True,nid005641,59090055
SparseHNSW_Bloom2_30_b2_s8x4,M=32 efC=200 ef=200 alpha=0.775 beta=2 q=u8 seedT=8 seedH=8 seedS=4 bloomH=2 bloomT=30 bloomSrc=pruned,64,0.8138825215,0.9529,406.6559,8.6557,0.0000,0.110440,0.110440;0.110559;0.110423,15.822350,63201.74,,12.94,0,6980,10,True,nid005641,59090055
SparseHNSW_Bloom2_30_b3_s8x4,M=32 efC=200 ef=20 alpha=0.775 beta=3 q=u8 seedT=8 seedH=8 seedS=4 bloomH=2 bloomT=30 bloomSrc=pruned,64,0.6315472779,0.8352,406.6559,8.6557,0.0000,0.027842,0.027842;0.027904;0.027785,3.988825,250700.38,,12.94,0,6980,10,True,nid005641,59090055
SparseHNSW_Bloom2_30_b3_s8x4,M=32 efC=200 ef=30 alpha=0.775 beta=3 q=u8 seedT=8 seedH=8 seedS=4 bloomH=2 bloomT=30 bloomSrc=pruned,64,0.6315472779,0.8352,406.6559,8.6557,0.0000,0.027717,0.027757;0.027702;0.027717,3.970917,251831.01,,12.94,0,6980,10,True,nid005641,59090055
SparseHNSW_Bloom2_30_b3_s8x4,M=32 efC=200 ef=35 alpha=0.775 beta=3 q=u8 seedT=8 seedH=8 seedS=4 bloomH=2 bloomT=30 bloomSrc=pruned,64,0.6448137536,0.8486,406.6559,8.6557,0.0000,0.028941,0.028941;0.028912;0.028941,4.146275,241180.33,,12.94,0,6980,10,True,nid005641,59090055
SparseHNSW_Bloom2_30_b3_s8x4,M=32 efC=200 ef=40 alpha=0.775 beta=3 q=u8 seedT=8 seedH=8 seedS=4 bloomH=2 bloomT=30 bloomSrc=pruned,64,0.6575501433,0.8634,406.6559,8.6557,0.0000,0.031848,0.031848;0.031824;0.031938,4.562751,219166.04,,12.94,0,6980,10,True,nid005641,59090055
SparseHNSW_Bloom2_30_b3_s8x4,M=32 efC=200 ef=50 alpha=0.775 beta=3 q=u8 seedT=8 seedH=8 seedS=4 bloomH=2 bloomT=30 bloomSrc=pruned,64,0.6737106017,0.8810,406.6559,8.6557,0.0000,0.037484,0.037474;0.037484;0.037504,5.370201,186212.78,,12.94,0,6980,10,True,nid005641,59090055
SparseHNSW_Bloom2_30_b3_s8x4,M=32 efC=200 ef=100 alpha=0.775 beta=3 q=u8 seedT=8 seedH=8 seedS=4 bloomH=2 bloomT=30 bloomSrc=pruned,64,0.7355587393,0.9236,406.6559,8.6557,0.0000,0.063330,0.063200;0.063330;0.063333,9.073066,110216.33,,12.94,0,6980,10,True,nid005641,59090055
SparseHNSW_Bloom2_30_b3_s8x4,M=32 efC=200 ef=200 alpha=0.775 beta=3 q=u8 seedT=8 seedH=8 seedS=4 bloomH=2 bloomT=30 bloomSrc=pruned,64,0.8196704871,0.9529,406.6559,8.6557,0.0000,0.111300,0.111300;0.111469;0.111184,15.945559,62713.39,,12.94,0,6980,10,True,nid005641,59090055
SparseHNSW_Bloom2_30_b4_s8x4,M=32 efC=200 ef=20 alpha=0.775 beta=4 q=u8 seedT=8 seedH=8 seedS=4 bloomH=2 bloomT=30 bloomSrc=pruned,64,0.6585100287,0.8634,406.6559,8.6557,0.0000,0.032534,0.032466;0.032544;0.032534,4.661032,214544.78,,12.94,0,6980,10,True,nid005641,59090055
SparseHNSW_Bloom2_30_b4_s8x4,M=32 efC=200 ef=30 alpha=0.775 beta=4 q=u8 seedT=8 seedH=8 seedS=4 bloomH=2 bloomT=30 bloomSrc=pruned,64,0.6585100287,0.8634,406.6559,8.6557,0.0000,0.032493,0.032493;0.032461;0.032500,4.655158,214815.50,,12.94,0,6980,10,True,nid005641,59090055
SparseHNSW_Bloom2_30_b4_s8x4,M=32 efC=200 ef=35 alpha=0.775 beta=4 q=u8 seedT=8 seedH=8 seedS=4 bloomH=2 bloomT=30 bloomSrc=pruned,64,0.6585100287,0.8634,406.6559,8.6557,0.0000,0.032395,0.032436;0.032395;0.032365,4.641117,215465.35,,12.94,0,6980,10,True,nid005641,59090055
SparseHNSW_Bloom2_30_b4_s8x4,M=32 efC=200 ef=40 alpha=0.775 beta=4 q=u8 seedT=8 seedH=8 seedS=4 bloomH=2 bloomT=30 bloomSrc=pruned,64,0.6585100287,0.8634,406.6559,8.6557,0.0000,0.032354,0.032312;0.032354;0.032367,4.635244,215738.39,,12.94,0,6980,10,True,nid005641,59090055
SparseHNSW_Bloom2_30_b4_s8x4,M=32 efC=200 ef=50 alpha=0.775 beta=4 q=u8 seedT=8 seedH=8 seedS=4 bloomH=2 bloomT=30 bloomSrc=pruned,64,0.6747707736,0.8810,406.6559,8.6557,0.0000,0.037993,0.037890;0.038049;0.037993,5.443123,183718.05,,12.94,0,6980,10,True,nid005641,59090055
SparseHNSW_Bloom2_30_b4_s8x4,M=32 efC=200 ef=100 alpha=0.775 beta=4 q=u8 seedT=8 seedH=8 seedS=4 bloomH=2 bloomT=30 bloomSrc=pruned,64,0.7367191977,0.9236,406.6559,8.6557,0.0000,0.063930,0.063930;0.063764;0.063984,9.159026,109181.92,,12.94,0,6980,10,True,nid005641,59090055
SparseHNSW_Bloom2_30_b4_s8x4,M=32 efC=200 ef=200 alpha=0.775 beta=4 q=u8 seedT=8 seedH=8 seedS=4 bloomH=2 bloomT=30 bloomSrc=pruned,64,0.8209742120,0.9529,406.6559,8.6557,0.0000,0.111744,0.111719;0.112162;0.111744,16.009169,62464.20,,12.94,0,6980,10,True,nid005641,59090055
SparseHNSW_Bloom2_30_b2_s0x0,M=32 efC=200 ef=20 alpha=0.8 beta=2 q=u8 bloomH=2 bloomT=30 bloomSrc=pruned,64,0.5884527221,0.7298,430.0095,8.7232,0.0000,0.020852,0.020422;0.020852;0.021243,2.987393,334740.07,,13.03,0,6980,10,True,nid006848,59092330
SparseHNSW_Bloom2_30_b2_s0x0,M=32 efC=200 ef=25 alpha=0.8 beta=2 q=u8 bloomH=2 bloomT=30 bloomSrc=pruned,64,0.6087249284,0.7510,430.0095,8.7232,0.0000,0.024245,0.024245;0.024255;0.024208,3.473496,287894.41,,13.03,0,6980,10,True,nid006848,59092330
SparseHNSW_Bloom2_30_b2_s0x0,M=32 efC=200 ef=30 alpha=0.8 beta=2 q=u8 bloomH=2 bloomT=30 bloomSrc=pruned,64,0.6233667622,0.7636,430.0095,8.7232,0.0000,0.027293,0.027246;0.027323;0.027293,3.910172,255743.23,,13.03,0,6980,10,True,nid006848,59092330
SparseHNSW_Bloom2_30_b2_s0x0,M=32 efC=200 ef=50 alpha=0.8 beta=2 q=u8 bloomH=2 bloomT=30 bloomSrc=pruned,64,0.6625931232,0.8021,430.0095,8.7232,0.0000,0.038526,0.038389;0.038526;0.038546,5.519484,181176.35,,13.03,0,6980,10,True,nid006848,59092330
SparseHNSW_Bloom2_30_b2_s0x0,M=32 efC=200 ef=100 alpha=0.8 beta=2 q=u8 bloomH=2 bloomT=30 bloomSrc=pruned,64,0.7147994269,0.8540,430.0095,8.7232,0.0000,0.064549,0.064499;0.064620;0.064549,9.247708,108134.91,,13.03,0,6980,10,True,nid006848,59092330
SparseHNSW_Bloom2_30_b2_s0x0,M=32 efC=200 ef=200 alpha=0.8 beta=2 q=u8 bloomH=2 bloomT=30 bloomSrc=pruned,64,0.7747421203,0.8993,430.0095,8.7232,0.0000,0.113185,0.113188;0.113185;0.112947,16.215616,61668.95,,13.03,0,6980,10,True,nid006848,59092330
SparseHNSW_Bloom2_30_b3_s0x0,M=32 efC=200 ef=20 alpha=0.8 beta=3 q=u8 bloomH=2 bloomT=30 bloomSrc=pruned,64,0.6267048711,0.7636,430.0095,8.7232,0.0000,0.027979,0.027851;0.027979;0.027995,4.008453,249472.82,,13.03,0,6980,10,True,nid006848,59092330
SparseHNSW_Bloom2_30_b3_s0x0,M=32 efC=200 ef=25 alpha=0.8 beta=3 q=u8 bloomH=2 bloomT=30 bloomSrc=pruned,64,0.6267048711,0.7636,430.0095,8.7232,0.0000,0.027867,0.027808;0.027894;0.027867,3.992407,250475.47,,13.03,0,6980,10,True,nid006848,59092330
SparseHNSW_Bloom2_30_b3_s0x0,M=32 efC=200 ef=30 alpha=0.8 beta=3 q=u8 bloomH=2 bloomT=30 bloomSrc=pruned,64,0.6267048711,0.7636,430.0095,8.7232,0.0000,0.027893,0.027802;0.027893;0.027955,3.996132,250242.00,,13.03,0,6980,10,True,nid006848,59092330
SparseHNSW_Bloom2_30_b3_s0x0,M=32 efC=200 ef=50 alpha=0.8 beta=3 q=u8 bloomH=2 bloomT=30 bloomSrc=pruned,64,0.6665186246,0.8021,430.0095,8.7232,0.0000,0.039098,0.039098;0.039021;0.039311,5.601433,178525.76,,13.03,0,6980,10,True,nid006848,59092330
SparseHNSW_Bloom2_30_b3_s0x0,M=32 efC=200 ef=100 alpha=0.8 beta=3 q=u8 bloomH=2 bloomT=30 bloomSrc=pruned,64,0.7192979943,0.8540,430.0095,8.7232,0.0000,0.065343,0.065116;0.065343;0.065499,9.361461,106820.93,,13.03,0,6980,10,True,nid006848,59092330
SparseHNSW_Bloom2_30_b3_s0x0,M=32 efC=200 ef=200 alpha=0.8 beta=3 q=u8 bloomH=2 bloomT=30 bloomSrc=pruned,64,0.7797277937,0.8993,430.0095,8.7232,0.0000,0.113667,0.113587;0.113667;0.113728,16.284670,61407.44,,13.03,0,6980,10,True,nid006848,59092330
SparseHNSW_Bloom2_30_b2_s8x4,M=32 efC=200 ef=20 alpha=0.8 beta=2 q=u8 seedT=8 seedH=8 seedS=4 bloomH=2 bloomT=30 bloomSrc=pruned,64,0.6916618911,0.8754,430.0095,8.7232,0.0000,0.028150,0.028202;0.028097;0.028150,4.032951,247957.37,,13.03,0,6980,10,True,nid006848,59092330
SparseHNSW_Bloom2_30_b2_s8x4,M=32 efC=200 ef=25 alpha=0.8 beta=2 q=u8 seedT=8 seedH=8 seedS=4 bloomH=2 bloomT=30 bloomSrc=pruned,64,0.6916618911,0.8754,430.0095,8.7232,0.0000,0.027989,0.028015;0.027989;0.027980,4.009885,249383.69,,13.03,0,6980,10,True,nid006848,59092330
SparseHNSW_Bloom2_30_b2_s8x4,M=32 efC=200 ef=30 alpha=0.8 beta=2 q=u8 seedT=8 seedH=8 seedS=4 bloomH=2 bloomT=30 bloomSrc=pruned,64,0.6916905444,0.8754,430.0095,8.7232,0.0000,0.028119,0.028119;0.028105;0.028150,4.028510,248230.73,,13.03,0,6980,10,True,nid006848,59092330
SparseHNSW_Bloom2_30_b2_s8x4,M=32 efC=200 ef=50 alpha=0.8 beta=2 q=u8 seedT=8 seedH=8 seedS=4 bloomH=2 bloomT=30 bloomSrc=pruned,64,0.7270487106,0.9090,430.0095,8.7232,0.0000,0.037675,0.037559;0.037675;0.037838,5.397564,185268.75,,13.03,0,6980,10,True,nid006848,59092330
SparseHNSW_Bloom2_30_b2_s8x4,M=32 efC=200 ef=100 alpha=0.8 beta=2 q=u8 seedT=8 seedH=8 seedS=4 bloomH=2 bloomT=30 bloomSrc=pruned,64,0.7763610315,0.9408,430.0095,8.7232,0.0000,0.063639,0.063795;0.063588;0.063639,9.117335,109681.17,,13.03,0,6980,10,True,nid006848,59092330
SparseHNSW_Bloom2_30_b2_s8x4,M=32 efC=200 ef=200 alpha=0.8 beta=2 q=u8 seedT=8 seedH=8 seedS=4 bloomH=2 bloomT=30 bloomSrc=pruned,64,0.8434813754,0.9653,430.0095,8.7232,0.0000,0.111156,0.111156;0.111093;0.111257,15.924928,62794.63,,13.03,0,6980,10,True,nid006848,59092330
SparseHNSW_Bloom2_30_b3_s8x4,M=32 efC=200 ef=20 alpha=0.8 beta=3 q=u8 seedT=8 seedH=8 seedS=4 bloomH=2 bloomT=30 bloomSrc=pruned,64,0.6953008596,0.8754,430.0095,8.7232,0.0000,0.028669,0.028626;0.028713;0.028669,4.107307,243468.55,,13.03,0,6980,10,True,nid006848,59092330
SparseHNSW_Bloom2_30_b3_s8x4,M=32 efC=200 ef=25 alpha=0.8 beta=3 q=u8 seedT=8 seedH=8 seedS=4 bloomH=2 bloomT=30 bloomSrc=pruned,64,0.6953008596,0.8754,430.0095,8.7232,0.0000,0.028617,0.028585;0.028617;0.028662,4.099857,243910.96,,13.03,0,6980,10,True,nid006848,59092330
SparseHNSW_Bloom2_30_b3_s8x4,M=32 efC=200 ef=30 alpha=0.8 beta=3 q=u8 seedT=8 seedH=8 seedS=4 bloomH=2 bloomT=30 bloomSrc=pruned,64,0.6953008596,0.8754,430.0095,8.7232,0.0000,0.028591,0.028602;0.028552;0.028591,4.096132,244132.77,,13.03,0,6980,10,True,nid006848,59092330
SparseHNSW_Bloom2_30_b3_s8x4,M=32 efC=200 ef=50 alpha=0.8 beta=3 q=u8 seedT=8 seedH=8 seedS=4 bloomH=2 bloomT=30 bloomSrc=pruned,64,0.7310888252,0.9090,430.0095,8.7232,0.0000,0.038156,0.038102;0.038253;0.038156,5.466476,182933.22,,13.03,0,6980,10,True,nid006848,59092330
SparseHNSW_Bloom2_30_b3_s8x4,M=32 efC=200 ef=100 alpha=0.8 beta=3 q=u8 seedT=8 seedH=8 seedS=4 bloomH=2 bloomT=30 bloomSrc=pruned,64,0.7809025788,0.9408,430.0095,8.7232,0.0000,0.064277,0.064040;0.064277;0.064319,9.208739,108592.50,,13.03,0,6980,10,True,nid006848,59092330
SparseHNSW_Bloom2_30_b3_s8x4,M=32 efC=200 ef=200 alpha=0.8 beta=3 q=u8 seedT=8 seedH=8 seedS=4 bloomH=2 bloomT=30 bloomSrc=pruned,64,0.8485530086,0.9653,430.0095,8.7232,0.0000,0.112009,0.112003;0.112009;0.112292,16.047135,62316.42,,13.03,0,6980,10,True,nid006848,59092330
SparseHNSW_Bloom2_30_b2_s0x0,M=32 efC=200 ef=20 alpha=0.825 beta=2 q=u8 bloomH=2 bloomT=30 bloomSrc=pruned,64,0.6352005731,0.7583,456.8584,8.7172,0.0000,0.021695,0.021504;0.021695;0.022008,3.108166,321733.12,,13.13,0,6980,10,True,nid006828,59092340
SparseHNSW_Bloom2_30_b2_s0x0,M=32 efC=200 ef=25 alpha=0.825 beta=2 q=u8 bloomH=2 bloomT=30 bloomSrc=pruned,64,0.6574641834,0.7772,456.8584,8.7172,0.0000,0.025730,0.025766;0.025730;0.025622,3.686246,271278.66,,13.13,0,6980,10,True,nid006828,59092340
SparseHNSW_Bloom2_30_b2_s0x0,M=32 efC=200 ef=30 alpha=0.825 beta=2 q=u8 bloomH=2 bloomT=30 bloomSrc=pruned,64,0.6737249284,0.7937,456.8584,8.7172,0.0000,0.028800,0.028843;0.028736;0.028800,4.126074,242361.11,,13.13,0,6980,10,True,nid006828,59092340
SparseHNSW_Bloom2_30_b2_s0x0,M=32 efC=200 ef=35 alpha=0.825 beta=2 q=u8 bloomH=2 bloomT=30 bloomSrc=pruned,64,0.6871203438,0.8060,456.8584,8.7172,0.0000,0.031876,0.031770;0.031876;0.032047,4.566762,218973.52,,13.13,0,6980,10,True,nid006828,59092340
SparseHNSW_Bloom2_30_b2_s0x0,M=32 efC=200 ef=40 alpha=0.825 beta=2 q=u8 bloomH=2 bloomT=30 bloomSrc=pruned,64,0.6973782235,0.8162,456.8584,8.7172,0.0000,0.034658,0.034573;0.034713;0.034658,4.965330,201396.50,,13.13,0,6980,10,True,nid006828,59092340
SparseHNSW_Bloom2_30_b2_s0x0,M=32 efC=200 ef=50 alpha=0.825 beta=2 q=u8 bloomH=2 bloomT=30 bloomSrc=pruned,64,0.7126074499,0.8309,456.8584,8.7172,0.0000,0.040000,0.040187;0.040000;0.040000,5.730659,174500.00,,13.13,0,6980,10,True,nid006828,59092340
SparseHNSW_Bloom2_30_b2_s0x0,M=32 efC=200 ef=100 alpha=0.825 beta=2 q=u8 bloomH=2 bloomT=30 bloomSrc=pruned,64,0.7623782235,0.8787,456.8584,8.7172,0.0000,0.065768,0.066080;0.065727;0.065768,9.422350,106130.64,,13.13,0,6980,10,True,nid006828,59092340
SparseHNSW_Bloom2_30_b2_s0x0,M=32 efC=200 ef=200 alpha=0.825 beta=2 q=u8 bloomH=2 bloomT=30 bloomSrc=pruned,64,0.8109598854,0.9165,456.8584,8.7172,0.0000,0.114227,0.114426;0.114227;0.113978,16.364900,61106.39,,13.13,0,6980,10,True,nid006828,59092340
SparseHNSW_Bloom2_30_b3_s0x0,M=32 efC=200 ef=20 alpha=0.825 beta=3 q=u8 bloomH=2 bloomT=30 bloomSrc=pruned,64,0.6761031519,0.7937,456.8584,8.7172,0.0000,0.029193,0.028920;0.029193;0.029197,4.182378,239098.41,,13.13,0,6980,10,True,nid006828,59092340
SparseHNSW_Bloom2_30_b3_s0x0,M=32 efC=200 ef=25 alpha=0.825 beta=3 q=u8 bloomH=2 bloomT=30 bloomSrc=pruned,64,0.6761031519,0.7937,456.8584,8.7172,0.0000,0.029292,0.029292;0.029282;0.029401,4.196562,238290.32,,13.13,0,6980,10,True,nid006828,59092340
SparseHNSW_Bloom2_30_b3_s0x0,M=32 efC=200 ef=30 alpha=0.825 beta=3 q=u8 bloomH=2 bloomT=30 bloomSrc=pruned,64,0.6761031519,0.7937,456.8584,8.7172,0.0000,0.029334,0.029334;0.029424;0.029254,4.202579,237949.14,,13.13,0,6980,10,True,nid006828,59092340
SparseHNSW_Bloom2_30_b3_s0x0,M=32 efC=200 ef=35 alpha=0.825 beta=3 q=u8 bloomH=2 bloomT=30 bloomSrc=pruned,64,0.6896275072,0.8060,456.8584,8.7172,0.0000,0.032173,0.032192;0.032173;0.032117,4.609312,216952.10,,13.13,0,6980,10,True,nid006828,59092340
SparseHNSW_Bloom2_30_b3_s0x0,M=32 efC=200 ef=40 alpha=0.825 beta=3 q=u8 bloomH=2 bloomT=30 bloomSrc=pruned,64,0.7000000000,0.8162,456.8584,8.7172,0.0000,0.035046,0.034980;0.035177;0.035046,5.020917,199166.81,,13.13,0,6980,10,True,nid006828,59092340
SparseHNSW_Bloom2_30_b3_s0x0,M=32 efC=200 ef=50 alpha=0.825 beta=3 q=u8 bloomH=2 bloomT=30 bloomSrc=pruned,64,0.7153724928,0.8309,456.8584,8.7172,0.0000,0.040748,0.040640;0.040748;0.040762,5.837822,171296.75,,13.13,0,6980,10,True,nid006828,59092340
SparseHNSW_Bloom2_30_b3_s0x0,M=32 efC=200 ef=100 alpha=0.825 beta=3 q=u8 bloomH=2 bloomT=30 bloomSrc=pruned,64,0.7655300860,0.8787,456.8584,8.7172,0.0000,0.066561,0.066790;0.066561;0.066470,9.535960,104866.21,,13.13,0,6980,10,True,nid006828,59092340
SparseHNSW_Bloom2_30_b3_s0x0,M=32 efC=200 ef=200 alpha=0.825 beta=3 q=u8 bloomH=2 bloomT=30 bloomSrc=pruned,64,0.8144269341,0.9165,456.8584,8.7172,0.0000,0.114691,0.114775;0.114506;0.114691,16.431375,60859.18,,13.13,0,6980,10,True,nid006828,59092340
SparseHNSW_Bloom2_30_b4_s0x0,M=32 efC=200 ef=20 alpha=0.825 beta=4 q=u8 bloomH=2 bloomT=30 bloomSrc=pruned,64,0.7004871060,0.8162,456.8584,8.7172,0.0000,0.035445,0.035297;0.035445;0.035755,5.078080,196924.81,,13.13,0,6980,10,True,nid006828,59092340
SparseHNSW_Bloom2_30_b4_s0x0,M=32 efC=200 ef=25 alpha=0.825 beta=4 q=u8 bloomH=2 bloomT=30 bloomSrc=pruned,64,0.7004871060,0.8162,456.8584,8.7172,0.0000,0.035560,0.035735;0.035560;0.035467,5.094556,196287.96,,13.13,0,6980,10,True,nid006828,59092340
SparseHNSW_Bloom2_30_b4_s0x0,M=32 efC=200 ef=30 alpha=0.825 beta=4 q=u8 bloomH=2 bloomT=30 bloomSrc=pruned,64,0.7004871060,0.8162,456.8584,8.7172,0.0000,0.035617,0.035617;0.035702;0.035504,5.102722,195973.83,,13.13,0,6980,10,True,nid006828,59092340
SparseHNSW_Bloom2_30_b4_s0x0,M=32 efC=200 ef=35 alpha=0.825 beta=4 q=u8 bloomH=2 bloomT=30 bloomSrc=pruned,64,0.7004871060,0.8162,456.8584,8.7172,0.0000,0.035638,0.035584;0.035638;0.035781,5.105731,195858.35,,13.13,0,6980,10,True,nid006828,59092340
SparseHNSW_Bloom2_30_b4_s0x0,M=32 efC=200 ef=40 alpha=0.825 beta=4 q=u8 bloomH=2 bloomT=30 bloomSrc=pruned,64,0.7004871060,0.8162,456.8584,8.7172,0.0000,0.035782,0.035547;0.035782;0.035848,5.126361,195070.15,,13.13,0,6980,10,True,nid006828,59092340
SparseHNSW_Bloom2_30_b4_s0x0,M=32 efC=200 ef=50 alpha=0.825 beta=4 q=u8 bloomH=2 bloomT=30 bloomSrc=pruned,64,0.7159312321,0.8309,456.8584,8.7172,0.0000,0.041207,0.041064;0.041386;0.041207,5.903582,169388.70,,13.13,0,6980,10,True,nid006828,59092340
SparseHNSW_Bloom2_30_b4_s0x0,M=32 efC=200 ef=100 alpha=0.825 beta=4 q=u8 bloomH=2 bloomT=30 bloomSrc=pruned,64,0.7661461318,0.8787,456.8584,8.7172,0.0000,0.067038,0.067279;0.067038;0.066787,9.604298,104120.05,,13.13,0,6980,10,True,nid006828,59092340
SparseHNSW_Bloom2_30_b4_s0x0,M=32 efC=200 ef=200 alpha=0.825 beta=4 q=u8 bloomH=2 bloomT=30 bloomSrc=pruned,64,0.8151146132,0.9165,456.8584,8.7172,0.0000,0.115206,0.115206;0.115361;0.115144,16.505158,60587.12,,13.13,0,6980,10,True,nid006828,59092340
SparseHNSW_Bloom2_30_b2_s8x4,M=32 efC=200 ef=20 alpha=0.825 beta=2 q=u8 seedT=8 seedH=8 seedS=4 bloomH=2 bloomT=30 bloomSrc=pruned,64,0.7465329513,0.9024,456.8584,8.7172,0.0000,0.028685,0.028472;0.028685;0.028793,4.109599,243332.75,,13.13,0,6980,10,True,nid006828,59092340
SparseHNSW_Bloom2_30_b2_s8x4,M=32 efC=200 ef=25 alpha=0.825 beta=2 q=u8 seedT=8 seedH=8 seedS=4 bloomH=2 bloomT=30 bloomSrc=pruned,64,0.7465329513,0.9024,456.8584,8.7172,0.0000,0.029016,0.028964;0.029016;0.029147,4.157020,240556.93,,13.13,0,6980,10,True,nid006828,59092340
SparseHNSW_Bloom2_30_b2_s8x4,M=32 efC=200 ef=30 alpha=0.825 beta=2 q=u8 seedT=8 seedH=8 seedS=4 bloomH=2 bloomT=30 bloomSrc=pruned,64,0.7465329513,0.9024,456.8584,8.7172,0.0000,0.028932,0.028953;0.028932;0.028855,4.144986,241255.36,,13.13,0,6980,10,True,nid006828,59092340
SparseHNSW_Bloom2_30_b2_s8x4,M=32 efC=200 ef=35 alpha=0.825 beta=2 q=u8 seedT=8 seedH=8 seedS=4 bloomH=2 bloomT=30 bloomSrc=pruned,64,0.7558595989,0.9105,456.8584,8.7172,0.0000,0.030202,0.030118;0.030300;0.030202,4.326934,231110.52,,13.13,0,6980,10,True,nid006828,59092340
SparseHNSW_Bloom2_30_b2_s8x4,M=32 efC=200 ef=40 alpha=0.825 beta=2 q=u8 seedT=8 seedH=8 seedS=4 bloomH=2 bloomT=30 bloomSrc=pruned,64,0.7654871060,0.9195,456.8584,8.7172,0.0000,0.032882,0.032882;0.033047;0.032772,4.710888,212274.19,,13.13,0,6980,10,True,nid006828,59092340
SparseHNSW_Bloom2_30_b2_s8x4,M=32 efC=200 ef=50 alpha=0.825 beta=2 q=u8 seedT=8 seedH=8 seedS=4 bloomH=2 bloomT=30 bloomSrc=pruned,64,0.7782521490,0.9298,456.8584,8.7172,0.0000,0.038392,0.038392;0.038426;0.038373,5.500287,181808.71,,13.13,0,6980,10,True,nid006828,59092340
SparseHNSW_Bloom2_30_b2_s8x4,M=32 efC=200 ef=100 alpha=0.825 beta=2 q=u8 seedT=8 seedH=8 seedS=4 bloomH=2 bloomT=30 bloomSrc=pruned,64,0.8190687679,0.9544,456.8584,8.7172,0.0000,0.063977,0.063934;0.064122;0.063977,9.165759,109101.71,,13.13,0,6980,10,True,nid006828,59092340
SparseHNSW_Bloom2_30_b2_s8x4,M=32 efC=200 ef=200 alpha=0.825 beta=2 q=u8 seedT=8 seedH=8 seedS=4 bloomH=2 bloomT=30 bloomSrc=pruned,64,0.8704011461,0.9728,456.8584,8.7172,0.0000,0.112550,0.112404;0.112676;0.112550,16.124642,62016.88,,13.13,0,6980,10,True,nid006828,59092340
SparseHNSW_Bloom2_30_b3_s8x4,M=32 efC=200 ef=20 alpha=0.825 beta=3 q=u8 seedT=8 seedH=8 seedS=4 bloomH=2 bloomT=30 bloomSrc=pruned,64,0.7490974212,0.9024,456.8584,8.7172,0.0000,0.029236,0.029031;0.029236;0.029375,4.188539,238746.75,,13.13,0,6980,10,True,nid006828,59092340
SparseHNSW_Bloom2_30_b3_s8x4,M=32 efC=200 ef=25 alpha=0.825 beta=3 q=u8 seedT=8 seedH=8 seedS=4 bloomH=2 bloomT=30 bloomSrc=pruned,64,0.7490974212,0.9024,456.8584,8.7172,0.0000,0.029471,0.029508;0.029471;0.029398,4.222206,236843.00,,13.13,0,6980,10,True,nid006828,59092340
SparseHNSW_Bloom2_30_b3_s8x4,M=32 efC=200 ef=30 alpha=0.825 beta=3 q=u8 seedT=8 seedH=8 seedS=4 bloomH=2 bloomT=30 bloomSrc=pruned,64,0.7490974212,0.9024,456.8584,8.7172,0.0000,0.029548,0.029475;0.029548;0.029601,4.233238,236225.80,,13.13,0,6980,10,True,nid006828,59092340
SparseHNSW_Bloom2_30_b3_s8x4,M=32 efC=200 ef=35 alpha=0.825 beta=3 q=u8 seedT=8 seedH=8 seedS=4 bloomH=2 bloomT=30 bloomSrc=pruned,64,0.7584670487,0.9105,456.8584,8.7172,0.0000,0.030672,0.030621;0.030741;0.030672,4.394269,227569.12,,13.13,0,6980,10,True,nid006828,59092340
SparseHNSW_Bloom2_30_b3_s8x4,M=32 efC=200 ef=40 alpha=0.825 beta=3 q=u8 seedT=8 seedH=8 seedS=4 bloomH=2 bloomT=30 bloomSrc=pruned,64,0.7682378223,0.9195,456.8584,8.7172,0.0000,0.033730,0.033595;0.033751;0.033730,4.832378,206937.44,,13.13,0,6980,10,True,nid006828,59092340
SparseHNSW_Bloom2_30_b3_s8x4,M=32 efC=200 ef=50 alpha=0.825 beta=3 q=u8 seedT=8 seedH=8 seedS=4 bloomH=2 bloomT=30 bloomSrc=pruned,64,0.7811891117,0.9298,456.8584,8.7172,0.0000,0.038997,0.039120;0.038974;0.038997,5.586963,178988.13,,13.13,0,6980,10,True,nid006828,59092340
SparseHNSW_Bloom2_30_b3_s8x4,M=32 efC=200 ef=100 alpha=0.825 beta=3 q=u8 seedT=8 seedH=8 seedS=4 bloomH=2 bloomT=30 bloomSrc=pruned,64,0.8223782235,0.9544,456.8584,8.7172,0.0000,0.064702,0.064699;0.064838;0.064702,9.269628,107879.20,,13.13,0,6980,10,True,nid006828,59092340
SparseHNSW_Bloom2_30_b3_s8x4,M=32 efC=200 ef=200 alpha=0.825 beta=3 q=u8 seedT=8 seedH=8 seedS=4 bloomH=2 bloomT=30 bloomSrc=pruned,64,0.8739971347,0.9728,456.8584,8.7172,0.0000,0.112704,0.112704;0.112693;0.113144,16.146705,61932.14,,13.13,0,6980,10,True,nid006828,59092340
SparseHNSW_Bloom2_30_b4_s8x4,M=32 efC=200 ef=20 alpha=0.825 beta=4 q=u8 seedT=8 seedH=8 seedS=4 bloomH=2 bloomT=30 bloomSrc=pruned,64,0.7687249284,0.9195,456.8584,8.7172,0.0000,0.033948,0.033910;0.033948;0.034056,4.863610,205608.58,,13.13,0,6980,10,True,nid006828,59092340
SparseHNSW_Bloom2_30_b4_s8x4,M=32 efC=200 ef=25 alpha=0.825 beta=4 q=u8 seedT=8 seedH=8 seedS=4 bloomH=2 bloomT=30 bloomSrc=pruned,64,0.7687249284,0.9195,456.8584,8.7172,0.0000,0.034187,0.034063;0.034188;0.034187,4.897851,204171.18,,13.13,0,6980,10,True,nid006828,59092340
SparseHNSW_Bloom2_30_b4_s8x4,M=32 efC=200 ef=30 alpha=0.825 beta=4 q=u8 seedT=8 seedH=8 seedS=4 bloomH=2 bloomT=30 bloomSrc=pruned,64,0.7687249284,0.9195,456.8584,8.7172,0.0000,0.034078,0.034070;0.034078;0.034325,4.882235,204824.23,,13.13,0,6980,10,True,nid006828,59092340
SparseHNSW_Bloom2_30_b4_s8x4,M=32 efC=200 ef=35 alpha=0.825 beta=4 q=u8 seedT=8 seedH=8 seedS=4 bloomH=2 bloomT=30 bloomSrc=pruned,64,0.7687249284,0.9195,456.8584,8.7172,0.0000,0.034080,0.034066;0.034163;0.034080,4.882521,204812.21,,13.13,0,6980,10,True,nid006828,59092340
SparseHNSW_Bloom2_30_b4_s8x4,M=32 efC=200 ef=40 alpha=0.825 beta=4 q=u8 seedT=8 seedH=8 seedS=4 bloomH=2 bloomT=30 bloomSrc=pruned,64,0.7687249284,0.9195,456.8584,8.7172,0.0000,0.034128,0.034033;0.034128;0.034253,4.889398,204524.14,,13.13,0,6980,10,True,nid006828,59092340
SparseHNSW_Bloom2_30_b4_s8x4,M=32 efC=200 ef=50 alpha=0.825 beta=4 q=u8 seedT=8 seedH=8 seedS=4 bloomH=2 bloomT=30 bloomSrc=pruned,64,0.7817335244,0.9298,456.8584,8.7172,0.0000,0.039645,0.039456;0.039788;0.039645,5.679799,176062.56,,13.13,0,6980,10,True,nid006828,59092340
SparseHNSW_Bloom2_30_b4_s8x4,M=32 efC=200 ef=100 alpha=0.825 beta=4 q=u8 seedT=8 seedH=8 seedS=4 bloomH=2 bloomT=30 bloomSrc=pruned,64,0.8229799427,0.9544,456.8584,8.7172,0.0000,0.065338,0.065455;0.065338;0.065093,9.360745,106829.10,,13.13,0,6980,10,True,nid006828,59092340
SparseHNSW_Bloom2_30_b4_s8x4,M=32 efC=200 ef=200 alpha=0.825 beta=4 q=u8 seedT=8 seedH=8 seedS=4 bloomH=2 bloomT=30 bloomSrc=pruned,64,0.8746848138,0.9728,456.8584,8.7172,0.0000,0.113524,0.113383;0.113524;0.113584,16.264183,61484.80,,13.13,0,6980,10,True,nid006828,59092340
SparseHNSW_Bloom2_30_s0x0,M=32 efC=200 ef=20 alpha=0.85 beta=2 q=u8 bloomH=2 bloomT=30 bloomSrc=pruned,64,0.6812320917,0.7930,480.9239,8.9927,0.0000,0.023140,0.022803;0.023140;0.023519,3.315186,301642.18,,13.24,0,6980,10,True,nid005410,59103924
SparseHNSW_Bloom2_30_s0x0,M=32 efC=200 ef=25 alpha=0.85 beta=2 q=u8 bloomH=2 bloomT=30 bloomSrc=pruned,64,0.7027220630,0.8102,480.9239,8.9927,0.0000,0.027171,0.027171;0.027164;0.027347,3.892693,256891.54,,13.24,0,6980,10,True,nid005410,59103924
SparseHNSW_Bloom2_30_s0x0,M=32 efC=200 ef=30 alpha=0.85 beta=2 q=u8 bloomH=2 bloomT=30 bloomSrc=pruned,64,0.7203724928,0.8255,480.9239,8.9927,0.0000,0.030620,0.030552;0.030620;0.030685,4.386819,227955.58,,13.24,0,6980,10,True,nid005410,59103924
SparseHNSW_Bloom2_30_s0x0,M=32 efC=200 ef=50 alpha=0.85 beta=2 q=u8 bloomH=2 bloomT=30 bloomSrc=pruned,64,0.7610888252,0.8638,480.9239,8.9927,0.0000,0.043044,0.043044;0.043075;0.043021,6.166762,162159.65,,13.24,0,6980,10,True,nid005410,59103924
SparseHNSW_Bloom2_30_s0x0,M=32 efC=200 ef=100 alpha=0.85 beta=2 q=u8 bloomH=2 bloomT=30 bloomSrc=pruned,64,0.8103008596,0.9133,480.9239,8.9927,0.0000,0.070615,0.070615;0.070167;0.070706,10.116762,98845.85,,13.24,0,6980,10,True,nid005410,59103924
SparseHNSW_Bloom2_30_s0x0,M=32 efC=200 ef=200 alpha=0.85 beta=2 q=u8 bloomH=2 bloomT=30 bloomSrc=pruned,64,0.8525214900,0.9446,480.9239,8.9927,0.0000,0.119828,0.119726;0.119828;0.119913,17.167335,58250.16,,13.24,0,6980,10,True,nid005410,59103924
SparseHNSW_Bloom2_30_s8x4,M=32 efC=200 ef=20 alpha=0.85 beta=2 q=u8 seedT=8 seedH=8 seedS=4 bloomH=2 bloomT=30 bloomSrc=pruned,64,0.7934957020,0.9265,480.9239,8.9927,0.0000,0.030680,0.030680;0.030559;0.030796,4.395415,227509.78,,13.24,0,6980,10,True,nid005410,59103924
SparseHNSW_Bloom2_30_s8x4,M=32 efC=200 ef=25 alpha=0.85 beta=2 q=u8 seedT=8 seedH=8 seedS=4 bloomH=2 bloomT=30 bloomSrc=pruned,64,0.7934957020,0.9265,480.9239,8.9927,0.0000,0.030745,0.030683;0.030745;0.030748,4.404728,227028.79,,13.24,0,6980,10,True,nid005410,59103924
SparseHNSW_Bloom2_30_s8x4,M=32 efC=200 ef=30 alpha=0.85 beta=2 q=u8 seedT=8 seedH=8 seedS=4 bloomH=2 bloomT=30 bloomSrc=pruned,64,0.7934957020,0.9265,480.9239,8.9927,0.0000,0.030880,0.030894;0.030880;0.030808,4.424069,226036.27,,13.24,0,6980,10,True,nid005410,59103924
SparseHNSW_Bloom2_30_s8x4,M=32 efC=200 ef=50 alpha=0.85 beta=2 q=u8 seedT=8 seedH=8 seedS=4 bloomH=2 bloomT=30 bloomSrc=pruned,64,0.8221776504,0.9497,480.9239,8.9927,0.0000,0.041043,0.041043;0.041142;0.040880,5.880086,170065.54,,13.24,0,6980,10,True,nid005410,59103924
SparseHNSW_Bloom2_30_s8x4,M=32 efC=200 ef=100 alpha=0.85 beta=2 q=u8 seedT=8 seedH=8 seedS=4 bloomH=2 bloomT=30 bloomSrc=pruned,64,0.8554154728,0.9682,480.9239,8.9927,0.0000,0.067847,0.068161;0.067847;0.067801,9.720201,102878.54,,13.24,0,6980,10,True,nid005410,59103924
SparseHNSW_Bloom2_30_s8x4,M=32 efC=200 ef=200 alpha=0.85 beta=2 q=u8 seedT=8 seedH=8 seedS=4 bloomH=2 bloomT=30 bloomSrc=pruned,64,0.8946131805,0.9804,480.9239,8.9927,0.0000,0.116975,0.116891;0.117242;0.116975,16.758596,59670.87,,13.24,0,6980,10,True,nid005410,59103924
SparseHNSW_Bloom2_30_s0x0,M=32 efC=200 ef=20 alpha=0.9 beta=2 q=u8 bloomH=2 bloomT=30 bloomSrc=pruned,64,0.7469197708,0.8388,545.2701,8.7029,0.0000,0.026240,0.025480;0.026240;0.026637,3.759312,266006.10,,13.50,0,6980,10,True,nid004187,59104214
SparseHNSW_Bloom2_30_s0x0,M=32 efC=200 ef=25 alpha=0.9 beta=2 q=u8 bloomH=2 bloomT=30 bloomSrc=pruned,64,0.7749140401,0.8628,545.2701,8.7029,0.0000,0.030524,0.030474;0.030560;0.030524,4.373066,228672.52,,13.50,0,6980,10,True,nid004187,59104214
SparseHNSW_Bloom2_30_s0x0,M=32 efC=200 ef=50 alpha=0.9 beta=2 q=u8 bloomH=2 bloomT=30 bloomSrc=pruned,64,0.8354441261,0.9143,545.2701,8.7029,0.0000,0.047934,0.047934;0.047838;0.048013,6.867335,145616.89,,13.50,0,6980,10,True,nid004187,59104214
SparseHNSW_Bloom2_30_s0x0,M=32 efC=200 ef=100 alpha=0.9 beta=2 q=u8 bloomH=2 bloomT=30 bloomSrc=pruned,64,0.8734813754,0.9479,545.2701,8.7029,0.0000,0.077194,0.076879;0.077194;0.077207,11.059312,90421.54,,13.50,0,6980,10,True,nid004187,59104214
SparseHNSW_Bloom2_30_s0x0,M=32 efC=200 ef=200 alpha=0.9 beta=2 q=u8 bloomH=2 bloomT=30 bloomSrc=pruned,64,0.9041117479,0.9716,545.2701,8.7029,0.0000,0.127578,0.127659;0.127578;0.127439,18.277650,54711.63,,13.50,0,6980,10,True,nid004187,59104214
SparseHNSW_Bloom2_30_s8x4,M=32 efC=200 ef=20 alpha=0.9 beta=2 q=u8 seedT=8 seedH=8 seedS=4 bloomH=2 bloomT=30 bloomSrc=pruned,64,0.8516332378,0.9490,545.2701,8.7029,0.0000,0.033788,0.033533;0.033788;0.033960,4.840688,206582.22,,13.50,0,6980,10,True,nid004187,59104214
SparseHNSW_Bloom2_30_s8x4,M=32 efC=200 ef=25 alpha=0.9 beta=2 q=u8 seedT=8 seedH=8 seedS=4 bloomH=2 bloomT=30 bloomSrc=pruned,64,0.8516332378,0.9490,545.2701,8.7029,0.0000,0.034007,0.033982;0.034010;0.034007,4.872063,205251.86,,13.50,0,6980,10,True,nid004187,59104214
SparseHNSW_Bloom2_30_s8x4,M=32 efC=200 ef=50 alpha=0.9 beta=2 q=u8 seedT=8 seedH=8 seedS=4 bloomH=2 bloomT=30 bloomSrc=pruned,64,0.8770773639,0.9643,545.2701,8.7029,0.0000,0.045758,0.045534;0.045758;0.045875,6.555587,152541.63,,13.50,0,6980,10,True,nid004187,59104214
SparseHNSW_Bloom2_30_s8x4,M=32 efC=200 ef=100 alpha=0.9 beta=2 q=u8 seedT=8 seedH=8 seedS=4 bloomH=2 bloomT=30 bloomSrc=pruned,64,0.9033381089,0.9801,545.2701,8.7029,0.0000,0.074616,0.074616;0.074556;0.075063,10.689971,93545.62,,13.50,0,6980,10,True,nid004187,59104214
SparseHNSW_Bloom2_30_s8x4,M=32 efC=200 ef=200 alpha=0.9 beta=2 q=u8 seedT=8 seedH=8 seedS=4 bloomH=2 bloomT=30 bloomSrc=pruned,64,0.9276647564,0.9890,545.2701,8.7029,0.0000,0.124833,0.124527;0.124953;0.124833,17.884384,55914.70,,13.50,0,6980,10,True,nid004187,59104214
SparseHNSW_Bloom2_30_b2_s0x0_p0,M=32 efC=400 ef=20 alpha=0.85 beta=2 q=u8 bloomH=2 bloomT=30 bloomSrc=pruned,64,0.7216762178,0.8301,990.6535,8.7635,0.0000,0.028814,0.028364;0.028814;0.029200,4.128080,242243.35,,13.23,0,6980,10,True,nid006900,59113874
SparseHNSW_Bloom2_30_b2_s0x0_p0,M=32 efC=400 ef=50 alpha=0.85 beta=2 q=u8 bloomH=2 bloomT=30 bloomSrc=pruned,64,0.7926790831,0.8921,990.6535,8.7635,0.0000,0.054049,0.053936;0.054171;0.054049,7.743410,129142.07,,13.23,0,6980,10,True,nid006900,59113874
SparseHNSW_Bloom2_30_b2_s0x0_p0,M=32 efC=400 ef=100 alpha=0.85 beta=2 q=u8 bloomH=2 bloomT=30 bloomSrc=pruned,64,0.8311461318,0.9292,990.6535,8.7635,0.0000,0.089049,0.089301;0.088912;0.089049,12.757736,78383.81,,13.23,0,6980,10,True,nid006900,59113874
SparseHNSW_Bloom2_30_b2_s0x0_p0,M=32 efC=400 ef=200 alpha=0.85 beta=2 q=u8 bloomH=2 bloomT=30 bloomSrc=pruned,64,0.8680945559,0.9576,990.6535,8.7635,0.0000,0.151824,0.152489;0.151664;0.151824,21.751289,45974.29,,13.23,0,6980,10,True,nid006900,59113874
SparseHNSW_Bloom2_30_b3_s0x0_p0,M=32 efC=400 ef=20 alpha=0.85 beta=3 q=u8 bloomH=2 bloomT=30 bloomSrc=pruned,64,0.7597134670,0.8605,990.6535,8.7635,0.0000,0.038630,0.038306;0.038630;0.038788,5.534384,180688.58,,13.24,0,6980,10,True,nid006900,59113874
SparseHNSW_Bloom2_30_b3_s0x0_p0,M=32 efC=400 ef=50 alpha=0.85 beta=3 q=u8 bloomH=2 bloomT=30 bloomSrc=pruned,64,0.7946561605,0.8921,990.6535,8.7635,0.0000,0.054436,0.054413;0.054469;0.054436,7.798854,128223.97,,13.24,0,6980,10,True,nid006900,59113874
SparseHNSW_Bloom2_30_b3_s0x0_p0,M=32 efC=400 ef=100 alpha=0.85 beta=3 q=u8 bloomH=2 bloomT=30 bloomSrc=pruned,64,0.8332951289,0.9292,990.6535,8.7635,0.0000,0.089796,0.089740;0.089796;0.089940,12.864756,77731.75,,13.24,0,6980,10,True,nid006900,59113874
SparseHNSW_Bloom2_30_b3_s0x0_p0,M=32 efC=400 ef=200 alpha=0.85 beta=3 q=u8 bloomH=2 bloomT=30 bloomSrc=pruned,64,0.8703868195,0.9576,990.6535,8.7635,0.0000,0.153230,0.153076;0.153230;0.153467,21.952722,45552.44,,13.24,0,6980,10,True,nid006900,59113874
SparseHNSW_Bloom2_30_b2_s8x4_p0,M=32 efC=400 ef=20 alpha=0.85 beta=2 q=u8 seedT=8 seedH=8 seedS=4 bloomH=2 bloomT=30 bloomSrc=pruned,64,0.8182808023,0.9466,990.6535,8.7635,0.0000,0.038146,0.038124;0.038146;0.038257,5.465043,182981.18,,13.24,0,6980,10,True,nid006900,59113874
SparseHNSW_Bloom2_30_b2_s8x4_p0,M=32 efC=400 ef=50 alpha=0.85 beta=2 q=u8 seedT=8 seedH=8 seedS=4 bloomH=2 bloomT=30 bloomSrc=pruned,64,0.8396704871,0.9606,990.6535,8.7635,0.0000,0.052031,0.052088;0.052031;0.051816,7.454298,134150.79,,13.24,0,6980,10,True,nid006900,59113874
SparseHNSW_Bloom2_30_b2_s8x4_p0,M=32 efC=400 ef=100 alpha=0.85 beta=2 q=u8 seedT=8 seedH=8 seedS=4 bloomH=2 bloomT=30 bloomSrc=pruned,64,0.8680372493,0.9748,990.6535,8.7635,0.0000,0.086635,0.086635;0.086725;0.086204,12.411891,80567.90,,13.24,0,6980,10,True,nid006900,59113874
SparseHNSW_Bloom2_30_b2_s8x4_p0,M=32 efC=400 ef=200 alpha=0.85 beta=2 q=u8 seedT=8 seedH=8 seedS=4 bloomH=2 bloomT=30 bloomSrc=pruned,64,0.9055730659,0.9862,990.6535,8.7635,0.0000,0.149489,0.149333;0.149939;0.149489,21.416762,46692.40,,13.24,0,6980,10,True,nid006900,59113874
SparseHNSW_Bloom2_30_b3_s8x4_p0,M=32 efC=400 ef=20 alpha=0.85 beta=3 q=u8 seedT=8 seedH=8 seedS=4 bloomH=2 bloomT=30 bloomSrc=pruned,64,0.8200859599,0.9466,990.6535,8.7635,0.0000,0.038934,0.038614;0.038941;0.038934,5.577937,179277.75,,13.24,0,6980,10,True,nid006900,59113874
SparseHNSW_Bloom2_30_b3_s8x4_p0,M=32 efC=400 ef=50 alpha=0.85 beta=3 q=u8 seedT=8 seedH=8 seedS=4 bloomH=2 bloomT=30 bloomSrc=pruned,64,0.8417765043,0.9606,990.6535,8.7635,0.0000,0.052524,0.052346;0.052649;0.052524,7.524928,132891.63,,13.24,0,6980,10,True,nid006900,59113874
SparseHNSW_Bloom2_30_b3_s8x4_p0,M=32 efC=400 ef=100 alpha=0.85 beta=3 q=u8 seedT=8 seedH=8 seedS=4 bloomH=2 bloomT=30 bloomSrc=pruned,64,0.8702578797,0.9748,990.6535,8.7635,0.0000,0.087044,0.087101;0.086804;0.087044,12.470487,80189.33,,13.24,0,6980,10,True,nid006900,59113874
SparseHNSW_Bloom2_30_b3_s8x4_p0,M=32 efC=400 ef=200 alpha=0.85 beta=3 q=u8 seedT=8 seedH=8 seedS=4 bloomH=2 bloomT=30 bloomSrc=pruned,64,0.9079656160,0.9862,990.6535,8.7635,0.0000,0.150223,0.150298;0.150223;0.150031,21.521920,46464.26,,13.24,0,6980,10,True,nid006900,59113874
SparseHNSW_Bloom2_30_b2_s0x0_p256,M=32 efC=400 ef=20 alpha=0.85 beta=2 q=u8 pat=256 bloomH=2 bloomT=30 bloomSrc=pruned,64,0.7216762178,0.8301,990.6535,8.7635,0.0000,0.029434,0.029128;0.029434;0.029526,4.216905,237140.72,,13.24,0,6980,10,True,nid006900,59113874
SparseHNSW_Bloom2_30_b2_s0x0_p256,M=32 efC=400 ef=50 alpha=0.85 beta=2 q=u8 pat=256 bloomH=2 bloomT=30 bloomSrc=pruned,64,0.7926790831,0.8921,990.6535,8.7635,0.0000,0.054249,0.054172;0.054364;0.054249,7.772063,128665.97,,13.24,0,6980,10,True,nid006900,59113874
SparseHNSW_Bloom2_30_b2_s0x0_p256,M=32 efC=400 ef=100 alpha=0.85 beta=2 q=u8 pat=256 bloomH=2 bloomT=30 bloomSrc=pruned,64,0.8311461318,0.9292,990.6535,8.7635,0.0000,0.089510,0.089680;0.089378;0.089510,12.823782,77980.11,,13.24,0,6980,10,True,nid006900,59113874
SparseHNSW_Bloom2_30_b2_s0x0_p256,M=32 efC=400 ef=200 alpha=0.85 beta=2 q=u8 pat=256 bloomH=2 bloomT=30 bloomSrc=pruned,64,0.8680945559,0.9576,990.6535,8.7635,0.0000,0.152716,0.152765;0.152716;0.152076,21.879083,45705.75,,13.24,0,6980,10,True,nid006900,59113874
SparseHNSW_Bloom2_30_b3_s0x0_p256,M=32 efC=400 ef=20 alpha=0.85 beta=3 q=u8 pat=256 bloomH=2 bloomT=30 bloomSrc=pruned,64,0.7597134670,0.8605,990.6535,8.7635,0.0000,0.038750,0.038465;0.038750;0.039120,5.551576,180129.03,,13.24,0,6980,10,True,nid006900,59113874
SparseHNSW_Bloom2_30_b3_s0x0_p256,M=32 efC=400 ef=50 alpha=0.85 beta=3 q=u8 pat=256 bloomH=2 bloomT=30 bloomSrc=pruned,64,0.7946561605,0.8921,990.6535,8.7635,0.0000,0.054907,0.054900;0.054907;0.055046,7.866332,127124.05,,13.24,0,6980,10,True,nid006900,59113874
SparseHNSW_Bloom2_30_b3_s0x0_p256,M=32 efC=400 ef=100 alpha=0.85 beta=3 q=u8 pat=256 bloomH=2 bloomT=30 bloomSrc=pruned,64,0.8332951289,0.9292,990.6535,8.7635,0.0000,0.090247,0.090247;0.090252;0.090114,12.929370,77343.29,,13.24,0,6980,10,True,nid006900,59113874
SparseHNSW_Bloom2_30_b3_s0x0_p256,M=32 efC=400 ef=200 alpha=0.85 beta=3 q=u8 pat=256 bloomH=2 bloomT=30 bloomSrc=pruned,64,0.8703868195,0.9576,990.6535,8.7635,0.0000,0.153875,0.153729;0.153946;0.153875,22.045129,45361.49,,13.24,0,6980,10,True,nid006900,59113874
SparseHNSW_Bloom2_30_b2_s8x4_p256,M=32 efC=400 ef=20 alpha=0.85 beta=2 q=u8 seedT=8 seedH=8 seedS=4 pat=256 bloomH=2 bloomT=30 bloomSrc=pruned,64,0.8182808023,0.9466,990.6535,8.7635,0.0000,0.038485,0.038406;0.038485;0.038701,5.513610,181369.36,,13.24,0,6980,10,True,nid006900,59113874
SparseHNSW_Bloom2_30_b2_s8x4_p256,M=32 efC=400 ef=50 alpha=0.85 beta=2 q=u8 seedT=8 seedH=8 seedS=4 pat=256 bloomH=2 bloomT=30 bloomSrc=pruned,64,0.8396704871,0.9606,990.6535,8.7635,0.0000,0.052096,0.052096;0.052182;0.051975,7.463610,133983.42,,13.24,0,6980,10,True,nid006900,59113874
SparseHNSW_Bloom2_30_b2_s8x4_p256,M=32 efC=400 ef=100 alpha=0.85 beta=2 q=u8 seedT=8 seedH=8 seedS=4 pat=256 bloomH=2 bloomT=30 bloomSrc=pruned,64,0.8680372493,0.9748,990.6535,8.7635,0.0000,0.086482,0.086475;0.086482;0.086789,12.389971,80710.44,,13.24,0,6980,10,True,nid006900,59113874
SparseHNSW_Bloom2_30_b2_s8x4_p256,M=32 efC=400 ef=200 alpha=0.85 beta=2 q=u8 seedT=8 seedH=8 seedS=4 pat=256 bloomH=2 bloomT=30 bloomSrc=pruned,64,0.9055730659,0.9862,990.6535,8.7635,0.0000,0.149776,0.149776;0.149932;0.149623,21.457880,46602.93,,13.24,0,6980,10,True,nid006900,59113874
SparseHNSW_Bloom2_30_b3_s8x4_p256,M=32 efC=400 ef=20 alpha=0.85 beta=3 q=u8 seedT=8 seedH=8 seedS=4 pat=256 bloomH=2 bloomT=30 bloomSrc=pruned,64,0.8200859599,0.9466,990.6535,8.7635,0.0000,0.039278,0.038851;0.039321;0.039278,5.627221,177707.62,,13.24,0,6980,10,True,nid006900,59113874
SparseHNSW_Bloom2_30_b3_s8x4_p256,M=32 efC=400 ef=50 alpha=0.85 beta=3 q=u8 seedT=8 seedH=8 seedS=4 pat=256 bloomH=2 bloomT=30 bloomSrc=pruned,64,0.8417765043,0.9606,990.6535,8.7635,0.0000,0.052769,0.052864;0.052769;0.052652,7.560029,132274.63,,13.24,0,6980,10,True,nid006900,59113874
SparseHNSW_Bloom2_30_b3_s8x4_p256,M=32 efC=400 ef=100 alpha=0.85 beta=3 q=u8 seedT=8 seedH=8 seedS=4 pat=256 bloomH=2 bloomT=30 bloomSrc=pruned,64,0.8702578797,0.9748,990.6535,8.7635,0.0000,0.087470,0.087314;0.087483;0.087470,12.531519,79798.79,,13.24,0,6980,10,True,nid006900,59113874
SparseHNSW_Bloom2_30_b3_s8x4_p256,M=32 efC=400 ef=200 alpha=0.85 beta=3 q=u8 seedT=8 seedH=8 seedS=4 pat=256 bloomH=2 bloomT=30 bloomSrc=pruned,64,0.9079656160,0.9862,990.6535,8.7635,0.0000,0.150265,0.150131;0.150398;0.150265,21.527937,46451.27,,13.24,0,6980,10,True,nid006900,59113874
SparseHNSW_Bloom2_30_b2_s0x0_p0,M=32 efC=800 ef=20 alpha=0.85 beta=2 q=u8 bloomH=2 bloomT=30 bloomSrc=pruned,64,0.7446991404,0.8550,1961.8445,8.8400,0.0000,0.029361,0.028765;0.029361;0.030030,4.206447,237730.32,,13.23,0,6980,10,True,nid005385,59113888
SparseHNSW_Bloom2_30_b2_s0x0_p0,M=32 efC=800 ef=50 alpha=0.85 beta=2 q=u8 bloomH=2 bloomT=30 bloomSrc=pruned,64,0.8092550143,0.9116,1961.8445,8.8400,0.0000,0.055302,0.055302;0.055138;0.055468,7.922923,126216.05,,13.23,0,6980,10,True,nid005385,59113888
SparseHNSW_Bloom2_30_b2_s0x0_p0,M=32 efC=800 ef=100 alpha=0.85 beta=2 q=u8 bloomH=2 bloomT=30 bloomSrc=pruned,64,0.8438825215,0.9443,1961.8445,8.8400,0.0000,0.092230,0.092230;0.092551;0.092074,13.213467,75680.36,,13.23,0,6980,10,True,nid005385,59113888
SparseHNSW_Bloom2_30_b2_s0x0_p0,M=32 efC=800 ef=200 alpha=0.85 beta=2 q=u8 bloomH=2 bloomT=30 bloomSrc=pruned,64,0.8766189112,0.9675,1961.8445,8.8400,0.0000,0.158814,0.159035;0.158814;0.158162,22.752722,43950.79,,13.23,0,6980,10,True,nid005385,59113888
SparseHNSW_Bloom2_30_b2_s0x0_p0,M=32 efC=800 ef=400 alpha=0.85 beta=2 q=u8 bloomH=2 bloomT=30 bloomSrc=pruned,64,0.9166189112,0.9815,1961.8445,8.8400,0.0000,0.285497,0.285541;0.285142;0.285497,40.902149,24448.59,,13.23,0,6980,10,True,nid005385,59113888
SparseHNSW_Bloom2_30_b2_s0x0_p0,M=32 efC=800 ef=800 alpha=0.85 beta=2 q=u8 bloomH=2 bloomT=30 bloomSrc=pruned,64,0.9527220630,0.9917,1961.8445,8.8400,0.0000,0.524565,0.524504;0.525005;0.524565,75.152579,13306.26,,13.23,0,6980,10,True,nid005385,59113888
SparseHNSW_Bloom2_30_b2_s0x0_p0,M=32 efC=800 ef=1600 alpha=0.85 beta=2 q=u8 bloomH=2 bloomT=30 bloomSrc=pruned,64,0.9735243553,0.9963,1961.8445,8.8400,0.0000,0.973468,0.973746;0.973468;0.973241,139.465330,7170.24,,13.24,0,6980,10,True,nid005385,59113888
SparseHNSW_Bloom2_30_b3_s0x0_p0,M=32 efC=800 ef=20 alpha=0.85 beta=3 q=u8 bloomH=2 bloomT=30 bloomSrc=pruned,64,0.7816618911,0.8854,1961.8445,8.8400,0.0000,0.039444,0.038881;0.039444;0.039472,5.651003,176959.74,,13.24,0,6980,10,True,nid005385,59113888
SparseHNSW_Bloom2_30_b3_s0x0_p0,M=32 efC=800 ef=50 alpha=0.85 beta=3 q=u8 bloomH=2 bloomT=30 bloomSrc=pruned,64,0.8113037249,0.9116,1961.8445,8.8400,0.0000,0.055976,0.056098;0.055976;0.055617,8.019484,124696.30,,13.24,0,6980,10,True,nid005385,59113888
SparseHNSW_Bloom2_30_b3_s0x0_p0,M=32 efC=800 ef=100 alpha=0.85 beta=3 q=u8 bloomH=2 bloomT=30 bloomSrc=pruned,64,0.8461318052,0.9443,1961.8445,8.8400,0.0000,0.092936,0.092936;0.093106;0.092685,13.314613,75105.45,,13.24,0,6980,10,True,nid005385,59113888
SparseHNSW_Bloom2_30_b3_s0x0_p0,M=32 efC=800 ef=200 alpha=0.85 beta=3 q=u8 bloomH=2 bloomT=30 bloomSrc=pruned,64,0.8789971347,0.9675,1961.8445,8.8400,0.0000,0.159245,0.159207;0.159245;0.159387,22.814470,43831.83,,13.24,0,6980,10,True,nid005385,59113888
SparseHNSW_Bloom2_30_b3_s0x0_p0,M=32 efC=800 ef=400 alpha=0.85 beta=3 q=u8 bloomH=2 bloomT=30 bloomSrc=pruned,64,0.9191690544,0.9815,1961.8445,8.8400,0.0000,0.286354,0.286647;0.286179;0.286354,41.024928,24375.42,,13.24,0,6980,10,True,nid005385,59113888
SparseHNSW_Bloom2_30_b3_s0x0_p0,M=32 efC=800 ef=800 alpha=0.85 beta=3 q=u8 bloomH=2 bloomT=30 bloomSrc=pruned,64,0.9555730659,0.9917,1961.8445,8.8400,0.0000,0.526714,0.525441;0.527127;0.526714,75.460458,13251.97,,13.24,0,6980,10,True,nid005385,59113888
SparseHNSW_Bloom2_30_b3_s0x0_p0,M=32 efC=800 ef=1600 alpha=0.85 beta=3 q=u8 bloomH=2 bloomT=30 bloomSrc=pruned,64,0.9767191977,0.9963,1961.8445,8.8400,0.0000,0.974822,0.974822;0.974341;0.974863,139.659312,7160.28,,13.25,0,6980,10,True,nid005385,59113888
SparseHNSW_Bloom2_30_b4_s0x0_p0,M=32 efC=800 ef=20 alpha=0.85 beta=4 q=u8 bloomH=2 bloomT=30 bloomSrc=pruned,64,0.7984240688,0.9001,1961.8445,8.8400,0.0000,0.048031,0.047691;0.048031;0.048529,6.881232,145322.81,,13.26,0,6980,10,True,nid005385,59113888
SparseHNSW_Bloom2_30_b4_s0x0_p0,M=32 efC=800 ef=50 alpha=0.85 beta=4 q=u8 bloomH=2 bloomT=30 bloomSrc=pruned,64,0.8116762178,0.9116,1961.8445,8.8400,0.0000,0.056498,0.056435;0.056498;0.056642,8.094269,123544.20,,13.26,0,6980,10,True,nid005385,59113888
SparseHNSW_Bloom2_30_b4_s0x0_p0,M=32 efC=800 ef=100 alpha=0.85 beta=4 q=u8 bloomH=2 bloomT=30 bloomSrc=pruned,64,0.8465472779,0.9443,1961.8445,8.8400,0.0000,0.092925,0.092677;0.092925;0.093802,13.313037,75114.34,,13.26,0,6980,10,True,nid005385,59113888
SparseHNSW_Bloom2_30_b4_s0x0_p0,M=32 efC=800 ef=200 alpha=0.85 beta=4 q=u8 bloomH=2 bloomT=30 bloomSrc=pruned,64,0.8795128940,0.9675,1961.8445,8.8400,0.0000,0.159515,0.159670;0.159320;0.159515,22.853152,43757.64,,13.26,0,6980,10,True,nid005385,59113888
SparseHNSW_Bloom2_30_b4_s0x0_p0,M=32 efC=800 ef=400 alpha=0.85 beta=4 q=u8 bloomH=2 bloomT=30 bloomSrc=pruned,64,0.9197277937,0.9815,1961.8445,8.8400,0.0000,0.286587,0.286685;0.286587;0.286372,41.058309,24355.61,,13.26,0,6980,10,True,nid005385,59113888
SparseHNSW_Bloom2_30_b4_s0x0_p0,M=32 efC=800 ef=800 alpha=0.85 beta=4 q=u8 bloomH=2 bloomT=30 bloomSrc=pruned,64,0.9561604585,0.9917,1961.8445,8.8400,0.0000,0.526512,0.526512;0.527824;0.526491,75.431519,13257.06,,13.26,0,6980,10,True,nid005385,59113888
SparseHNSW_Bloom2_30_b4_s0x0_p0,M=32 efC=800 ef=1600 alpha=0.85 beta=4 q=u8 bloomH=2 bloomT=30 bloomSrc=pruned,64,0.9773638968,0.9963,1961.8445,8.8400,0.0000,0.975275,0.975275;0.975093;0.975706,139.724212,7156.96,,13.26,0,6980,10,True,nid005385,59113888
SparseHNSW_Bloom2_30_b5_s0x0_p0,M=32 efC=800 ef=20 alpha=0.85 beta=5 q=u8 bloomH=2 bloomT=30 bloomSrc=pruned,64,0.8117478510,0.9116,1961.8445,8.8400,0.0000,0.056661,0.056198;0.056661;0.056761,8.117622,123188.79,,13.26,0,6980,10,True,nid005385,59113888
SparseHNSW_Bloom2_30_b5_s0x0_p0,M=32 efC=800 ef=50 alpha=0.85 beta=5 q=u8 bloomH=2 bloomT=30 bloomSrc=pruned,64,0.8117478510,0.9116,1961.8445,8.8400,0.0000,0.056793,0.056771;0.056793;0.056994,8.136533,122902.47,,13.26,0,6980,10,True,nid005385,59113888
SparseHNSW_Bloom2_30_b5_s0x0_p0,M=32 efC=800 ef=100 alpha=0.85 beta=5 q=u8 bloomH=2 bloomT=30 bloomSrc=pruned,64,0.8466618911,0.9443,1961.8445,8.8400,0.0000,0.093855,0.093837;0.094380;0.093855,13.446275,74370.04,,13.26,0,6980,10,True,nid005385,59113888
SparseHNSW_Bloom2_30_b5_s0x0_p0,M=32 efC=800 ef=200 alpha=0.85 beta=5 q=u8 bloomH=2 bloomT=30 bloomSrc=pruned,64,0.8796275072,0.9675,1961.8445,8.8400,0.0000,0.160547,0.159506;0.160547;0.160572,23.001003,43476.37,,13.26,0,6980,10,True,nid005385,59113888
SparseHNSW_Bloom2_30_b5_s0x0_p0,M=32 efC=800 ef=400 alpha=0.85 beta=5 q=u8 bloomH=2 bloomT=30 bloomSrc=pruned,64,0.9198567335,0.9815,1961.8445,8.8400,0.0000,0.286898,0.288189;0.285900;0.286898,41.102865,24329.20,,13.26,0,6980,10,True,nid005385,59113888
SparseHNSW_Bloom2_30_b5_s0x0_p0,M=32 efC=800 ef=800 alpha=0.85 beta=5 q=u8 bloomH=2 bloomT=30 bloomSrc=pruned,64,0.9563037249,0.9917,1961.8445,8.8400,0.0000,0.526963,0.526986;0.526963;0.526780,75.496132,13245.71,,13.26,0,6980,10,True,nid005385,59113888
SparseHNSW_Bloom2_30_b5_s0x0_p0,M=32 efC=800 ef=1600 alpha=0.85 beta=5 q=u8 bloomH=2 bloomT=30 bloomSrc=pruned,64,0.9775071633,0.9963,1961.8445,8.8400,0.0000,0.975648,0.975088;0.975648;0.976732,139.777650,7154.22,,13.27,0,6980,10,True,nid005385,59113888
SparseHNSW_Bloom2_30_b8_s0x0_p0,M=32 efC=800 ef=20 alpha=0.85 beta=8 q=u8 bloomH=2 bloomT=30 bloomSrc=pruned,64,0.8357736390,0.9332,1961.8445,8.8400,0.0000,0.081811,0.082677;0.081811;0.081483,11.720774,85318.60,,13.27,0,6980,10,True,nid005385,59113888
SparseHNSW_Bloom2_30_b8_s0x0_p0,M=32 efC=800 ef=50 alpha=0.85 beta=8 q=u8 bloomH=2 bloomT=30 bloomSrc=pruned,64,0.8357736390,0.9332,1961.8445,8.8400,0.0000,0.081664,0.081473;0.081664;0.081792,11.699713,85472.18,,13.27,0,6980,10,True,nid005385,59113888
SparseHNSW_Bloom2_30_b8_s0x0_p0,M=32 efC=800 ef=100 alpha=0.85 beta=8 q=u8 bloomH=2 bloomT=30 bloomSrc=pruned,64,0.8467191977,0.9443,1961.8445,8.8400,0.0000,0.096104,0.095709;0.096153;0.096104,13.768481,72629.65,,13.27,0,6980,10,True,nid005385,59113888
SparseHNSW_Bloom2_30_b8_s0x0_p0,M=32 efC=800 ef=200 alpha=0.85 beta=8 q=u8 bloomH=2 bloomT=30 bloomSrc=pruned,64,0.8796991404,0.9675,1961.8445,8.8400,0.0000,0.162277,0.162185;0.162277;0.162655,23.248854,43012.87,,13.27,0,6980,10,True,nid005385,59113888
SparseHNSW_Bloom2_30_b8_s0x0_p0,M=32 efC=800 ef=400 alpha=0.85 beta=8 q=u8 bloomH=2 bloomT=30 bloomSrc=pruned,64,0.9199283668,0.9815,1961.8445,8.8400,0.0000,0.289281,0.289281;0.289425;0.289044,41.444269,24128.79,,13.27,0,6980,10,True,nid005385,59113888
SparseHNSW_Bloom2_30_b8_s0x0_p0,M=32 efC=800 ef=800 alpha=0.85 beta=8 q=u8 bloomH=2 bloomT=30 bloomSrc=pruned,64,0.9563896848,0.9917,1961.8445,8.8400,0.0000,0.528449,0.528449;0.528386;0.528783,75.709026,13208.46,,13.27,0,6980,10,True,nid005385,59113888
SparseHNSW_Bloom2_30_b8_s0x0_p0,M=32 efC=800 ef=1600 alpha=0.85 beta=8 q=u8 bloomH=2 bloomT=30 bloomSrc=pruned,64,0.9775931232,0.9963,1961.8445,8.8400,0.0000,0.977984,0.978101;0.977391;0.977984,140.112321,7137.13,,13.28,0,6980,10,True,nid005385,59113888
SparseHNSW_Bloom2_30_b12_s0x0_p0,M=32 efC=800 ef=20 alpha=0.85 beta=12 q=u8 bloomH=2 bloomT=30 bloomSrc=pruned,64,0.8554727794,0.9501,1961.8445,8.8400,0.0000,0.113309,0.113490;0.113309;0.111926,16.233381,61601.46,,13.28,0,6980,10,True,nid005385,59113888
SparseHNSW_Bloom2_30_b12_s0x0_p0,M=32 efC=800 ef=50 alpha=0.85 beta=12 q=u8 bloomH=2 bloomT=30 bloomSrc=pruned,64,0.8554727794,0.9501,1961.8445,8.8400,0.0000,0.112030,0.112308;0.111881;0.112030,16.050143,62304.74,,13.28,0,6980,10,True,nid005385,59113888
SparseHNSW_Bloom2_30_b12_s0x0_p0,M=32 efC=800 ef=100 alpha=0.85 beta=12 q=u8 bloomH=2 bloomT=30 bloomSrc=pruned,64,0.8554727794,0.9501,1961.8445,8.8400,0.0000,0.111551,0.111442;0.111551;0.111710,15.981519,62572.28,,13.28,0,6980,10,True,nid005385,59113888
SparseHNSW_Bloom2_30_b12_s0x0_p0,M=32 efC=800 ef=200 alpha=0.85 beta=12 q=u8 bloomH=2 bloomT=30 bloomSrc=pruned,64,0.8797277937,0.9675,1961.8445,8.8400,0.0000,0.165243,0.165554;0.165243;0.165205,23.673782,42240.82,,13.28,0,6980,10,True,nid005385,59113888
SparseHNSW_Bloom2_30_b12_s0x0_p0,M=32 efC=800 ef=400 alpha=0.85 beta=12 q=u8 bloomH=2 bloomT=30 bloomSrc=pruned,64,0.9199570201,0.9815,1961.8445,8.8400,0.0000,0.292400,0.292125;0.292650;0.292400,41.891117,23871.41,,13.28,0,6980,10,True,nid005385,59113888
SparseHNSW_Bloom2_30_b12_s0x0_p0,M=32 efC=800 ef=800 alpha=0.85 beta=12 q=u8 bloomH=2 bloomT=30 bloomSrc=pruned,64,0.9564183381,0.9917,1961.8445,8.8400,0.0000,0.530959,0.530959;0.530841;0.531373,76.068625,13146.02,,13.28,0,6980,10,True,nid005385,59113888
SparseHNSW_Bloom2_30_b12_s0x0_p0,M=32 efC=800 ef=1600 alpha=0.85 beta=12 q=u8 bloomH=2 bloomT=30 bloomSrc=pruned,64,0.9776361032,0.9963,1961.8445,8.8400,0.0000,0.980310,0.980310;0.980330;0.979924,140.445559,7120.20,,13.29,0,6980,10,True,nid005385,59113888
SparseHNSW_Bloom2_30_b2_s8x4_p0,M=32 efC=800 ef=20 alpha=0.85 beta=2 q=u8 seedT=8 seedH=8 seedS=4 bloomH=2 bloomT=30 bloomSrc=pruned,64,0.8305014327,0.9567,1961.8445,8.8400,0.0000,0.039386,0.038886;0.039386;0.039470,5.642693,177220.33,,13.29,0,6980,10,True,nid005385,59113888
SparseHNSW_Bloom2_30_b2_s8x4_p0,M=32 efC=800 ef=50 alpha=0.85 beta=2 q=u8 seedT=8 seedH=8 seedS=4 bloomH=2 bloomT=30 bloomSrc=pruned,64,0.8483381089,0.9678,1961.8445,8.8400,0.0000,0.053463,0.053463;0.053299;0.053490,7.659456,130557.58,,13.29,0,6980,10,True,nid005385,59113888
SparseHNSW_Bloom2_30_b2_s8x4_p0,M=32 efC=800 ef=100 alpha=0.85 beta=2 q=u8 seedT=8 seedH=8 seedS=4 bloomH=2 bloomT=30 bloomSrc=pruned,64,0.8730945559,0.9784,1961.8445,8.8400,0.0000,0.090196,0.090330;0.090013;0.090196,12.922063,77387.02,,13.29,0,6980,10,True,nid005385,59113888
SparseHNSW_Bloom2_30_b2_s8x4_p0,M=32 efC=800 ef=200 alpha=0.85 beta=2 q=u8 seedT=8 seedH=8 seedS=4 bloomH=2 bloomT=30 bloomSrc=pruned,64,0.9082951289,0.9875,1961.8445,8.8400,0.0000,0.157043,0.157600;0.156888;0.157043,22.498997,44446.43,,13.29,0,6980,10,True,nid005385,59113888
SparseHNSW_Bloom2_30_b2_s8x4_p0,M=32 efC=800 ef=400 alpha=0.85 beta=2 q=u8 seedT=8 seedH=8 seedS=4 bloomH=2 bloomT=30 bloomSrc=pruned,64,0.9455873926,0.9938,1961.8445,8.8400,0.0000,0.285249,0.285264;0.285159;0.285249,40.866619,24469.85,,13.29,0,6980,10,True,nid005385,59113888
SparseHNSW_Bloom2_30_b2_s8x4_p0,M=32 efC=800 ef=800 alpha=0.85 beta=2 q=u8 seedT=8 seedH=8 seedS=4 bloomH=2 bloomT=30 bloomSrc=pruned,64,0.9707736390,0.9980,1961.8445,8.8400,0.0000,0.527454,0.526898;0.527454;0.527956,75.566476,13233.38,,13.29,0,6980,10,True,nid005385,59113888
SparseHNSW_Bloom2_30_b2_s8x4_p0,M=32 efC=800 ef=1600 alpha=0.85 beta=2 q=u8 seedT=8 seedH=8 seedS=4 bloomH=2 bloomT=30 bloomSrc=pruned,64,0.9820916905,0.9993,1961.8445,8.8400,0.0000,0.977306,0.976859;0.977306;0.977810,140.015186,7142.08,,13.30,0,6980,10,True,nid005385,59113888
SparseHNSW_Bloom2_30_b3_s8x4_p0,M=32 efC=800 ef=20 alpha=0.85 beta=3 q=u8 seedT=8 seedH=8 seedS=4 bloomH=2 bloomT=30 bloomSrc=pruned,64,0.8323495702,0.9567,1961.8445,8.8400,0.0000,0.040125,0.039389;0.040125;0.040326,5.748567,173956.39,,13.30,0,6980,10,True,nid005385,59113888
SparseHNSW_Bloom2_30_b3_s8x4_p0,M=32 efC=800 ef=50 alpha=0.85 beta=3 q=u8 seedT=8 seedH=8 seedS=4 bloomH=2 bloomT=30 bloomSrc=pruned,64,0.8504441261,0.9678,1961.8445,8.8400,0.0000,0.053770,0.053505;0.053876;0.053770,7.703438,129812.16,,13.30,0,6980,10,True,nid005385,59113888
SparseHNSW_Bloom2_30_b3_s8x4_p0,M=32 efC=800 ef=100 alpha=0.85 beta=3 q=u8 seedT=8 seedH=8 seedS=4 bloomH=2 bloomT=30 bloomSrc=pruned,64,0.8753581662,0.9784,1961.8445,8.8400,0.0000,0.090694,0.090694;0.090685;0.090870,12.993410,76962.09,,13.30,0,6980,10,True,nid005385,59113888
SparseHNSW_Bloom2_30_b3_s8x4_p0,M=32 efC=800 ef=200 alpha=0.85 beta=3 q=u8 seedT=8 seedH=8 seedS=4 bloomH=2 bloomT=30 bloomSrc=pruned,64,0.9107163324,0.9875,1961.8445,8.8400,0.0000,0.157293,0.157256;0.157293;0.157588,22.534814,44375.78,,13.30,0,6980,10,True,nid005385,59113888
SparseHNSW_Bloom2_30_b3_s8x4_p0,M=32 efC=800 ef=400 alpha=0.85 beta=3 q=u8 seedT=8 seedH=8 seedS=4 bloomH=2 bloomT=30 bloomSrc=pruned,64,0.9482234957,0.9938,1961.8445,8.8400,0.0000,0.285649,0.286094;0.285649;0.285588,40.923926,24435.58,,13.30,0,6980,10,True,nid005385,59113888
SparseHNSW_Bloom2_30_b3_s8x4_p0,M=32 efC=800 ef=800 alpha=0.85 beta=3 q=u8 seedT=8 seedH=8 seedS=4 bloomH=2 bloomT=30 bloomSrc=pruned,64,0.9737679083,0.9980,1961.8445,8.8400,0.0000,0.528629,0.528629;0.528872;0.528606,75.734814,13203.97,,13.30,0,6980,10,True,nid005385,59113888
SparseHNSW_Bloom2_30_b3_s8x4_p0,M=32 efC=800 ef=1600 alpha=0.85 beta=3 q=u8 seedT=8 seedH=8 seedS=4 bloomH=2 bloomT=30 bloomSrc=pruned,64,0.9852865330,0.9993,1961.8445,8.8400,0.0000,0.978230,0.977809;0.978230;0.978304,140.147564,7135.34,,13.31,0,6980,10,True,nid005385,59113888
SparseHNSW_Bloom2_30_b4_s8x4_p0,M=32 efC=800 ef=20 alpha=0.85 beta=4 q=u8 seedT=8 seedH=8 seedS=4 bloomH=2 bloomT=30 bloomSrc=pruned,64,0.8439684814,0.9645,1961.8445,8.8400,0.0000,0.046253,0.046043;0.046253;0.046736,6.626504,150909.13,,13.31,0,6980,10,True,nid005385,59113888
SparseHNSW_Bloom2_30_b4_s8x4_p0,M=32 efC=800 ef=50 alpha=0.85 beta=4 q=u8 seedT=8 seedH=8 seedS=4 bloomH=2 bloomT=30 bloomSrc=pruned,64,0.8508452722,0.9678,1961.8445,8.8400,0.0000,0.054413,0.054207;0.054413;0.054681,7.795559,128278.17,,13.31,0,6980,10,True,nid005385,59113888
SparseHNSW_Bloom2_30_b4_s8x4_p0,M=32 efC=800 ef=100 alpha=0.85 beta=4 q=u8 seedT=8 seedH=8 seedS=4 bloomH=2 bloomT=30 bloomSrc=pruned,64,0.8758022923,0.9784,1961.8445,8.8400,0.0000,0.090775,0.091103;0.090775;0.090751,13.005014,76893.42,,13.31,0,6980,10,True,nid005385,59113888
SparseHNSW_Bloom2_30_b4_s8x4_p0,M=32 efC=800 ef=200 alpha=0.85 beta=4 q=u8 seedT=8 seedH=8 seedS=4 bloomH=2 bloomT=30 bloomSrc=pruned,64,0.9112177650,0.9875,1961.8445,8.8400,0.0000,0.158002,0.157753;0.158002;0.158280,22.636390,44176.66,,13.31,0,6980,10,True,nid005385,59113888
SparseHNSW_Bloom2_30_b4_s8x4_p0,M=32 efC=800 ef=400 alpha=0.85 beta=4 q=u8 seedT=8 seedH=8 seedS=4 bloomH=2 bloomT=30 bloomSrc=pruned,64,0.9487679083,0.9938,1961.8445,8.8400,0.0000,0.286555,0.286555;0.285962;0.286620,41.053725,24358.33,,13.31,0,6980,10,True,nid005385,59113888
SparseHNSW_Bloom2_30_b4_s8x4_p0,M=32 efC=800 ef=800 alpha=0.85 beta=4 q=u8 seedT=8 seedH=8 seedS=4 bloomH=2 bloomT=30 bloomSrc=pruned,64,0.9743696275,0.9980,1961.8445,8.8400,0.0000,0.528213,0.527891;0.528883;0.528213,75.675215,13214.37,,13.31,0,6980,10,True,nid005385,59113888
SparseHNSW_Bloom2_30_b4_s8x4_p0,M=32 efC=800 ef=1600 alpha=0.85 beta=4 q=u8 seedT=8 seedH=8 seedS=4 bloomH=2 bloomT=30 bloomSrc=pruned,64,0.9859455587,0.9993,1961.8445,8.8400,0.0000,0.977982,0.978549;0.977772;0.977982,140.112034,7137.15,,13.31,0,6980,10,True,nid005385,59113888
SparseHNSW_Bloom2_30_b5_s8x4_p0,M=32 efC=800 ef=20 alpha=0.85 beta=5 q=u8 seedT=8 seedH=8 seedS=4 bloomH=2 bloomT=30 bloomSrc=pruned,64,0.8509169054,0.9678,1961.8445,8.8400,0.0000,0.054717,0.054123;0.054717;0.054957,7.839112,127565.47,,13.31,0,6980,10,True,nid005385,59113888
SparseHNSW_Bloom2_30_b5_s8x4_p0,M=32 efC=800 ef=50 alpha=0.85 beta=5 q=u8 seedT=8 seedH=8 seedS=4 bloomH=2 bloomT=30 bloomSrc=pruned,64,0.8509169054,0.9678,1961.8445,8.8400,0.0000,0.054818,0.054818;0.054895;0.054712,7.853582,127330.44,,13.31,0,6980,10,True,nid005385,59113888
SparseHNSW_Bloom2_30_b5_s8x4_p0,M=32 efC=800 ef=100 alpha=0.85 beta=5 q=u8 seedT=8 seedH=8 seedS=4 bloomH=2 bloomT=30 bloomSrc=pruned,64,0.8759169054,0.9784,1961.8445,8.8400,0.0000,0.091744,0.091572;0.091744;0.091764,13.143840,76081.27,,13.31,0,6980,10,True,nid005385,59113888
SparseHNSW_Bloom2_30_b5_s8x4_p0,M=32 efC=800 ef=200 alpha=0.85 beta=5 q=u8 seedT=8 seedH=8 seedS=4 bloomH=2 bloomT=30 bloomSrc=pruned,64,0.9113467049,0.9875,1961.8445,8.8400,0.0000,0.158620,0.158307;0.158811;0.158620,22.724928,44004.54,,13.31,0,6980,10,True,nid005385,59113888
SparseHNSW_Bloom2_30_b5_s8x4_p0,M=32 efC=800 ef=400 alpha=0.85 beta=5 q=u8 seedT=8 seedH=8 seedS=4 bloomH=2 bloomT=30 bloomSrc=pruned,64,0.9489111748,0.9938,1961.8445,8.8400,0.0000,0.286903,0.286903;0.286768;0.287398,41.103582,24328.78,,13.31,0,6980,10,True,nid005385,59113888
SparseHNSW_Bloom2_30_b5_s8x4_p0,M=32 efC=800 ef=800 alpha=0.85 beta=5 q=u8 seedT=8 seedH=8 seedS=4 bloomH=2 bloomT=30 bloomSrc=pruned,64,0.9745272206,0.9980,1961.8445,8.8400,0.0000,0.529143,0.529143;0.529768;0.528511,75.808453,13191.14,,13.31,0,6980,10,True,nid005385,59113888
SparseHNSW_Bloom2_30_b5_s8x4_p0,M=32 efC=800 ef=1600 alpha=0.85 beta=5 q=u8 seedT=8 seedH=8 seedS=4 bloomH=2 bloomT=30 bloomSrc=pruned,64,0.9861174785,0.9993,1961.8445,8.8400,0.0000,0.978767,0.977852;0.978767;0.978954,140.224499,7131.42,,13.31,0,6980,10,True,nid005385,59113888
SparseHNSW_Bloom2_30_b8_s8x4_p0,M=32 efC=800 ef=20 alpha=0.85 beta=8 q=u8 seedT=8 seedH=8 seedS=4 bloomH=2 bloomT=30 bloomSrc=pruned,64,0.8674641834,0.9752,1961.8445,8.8400,0.0000,0.079156,0.079063;0.079156;0.079284,11.340401,88180.30,,13.31,0,6980,10,True,nid005385,59113888
SparseHNSW_Bloom2_30_b8_s8x4_p0,M=32 efC=800 ef=50 alpha=0.85 beta=8 q=u8 seedT=8 seedH=8 seedS=4 bloomH=2 bloomT=30 bloomSrc=pruned,64,0.8674641834,0.9752,1961.8445,8.8400,0.0000,0.079294,0.079710;0.079278;0.079294,11.360172,88026.84,,13.31,0,6980,10,True,nid005385,59113888
SparseHNSW_Bloom2_30_b8_s8x4_p0,M=32 efC=800 ef=100 alpha=0.85 beta=8 q=u8 seedT=8 seedH=8 seedS=4 bloomH=2 bloomT=30 bloomSrc=pruned,64,0.8759885387,0.9784,1961.8445,8.8400,0.0000,0.093285,0.093430;0.093228;0.093285,13.364613,74824.46,,13.31,0,6980,10,True,nid005385,59113888
SparseHNSW_Bloom2_30_b8_s8x4_p0,M=32 efC=800 ef=200 alpha=0.85 beta=8 q=u8 seedT=8 seedH=8 seedS=4 bloomH=2 bloomT=30 bloomSrc=pruned,64,0.9114183381,0.9875,1961.8445,8.8400,0.0000,0.160889,0.160694;0.161036;0.160889,23.050000,43383.95,,13.31,0,6980,10,True,nid005385,59113888
SparseHNSW_Bloom2_30_b8_s8x4_p0,M=32 efC=800 ef=400 alpha=0.85 beta=8 q=u8 seedT=8 seedH=8 seedS=4 bloomH=2 bloomT=30 bloomSrc=pruned,64,0.9489828080,0.9938,1961.8445,8.8400,0.0000,0.288755,0.288809;0.288485;0.288755,41.368911,24172.74,,13.31,0,6980,10,True,nid005385,59113888
SparseHNSW_Bloom2_30_b8_s8x4_p0,M=32 efC=800 ef=800 alpha=0.85 beta=8 q=u8 seedT=8 seedH=8 seedS=4 bloomH=2 bloomT=30 bloomSrc=pruned,64,0.9746131805,0.9980,1961.8445,8.8400,0.0000,0.531049,0.531223;0.530048;0.531049,76.081519,13143.80,,13.31,0,6980,10,True,nid005385,59113888
SparseHNSW_Bloom2_30_b8_s8x4_p0,M=32 efC=800 ef=1600 alpha=0.85 beta=8 q=u8 seedT=8 seedH=8 seedS=4 bloomH=2 bloomT=30 bloomSrc=pruned,64,0.9862034384,0.9993,1961.8445,8.8400,0.0000,0.980286,0.980205;0.980857;0.980286,140.442120,7120.37,,13.31,0,6980,10,True,nid005385,59113888
SparseHNSW_Bloom2_30_b12_s8x4_p0,M=32 efC=800 ef=20 alpha=0.85 beta=12 q=u8 seedT=8 seedH=8 seedS=4 bloomH=2 bloomT=30 bloomSrc=pruned,64,0.8836103152,0.9817,1961.8445,8.8400,0.0000,0.109736,0.109736;0.109775;0.109710,15.721490,63607.20,,13.31,0,6980,10,True,nid005385,59113888
SparseHNSW_Bloom2_30_b12_s8x4_p0,M=32 efC=800 ef=50 alpha=0.85 beta=12 q=u8 seedT=8 seedH=8 seedS=4 bloomH=2 bloomT=30 bloomSrc=pruned,64,0.8836103152,0.9817,1961.8445,8.8400,0.0000,0.109699,0.110144;0.109699;0.109647,15.716189,63628.66,,13.31,0,6980,10,True,nid005385,59113888
SparseHNSW_Bloom2_30_b12_s8x4_p0,M=32 efC=800 ef=100 alpha=0.85 beta=12 q=u8 seedT=8 seedH=8 seedS=4 bloomH=2 bloomT=30 bloomSrc=pruned,64,0.8836103152,0.9817,1961.8445,8.8400,0.0000,0.109276,0.109240;0.109276;0.109421,15.655587,63874.96,,13.31,0,6980,10,True,nid005385,59113888
SparseHNSW_Bloom2_30_b12_s8x4_p0,M=32 efC=800 ef=200 alpha=0.85 beta=12 q=u8 seedT=8 seedH=8 seedS=4 bloomH=2 bloomT=30 bloomSrc=pruned,64,0.9114469914,0.9875,1961.8445,8.8400,0.0000,0.163518,0.163226;0.163533;0.163518,23.426648,42686.43,,13.31,0,6980,10,True,nid005385,59113888
SparseHNSW_Bloom2_30_b12_s8x4_p0,M=32 efC=800 ef=400 alpha=0.85 beta=12 q=u8 seedT=8 seedH=8 seedS=4 bloomH=2 bloomT=30 bloomSrc=pruned,64,0.9490114613,0.9938,1961.8445,8.8400,0.0000,0.291556,0.291556;0.291895;0.291136,41.770201,23940.51,,13.31,0,6980,10,True,nid005385,59113888
SparseHNSW_Bloom2_30_b12_s8x4_p0,M=32 efC=800 ef=800 alpha=0.85 beta=12 q=u8 seedT=8 seedH=8 seedS=4 bloomH=2 bloomT=30 bloomSrc=pruned,64,0.9746418338,0.9980,1961.8445,8.8400,0.0000,0.532705,0.532705;0.533572;0.532648,76.318768,13102.94,,13.31,0,6980,10,True,nid005385,59113888
SparseHNSW_Bloom2_30_b12_s8x4_p0,M=32 efC=800 ef=1600 alpha=0.85 beta=12 q=u8 seedT=8 seedH=8 seedS=4 bloomH=2 bloomT=30 bloomSrc=pruned,64,0.9862464183,0.9993,1961.8445,8.8400,0.0000,0.982693,0.982693;0.982976;0.981646,140.786963,7102.93,,13.31,0,6980,10,True,nid005385,59113888
SparseHNSW_Bloom2_30_b2_s0x0_p128,M=32 efC=800 ef=20 alpha=0.85 beta=2 q=u8 pat=128 bloomH=2 bloomT=30 bloomSrc=pruned,64,0.7446991404,0.8550,1961.8445,8.8400,0.0000,0.029913,0.029359;0.029913;0.030199,4.285530,233343.36,,13.31,0,6980,10,True,nid005385,59113888
SparseHNSW_Bloom2_30_b2_s0x0_p128,M=32 efC=800 ef=50 alpha=0.85 beta=2 q=u8 pat=128 bloomH=2 bloomT=30 bloomSrc=pruned,64,0.8092550143,0.9116,1961.8445,8.8400,0.0000,0.055538,0.055498;0.055538;0.055843,7.956734,125679.71,,13.31,0,6980,10,True,nid005385,59113888
SparseHNSW_Bloom2_30_b2_s0x0_p128,M=32 efC=800 ef=100 alpha=0.85 beta=2 q=u8 pat=128 bloomH=2 bloomT=30 bloomSrc=pruned,64,0.8438825215,0.9443,1961.8445,8.8400,0.0000,0.092794,0.092593;0.092794;0.092799,13.294269,75220.38,,13.31,0,6980,10,True,nid005385,59113888
SparseHNSW_Bloom2_30_b2_s0x0_p128,M=32 efC=800 ef=200 alpha=0.85 beta=2 q=u8 pat=128 bloomH=2 bloomT=30 bloomSrc=pruned,64,0.8752722063,0.9659,1961.8445,8.8400,0.0000,0.134198,0.134312;0.134198;0.134047,19.226074,52012.70,,13.31,0,6980,10,True,nid005385,59113888
SparseHNSW_Bloom2_30_b2_s0x0_p128,M=32 efC=800 ef=400 alpha=0.85 beta=2 q=u8 pat=128 bloomH=2 bloomT=30 bloomSrc=pruned,64,0.9118624642,0.9754,1961.8445,8.8400,0.0000,0.141133,0.141189;0.141133;0.141071,20.219628,49456.90,,13.31,0,6980,10,True,nid005385,59113888
SparseHNSW_Bloom2_30_b2_s0x0_p128,M=32 efC=800 ef=800 alpha=0.85 beta=2 q=u8 pat=128 bloomH=2 bloomT=30 bloomSrc=pruned,64,0.9455444126,0.9828,1961.8445,8.8400,0.0000,0.141416,0.141416;0.141285;0.141789,20.260172,49357.92,,13.31,0,6980,10,True,nid005385,59113888
SparseHNSW_Bloom2_30_b2_s0x0_p128,M=32 efC=800 ef=1600 alpha=0.85 beta=2 q=u8 pat=128 bloomH=2 bloomT=30 bloomSrc=pruned,64,0.9670916905,0.9897,1961.8445,8.8400,0.0000,0.152376,0.152318;0.152376;0.152640,21.830372,45807.74,,13.31,0,6980,10,True,nid005385,59113888
SparseHNSW_Bloom2_30_b3_s0x0_p128,M=32 efC=800 ef=20 alpha=0.85 beta=3 q=u8 pat=128 bloomH=2 bloomT=30 bloomSrc=pruned,64,0.7816618911,0.8854,1961.8445,8.8400,0.0000,0.039588,0.039055;0.039588;0.040008,5.671633,176316.06,,13.31,0,6980,10,True,nid005385,59113888
SparseHNSW_Bloom2_30_b3_s0x0_p128,M=32 efC=800 ef=50 alpha=0.85 beta=3 q=u8 pat=128 bloomH=2 bloomT=30 bloomSrc=pruned,64,0.8113037249,0.9116,1961.8445,8.8400,0.0000,0.056501,0.056384;0.056501;0.056568,8.094699,123537.64,,13.31,0,6980,10,True,nid005385,59113888
SparseHNSW_Bloom2_30_b3_s0x0_p128,M=32 efC=800 ef=100 alpha=0.85 beta=3 q=u8 pat=128 bloomH=2 bloomT=30 bloomSrc=pruned,64,0.8461318052,0.9443,1961.8445,8.8400,0.0000,0.093401,0.093894;0.093401;0.092933,13.381232,74731.53,,13.31,0,6980,10,True,nid005385,59113888
SparseHNSW_Bloom2_30_b3_s0x0_p128,M=32 efC=800 ef=200 alpha=0.85 beta=3 q=u8 pat=128 bloomH=2 bloomT=30 bloomSrc=pruned,64,0.8780085960,0.9662,1961.8445,8.8400,0.0000,0.141717,0.141717;0.141505;0.141750,20.303295,49253.09,,13.31,0,6980,10,True,nid005385,59113888
SparseHNSW_Bloom2_30_b3_s0x0_p128,M=32 efC=800 ef=400 alpha=0.85 beta=3 q=u8 pat=128 bloomH=2 bloomT=30 bloomSrc=pruned,64,0.9155157593,0.9768,1961.8445,8.8400,0.0000,0.152224,0.152224;0.151634;0.152544,21.808596,45853.48,,13.31,0,6980,10,True,nid005385,59113888
SparseHNSW_Bloom2_30_b3_s0x0_p128,M=32 efC=800 ef=800 alpha=0.85 beta=3 q=u8 pat=128 bloomH=2 bloomT=30 bloomSrc=pruned,64,0.9491547278,0.9835,1961.8445,8.8400,0.0000,0.151562,0.151343;0.151665;0.151562,21.713754,46053.76,,13.31,0,6980,10,True,nid005385,59113888
SparseHNSW_Bloom2_30_b3_s0x0_p128,M=32 efC=800 ef=1600 alpha=0.85 beta=3 q=u8 pat=128 bloomH=2 bloomT=30 bloomSrc=pruned,64,0.9709025788,0.9903,1961.8445,8.8400,0.0000,0.161615,0.161815;0.161615;0.161440,23.154011,43189.06,,13.31,0,6980,10,True,nid005385,59113888
SparseHNSW_Bloom2_30_b4_s0x0_p128,M=32 efC=800 ef=20 alpha=0.85 beta=4 q=u8 pat=128 bloomH=2 bloomT=30 bloomSrc=pruned,64,0.7984240688,0.9001,1961.8445,8.8400,0.0000,0.048796,0.048543;0.048880;0.048796,6.990831,143044.51,,13.31,0,6980,10,True,nid005385,59113888
SparseHNSW_Bloom2_30_b4_s0x0_p128,M=32 efC=800 ef=50 alpha=0.85 beta=4 q=u8 pat=128 bloomH=2 bloomT=30 bloomSrc=pruned,64,0.8116762178,0.9116,1961.8445,8.8400,0.0000,0.056938,0.056945;0.056804;0.056938,8.157307,122589.48,,13.31,0,6980,10,True,nid005385,59113888
SparseHNSW_Bloom2_30_b4_s0x0_p128,M=32 efC=800 ef=100 alpha=0.85 beta=4 q=u8 pat=128 bloomH=2 bloomT=30 bloomSrc=pruned,64,0.8465472779,0.9443,1961.8445,8.8400,0.0000,0.093721,0.093800;0.093721;0.093670,13.427077,74476.37,,13.31,0,6980,10,True,nid005385,59113888
SparseHNSW_Bloom2_30_b4_s0x0_p128,M=32 efC=800 ef=200 alpha=0.85 beta=4 q=u8 pat=128 bloomH=2 bloomT=30 bloomSrc=pruned,64,0.8787679083,0.9666,1961.8445,8.8400,0.0000,0.147773,0.147683;0.147773;0.148050,21.170917,47234.61,,13.31,0,6980,10,True,nid005385,59113888
SparseHNSW_Bloom2_30_b4_s0x0_p128,M=32 efC=800 ef=400 alpha=0.85 beta=4 q=u8 pat=128 bloomH=2 bloomT=30 bloomSrc=pruned,64,0.9165472779,0.9775,1961.8445,8.8400,0.0000,0.162107,0.162215;0.162107;0.161125,23.224499,43057.98,,13.31,0,6980,10,True,nid005385,59113888
SparseHNSW_Bloom2_30_b4_s0x0_p128,M=32 efC=800 ef=800 alpha=0.85 beta=4 q=u8 pat=128 bloomH=2 bloomT=30 bloomSrc=pruned,64,0.9502292264,0.9844,1961.8445,8.8400,0.0000,0.161753,0.161753;0.161672;0.162042,23.173782,43152.21,,13.31,0,6980,10,True,nid005385,59113888
SparseHNSW_Bloom2_30_b4_s0x0_p128,M=32 efC=800 ef=1600 alpha=0.85 beta=4 q=u8 pat=128 bloomH=2 bloomT=30 bloomSrc=pruned,64,0.9720057307,0.9908,1961.8445,8.8400,0.0000,0.170831,0.170929;0.170601;0.170831,24.474355,40859.09,,13.31,0,6980,10,True,nid005385,59113888
SparseHNSW_Bloom2_30_b5_s0x0_p128,M=32 efC=800 ef=20 alpha=0.85 beta=5 q=u8 pat=128 bloomH=2 bloomT=30 bloomSrc=pruned,64,0.8117478510,0.9116,1961.8445,8.8400,0.0000,0.057622,0.057341;0.057622;0.057717,8.255301,121134.29,,13.31,0,6980,10,True,nid005385,59113888
SparseHNSW_Bloom2_30_b5_s0x0_p128,M=32 efC=800 ef=50 alpha=0.85 beta=5 q=u8 pat=128 bloomH=2 bloomT=30 bloomSrc=pruned,64,0.8117478510,0.9116,1961.8445,8.8400,0.0000,0.057592,0.057725;0.057592;0.057476,8.251003,121197.39,,13.31,0,6980,10,True,nid005385,59113888
SparseHNSW_Bloom2_30_b5_s0x0_p128,M=32 efC=800 ef=100 alpha=0.85 beta=5 q=u8 pat=128 bloomH=2 bloomT=30 bloomSrc=pruned,64,0.8466618911,0.9443,1961.8445,8.8400,0.0000,0.094672,0.094672;0.094760;0.094395,13.563324,73728.24,,13.31,0,6980,10,True,nid005385,59113888
SparseHNSW_Bloom2_30_b5_s0x0_p128,M=32 efC=800 ef=200 alpha=0.85 beta=5 q=u8 pat=128 bloomH=2 bloomT=30 bloomSrc=pruned,64,0.8790257880,0.9668,1961.8445,8.8400,0.0000,0.152884,0.152783;0.153198;0.152884,21.903152,45655.53,,13.31,0,6980,10,True,nid005385,59113888
SparseHNSW_Bloom2_30_b5_s0x0_p128,M=32 efC=800 ef=400 alpha=0.85 beta=5 q=u8 pat=128 bloomH=2 bloomT=30 bloomSrc=pruned,64,0.9168194842,0.9777,1961.8445,8.8400,0.0000,0.172834,0.172771;0.172834;0.172923,24.761318,40385.57,,13.31,0,6980,10,True,nid005385,59113888
SparseHNSW_Bloom2_30_b5_s0x0_p128,M=32 efC=800 ef=800 alpha=0.85 beta=5 q=u8 pat=128 bloomH=2 bloomT=30 bloomSrc=pruned,64,0.9510315186,0.9851,1961.8445,8.8400,0.0000,0.171228,0.171567;0.171121;0.171228,24.531232,40764.36,,13.31,0,6980,10,True,nid005385,59113888
SparseHNSW_Bloom2_30_b5_s0x0_p128,M=32 efC=800 ef=1600 alpha=0.85 beta=5 q=u8 pat=128 bloomH=2 bloomT=30 bloomSrc=pruned,64,0.9725358166,0.9914,1961.8445,8.8400,0.0000,0.179747,0.179535;0.179747;0.179820,25.751719,38832.36,,13.31,0,6980,10,True,nid005385,59113888
SparseHNSW_Bloom2_30_b8_s0x0_p128,M=32 efC=800 ef=20 alpha=0.85 beta=8 q=u8 pat=128 bloomH=2 bloomT=30 bloomSrc=pruned,64,0.8357736390,0.9332,1961.8445,8.8400,0.0000,0.082128,0.081990;0.082128;0.082633,11.766189,84989.29,,13.31,0,6980,10,True,nid005385,59113888
SparseHNSW_Bloom2_30_b8_s0x0_p128,M=32 efC=800 ef=50 alpha=0.85 beta=8 q=u8 pat=128 bloomH=2 bloomT=30 bloomSrc=pruned,64,0.8357736390,0.9332,1961.8445,8.8400,0.0000,0.082135,0.082135;0.082371;0.081999,11.767192,84982.04,,13.31,0,6980,10,True,nid005385,59113888
SparseHNSW_Bloom2_30_b8_s0x0_p128,M=32 efC=800 ef=100 alpha=0.85 beta=8 q=u8 pat=128 bloomH=2 bloomT=30 bloomSrc=pruned,64,0.8467191977,0.9443,1961.8445,8.8400,0.0000,0.096853,0.096853;0.096473;0.097061,13.875788,72067.98,,13.31,0,6980,10,True,nid005385,59113888
SparseHNSW_Bloom2_30_b8_s0x0_p128,M=32 efC=800 ef=200 alpha=0.85 beta=8 q=u8 pat=128 bloomH=2 bloomT=30 bloomSrc=pruned,64,0.8793982808,0.9670,1961.8445,8.8400,0.0000,0.161688,0.161688;0.161613;0.162208,23.164470,43169.56,,13.31,0,6980,10,True,nid005385,59113888
SparseHNSW_Bloom2_30_b8_s0x0_p128,M=32 efC=800 ef=400 alpha=0.85 beta=8 q=u8 pat=128 bloomH=2 bloomT=30 bloomSrc=pruned,64,0.9177507163,0.9785,1961.8445,8.8400,0.0000,0.202446,0.202446;0.202211;0.202512,29.003725,34478.33,,13.31,0,6980,10,True,nid005385,59113888
SparseHNSW_Bloom2_30_b8_s0x0_p128,M=32 efC=800 ef=800 alpha=0.85 beta=8 q=u8 pat=128 bloomH=2 bloomT=30 bloomSrc=pruned,64,0.9520057307,0.9862,1961.8445,8.8400,0.0000,0.202096,0.202371;0.202096;0.201997,28.953582,34538.04,,13.31,0,6980,10,True,nid005385,59113888
SparseHNSW_Bloom2_30_b8_s0x0_p128,M=32 efC=800 ef=1600 alpha=0.85 beta=8 q=u8 pat=128 bloomH=2 bloomT=30 bloomSrc=pruned,64,0.9732521490,0.9920,1961.8445,8.8400,0.0000,0.206306,0.206340;0.206306;0.205976,29.556734,33833.24,,13.31,0,6980,10,True,nid005385,59113888
SparseHNSW_Bloom2_30_b12_s0x0_p128,M=32 efC=800 ef=20 alpha=0.85 beta=12 q=u8 pat=128 bloomH=2 bloomT=30 bloomSrc=pruned,64,0.8554727794,0.9501,1961.8445,8.8400,0.0000,0.112987,0.112758;0.112987;0.113386,16.187249,61777.02,,13.31,0,6980,10,True,nid005385,59113888
SparseHNSW_Bloom2_30_b12_s0x0_p128,M=32 efC=800 ef=50 alpha=0.85 beta=12 q=u8 pat=128 bloomH=2 bloomT=30 bloomSrc=pruned,64,0.8554727794,0.9501,1961.8445,8.8400,0.0000,0.113076,0.113076;0.113005;0.113230,16.200000,61728.40,,13.31,0,6980,10,True,nid005385,59113888
SparseHNSW_Bloom2_30_b12_s0x0_p128,M=32 efC=800 ef=100 alpha=0.85 beta=12 q=u8 pat=128 bloomH=2 bloomT=30 bloomSrc=pruned,64,0.8554727794,0.9501,1961.8445,8.8400,0.0000,0.112873,0.112873;0.112564;0.112907,16.170917,61839.41,,13.31,0,6980,10,True,nid005385,59113888
SparseHNSW_Bloom2_30_b12_s0x0_p128,M=32 efC=800 ef=200 alpha=0.85 beta=12 q=u8 pat=128 bloomH=2 bloomT=30 bloomSrc=pruned,64,0.8794269341,0.9670,1961.8445,8.8400,0.0000,0.166236,0.166002;0.166504;0.166236,23.816046,41988.50,,13.31,0,6980,10,True,nid005385,59113888
SparseHNSW_Bloom2_30_b12_s0x0_p128,M=32 efC=800 ef=400 alpha=0.85 beta=12 q=u8 pat=128 bloomH=2 bloomT=30 bloomSrc=pruned,64,0.9184240688,0.9794,1961.8445,8.8400,0.0000,0.236977,0.237438;0.236977;0.236872,33.950860,29454.34,,13.31,0,6980,10,True,nid005385,59113888
SparseHNSW_Bloom2_30_b12_s0x0_p128,M=32 efC=800 ef=800 alpha=0.85 beta=12 q=u8 pat=128 bloomH=2 bloomT=30 bloomSrc=pruned,64,0.9527936963,0.9870,1961.8445,8.8400,0.0000,0.243090,0.242973;0.243572;0.243090,34.826648,28713.65,,13.31,0,6980,10,True,nid005385,59113888
SparseHNSW_Bloom2_30_b12_s0x0_p128,M=32 efC=800 ef=1600 alpha=0.85 beta=12 q=u8 pat=128 bloomH=2 bloomT=30 bloomSrc=pruned,64,0.9736532951,0.9921,1961.8445,8.8400,0.0000,0.242872,0.242872;0.242875;0.242213,34.795415,28739.42,,13.31,0,6980,10,True,nid005385,59113888
SparseHNSW_Bloom2_30_b2_s8x4_p128,M=32 efC=800 ef=20 alpha=0.85 beta=2 q=u8 seedT=8 seedH=8 seedS=4 pat=128 bloomH=2 bloomT=30 bloomSrc=pruned,64,0.8305014327,0.9567,1961.8445,8.8400,0.0000,0.039651,0.038966;0.039651;0.039717,5.680659,176035.91,,13.31,0,6980,10,True,nid005385,59113888
SparseHNSW_Bloom2_30_b2_s8x4_p128,M=32 efC=800 ef=50 alpha=0.85 beta=2 q=u8 seedT=8 seedH=8 seedS=4 pat=128 bloomH=2 bloomT=30 bloomSrc=pruned,64,0.8483381089,0.9678,1961.8445,8.8400,0.0000,0.053912,0.053944;0.053912;0.053347,7.723782,129470.25,,13.31,0,6980,10,True,nid005385,59113888
SparseHNSW_Bloom2_30_b2_s8x4_p128,M=32 efC=800 ef=100 alpha=0.85 beta=2 q=u8 seedT=8 seedH=8 seedS=4 pat=128 bloomH=2 bloomT=30 bloomSrc=pruned,64,0.8730945559,0.9784,1961.8445,8.8400,0.0000,0.090214,0.090342;0.090164;0.090214,12.924642,77371.58,,13.31,0,6980,10,True,nid005385,59113888
SparseHNSW_Bloom2_30_b2_s8x4_p128,M=32 efC=800 ef=200 alpha=0.85 beta=2 q=u8 seedT=8 seedH=8 seedS=4 pat=128 bloomH=2 bloomT=30 bloomSrc=pruned,64,0.9079512894,0.9874,1961.8445,8.8400,0.0000,0.130529,0.131314;0.130269;0.130529,18.700430,53474.71,,13.31,0,6980,10,True,nid005385,59113888
SparseHNSW_Bloom2_30_b2_s8x4_p128,M=32 efC=800 ef=400 alpha=0.85 beta=2 q=u8 seedT=8 seedH=8 seedS=4 pat=128 bloomH=2 bloomT=30 bloomSrc=pruned,64,0.9436389685,0.9915,1961.8445,8.8400,0.0000,0.134567,0.134850;0.134404;0.134567,19.278940,51870.07,,13.31,0,6980,10,True,nid005385,59113888
SparseHNSW_Bloom2_30_b2_s8x4_p128,M=32 efC=800 ef=800 alpha=0.85 beta=2 q=u8 seedT=8 seedH=8 seedS=4 pat=128 bloomH=2 bloomT=30 bloomSrc=pruned,64,0.9676790831,0.9957,1961.8445,8.8400,0.0000,0.137384,0.137264;0.137384;0.137962,19.682521,50806.50,,13.31,0,6980,10,True,nid005385,59113888
SparseHNSW_Bloom2_30_b2_s8x4_p128,M=32 efC=800 ef=1600 alpha=0.85 beta=2 q=u8 seedT=8 seedH=8 seedS=4 pat=128 bloomH=2 bloomT=30 bloomSrc=pruned,64,0.9788395415,0.9973,1961.8445,8.8400,0.0000,0.150506,0.150852;0.150506;0.150439,21.562464,46376.89,,13.31,0,6980,10,True,nid005385,59113888
SparseHNSW_Bloom2_30_b3_s8x4_p128,M=32 efC=800 ef=20 alpha=0.85 beta=3 q=u8 seedT=8 seedH=8 seedS=4 pat=128 bloomH=2 bloomT=30 bloomSrc=pruned,64,0.8323495702,0.9567,1961.8445,8.8400,0.0000,0.040244,0.039771;0.040391;0.040244,5.765616,173442.00,,13.31,0,6980,10,True,nid005385,59113888
SparseHNSW_Bloom2_30_b3_s8x4_p128,M=32 efC=800 ef=50 alpha=0.85 beta=3 q=u8 seedT=8 seedH=8 seedS=4 pat=128 bloomH=2 bloomT=30 bloomSrc=pruned,64,0.8504441261,0.9678,1961.8445,8.8400,0.0000,0.054584,0.054616;0.054584;0.054375,7.820057,127876.30,,13.31,0,6980,10,True,nid005385,59113888
SparseHNSW_Bloom2_30_b3_s8x4_p128,M=32 efC=800 ef=100 alpha=0.85 beta=3 q=u8 seedT=8 seedH=8 seedS=4 pat=128 bloomH=2 bloomT=30 bloomSrc=pruned,64,0.8753581662,0.9784,1961.8445,8.8400,0.0000,0.091311,0.091185;0.091620;0.091311,13.081805,76442.05,,13.31,0,6980,10,True,nid005385,59113888
SparseHNSW_Bloom2_30_b3_s8x4_p128,M=32 efC=800 ef=200 alpha=0.85 beta=3 q=u8 seedT=8 seedH=8 seedS=4 pat=128 bloomH=2 bloomT=30 bloomSrc=pruned,64,0.9106303725,0.9875,1961.8445,8.8400,0.0000,0.138309,0.137961;0.138309;0.138363,19.815043,50466.71,,13.31,0,6980,10,True,nid005385,59113888
SparseHNSW_Bloom2_30_b3_s8x4_p128,M=32 efC=800 ef=400 alpha=0.85 beta=3 q=u8 seedT=8 seedH=8 seedS=4 pat=128 bloomH=2 bloomT=30 bloomSrc=pruned,64,0.9468624642,0.9921,1961.8445,8.8400,0.0000,0.144733,0.144840;0.144733;0.144682,20.735387,48226.73,,13.31,0,6980,10,True,nid005385,59113888
SparseHNSW_Bloom2_30_b3_s8x4_p128,M=32 efC=800 ef=800 alpha=0.85 beta=3 q=u8 seedT=8 seedH=8 seedS=4 pat=128 bloomH=2 bloomT=30 bloomSrc=pruned,64,0.9712320917,0.9961,1961.8445,8.8400,0.0000,0.147438,0.147417;0.147894;0.147438,21.122923,47341.93,,13.31,0,6980,10,True,nid005385,59113888
SparseHNSW_Bloom2_30_b3_s8x4_p128,M=32 efC=800 ef=1600 alpha=0.85 beta=3 q=u8 seedT=8 seedH=8 seedS=4 pat=128 bloomH=2 bloomT=30 bloomSrc=pruned,64,0.9827077364,0.9980,1961.8445,8.8400,0.0000,0.159664,0.159664;0.159249;0.159789,22.874499,43716.81,,13.31,0,6980,10,True,nid005385,59113888
SparseHNSW_Bloom2_30_b4_s8x4_p128,M=32 efC=800 ef=20 alpha=0.85 beta=4 q=u8 seedT=8 seedH=8 seedS=4 pat=128 bloomH=2 bloomT=30 bloomSrc=pruned,64,0.8439684814,0.9645,1961.8445,8.8400,0.0000,0.047061,0.046411;0.047140;0.047061,6.742264,148318.14,,13.31,0,6980,10,True,nid005385,59113888
SparseHNSW_Bloom2_30_b4_s8x4_p128,M=32 efC=800 ef=50 alpha=0.85 beta=4 q=u8 seedT=8 seedH=8 seedS=4 pat=128 bloomH=2 bloomT=30 bloomSrc=pruned,64,0.8508452722,0.9678,1961.8445,8.8400,0.0000,0.054426,0.054569;0.054400;0.054426,7.797421,128247.53,,13.31,0,6980,10,True,nid005385,59113888
SparseHNSW_Bloom2_30_b4_s8x4_p128,M=32 efC=800 ef=100 alpha=0.85 beta=4 q=u8 seedT=8 seedH=8 seedS=4 pat=128 bloomH=2 bloomT=30 bloomSrc=pruned,64,0.8758022923,0.9784,1961.8445,8.8400,0.0000,0.091378,0.091885;0.091372;0.091378,13.091404,76386.00,,13.31,0,6980,10,True,nid005385,59113888
SparseHNSW_Bloom2_30_b4_s8x4_p128,M=32 efC=800 ef=200 alpha=0.85 beta=4 q=u8 seedT=8 seedH=8 seedS=4 pat=128 bloomH=2 bloomT=30 bloomSrc=pruned,64,0.9111891117,0.9875,1961.8445,8.8400,0.0000,0.144755,0.144755;0.144502;0.144910,20.738539,48219.41,,13.31,0,6980,10,True,nid005385,59113888
SparseHNSW_Bloom2_30_b4_s8x4_p128,M=32 efC=800 ef=400 alpha=0.85 beta=4 q=u8 seedT=8 seedH=8 seedS=4 pat=128 bloomH=2 bloomT=30 bloomSrc=pruned,64,0.9475931232,0.9923,1961.8445,8.8400,0.0000,0.155338,0.155763;0.155338;0.155282,22.254728,44934.27,,13.31,0,6980,10,True,nid005385,59113888
SparseHNSW_Bloom2_30_b4_s8x4_p128,M=32 efC=800 ef=800 alpha=0.85 beta=4 q=u8 seedT=8 seedH=8 seedS=4 pat=128 bloomH=2 bloomT=30 bloomSrc=pruned,64,0.9719627507,0.9961,1961.8445,8.8400,0.0000,0.156873,0.156829;0.157385;0.156873,22.474642,44494.59,,13.31,0,6980,10,True,nid005385,59113888
SparseHNSW_Bloom2_30_b4_s8x4_p128,M=32 efC=800 ef=1600 alpha=0.85 beta=4 q=u8 seedT=8 seedH=8 seedS=4 pat=128 bloomH=2 bloomT=30 bloomSrc=pruned,64,0.9835386819,0.9980,1961.8445,8.8400,0.0000,0.168742,0.168351;0.168990;0.168742,24.175072,41364.92,,13.31,0,6980,10,True,nid005385,59113888
SparseHNSW_Bloom2_30_b5_s8x4_p128,M=32 efC=800 ef=20 alpha=0.85 beta=5 q=u8 seedT=8 seedH=8 seedS=4 pat=128 bloomH=2 bloomT=30 bloomSrc=pruned,64,0.8509169054,0.9678,1961.8445,8.8400,0.0000,0.055086,0.054953;0.055285;0.055086,7.891977,126710.96,,13.31,0,6980,10,True,nid005385,59113888
SparseHNSW_Bloom2_30_b5_s8x4_p128,M=32 efC=800 ef=50 alpha=0.85 beta=5 q=u8 seedT=8 seedH=8 seedS=4 pat=128 bloomH=2 bloomT=30 bloomSrc=pruned,64,0.8509169054,0.9678,1961.8445,8.8400,0.0000,0.055499,0.055534;0.055499;0.054979,7.951146,125768.03,,13.31,0,6980,10,True,nid005385,59113888
SparseHNSW_Bloom2_30_b5_s8x4_p128,M=32 efC=800 ef=100 alpha=0.85 beta=5 q=u8 seedT=8 seedH=8 seedS=4 pat=128 bloomH=2 bloomT=30 bloomSrc=pruned,64,0.8759169054,0.9784,1961.8445,8.8400,0.0000,0.092517,0.092479;0.092766;0.092517,13.254585,75445.59,,13.31,0,6980,10,True,nid005385,59113888
SparseHNSW_Bloom2_30_b5_s8x4_p128,M=32 efC=800 ef=200 alpha=0.85 beta=5 q=u8 seedT=8 seedH=8 seedS=4 pat=128 bloomH=2 bloomT=30 bloomSrc=pruned,64,0.9113180516,0.9875,1961.8445,8.8400,0.0000,0.150190,0.150268;0.150190;0.150062,21.517192,46474.47,,13.31,0,6980,10,True,nid005385,59113888
SparseHNSW_Bloom2_30_b5_s8x4_p128,M=32 efC=800 ef=400 alpha=0.85 beta=5 q=u8 seedT=8 seedH=8 seedS=4 pat=128 bloomH=2 bloomT=30 bloomSrc=pruned,64,0.9479226361,0.9924,1961.8445,8.8400,0.0000,0.165723,0.165560;0.165723;0.165806,23.742550,42118.47,,13.31,0,6980,10,True,nid005385,59113888
SparseHNSW_Bloom2_30_b5_s8x4_p128,M=32 efC=800 ef=800 alpha=0.85 beta=5 q=u8 seedT=8 seedH=8 seedS=4 pat=128 bloomH=2 bloomT=30 bloomSrc=pruned,64,0.9723925501,0.9964,1961.8445,8.8400,0.0000,0.166364,0.166415;0.166294;0.166364,23.834384,41956.19,,13.31,0,6980,10,True,nid005385,59113888
SparseHNSW_Bloom2_30_b5_s8x4_p128,M=32 efC=800 ef=1600 alpha=0.85 beta=5 q=u8 seedT=8 seedH=8 seedS=4 pat=128 bloomH=2 bloomT=30 bloomSrc=pruned,64,0.9837965616,0.9980,1961.8445,8.8400,0.0000,0.177165,0.177356;0.176807;0.177165,25.381805,39398.30,,13.31,0,6980,10,True,nid005385,59113888
SparseHNSW_Bloom2_30_b8_s8x4_p128,M=32 efC=800 ef=20 alpha=0.85 beta=8 q=u8 seedT=8 seedH=8 seedS=4 pat=128 bloomH=2 bloomT=30 bloomSrc=pruned,64,0.8674641834,0.9752,1961.8445,8.8400,0.0000,0.080218,0.080315;0.080218;0.080034,11.492550,87012.89,,13.31,0,6980,10,True,nid005385,59113888
SparseHNSW_Bloom2_30_b8_s8x4_p128,M=32 efC=800 ef=50 alpha=0.85 beta=8 q=u8 seedT=8 seedH=8 seedS=4 pat=128 bloomH=2 bloomT=30 bloomSrc=pruned,64,0.8674641834,0.9752,1961.8445,8.8400,0.0000,0.080095,0.079722;0.080095;0.080178,11.474928,87146.51,,13.31,0,6980,10,True,nid005385,59113888
SparseHNSW_Bloom2_30_b8_s8x4_p128,M=32 efC=800 ef=100 alpha=0.85 beta=8 q=u8 seedT=8 seedH=8 seedS=4 pat=128 bloomH=2 bloomT=30 bloomSrc=pruned,64,0.8759885387,0.9784,1961.8445,8.8400,0.0000,0.094243,0.094243;0.093960;0.094243,13.501862,74063.86,,13.31,0,6980,10,True,nid005385,59113888
SparseHNSW_Bloom2_30_b8_s8x4_p128,M=32 efC=800 ef=200 alpha=0.85 beta=8 q=u8 seedT=8 seedH=8 seedS=4 pat=128 bloomH=2 bloomT=30 bloomSrc=pruned,64,0.9114183381,0.9875,1961.8445,8.8400,0.0000,0.159984,0.160187;0.159653;0.159984,22.920344,43629.36,,13.31,0,6980,10,True,nid005385,59113888
SparseHNSW_Bloom2_30_b8_s8x4_p128,M=32 efC=800 ef=400 alpha=0.85 beta=8 q=u8 seedT=8 seedH=8 seedS=4 pat=128 bloomH=2 bloomT=30 bloomSrc=pruned,64,0.9483667622,0.9927,1961.8445,8.8400,0.0000,0.195687,0.195925;0.195687;0.195526,28.035387,35669.21,,13.31,0,6980,10,True,nid005385,59113888
SparseHNSW_Bloom2_30_b8_s8x4_p128,M=32 efC=800 ef=800 alpha=0.85 beta=8 q=u8 seedT=8 seedH=8 seedS=4 pat=128 bloomH=2 bloomT=30 bloomSrc=pruned,64,0.9730229226,0.9967,1961.8445,8.8400,0.0000,0.196005,0.195950;0.196005;0.196217,28.080946,35611.34,,13.31,0,6980,10,True,nid005385,59113888
SparseHNSW_Bloom2_30_b8_s8x4_p128,M=32 efC=800 ef=1600 alpha=0.85 beta=8 q=u8 seedT=8 seedH=8 seedS=4 pat=128 bloomH=2 bloomT=30 bloomSrc=pruned,64,0.9842120344,0.9981,1961.8445,8.8400,0.0000,0.202597,0.202597;0.202007;0.202615,29.025358,34452.63,,13.31,0,6980,10,True,nid005385,59113888
SparseHNSW_Bloom2_30_b12_s8x4_p128,M=32 efC=800 ef=20 alpha=0.85 beta=12 q=u8 seedT=8 seedH=8 seedS=4 pat=128 bloomH=2 bloomT=30 bloomSrc=pruned,64,0.8836103152,0.9817,1961.8445,8.8400,0.0000,0.110839,0.110839;0.111169;0.110747,15.879513,62974.22,,13.31,0,6980,10,True,nid005385,59113888
SparseHNSW_Bloom2_30_b12_s8x4_p128,M=32 efC=800 ef=50 alpha=0.85 beta=12 q=u8 seedT=8 seedH=8 seedS=4 pat=128 bloomH=2 bloomT=30 bloomSrc=pruned,64,0.8836103152,0.9817,1961.8445,8.8400,0.0000,0.110769,0.110751;0.110769;0.110887,15.869484,63014.02,,13.31,0,6980,10,True,nid005385,59113888
SparseHNSW_Bloom2_30_b12_s8x4_p128,M=32 efC=800 ef=100 alpha=0.85 beta=12 q=u8 seedT=8 seedH=8 seedS=4 pat=128 bloomH=2 bloomT=30 bloomSrc=pruned,64,0.8836103152,0.9817,1961.8445,8.8400,0.0000,0.110702,0.111006;0.110557;0.110702,15.859885,63052.16,,13.31,0,6980,10,True,nid005385,59113888
SparseHNSW_Bloom2_30_b12_s8x4_p128,M=32 efC=800 ef=200 alpha=0.85 beta=12 q=u8 seedT=8 seedH=8 seedS=4 pat=128 bloomH=2 bloomT=30 bloomSrc=pruned,64,0.9114469914,0.9875,1961.8445,8.8400,0.0000,0.164557,0.164557;0.164253;0.164610,23.575501,42416.91,,13.31,0,6980,10,True,nid005385,59113888
SparseHNSW_Bloom2_30_b12_s8x4_p128,M=32 efC=800 ef=400 alpha=0.85 beta=12 q=u8 seedT=8 seedH=8 seedS=4 pat=128 bloomH=2 bloomT=30 bloomSrc=pruned,64,0.9486962751,0.9933,1961.8445,8.8400,0.0000,0.231649,0.231638;0.231649;0.231774,33.187536,30131.79,,13.31,0,6980,10,True,nid005385,59113888
SparseHNSW_Bloom2_30_b12_s8x4_p128,M=32 efC=800 ef=800 alpha=0.85 beta=12 q=u8 seedT=8 seedH=8 seedS=4 pat=128 bloomH=2 bloomT=30 bloomSrc=pruned,64,0.9734670487,0.9970,1961.8445,8.8400,0.0000,0.237769,0.237806;0.237762;0.237769,34.064327,29356.22,,13.31,0,6980,10,True,nid005385,59113888
SparseHNSW_Bloom2_30_b12_s8x4_p128,M=32 efC=800 ef=1600 alpha=0.85 beta=12 q=u8 seedT=8 seedH=8 seedS=4 pat=128 bloomH=2 bloomT=30 bloomSrc=pruned,64,0.9845272206,0.9981,1961.8445,8.8400,0.0000,0.239739,0.239380;0.240041;0.239739,34.346562,29115.00,,13.31,0,6980,10,True,nid005385,59113888
SparseHNSW_Bloom2_30_b2_s0x0_p256,M=32 efC=800 ef=20 alpha=0.85 beta=2 q=u8 pat=256 bloomH=2 bloomT=30 bloomSrc=pruned,64,0.7446991404,0.8550,1961.8445,8.8400,0.0000,0.029769,0.029279;0.029769;0.030020,4.264900,234472.10,,13.31,0,6980,10,True,nid005385,59113888
SparseHNSW_Bloom2_30_b2_s0x0_p256,M=32 efC=800 ef=50 alpha=0.85 beta=2 q=u8 pat=256 bloomH=2 bloomT=30 bloomSrc=pruned,64,0.8092550143,0.9116,1961.8445,8.8400,0.0000,0.055735,0.055727;0.055981;0.055735,7.984957,125235.49,,13.31,0,6980,10,True,nid005385,59113888
SparseHNSW_Bloom2_30_b2_s0x0_p256,M=32 efC=800 ef=100 alpha=0.85 beta=2 q=u8 pat=256 bloomH=2 bloomT=30 bloomSrc=pruned,64,0.8438825215,0.9443,1961.8445,8.8400,0.0000,0.092817,0.092901;0.092759;0.092817,13.297564,75201.74,,13.31,0,6980,10,True,nid005385,59113888
SparseHNSW_Bloom2_30_b2_s0x0_p256,M=32 efC=800 ef=200 alpha=0.85 beta=2 q=u8 pat=256 bloomH=2 bloomT=30 bloomSrc=pruned,64,0.8766189112,0.9675,1961.8445,8.8400,0.0000,0.159339,0.159339;0.159246;0.159564,22.827937,43805.97,,13.31,0,6980,10,True,nid005385,59113888
SparseHNSW_Bloom2_30_b2_s0x0_p256,M=32 efC=800 ef=400 alpha=0.85 beta=2 q=u8 pat=256 bloomH=2 bloomT=30 bloomSrc=pruned,64,0.9152722063,0.9795,1961.8445,8.8400,0.0000,0.222204,0.222222;0.222204;0.222062,31.834384,31412.58,,13.31,0,6980,10,True,nid005385,59113888
SparseHNSW_Bloom2_30_b2_s0x0_p256,M=32 efC=800 ef=800 alpha=0.85 beta=2 q=u8 pat=256 bloomH=2 bloomT=30 bloomSrc=pruned,64,0.9494842407,0.9877,1961.8445,8.8400,0.0000,0.228149,0.228257;0.228101;0.228149,32.686103,30594.04,,13.31,0,6980,10,True,nid005385,59113888
SparseHNSW_Bloom2_30_b2_s0x0_p256,M=32 efC=800 ef=1600 alpha=0.85 beta=2 q=u8 pat=256 bloomH=2 bloomT=30 bloomSrc=pruned,64,0.9702435530,0.9930,1961.8445,8.8400,0.0000,0.236401,0.236358;0.236622;0.236401,33.868338,29526.10,,13.31,0,6980,10,True,nid005385,59113888
SparseHNSW_Bloom2_30_b3_s0x0_p256,M=32 efC=800 ef=20 alpha=0.85 beta=3 q=u8 pat=256 bloomH=2 bloomT=30 bloomSrc=pruned,64,0.7816618911,0.8854,1961.8445,8.8400,0.0000,0.039726,0.039061;0.039726;0.039774,5.691404,175703.57,,13.31,0,6980,10,True,nid005385,59113888
SparseHNSW_Bloom2_30_b3_s0x0_p256,M=32 efC=800 ef=50 alpha=0.85 beta=3 q=u8 pat=256 bloomH=2 bloomT=30 bloomSrc=pruned,64,0.8113037249,0.9116,1961.8445,8.8400,0.0000,0.056327,0.056327;0.056586;0.056166,8.069771,123919.26,,13.31,0,6980,10,True,nid005385,59113888
SparseHNSW_Bloom2_30_b3_s0x0_p256,M=32 efC=800 ef=100 alpha=0.85 beta=3 q=u8 pat=256 bloomH=2 bloomT=30 bloomSrc=pruned,64,0.8461318052,0.9443,1961.8445,8.8400,0.0000,0.093584,0.093710;0.093477;0.093584,13.407450,74585.40,,13.31,0,6980,10,True,nid005385,59113888
SparseHNSW_Bloom2_30_b3_s0x0_p256,M=32 efC=800 ef=200 alpha=0.85 beta=3 q=u8 pat=256 bloomH=2 bloomT=30 bloomSrc=pruned,64,0.8789971347,0.9675,1961.8445,8.8400,0.0000,0.159753,0.160396;0.159753;0.159530,22.887249,43692.45,,13.31,0,6980,10,True,nid005385,59113888
SparseHNSW_Bloom2_30_b3_s0x0_p256,M=32 efC=800 ef=400 alpha=0.85 beta=3 q=u8 pat=256 bloomH=2 bloomT=30 bloomSrc=pruned,64,0.9182521490,0.9801,1961.8445,8.8400,0.0000,0.232468,0.231793;0.232844;0.232468,33.304871,30025.64,,13.31,0,6980,10,True,nid005385,59113888
SparseHNSW_Bloom2_30_b3_s0x0_p256,M=32 efC=800 ef=800 alpha=0.85 beta=3 q=u8 pat=256 bloomH=2 bloomT=30 bloomSrc=pruned,64,0.9526217765,0.9878,1961.8445,8.8400,0.0000,0.239622,0.239441;0.239720;0.239622,34.329799,29129.21,,13.31,0,6980,10,True,nid005385,59113888
SparseHNSW_Bloom2_30_b3_s0x0_p256,M=32 efC=800 ef=1600 alpha=0.85 beta=3 q=u8 pat=256 bloomH=2 bloomT=30 bloomSrc=pruned,64,0.9735386819,0.9931,1961.8445,8.8400,0.0000,0.246082,0.246082;0.246504;0.245834,35.255301,28364.53,,13.31,0,6980,10,True,nid005385,59113888
SparseHNSW_Bloom2_30_b4_s0x0_p256,M=32 efC=800 ef=20 alpha=0.85 beta=4 q=u8 pat=256 bloomH=2 bloomT=30 bloomSrc=pruned,64,0.7984240688,0.9001,1961.8445,8.8400,0.0000,0.048627,0.047972;0.048627;0.049024,6.966619,143541.65,,13.31,0,6980,10,True,nid005385,59113888
SparseHNSW_Bloom2_30_b4_s0x0_p256,M=32 efC=800 ef=50 alpha=0.85 beta=4 q=u8 pat=256 bloomH=2 bloomT=30 bloomSrc=pruned,64,0.8116762178,0.9116,1961.8445,8.8400,0.0000,0.056941,0.056834;0.056941;0.057122,8.157736,122583.02,,13.31,0,6980,10,True,nid005385,59113888
SparseHNSW_Bloom2_30_b4_s0x0_p256,M=32 efC=800 ef=100 alpha=0.85 beta=4 q=u8 pat=256 bloomH=2 bloomT=30 bloomSrc=pruned,64,0.8465472779,0.9443,1961.8445,8.8400,0.0000,0.093973,0.094092;0.093973;0.093713,13.463181,74276.65,,13.31,0,6980,10,True,nid005385,59113888
SparseHNSW_Bloom2_30_b4_s0x0_p256,M=32 efC=800 ef=200 alpha=0.85 beta=4 q=u8 pat=256 bloomH=2 bloomT=30 bloomSrc=pruned,64,0.8795128940,0.9675,1961.8445,8.8400,0.0000,0.160799,0.160799;0.161093;0.160727,23.037106,43408.23,,13.31,0,6980,10,True,nid005385,59113888
SparseHNSW_Bloom2_30_b4_s0x0_p256,M=32 efC=800 ef=400 alpha=0.85 beta=4 q=u8 pat=256 bloomH=2 bloomT=30 bloomSrc=pruned,64,0.9189398281,0.9802,1961.8445,8.8400,0.0000,0.240844,0.240844;0.240879;0.240669,34.504871,28981.42,,13.31,0,6980,10,True,nid005385,59113888
SparseHNSW_Bloom2_30_b4_s0x0_p256,M=32 efC=800 ef=800 alpha=0.85 beta=4 q=u8 pat=256 bloomH=2 bloomT=30 bloomSrc=pruned,64,0.9535959885,0.9883,1961.8445,8.8400,0.0000,0.251021,0.251242;0.251021;0.250565,35.962894,27806.44,,13.31,0,6980,10,True,nid005385,59113888
SparseHNSW_Bloom2_30_b4_s0x0_p256,M=32 efC=800 ef=1600 alpha=0.85 beta=4 q=u8 pat=256 bloomH=2 bloomT=30 bloomSrc=pruned,64,0.9744126074,0.9933,1961.8445,8.8400,0.0000,0.256159,0.256159;0.255670;0.256556,36.698997,27248.70,,13.31,0,6980,10,True,nid005385,59113888
SparseHNSW_Bloom2_30_b5_s0x0_p256,M=32 efC=800 ef=20 alpha=0.85 beta=5 q=u8 pat=256 bloomH=2 bloomT=30 bloomSrc=pruned,64,0.8117478510,0.9116,1961.8445,8.8400,0.0000,0.057116,0.057094;0.057116;0.057382,8.182808,122207.44,,13.31,0,6980,10,True,nid005385,59113888
SparseHNSW_Bloom2_30_b5_s0x0_p256,M=32 efC=800 ef=50 alpha=0.85 beta=5 q=u8 pat=256 bloomH=2 bloomT=30 bloomSrc=pruned,64,0.8117478510,0.9116,1961.8445,8.8400,0.0000,0.057090,0.057028;0.057090;0.057654,8.179083,122263.09,,13.31,0,6980,10,True,nid005385,59113888
SparseHNSW_Bloom2_30_b5_s0x0_p256,M=32 efC=800 ef=100 alpha=0.85 beta=5 q=u8 pat=256 bloomH=2 bloomT=30 bloomSrc=pruned,64,0.8466618911,0.9443,1961.8445,8.8400,0.0000,0.094829,0.095203;0.094468;0.094829,13.585817,73606.18,,13.31,0,6980,10,True,nid005385,59113888
SparseHNSW_Bloom2_30_b5_s0x0_p256,M=32 efC=800 ef=200 alpha=0.85 beta=5 q=u8 pat=256 bloomH=2 bloomT=30 bloomSrc=pruned,64,0.8796275072,0.9675,1961.8445,8.8400,0.0000,0.161347,0.161347;0.161208;0.161610,23.115616,43260.80,,13.31,0,6980,10,True,nid005385,59113888
SparseHNSW_Bloom2_30_b5_s0x0_p256,M=32 efC=800 ef=400 alpha=0.85 beta=5 q=u8 pat=256 bloomH=2 bloomT=30 bloomSrc=pruned,64,0.9192693410,0.9805,1961.8445,8.8400,0.0000,0.248692,0.248692;0.248124;0.248784,35.629226,28066.85,,13.31,0,6980,10,True,nid005385,59113888
SparseHNSW_Bloom2_30_b5_s0x0_p256,M=32 efC=800 ef=800 alpha=0.85 beta=5 q=u8 pat=256 bloomH=2 bloomT=30 bloomSrc=pruned,64,0.9543123209,0.9888,1961.8445,8.8400,0.0000,0.262430,0.262460;0.261678;0.262430,37.597421,26597.57,,13.31,0,6980,10,True,nid005385,59113888
SparseHNSW_Bloom2_30_b5_s0x0_p256,M=32 efC=800 ef=1600 alpha=0.85 beta=5 q=u8 pat=256 bloomH=2 bloomT=30 bloomSrc=pruned,64,0.9745988539,0.9933,1961.8445,8.8400,0.0000,0.266114,0.266014;0.266114;0.266511,38.125215,26229.36,,13.31,0,6980,10,True,nid005385,59113888
SparseHNSW_Bloom2_30_b8_s0x0_p256,M=32 efC=800 ef=20 alpha=0.85 beta=8 q=u8 pat=256 bloomH=2 bloomT=30 bloomSrc=pruned,64,0.8357736390,0.9332,1961.8445,8.8400,0.0000,0.082282,0.082360;0.082118;0.082282,11.788252,84830.22,,13.31,0,6980,10,True,nid005385,59113888
SparseHNSW_Bloom2_30_b8_s0x0_p256,M=32 efC=800 ef=50 alpha=0.85 beta=8 q=u8 pat=256 bloomH=2 bloomT=30 bloomSrc=pruned,64,0.8357736390,0.9332,1961.8445,8.8400,0.0000,0.082570,0.082005;0.082570;0.082895,11.829513,84534.33,,13.31,0,6980,10,True,nid005385,59113888
SparseHNSW_Bloom2_30_b8_s0x0_p256,M=32 efC=800 ef=100 alpha=0.85 beta=8 q=u8 pat=256 bloomH=2 bloomT=30 bloomSrc=pruned,64,0.8467191977,0.9443,1961.8445,8.8400,0.0000,0.096617,0.096239;0.096682;0.096617,13.841977,72244.02,,13.31,0,6980,10,True,nid005385,59113888
SparseHNSW_Bloom2_30_b8_s0x0_p256,M=32 efC=800 ef=200 alpha=0.85 beta=8 q=u8 pat=256 bloomH=2 bloomT=30 bloomSrc=pruned,64,0.8796991404,0.9675,1961.8445,8.8400,0.0000,0.164009,0.163609;0.164009;0.164062,23.496991,42558.64,,13.31,0,6980,10,True,nid005385,59113888
SparseHNSW_Bloom2_30_b8_s0x0_p256,M=32 efC=800 ef=400 alpha=0.85 beta=8 q=u8 pat=256 bloomH=2 bloomT=30 bloomSrc=pruned,64,0.9194412607,0.9808,1961.8445,8.8400,0.0000,0.269046,0.269458;0.269046;0.268578,38.545272,25943.52,,13.31,0,6980,10,True,nid005385,59113888
SparseHNSW_Bloom2_30_b8_s0x0_p256,M=32 efC=800 ef=800 alpha=0.85 beta=8 q=u8 pat=256 bloomH=2 bloomT=30 bloomSrc=pruned,64,0.9549856734,0.9894,1961.8445,8.8400,0.0000,0.297859,0.297930;0.297859;0.297800,42.673209,23433.91,,13.31,0,6980,10,True,nid005385,59113888
SparseHNSW_Bloom2_30_b8_s0x0_p256,M=32 efC=800 ef=1600 alpha=0.85 beta=8 q=u8 pat=256 bloomH=2 bloomT=30 bloomSrc=pruned,64,0.9749856734,0.9934,1961.8445,8.8400,0.0000,0.299050,0.299050;0.298855;0.299066,42.843840,23340.58,,13.31,0,6980,10,True,nid005385,59113888
SparseHNSW_Bloom2_30_b12_s0x0_p256,M=32 efC=800 ef=20 alpha=0.85 beta=12 q=u8 pat=256 bloomH=2 bloomT=30 bloomSrc=pruned,64,0.8554727794,0.9501,1961.8445,8.8400,0.0000,0.113486,0.113594;0.113486;0.112982,16.258739,61505.38,,13.31,0,6980,10,True,nid005385,59113888
SparseHNSW_Bloom2_30_b12_s0x0_p256,M=32 efC=800 ef=50 alpha=0.85 beta=12 q=u8 pat=256 bloomH=2 bloomT=30 bloomSrc=pruned,64,0.8554727794,0.9501,1961.8445,8.8400,0.0000,0.112763,0.112763;0.112432;0.113055,16.155158,61899.74,,13.31,0,6980,10,True,nid005385,59113888
SparseHNSW_Bloom2_30_b12_s0x0_p256,M=32 efC=800 ef=100 alpha=0.85 beta=12 q=u8 pat=256 bloomH=2 bloomT=30 bloomSrc=pruned,64,0.8554727794,0.9501,1961.8445,8.8400,0.0000,0.113237,0.113258;0.112792;0.113237,16.223066,61640.63,,13.31,0,6980,10,True,nid005385,59113888
SparseHNSW_Bloom2_30_b12_s0x0_p256,M=32 efC=800 ef=200 alpha=0.85 beta=12 q=u8 pat=256 bloomH=2 bloomT=30 bloomSrc=pruned,64,0.8797277937,0.9675,1961.8445,8.8400,0.0000,0.166299,0.166213;0.166517;0.166299,23.825072,41972.59,,13.31,0,6980,10,True,nid005385,59113888
SparseHNSW_Bloom2_30_b12_s0x0_p256,M=32 efC=800 ef=400 alpha=0.85 beta=12 q=u8 pat=256 bloomH=2 bloomT=30 bloomSrc=pruned,64,0.9195272206,0.9809,1961.8445,8.8400,0.0000,0.286102,0.285852;0.286102;0.286249,40.988825,24396.89,,13.31,0,6980,10,True,nid005385,59113888
SparseHNSW_Bloom2_30_b12_s0x0_p256,M=32 efC=800 ef=800 alpha=0.85 beta=12 q=u8 pat=256 bloomH=2 bloomT=30 bloomSrc=pruned,64,0.9553008596,0.9901,1961.8445,8.8400,0.0000,0.344014,0.343709;0.344014;0.344383,49.285673,20289.87,,13.31,0,6980,10,True,nid005385,59113888
SparseHNSW_Bloom2_30_b12_s0x0_p256,M=32 efC=800 ef=1600 alpha=0.85 beta=12 q=u8 pat=256 bloomH=2 bloomT=30 bloomSrc=pruned,64,0.9752578797,0.9937,1961.8445,8.8400,0.0000,0.344165,0.343594;0.344165;0.344287,49.307307,20280.97,,13.31,0,6980,10,True,nid005385,59113888
SparseHNSW_Bloom2_30_b2_s8x4_p256,M=32 efC=800 ef=20 alpha=0.85 beta=2 q=u8 seedT=8 seedH=8 seedS=4 pat=256 bloomH=2 bloomT=30 bloomSrc=pruned,64,0.8305014327,0.9567,1961.8445,8.8400,0.0000,0.039755,0.039138;0.039755;0.039772,5.695559,175575.40,,13.31,0,6980,10,True,nid005385,59113888
SparseHNSW_Bloom2_30_b2_s8x4_p256,M=32 efC=800 ef=50 alpha=0.85 beta=2 q=u8 seedT=8 seedH=8 seedS=4 pat=256 bloomH=2 bloomT=30 bloomSrc=pruned,64,0.8483381089,0.9678,1961.8445,8.8400,0.0000,0.053705,0.054036;0.053703;0.053705,7.694126,129969.28,,13.31,0,6980,10,True,nid005385,59113888
SparseHNSW_Bloom2_30_b2_s8x4_p256,M=32 efC=800 ef=100 alpha=0.85 beta=2 q=u8 seedT=8 seedH=8 seedS=4 pat=256 bloomH=2 bloomT=30 bloomSrc=pruned,64,0.8730945559,0.9784,1961.8445,8.8400,0.0000,0.090480,0.090959;0.090480;0.090129,12.962751,77144.12,,13.31,0,6980,10,True,nid005385,59113888
SparseHNSW_Bloom2_30_b2_s8x4_p256,M=32 efC=800 ef=200 alpha=0.85 beta=2 q=u8 seedT=8 seedH=8 seedS=4 pat=256 bloomH=2 bloomT=30 bloomSrc=pruned,64,0.9082951289,0.9875,1961.8445,8.8400,0.0000,0.157366,0.156868;0.157366;0.157392,22.545272,44355.20,,13.31,0,6980,10,True,nid005385,59113888
SparseHNSW_Bloom2_30_b2_s8x4_p256,M=32 efC=800 ef=400 alpha=0.85 beta=2 q=u8 seedT=8 seedH=8 seedS=4 pat=256 bloomH=2 bloomT=30 bloomSrc=pruned,64,0.9453008596,0.9934,1961.8445,8.8400,0.0000,0.217765,0.217738;0.217804;0.217765,31.198424,32052.90,,13.31,0,6980,10,True,nid005385,59113888
SparseHNSW_Bloom2_30_b2_s8x4_p256,M=32 efC=800 ef=800 alpha=0.85 beta=2 q=u8 seedT=8 seedH=8 seedS=4 pat=256 bloomH=2 bloomT=30 bloomSrc=pruned,64,0.9694412607,0.9968,1961.8445,8.8400,0.0000,0.221768,0.222183;0.221768;0.221684,31.771920,31474.33,,13.31,0,6980,10,True,nid005385,59113888
SparseHNSW_Bloom2_30_b2_s8x4_p256,M=32 efC=800 ef=1600 alpha=0.85 beta=2 q=u8 seedT=8 seedH=8 seedS=4 pat=256 bloomH=2 bloomT=30 bloomSrc=pruned,64,0.9803295129,0.9983,1961.8445,8.8400,0.0000,0.232654,0.232217;0.232654;0.232792,33.331519,30001.63,,13.31,0,6980,10,True,nid005385,59113888
SparseHNSW_Bloom2_30_b3_s8x4_p256,M=32 efC=800 ef=20 alpha=0.85 beta=3 q=u8 seedT=8 seedH=8 seedS=4 pat=256 bloomH=2 bloomT=30 bloomSrc=pruned,64,0.8323495702,0.9567,1961.8445,8.8400,0.0000,0.040184,0.039678;0.040184;0.040519,5.757020,173700.98,,13.31,0,6980,10,True,nid005385,59113888
SparseHNSW_Bloom2_30_b3_s8x4_p256,M=32 efC=800 ef=50 alpha=0.85 beta=3 q=u8 seedT=8 seedH=8 seedS=4 pat=256 bloomH=2 bloomT=30 bloomSrc=pruned,64,0.8504441261,0.9678,1961.8445,8.8400,0.0000,0.054330,0.054396;0.054277;0.054330,7.783668,128474.14,,13.31,0,6980,10,True,nid005385,59113888
SparseHNSW_Bloom2_30_b3_s8x4_p256,M=32 efC=800 ef=100 alpha=0.85 beta=3 q=u8 seedT=8 seedH=8 seedS=4 pat=256 bloomH=2 bloomT=30 bloomSrc=pruned,64,0.8753581662,0.9784,1961.8445,8.8400,0.0000,0.090937,0.091673;0.090702;0.090937,13.028223,76756.44,,13.31,0,6980,10,True,nid005385,59113888
SparseHNSW_Bloom2_30_b3_s8x4_p256,M=32 efC=800 ef=200 alpha=0.85 beta=3 q=u8 seedT=8 seedH=8 seedS=4 pat=256 bloomH=2 bloomT=30 bloomSrc=pruned,64,0.9107163324,0.9875,1961.8445,8.8400,0.0000,0.158292,0.158373;0.158168;0.158292,22.677937,44095.72,,13.31,0,6980,10,True,nid005385,59113888
SparseHNSW_Bloom2_30_b3_s8x4_p256,M=32 efC=800 ef=400 alpha=0.85 beta=3 q=u8 seedT=8 seedH=8 seedS=4 pat=256 bloomH=2 bloomT=30 bloomSrc=pruned,64,0.9480515759,0.9936,1961.8445,8.8400,0.0000,0.226764,0.226603;0.226936;0.226764,32.487679,30780.90,,13.31,0,6980,10,True,nid005385,59113888
SparseHNSW_Bloom2_30_b3_s8x4_p256,M=32 efC=800 ef=800 alpha=0.85 beta=3 q=u8 seedT=8 seedH=8 seedS=4 pat=256 bloomH=2 bloomT=30 bloomSrc=pruned,64,0.9726217765,0.9968,1961.8445,8.8400,0.0000,0.232755,0.232680;0.232755;0.233060,33.345989,29988.61,,13.31,0,6980,10,True,nid005385,59113888
SparseHNSW_Bloom2_30_b3_s8x4_p256,M=32 efC=800 ef=1600 alpha=0.85 beta=3 q=u8 seedT=8 seedH=8 seedS=4 pat=256 bloomH=2 bloomT=30 bloomSrc=pruned,64,0.9836676218,0.9984,1961.8445,8.8400,0.0000,0.243023,0.243023;0.243158;0.242622,34.817049,28721.56,,13.31,0,6980,10,True,nid005385,59113888
SparseHNSW_Bloom2_30_b4_s8x4_p256,M=32 efC=800 ef=20 alpha=0.85 beta=4 q=u8 seedT=8 seedH=8 seedS=4 pat=256 bloomH=2 bloomT=30 bloomSrc=pruned,64,0.8439684814,0.9645,1961.8445,8.8400,0.0000,0.046673,0.046346;0.046673;0.046821,6.686676,149551.13,,13.31,0,6980,10,True,nid005385,59113888
SparseHNSW_Bloom2_30_b4_s8x4_p256,M=32 efC=800 ef=50 alpha=0.85 beta=4 q=u8 seedT=8 seedH=8 seedS=4 pat=256 bloomH=2 bloomT=30 bloomSrc=pruned,64,0.8508452722,0.9678,1961.8445,8.8400,0.0000,0.055026,0.055026;0.054709;0.055042,7.883381,126849.13,,13.31,0,6980,10,True,nid005385,59113888
SparseHNSW_Bloom2_30_b4_s8x4_p256,M=32 efC=800 ef=100 alpha=0.85 beta=4 q=u8 seedT=8 seedH=8 seedS=4 pat=256 bloomH=2 bloomT=30 bloomSrc=pruned,64,0.8758022923,0.9784,1961.8445,8.8400,0.0000,0.091470,0.091475;0.091215;0.091470,13.104585,76309.17,,13.31,0,6980,10,True,nid005385,59113888
SparseHNSW_Bloom2_30_b4_s8x4_p256,M=32 efC=800 ef=200 alpha=0.85 beta=4 q=u8 seedT=8 seedH=8 seedS=4 pat=256 bloomH=2 bloomT=30 bloomSrc=pruned,64,0.9112177650,0.9875,1961.8445,8.8400,0.0000,0.158642,0.158642;0.158628;0.158820,22.728080,43998.44,,13.31,0,6980,10,True,nid005385,59113888
SparseHNSW_Bloom2_30_b4_s8x4_p256,M=32 efC=800 ef=400 alpha=0.85 beta=4 q=u8 seedT=8 seedH=8 seedS=4 pat=256 bloomH=2 bloomT=30 bloomSrc=pruned,64,0.9485959885,0.9936,1961.8445,8.8400,0.0000,0.235797,0.235797;0.235456;0.235907,33.781805,29601.73,,13.31,0,6980,10,True,nid005385,59113888
SparseHNSW_Bloom2_30_b4_s8x4_p256,M=32 efC=800 ef=800 alpha=0.85 beta=4 q=u8 seedT=8 seedH=8 seedS=4 pat=256 bloomH=2 bloomT=30 bloomSrc=pruned,64,0.9732951289,0.9968,1961.8445,8.8400,0.0000,0.243480,0.243480;0.243359;0.243803,34.882521,28667.65,,13.31,0,6980,10,True,nid005385,59113888
SparseHNSW_Bloom2_30_b4_s8x4_p256,M=32 efC=800 ef=1600 alpha=0.85 beta=4 q=u8 seedT=8 seedH=8 seedS=4 pat=256 bloomH=2 bloomT=30 bloomSrc=pruned,64,0.9844699140,0.9984,1961.8445,8.8400,0.0000,0.252483,0.252509;0.252483;0.252476,36.172350,27645.43,,13.31,0,6980,10,True,nid005385,59113888
SparseHNSW_Bloom2_30_b5_s8x4_p256,M=32 efC=800 ef=20 alpha=0.85 beta=5 q=u8 seedT=8 seedH=8 seedS=4 pat=256 bloomH=2 bloomT=30 bloomSrc=pruned,64,0.8509169054,0.9678,1961.8445,8.8400,0.0000,0.055277,0.054768;0.055545;0.055277,7.919341,126273.13,,13.31,0,6980,10,True,nid005385,59113888
SparseHNSW_Bloom2_30_b5_s8x4_p256,M=32 efC=800 ef=50 alpha=0.85 beta=5 q=u8 seedT=8 seedH=8 seedS=4 pat=256 bloomH=2 bloomT=30 bloomSrc=pruned,64,0.8509169054,0.9678,1961.8445,8.8400,0.0000,0.055304,0.055499;0.055214;0.055304,7.923209,126211.49,,13.31,0,6980,10,True,nid005385,59113888
SparseHNSW_Bloom2_30_b5_s8x4_p256,M=32 efC=800 ef=100 alpha=0.85 beta=5 q=u8 seedT=8 seedH=8 seedS=4 pat=256 bloomH=2 bloomT=30 bloomSrc=pruned,64,0.8759169054,0.9784,1961.8445,8.8400,0.0000,0.092437,0.093053;0.092388;0.092437,13.243123,75510.89,,13.31,0,6980,10,True,nid005385,59113888
SparseHNSW_Bloom2_30_b5_s8x4_p256,M=32 efC=800 ef=200 alpha=0.85 beta=5 q=u8 seedT=8 seedH=8 seedS=4 pat=256 bloomH=2 bloomT=30 bloomSrc=pruned,64,0.9113467049,0.9875,1961.8445,8.8400,0.0000,0.159423,0.159423;0.159663;0.159232,22.839971,43782.89,,13.31,0,6980,10,True,nid005385,59113888
SparseHNSW_Bloom2_30_b5_s8x4_p256,M=32 efC=800 ef=400 alpha=0.85 beta=5 q=u8 seedT=8 seedH=8 seedS=4 pat=256 bloomH=2 bloomT=30 bloomSrc=pruned,64,0.9487965616,0.9936,1961.8445,8.8400,0.0000,0.244550,0.244650;0.243798;0.244550,35.035817,28542.22,,13.31,0,6980,10,True,nid005385,59113888
SparseHNSW_Bloom2_30_b5_s8x4_p256,M=32 efC=800 ef=800 alpha=0.85 beta=5 q=u8 seedT=8 seedH=8 seedS=4 pat=256 bloomH=2 bloomT=30 bloomSrc=pruned,64,0.9735386819,0.9968,1961.8445,8.8400,0.0000,0.254457,0.254083;0.254457;0.254614,36.455158,27430.96,,13.31,0,6980,10,True,nid005385,59113888
SparseHNSW_Bloom2_30_b5_s8x4_p256,M=32 efC=800 ef=1600 alpha=0.85 beta=5 q=u8 seedT=8 seedH=8 seedS=4 pat=256 bloomH=2 bloomT=30 bloomSrc=pruned,64,0.9847134670,0.9984,1961.8445,8.8400,0.0000,0.262524,0.262348;0.262738;0.262524,37.610888,26588.05,,13.31,0,6980,10,True,nid005385,59113888
SparseHNSW_Bloom2_30_b8_s8x4_p256,M=32 efC=800 ef=20 alpha=0.85 beta=8 q=u8 seedT=8 seedH=8 seedS=4 pat=256 bloomH=2 bloomT=30 bloomSrc=pruned,64,0.8674641834,0.9752,1961.8445,8.8400,0.0000,0.080239,0.079636;0.080321;0.080239,11.495559,86990.12,,13.31,0,6980,10,True,nid005385,59113888
SparseHNSW_Bloom2_30_b8_s8x4_p256,M=32 efC=800 ef=50 alpha=0.85 beta=8 q=u8 seedT=8 seedH=8 seedS=4 pat=256 bloomH=2 bloomT=30 bloomSrc=pruned,64,0.8674641834,0.9752,1961.8445,8.8400,0.0000,0.080470,0.080603;0.080409;0.080470,11.528653,86740.40,,13.31,0,6980,10,True,nid005385,59113888
SparseHNSW_Bloom2_30_b8_s8x4_p256,M=32 efC=800 ef=100 alpha=0.85 beta=8 q=u8 seedT=8 seedH=8 seedS=4 pat=256 bloomH=2 bloomT=30 bloomSrc=pruned,64,0.8759885387,0.9784,1961.8445,8.8400,0.0000,0.094391,0.094520;0.094391;0.094382,13.523066,73947.73,,13.31,0,6980,10,True,nid005385,59113888
SparseHNSW_Bloom2_30_b8_s8x4_p256,M=32 efC=800 ef=200 alpha=0.85 beta=8 q=u8 seedT=8 seedH=8 seedS=4 pat=256 bloomH=2 bloomT=30 bloomSrc=pruned,64,0.9114183381,0.9875,1961.8445,8.8400,0.0000,0.161767,0.161611;0.162244;0.161767,23.175788,43148.48,,13.31,0,6980,10,True,nid005385,59113888
SparseHNSW_Bloom2_30_b8_s8x4_p256,M=32 efC=800 ef=400 alpha=0.85 beta=8 q=u8 seedT=8 seedH=8 seedS=4 pat=256 bloomH=2 bloomT=30 bloomSrc=pruned,64,0.9489255014,0.9937,1961.8445,8.8400,0.0000,0.265617,0.265617;0.265124;0.266017,38.054011,26278.44,,13.31,0,6980,10,True,nid005385,59113888
SparseHNSW_Bloom2_30_b8_s8x4_p256,M=32 efC=800 ef=800 alpha=0.85 beta=8 q=u8 seedT=8 seedH=8 seedS=4 pat=256 bloomH=2 bloomT=30 bloomSrc=pruned,64,0.9738968481,0.9973,1961.8445,8.8400,0.0000,0.288618,0.289600;0.288618;0.288203,41.349284,24184.22,,13.31,0,6980,10,True,nid005385,59113888
SparseHNSW_Bloom2_30_b8_s8x4_p256,M=32 efC=800 ef=1600 alpha=0.85 beta=8 q=u8 seedT=8 seedH=8 seedS=4 pat=256 bloomH=2 bloomT=30 bloomSrc=pruned,64,0.9850429799,0.9984,1961.8445,8.8400,0.0000,0.293542,0.293150;0.293576;0.293542,42.054728,23778.54,,13.31,0,6980,10,True,nid005385,59113888
SparseHNSW_Bloom2_30_b12_s8x4_p256,M=32 efC=800 ef=20 alpha=0.85 beta=12 q=u8 seedT=8 seedH=8 seedS=4 pat=256 bloomH=2 bloomT=30 bloomSrc=pruned,64,0.8836103152,0.9817,1961.8445,8.8400,0.0000,0.110798,0.110798;0.110526;0.110926,15.873639,62997.53,,13.31,0,6980,10,True,nid005385,59113888
SparseHNSW_Bloom2_30_b12_s8x4_p256,M=32 efC=800 ef=50 alpha=0.85 beta=12 q=u8 seedT=8 seedH=8 seedS=4 pat=256 bloomH=2 bloomT=30 bloomSrc=pruned,64,0.8836103152,0.9817,1961.8445,8.8400,0.0000,0.110435,0.111160;0.110435;0.110371,15.821633,63204.60,,13.31,0,6980,10,True,nid005385,59113888
SparseHNSW_Bloom2_30_b12_s8x4_p256,M=32 efC=800 ef=100 alpha=0.85 beta=12 q=u8 seedT=8 seedH=8 seedS=4 pat=256 bloomH=2 bloomT=30 bloomSrc=pruned,64,0.8836103152,0.9817,1961.8445,8.8400,0.0000,0.110809,0.110890;0.110760;0.110809,15.875215,62991.27,,13.31,0,6980,10,True,nid005385,59113888
SparseHNSW_Bloom2_30_b12_s8x4_p256,M=32 efC=800 ef=200 alpha=0.85 beta=12 q=u8 seedT=8 seedH=8 seedS=4 pat=256 bloomH=2 bloomT=30 bloomSrc=pruned,64,0.9114469914,0.9875,1961.8445,8.8400,0.0000,0.164553,0.164377;0.164553;0.164701,23.574928,42417.94,,13.31,0,6980,10,True,nid005385,59113888
SparseHNSW_Bloom2_30_b12_s8x4_p256,M=32 efC=800 ef=400 alpha=0.85 beta=12 q=u8 seedT=8 seedH=8 seedS=4 pat=256 bloomH=2 bloomT=30 bloomSrc=pruned,64,0.9490114613,0.9938,1961.8445,8.8400,0.0000,0.284940,0.284739;0.285274;0.284940,40.822350,24496.39,,13.31,0,6980,10,True,nid005385,59113888
SparseHNSW_Bloom2_30_b12_s8x4_p256,M=32 efC=800 ef=800 alpha=0.85 beta=12 q=u8 seedT=8 seedH=8 seedS=4 pat=256 bloomH=2 bloomT=30 bloomSrc=pruned,64,0.9740257880,0.9974,1961.8445,8.8400,0.0000,0.335890,0.335890;0.335987;0.335376,48.121777,20780.61,,13.31,0,6980,10,True,nid005385,59113888
SparseHNSW_Bloom2_30_b12_s8x4_p256,M=32 efC=800 ef=1600 alpha=0.85 beta=12 q=u8 seedT=8 seedH=8 seedS=4 pat=256 bloomH=2 bloomT=30 bloomSrc=pruned,64,0.9851719198,0.9986,1961.8445,8.8400,0.0000,0.338500,0.338524;0.338267;0.338500,48.495702,20620.38,,13.31,0,6980,10,True,nid005385,59113888
SparseHNSW_Bloom2_30_b2_s0x0_p512,M=32 efC=800 ef=20 alpha=0.85 beta=2 q=u8 pat=512 bloomH=2 bloomT=30 bloomSrc=pruned,64,0.7446991404,0.8550,1961.8445,8.8400,0.0000,0.030087,0.029421;0.030087;0.030329,4.310458,231993.88,,13.31,0,6980,10,True,nid005385,59113888
SparseHNSW_Bloom2_30_b2_s0x0_p512,M=32 efC=800 ef=50 alpha=0.85 beta=2 q=u8 pat=512 bloomH=2 bloomT=30 bloomSrc=pruned,64,0.8092550143,0.9116,1961.8445,8.8400,0.0000,0.055753,0.055845;0.055557;0.055753,7.987536,125195.06,,13.31,0,6980,10,True,nid005385,59113888
SparseHNSW_Bloom2_30_b2_s0x0_p512,M=32 efC=800 ef=100 alpha=0.85 beta=2 q=u8 pat=512 bloomH=2 bloomT=30 bloomSrc=pruned,64,0.8438825215,0.9443,1961.8445,8.8400,0.0000,0.092548,0.092851;0.092548;0.092442,13.259026,75420.32,,13.31,0,6980,10,True,nid005385,59113888
SparseHNSW_Bloom2_30_b2_s0x0_p512,M=32 efC=800 ef=200 alpha=0.85 beta=2 q=u8 pat=512 bloomH=2 bloomT=30 bloomSrc=pruned,64,0.8766189112,0.9675,1961.8445,8.8400,0.0000,0.159544,0.158860;0.159544;0.159726,22.857307,43749.69,,13.31,0,6980,10,True,nid005385,59113888
SparseHNSW_Bloom2_30_b2_s0x0_p512,M=32 efC=800 ef=400 alpha=0.85 beta=2 q=u8 pat=512 bloomH=2 bloomT=30 bloomSrc=pruned,64,0.9166189112,0.9815,1961.8445,8.8400,0.0000,0.286201,0.286069;0.286711;0.286201,41.003009,24388.45,,13.31,0,6980,10,True,nid005385,59113888
SparseHNSW_Bloom2_30_b2_s0x0_p512,M=32 efC=800 ef=800 alpha=0.85 beta=2 q=u8 pat=512 bloomH=2 bloomT=30 bloomSrc=pruned,64,0.9519914040,0.9908,1961.8445,8.8400,0.0000,0.384160,0.384160;0.384176;0.383790,55.037249,18169.51,,13.31,0,6980,10,True,nid005385,59113888
SparseHNSW_Bloom2_30_b2_s0x0_p512,M=32 efC=800 ef=1600 alpha=0.85 beta=2 q=u8 pat=512 bloomH=2 bloomT=30 bloomSrc=pruned,64,0.9719054441,0.9944,1961.8445,8.8400,0.0000,0.393592,0.393281;0.394066;0.393592,56.388539,17734.10,,13.31,0,6980,10,True,nid005385,59113888
SparseHNSW_Bloom2_30_b3_s0x0_p512,M=32 efC=800 ef=20 alpha=0.85 beta=3 q=u8 pat=512 bloomH=2 bloomT=30 bloomSrc=pruned,64,0.7816618911,0.8854,1961.8445,8.8400,0.0000,0.039843,0.039294;0.039843;0.040045,5.708166,175187.61,,13.31,0,6980,10,True,nid005385,59113888
SparseHNSW_Bloom2_30_b3_s0x0_p512,M=32 efC=800 ef=50 alpha=0.85 beta=3 q=u8 pat=512 bloomH=2 bloomT=30 bloomSrc=pruned,64,0.8113037249,0.9116,1961.8445,8.8400,0.0000,0.056253,0.056253;0.056378;0.056111,8.059169,124082.27,,13.31,0,6980,10,True,nid005385,59113888
SparseHNSW_Bloom2_30_b3_s0x0_p512,M=32 efC=800 ef=100 alpha=0.85 beta=3 q=u8 pat=512 bloomH=2 bloomT=30 bloomSrc=pruned,64,0.8461318052,0.9443,1961.8445,8.8400,0.0000,0.093211,0.093337;0.093211;0.092954,13.354011,74883.87,,13.31,0,6980,10,True,nid005385,59113888
SparseHNSW_Bloom2_30_b3_s0x0_p512,M=32 efC=800 ef=200 alpha=0.85 beta=3 q=u8 pat=512 bloomH=2 bloomT=30 bloomSrc=pruned,64,0.8789971347,0.9675,1961.8445,8.8400,0.0000,0.160332,0.159543;0.160332;0.160539,22.970201,43534.67,,13.31,0,6980,10,True,nid005385,59113888
SparseHNSW_Bloom2_30_b3_s0x0_p512,M=32 efC=800 ef=400 alpha=0.85 beta=3 q=u8 pat=512 bloomH=2 bloomT=30 bloomSrc=pruned,64,0.9191690544,0.9815,1961.8445,8.8400,0.0000,0.286750,0.286750;0.287046;0.286692,41.081662,24341.76,,13.31,0,6980,10,True,nid005385,59113888
SparseHNSW_Bloom2_30_b3_s0x0_p512,M=32 efC=800 ef=800 alpha=0.85 beta=3 q=u8 pat=512 bloomH=2 bloomT=30 bloomSrc=pruned,64,0.9548567335,0.9908,1961.8445,8.8400,0.0000,0.394155,0.394042;0.394587;0.394155,56.469198,17708.77,,13.31,0,6980,10,True,nid005385,59113888
SparseHNSW_Bloom2_30_b3_s0x0_p512,M=32 efC=800 ef=1600 alpha=0.85 beta=3 q=u8 pat=512 bloomH=2 bloomT=30 bloomSrc=pruned,64,0.9751289398,0.9944,1961.8445,8.8400,0.0000,0.405980,0.406661;0.405292;0.405980,58.163324,17192.97,,13.31,0,6980,10,True,nid005385,59113888
SparseHNSW_Bloom2_30_b4_s0x0_p512,M=32 efC=800 ef=20 alpha=0.85 beta=4 q=u8 pat=512 bloomH=2 bloomT=30 bloomSrc=pruned,64,0.7984240688,0.9001,1961.8445,8.8400,0.0000,0.048754,0.048032;0.048754;0.049025,6.984814,143167.74,,13.31,0,6980,10,True,nid005385,59113888
SparseHNSW_Bloom2_30_b4_s0x0_p512,M=32 efC=800 ef=50 alpha=0.85 beta=4 q=u8 pat=512 bloomH=2 bloomT=30 bloomSrc=pruned,64,0.8116762178,0.9116,1961.8445,8.8400,0.0000,0.056667,0.056621;0.056667;0.056870,8.118481,123175.75,,13.31,0,6980,10,True,nid005385,59113888
SparseHNSW_Bloom2_30_b4_s0x0_p512,M=32 efC=800 ef=100 alpha=0.85 beta=4 q=u8 pat=512 bloomH=2 bloomT=30 bloomSrc=pruned,64,0.8465472779,0.9443,1961.8445,8.8400,0.0000,0.093831,0.093755;0.093967;0.093831,13.442837,74389.06,,13.31,0,6980,10,True,nid005385,59113888
SparseHNSW_Bloom2_30_b4_s0x0_p512,M=32 efC=800 ef=200 alpha=0.85 beta=4 q=u8 pat=512 bloomH=2 bloomT=30 bloomSrc=pruned,64,0.8795128940,0.9675,1961.8445,8.8400,0.0000,0.160866,0.160651;0.160866;0.161282,23.046705,43390.15,,13.31,0,6980,10,True,nid005385,59113888
SparseHNSW_Bloom2_30_b4_s0x0_p512,M=32 efC=800 ef=400 alpha=0.85 beta=4 q=u8 pat=512 bloomH=2 bloomT=30 bloomSrc=pruned,64,0.9197277937,0.9815,1961.8445,8.8400,0.0000,0.287911,0.287619;0.288035;0.287911,41.247994,24243.60,,13.31,0,6980,10,True,nid005385,59113888
SparseHNSW_Bloom2_30_b4_s0x0_p512,M=32 efC=800 ef=800 alpha=0.85 beta=4 q=u8 pat=512 bloomH=2 bloomT=30 bloomSrc=pruned,64,0.9556876791,0.9911,1961.8445,8.8400,0.0000,0.405210,0.404423;0.405210;0.405246,58.053009,17225.64,,13.31,0,6980,10,True,nid005385,59113888
SparseHNSW_Bloom2_30_b4_s0x0_p512,M=32 efC=800 ef=1600 alpha=0.85 beta=4 q=u8 pat=512 bloomH=2 bloomT=30 bloomSrc=pruned,64,0.9758166189,0.9944,1961.8445,8.8400,0.0000,0.416966,0.416966;0.417153;0.416141,59.737249,16739.97,,13.31,0,6980,10,True,nid005385,59113888
SparseHNSW_Bloom2_30_b5_s0x0_p512,M=32 efC=800 ef=20 alpha=0.85 beta=5 q=u8 pat=512 bloomH=2 bloomT=30 bloomSrc=pruned,64,0.8117478510,0.9116,1961.8445,8.8400,0.0000,0.057347,0.057017;0.057397;0.057347,8.215903,121715.17,,13.31,0,6980,10,True,nid005385,59113888
SparseHNSW_Bloom2_30_b5_s0x0_p512,M=32 efC=800 ef=50 alpha=0.85 beta=5 q=u8 pat=512 bloomH=2 bloomT=30 bloomSrc=pruned,64,0.8117478510,0.9116,1961.8445,8.8400,0.0000,0.057501,0.057400;0.057512;0.057501,8.237966,121389.19,,13.31,0,6980,10,True,nid005385,59113888
SparseHNSW_Bloom2_30_b5_s0x0_p512,M=32 efC=800 ef=100 alpha=0.85 beta=5 q=u8 pat=512 bloomH=2 bloomT=30 bloomSrc=pruned,64,0.8466618911,0.9443,1961.8445,8.8400,0.0000,0.094445,0.094445;0.093972;0.094542,13.530802,73905.45,,13.31,0,6980,10,True,nid005385,59113888
SparseHNSW_Bloom2_30_b5_s0x0_p512,M=32 efC=800 ef=200 alpha=0.85 beta=5 q=u8 pat=512 bloomH=2 bloomT=30 bloomSrc=pruned,64,0.8796275072,0.9675,1961.8445,8.8400,0.0000,0.161811,0.161739;0.161811;0.161827,23.182092,43136.75,,13.31,0,6980,10,True,nid005385,59113888
SparseHNSW_Bloom2_30_b5_s0x0_p512,M=32 efC=800 ef=400 alpha=0.85 beta=5 q=u8 pat=512 bloomH=2 bloomT=30 bloomSrc=pruned,64,0.9198567335,0.9815,1961.8445,8.8400,0.0000,0.288282,0.287805;0.288282;0.288699,41.301146,24212.40,,13.31,0,6980,10,True,nid005385,59113888
SparseHNSW_Bloom2_30_b5_s0x0_p512,M=32 efC=800 ef=800 alpha=0.85 beta=5 q=u8 pat=512 bloomH=2 bloomT=30 bloomSrc=pruned,64,0.9559169054,0.9913,1961.8445,8.8400,0.0000,0.414076,0.415826;0.413836;0.414076,59.323209,16856.81,,13.31,0,6980,10,True,nid005385,59113888
SparseHNSW_Bloom2_30_b5_s0x0_p512,M=32 efC=800 ef=1600 alpha=0.85 beta=5 q=u8 pat=512 bloomH=2 bloomT=30 bloomSrc=pruned,64,0.9759885387,0.9944,1961.8445,8.8400,0.0000,0.427815,0.427815;0.428706;0.427532,61.291547,16315.46,,13.31,0,6980,10,True,nid005385,59113888
SparseHNSW_Bloom2_30_b8_s0x0_p512,M=32 efC=800 ef=20 alpha=0.85 beta=8 q=u8 pat=512 bloomH=2 bloomT=30 bloomSrc=pruned,64,0.8357736390,0.9332,1961.8445,8.8400,0.0000,0.082233,0.082233;0.082209;0.082459,11.781232,84880.77,,13.31,0,6980,10,True,nid005385,59113888
SparseHNSW_Bloom2_30_b8_s0x0_p512,M=32 efC=800 ef=50 alpha=0.85 beta=8 q=u8 pat=512 bloomH=2 bloomT=30 bloomSrc=pruned,64,0.8357736390,0.9332,1961.8445,8.8400,0.0000,0.082234,0.082445;0.082234;0.082173,11.781375,84879.73,,13.31,0,6980,10,True,nid005385,59113888
SparseHNSW_Bloom2_30_b8_s0x0_p512,M=32 efC=800 ef=100 alpha=0.85 beta=8 q=u8 pat=512 bloomH=2 bloomT=30 bloomSrc=pruned,64,0.8467191977,0.9443,1961.8445,8.8400,0.0000,0.096717,0.096256;0.096717;0.097015,13.856304,72169.32,,13.31,0,6980,10,True,nid005385,59113888
SparseHNSW_Bloom2_30_b8_s0x0_p512,M=32 efC=800 ef=200 alpha=0.85 beta=8 q=u8 pat=512 bloomH=2 bloomT=30 bloomSrc=pruned,64,0.8796991404,0.9675,1961.8445,8.8400,0.0000,0.163945,0.163945;0.164598;0.163875,23.487822,42575.25,,13.31,0,6980,10,True,nid005385,59113888
SparseHNSW_Bloom2_30_b8_s0x0_p512,M=32 efC=800 ef=400 alpha=0.85 beta=8 q=u8 pat=512 bloomH=2 bloomT=30 bloomSrc=pruned,64,0.9199283668,0.9815,1961.8445,8.8400,0.0000,0.290555,0.290555;0.290403;0.290987,41.626791,24022.99,,13.31,0,6980,10,True,nid005385,59113888
SparseHNSW_Bloom2_30_b8_s0x0_p512,M=32 efC=800 ef=800 alpha=0.85 beta=8 q=u8 pat=512 bloomH=2 bloomT=30 bloomSrc=pruned,64,0.9560744986,0.9915,1961.8445,8.8400,0.0000,0.444963,0.445705;0.444963;0.444407,63.748281,15686.70,,13.31,0,6980,10,True,nid005385,59113888
SparseHNSW_Bloom2_30_b8_s0x0_p512,M=32 efC=800 ef=1600 alpha=0.85 beta=8 q=u8 pat=512 bloomH=2 bloomT=30 bloomSrc=pruned,64,0.9762607450,0.9946,1961.8445,8.8400,0.0000,0.465919,0.465709;0.466354;0.465919,66.750573,14981.14,,13.31,0,6980,10,True,nid005385,59113888
SparseHNSW_Bloom2_30_b12_s0x0_p512,M=32 efC=800 ef=20 alpha=0.85 beta=12 q=u8 pat=512 bloomH=2 bloomT=30 bloomSrc=pruned,64,0.8554727794,0.9501,1961.8445,8.8400,0.0000,0.112941,0.112941;0.112910;0.113083,16.180659,61802.18,,13.31,0,6980,10,True,nid005385,59113888
SparseHNSW_Bloom2_30_b12_s0x0_p512,M=32 efC=800 ef=50 alpha=0.85 beta=12 q=u8 pat=512 bloomH=2 bloomT=30 bloomSrc=pruned,64,0.8554727794,0.9501,1961.8445,8.8400,0.0000,0.112921,0.112745;0.113196;0.112921,16.177794,61813.13,,13.31,0,6980,10,True,nid005385,59113888
SparseHNSW_Bloom2_30_b12_s0x0_p512,M=32 efC=800 ef=100 alpha=0.85 beta=12 q=u8 pat=512 bloomH=2 bloomT=30 bloomSrc=pruned,64,0.8554727794,0.9501,1961.8445,8.8400,0.0000,0.112852,0.112852;0.112683;0.113118,16.167908,61850.92,,13.31,0,6980,10,True,nid005385,59113888
SparseHNSW_Bloom2_30_b12_s0x0_p512,M=32 efC=800 ef=200 alpha=0.85 beta=12 q=u8 pat=512 bloomH=2 bloomT=30 bloomSrc=pruned,64,0.8797277937,0.9675,1961.8445,8.8400,0.0000,0.166512,0.166396;0.166512;0.166926,23.855587,41918.90,,13.31,0,6980,10,True,nid005385,59113888
SparseHNSW_Bloom2_30_b12_s0x0_p512,M=32 efC=800 ef=400 alpha=0.85 beta=12 q=u8 pat=512 bloomH=2 bloomT=30 bloomSrc=pruned,64,0.9199570201,0.9815,1961.8445,8.8400,0.0000,0.293651,0.293651;0.293495;0.294194,42.070344,23769.71,,13.31,0,6980,10,True,nid005385,59113888
SparseHNSW_Bloom2_30_b12_s0x0_p512,M=32 efC=800 ef=800 alpha=0.85 beta=12 q=u8 pat=512 bloomH=2 bloomT=30 bloomSrc=pruned,64,0.9561174785,0.9915,1961.8445,8.8400,0.0000,0.478780,0.478780;0.478812;0.478034,68.593123,14578.72,,13.31,0,6980,10,True,nid005385,59113888
SparseHNSW_Bloom2_30_b12_s0x0_p512,M=32 efC=800 ef=1600 alpha=0.85 beta=12 q=u8 pat=512 bloomH=2 bloomT=30 bloomSrc=pruned,64,0.9764469914,0.9946,1961.8445,8.8400,0.0000,0.516384,0.516384;0.516168;0.517179,73.980516,13517.07,,13.31,0,6980,10,True,nid005385,59113888
SparseHNSW_Bloom2_30_b2_s8x4_p512,M=32 efC=800 ef=20 alpha=0.85 beta=2 q=u8 seedT=8 seedH=8 seedS=4 pat=512 bloomH=2 bloomT=30 bloomSrc=pruned,64,0.8305014327,0.9567,1961.8445,8.8400,0.0000,0.039726,0.039039;0.039726;0.039930,5.691404,175703.57,,13.31,0,6980,10,True,nid005385,59113888
SparseHNSW_Bloom2_30_b2_s8x4_p512,M=32 efC=800 ef=50 alpha=0.85 beta=2 q=u8 seedT=8 seedH=8 seedS=4 pat=512 bloomH=2 bloomT=30 bloomSrc=pruned,64,0.8483381089,0.9678,1961.8445,8.8400,0.0000,0.053540,0.053637;0.053540;0.053376,7.670487,130369.82,,13.31,0,6980,10,True,nid005385,59113888
SparseHNSW_Bloom2_30_b2_s8x4_p512,M=32 efC=800 ef=100 alpha=0.85 beta=2 q=u8 seedT=8 seedH=8 seedS=4 pat=512 bloomH=2 bloomT=30 bloomSrc=pruned,64,0.8730945559,0.9784,1961.8445,8.8400,0.0000,0.090472,0.090472;0.090603;0.090317,12.961605,77150.94,,13.31,0,6980,10,True,nid005385,59113888
SparseHNSW_Bloom2_30_b2_s8x4_p512,M=32 efC=800 ef=200 alpha=0.85 beta=2 q=u8 seedT=8 seedH=8 seedS=4 pat=512 bloomH=2 bloomT=30 bloomSrc=pruned,64,0.9082951289,0.9875,1961.8445,8.8400,0.0000,0.157572,0.157572;0.157188;0.157693,22.574785,44297.21,,13.31,0,6980,10,True,nid005385,59113888
SparseHNSW_Bloom2_30_b2_s8x4_p512,M=32 efC=800 ef=400 alpha=0.85 beta=2 q=u8 seedT=8 seedH=8 seedS=4 pat=512 bloomH=2 bloomT=30 bloomSrc=pruned,64,0.9455873926,0.9938,1961.8445,8.8400,0.0000,0.286044,0.285929;0.286044;0.286274,40.980516,24401.84,,13.31,0,6980,10,True,nid005385,59113888
SparseHNSW_Bloom2_30_b2_s8x4_p512,M=32 efC=800 ef=800 alpha=0.85 beta=2 q=u8 seedT=8 seedH=8 seedS=4 pat=512 bloomH=2 bloomT=30 bloomSrc=pruned,64,0.9703008596,0.9977,1961.8445,8.8400,0.0000,0.379963,0.379963;0.379912;0.380278,54.435960,18370.21,,13.31,0,6980,10,True,nid005385,59113888
SparseHNSW_Bloom2_30_b2_s8x4_p512,M=32 efC=800 ef=1600 alpha=0.85 beta=2 q=u8 seedT=8 seedH=8 seedS=4 pat=512 bloomH=2 bloomT=30 bloomSrc=pruned,64,0.9812464183,0.9989,1961.8445,8.8400,0.0000,0.389130,0.389234;0.389130;0.389081,55.749284,17937.45,,13.31,0,6980,10,True,nid005385,59113888
SparseHNSW_Bloom2_30_b3_s8x4_p512,M=32 efC=800 ef=20 alpha=0.85 beta=3 q=u8 seedT=8 seedH=8 seedS=4 pat=512 bloomH=2 bloomT=30 bloomSrc=pruned,64,0.8323495702,0.9567,1961.8445,8.8400,0.0000,0.040025,0.039659;0.040025;0.040650,5.734241,174391.01,,13.31,0,6980,10,True,nid005385,59113888
SparseHNSW_Bloom2_30_b3_s8x4_p512,M=32 efC=800 ef=50 alpha=0.85 beta=3 q=u8 seedT=8 seedH=8 seedS=4 pat=512 bloomH=2 bloomT=30 bloomSrc=pruned,64,0.8504441261,0.9678,1961.8445,8.8400,0.0000,0.054357,0.054357;0.054468;0.054167,7.787536,128410.32,,13.31,0,6980,10,True,nid005385,59113888
SparseHNSW_Bloom2_30_b3_s8x4_p512,M=32 efC=800 ef=100 alpha=0.85 beta=3 q=u8 seedT=8 seedH=8 seedS=4 pat=512 bloomH=2 bloomT=30 bloomSrc=pruned,64,0.8753581662,0.9784,1961.8445,8.8400,0.0000,0.091068,0.091011;0.091068;0.091214,13.046991,76646.02,,13.31,0,6980,10,True,nid005385,59113888
SparseHNSW_Bloom2_30_b3_s8x4_p512,M=32 efC=800 ef=200 alpha=0.85 beta=3 q=u8 seedT=8 seedH=8 seedS=4 pat=512 bloomH=2 bloomT=30 bloomSrc=pruned,64,0.9107163324,0.9875,1961.8445,8.8400,0.0000,0.157517,0.158063;0.157517;0.156828,22.566905,44312.68,,13.31,0,6980,10,True,nid005385,59113888
SparseHNSW_Bloom2_30_b3_s8x4_p512,M=32 efC=800 ef=400 alpha=0.85 beta=3 q=u8 seedT=8 seedH=8 seedS=4 pat=512 bloomH=2 bloomT=30 bloomSrc=pruned,64,0.9482234957,0.9938,1961.8445,8.8400,0.0000,0.286147,0.286473;0.286126;0.286147,40.995272,24393.06,,13.31,0,6980,10,True,nid005385,59113888
SparseHNSW_Bloom2_30_b3_s8x4_p512,M=32 efC=800 ef=800 alpha=0.85 beta=3 q=u8 seedT=8 seedH=8 seedS=4 pat=512 bloomH=2 bloomT=30 bloomSrc=pruned,64,0.9733810888,0.9979,1961.8445,8.8400,0.0000,0.389880,0.390057;0.389703;0.389880,55.856734,17902.94,,13.31,0,6980,10,True,nid005385,59113888
SparseHNSW_Bloom2_30_b3_s8x4_p512,M=32 efC=800 ef=1600 alpha=0.85 beta=3 q=u8 seedT=8 seedH=8 seedS=4 pat=512 bloomH=2 bloomT=30 bloomSrc=pruned,64,0.9844699140,0.9989,1961.8445,8.8400,0.0000,0.400735,0.400735;0.400586;0.401418,57.411891,17417.99,,13.31,0,6980,10,True,nid005385,59113888
SparseHNSW_Bloom2_30_b4_s8x4_p512,M=32 efC=800 ef=20 alpha=0.85 beta=4 q=u8 seedT=8 seedH=8 seedS=4 pat=512 bloomH=2 bloomT=30 bloomSrc=pruned,64,0.8439684814,0.9645,1961.8445,8.8400,0.0000,0.046776,0.046188;0.046776;0.047061,6.701433,149221.82,,13.31,0,6980,10,True,nid005385,59113888
SparseHNSW_Bloom2_30_b4_s8x4_p512,M=32 efC=800 ef=50 alpha=0.85 beta=4 q=u8 seedT=8 seedH=8 seedS=4 pat=512 bloomH=2 bloomT=30 bloomSrc=pruned,64,0.8508452722,0.9678,1961.8445,8.8400,0.0000,0.054906,0.054906;0.054464;0.054934,7.866189,127126.36,,13.31,0,6980,10,True,nid005385,59113888
SparseHNSW_Bloom2_30_b4_s8x4_p512,M=32 efC=800 ef=100 alpha=0.85 beta=4 q=u8 seedT=8 seedH=8 seedS=4 pat=512 bloomH=2 bloomT=30 bloomSrc=pruned,64,0.8758022923,0.9784,1961.8445,8.8400,0.0000,0.092169,0.092738;0.092169;0.091679,13.204728,75730.45,,13.31,0,6980,10,True,nid005385,59113888
SparseHNSW_Bloom2_30_b4_s8x4_p512,M=32 efC=800 ef=200 alpha=0.85 beta=4 q=u8 seedT=8 seedH=8 seedS=4 pat=512 bloomH=2 bloomT=30 bloomSrc=pruned,64,0.9112177650,0.9875,1961.8445,8.8400,0.0000,0.158547,0.158547;0.158760;0.158419,22.714470,44024.80,,13.31,0,6980,10,True,nid005385,59113888
SparseHNSW_Bloom2_30_b4_s8x4_p512,M=32 efC=800 ef=400 alpha=0.85 beta=4 q=u8 seedT=8 seedH=8 seedS=4 pat=512 bloomH=2 bloomT=30 bloomSrc=pruned,64,0.9487679083,0.9938,1961.8445,8.8400,0.0000,0.287173,0.287512;0.287173;0.286967,41.142264,24305.91,,13.31,0,6980,10,True,nid005385,59113888
SparseHNSW_Bloom2_30_b4_s8x4_p512,M=32 efC=800 ef=800 alpha=0.85 beta=4 q=u8 seedT=8 seedH=8 seedS=4 pat=512 bloomH=2 bloomT=30 bloomSrc=pruned,64,0.9740687679,0.9980,1961.8445,8.8400,0.0000,0.400476,0.400429;0.400476;0.400501,57.374785,17429.26,,13.31,0,6980,10,True,nid005385,59113888
SparseHNSW_Bloom2_30_b4_s8x4_p512,M=32 efC=800 ef=1600 alpha=0.85 beta=4 q=u8 seedT=8 seedH=8 seedS=4 pat=512 bloomH=2 bloomT=30 bloomSrc=pruned,64,0.9851575931,0.9989,1961.8445,8.8400,0.0000,0.411714,0.411133;0.411714;0.412012,58.984814,16953.52,,13.31,0,6980,10,True,nid005385,59113888
SparseHNSW_Bloom2_30_b5_s8x4_p512,M=32 efC=800 ef=20 alpha=0.85 beta=5 q=u8 seedT=8 seedH=8 seedS=4 pat=512 bloomH=2 bloomT=30 bloomSrc=pruned,64,0.8509169054,0.9678,1961.8445,8.8400,0.0000,0.055073,0.054963;0.055073;0.055360,7.890115,126740.87,,13.31,0,6980,10,True,nid005385,59113888
SparseHNSW_Bloom2_30_b5_s8x4_p512,M=32 efC=800 ef=50 alpha=0.85 beta=5 q=u8 seedT=8 seedH=8 seedS=4 pat=512 bloomH=2 bloomT=30 bloomSrc=pruned,64,0.8509169054,0.9678,1961.8445,8.8400,0.0000,0.055271,0.055357;0.054960;0.055271,7.918481,126286.84,,13.31,0,6980,10,True,nid005385,59113888
SparseHNSW_Bloom2_30_b5_s8x4_p512,M=32 efC=800 ef=100 alpha=0.85 beta=5 q=u8 seedT=8 seedH=8 seedS=4 pat=512 bloomH=2 bloomT=30 bloomSrc=pruned,64,0.8759169054,0.9784,1961.8445,8.8400,0.0000,0.092472,0.092455;0.092472;0.092837,13.248138,75482.31,,13.31,0,6980,10,True,nid005385,59113888
SparseHNSW_Bloom2_30_b5_s8x4_p512,M=32 efC=800 ef=200 alpha=0.85 beta=5 q=u8 seedT=8 seedH=8 seedS=4 pat=512 bloomH=2 bloomT=30 bloomSrc=pruned,64,0.9113467049,0.9875,1961.8445,8.8400,0.0000,0.159826,0.159634;0.159826;0.159986,22.897708,43672.49,,13.31,0,6980,10,True,nid005385,59113888
SparseHNSW_Bloom2_30_b5_s8x4_p512,M=32 efC=800 ef=400 alpha=0.85 beta=5 q=u8 seedT=8 seedH=8 seedS=4 pat=512 bloomH=2 bloomT=30 bloomSrc=pruned,64,0.9489111748,0.9938,1961.8445,8.8400,0.0000,0.287771,0.287771;0.287426;0.287888,41.227937,24255.40,,13.31,0,6980,10,True,nid005385,59113888
SparseHNSW_Bloom2_30_b5_s8x4_p512,M=32 efC=800 ef=800 alpha=0.85 beta=5 q=u8 seedT=8 seedH=8 seedS=4 pat=512 bloomH=2 bloomT=30 bloomSrc=pruned,64,0.9742550143,0.9980,1961.8445,8.8400,0.0000,0.410687,0.410650;0.410687;0.410910,58.837679,16995.91,,13.31,0,6980,10,True,nid005385,59113888
SparseHNSW_Bloom2_30_b5_s8x4_p512,M=32 efC=800 ef=1600 alpha=0.85 beta=5 q=u8 seedT=8 seedH=8 seedS=4 pat=512 bloomH=2 bloomT=30 bloomSrc=pruned,64,0.9853868195,0.9989,1961.8445,8.8400,0.0000,0.423118,0.422990;0.423547;0.423118,60.618625,16496.58,,13.31,0,6980,10,True,nid005385,59113888
SparseHNSW_Bloom2_30_b8_s8x4_p512,M=32 efC=800 ef=20 alpha=0.85 beta=8 q=u8 seedT=8 seedH=8 seedS=4 pat=512 bloomH=2 bloomT=30 bloomSrc=pruned,64,0.8674641834,0.9752,1961.8445,8.8400,0.0000,0.080037,0.080296;0.079804;0.080037,11.466619,87209.67,,13.31,0,6980,10,True,nid005385,59113888
SparseHNSW_Bloom2_30_b8_s8x4_p512,M=32 efC=800 ef=50 alpha=0.85 beta=8 q=u8 seedT=8 seedH=8 seedS=4 pat=512 bloomH=2 bloomT=30 bloomSrc=pruned,64,0.8674641834,0.9752,1961.8445,8.8400,0.0000,0.080213,0.079882;0.080213;0.080250,11.491834,87018.31,,13.31,0,6980,10,True,nid005385,59113888
SparseHNSW_Bloom2_30_b8_s8x4_p512,M=32 efC=800 ef=100 alpha=0.85 beta=8 q=u8 seedT=8 seedH=8 seedS=4 pat=512 bloomH=2 bloomT=30 bloomSrc=pruned,64,0.8759885387,0.9784,1961.8445,8.8400,0.0000,0.094387,0.094588;0.094387;0.094260,13.522493,73950.86,,13.31,0,6980,10,True,nid005385,59113888
SparseHNSW_Bloom2_30_b8_s8x4_p512,M=32 efC=800 ef=200 alpha=0.85 beta=8 q=u8 seedT=8 seedH=8 seedS=4 pat=512 bloomH=2 bloomT=30 bloomSrc=pruned,64,0.9114183381,0.9875,1961.8445,8.8400,0.0000,0.161826,0.161990;0.161826;0.161777,23.184241,43132.75,,13.31,0,6980,10,True,nid005385,59113888
SparseHNSW_Bloom2_30_b8_s8x4_p512,M=32 efC=800 ef=400 alpha=0.85 beta=8 q=u8 seedT=8 seedH=8 seedS=4 pat=512 bloomH=2 bloomT=30 bloomSrc=pruned,64,0.9489828080,0.9938,1961.8445,8.8400,0.0000,0.290606,0.290606;0.290859;0.289772,41.634097,24018.77,,13.31,0,6980,10,True,nid005385,59113888
SparseHNSW_Bloom2_30_b8_s8x4_p512,M=32 efC=800 ef=800 alpha=0.85 beta=8 q=u8 seedT=8 seedH=8 seedS=4 pat=512 bloomH=2 bloomT=30 bloomSrc=pruned,64,0.9743982808,0.9980,1961.8445,8.8400,0.0000,0.439531,0.440068;0.439444;0.439531,62.970057,15880.56,,13.31,0,6980,10,True,nid005385,59113888
SparseHNSW_Bloom2_30_b8_s8x4_p512,M=32 efC=800 ef=1600 alpha=0.85 beta=8 q=u8 seedT=8 seedH=8 seedS=4 pat=512 bloomH=2 bloomT=30 bloomSrc=pruned,64,0.9855587393,0.9989,1961.8445,8.8400,0.0000,0.460315,0.460555;0.460315;0.459494,65.947708,15163.53,,13.31,0,6980,10,True,nid005385,59113888
SparseHNSW_Bloom2_30_b12_s8x4_p512,M=32 efC=800 ef=20 alpha=0.85 beta=12 q=u8 seedT=8 seedH=8 seedS=4 pat=512 bloomH=2 bloomT=30 bloomSrc=pruned,64,0.8836103152,0.9817,1961.8445,8.8400,0.0000,0.110766,0.110577;0.110766;0.111249,15.869054,63015.73,,13.31,0,6980,10,True,nid005385,59113888
SparseHNSW_Bloom2_30_b12_s8x4_p512,M=32 efC=800 ef=50 alpha=0.85 beta=12 q=u8 seedT=8 seedH=8 seedS=4 pat=512 bloomH=2 bloomT=30 bloomSrc=pruned,64,0.8836103152,0.9817,1961.8445,8.8400,0.0000,0.110815,0.110815;0.111116;0.110670,15.876074,62987.86,,13.31,0,6980,10,True,nid005385,59113888
SparseHNSW_Bloom2_30_b12_s8x4_p512,M=32 efC=800 ef=100 alpha=0.85 beta=12 q=u8 seedT=8 seedH=8 seedS=4 pat=512 bloomH=2 bloomT=30 bloomSrc=pruned,64,0.8836103152,0.9817,1961.8445,8.8400,0.0000,0.110467,0.110467;0.110622;0.110369,15.826218,63186.29,,13.31,0,6980,10,True,nid005385,59113888
SparseHNSW_Bloom2_30_b12_s8x4_p512,M=32 efC=800 ef=200 alpha=0.85 beta=12 q=u8 seedT=8 seedH=8 seedS=4 pat=512 bloomH=2 bloomT=30 bloomSrc=pruned,64,0.9114469914,0.9875,1961.8445,8.8400,0.0000,0.164798,0.164615;0.164798;0.165619,23.610029,42354.88,,13.31,0,6980,10,True,nid005385,59113888
SparseHNSW_Bloom2_30_b12_s8x4_p512,M=32 efC=800 ef=400 alpha=0.85 beta=12 q=u8 seedT=8 seedH=8 seedS=4 pat=512 bloomH=2 bloomT=30 bloomSrc=pruned,64,0.9490114613,0.9938,1961.8445,8.8400,0.0000,0.293235,0.293229;0.293235;0.293893,42.010745,23803.43,,13.31,0,6980,10,True,nid005385,59113888
SparseHNSW_Bloom2_30_b12_s8x4_p512,M=32 efC=800 ef=800 alpha=0.85 beta=12 q=u8 seedT=8 seedH=8 seedS=4 pat=512 bloomH=2 bloomT=30 bloomSrc=pruned,64,0.9744412607,0.9980,1961.8445,8.8400,0.0000,0.476164,0.476164;0.475519;0.476165,68.218338,14658.82,,13.31,0,6980,10,True,nid005385,59113888
SparseHNSW_Bloom2_30_b12_s8x4_p512,M=32 efC=800 ef=1600 alpha=0.85 beta=12 q=u8 seedT=8 seedH=8 seedS=4 pat=512 bloomH=2 bloomT=30 bloomSrc=pruned,64,0.9857306590,0.9989,1961.8445,8.8400,0.0000,0.513816,0.513057;0.514739;0.513816,73.612607,13584.63,,13.31,0,6980,10,True,nid005385,59113888
SparseHNSW_Bloom2_30_b2_s0x0_p2048,M=32 efC=800 ef=20 alpha=0.85 beta=2 q=u8 pat=2048 bloomH=2 bloomT=30 bloomSrc=pruned,64,0.7446991404,0.8550,1961.8445,8.8400,0.0000,0.029896,0.029419;0.029896;0.030032,4.283095,233476.05,,13.31,0,6980,10,True,nid005385,59113888
SparseHNSW_Bloom2_30_b2_s0x0_p2048,M=32 efC=800 ef=50 alpha=0.85 beta=2 q=u8 pat=2048 bloomH=2 bloomT=30 bloomSrc=pruned,64,0.8092550143,0.9116,1961.8445,8.8400,0.0000,0.056164,0.056271;0.056164;0.055630,8.046418,124278.90,,13.31,0,6980,10,True,nid005385,59113888
SparseHNSW_Bloom2_30_b2_s0x0_p2048,M=32 efC=800 ef=100 alpha=0.85 beta=2 q=u8 pat=2048 bloomH=2 bloomT=30 bloomSrc=pruned,64,0.8438825215,0.9443,1961.8445,8.8400,0.0000,0.092644,0.092869;0.092286;0.092644,13.272779,75342.17,,13.31,0,6980,10,True,nid005385,59113888
SparseHNSW_Bloom2_30_b2_s0x0_p2048,M=32 efC=800 ef=200 alpha=0.85 beta=2 q=u8 pat=2048 bloomH=2 bloomT=30 bloomSrc=pruned,64,0.8766189112,0.9675,1961.8445,8.8400,0.0000,0.159222,0.159086;0.159222;0.159257,22.811175,43838.16,,13.31,0,6980,10,True,nid005385,59113888
SparseHNSW_Bloom2_30_b2_s0x0_p2048,M=32 efC=800 ef=400 alpha=0.85 beta=2 q=u8 pat=2048 bloomH=2 bloomT=30 bloomSrc=pruned,64,0.9166189112,0.9815,1961.8445,8.8400,0.0000,0.286178,0.285895;0.286352;0.286178,40.999713,24390.41,,13.31,0,6980,10,True,nid005385,59113888
SparseHNSW_Bloom2_30_b2_s0x0_p2048,M=32 efC=800 ef=800 alpha=0.85 beta=2 q=u8 pat=2048 bloomH=2 bloomT=30 bloomSrc=pruned,64,0.9527220630,0.9917,1961.8445,8.8400,0.0000,0.526098,0.526650;0.525857;0.526098,75.372206,13267.49,,13.31,0,6980,10,True,nid005385,59113888
SparseHNSW_Bloom2_30_b2_s0x0_p2048,M=32 efC=800 ef=1600 alpha=0.85 beta=2 q=u8 pat=2048 bloomH=2 bloomT=30 bloomSrc=pruned,64,0.9735243553,0.9963,1961.8445,8.8400,0.0000,0.975974,0.976787;0.975974;0.975665,139.824355,7151.83,,13.31,0,6980,10,True,nid005385,59113888
SparseHNSW_Bloom2_30_b3_s0x0_p2048,M=32 efC=800 ef=20 alpha=0.85 beta=3 q=u8 pat=2048 bloomH=2 bloomT=30 bloomSrc=pruned,64,0.7816618911,0.8854,1961.8445,8.8400,0.0000,0.039677,0.039022;0.039677;0.039879,5.684384,175920.56,,13.31,0,6980,10,True,nid005385,59113888
SparseHNSW_Bloom2_30_b3_s0x0_p2048,M=32 efC=800 ef=50 alpha=0.85 beta=3 q=u8 pat=2048 bloomH=2 bloomT=30 bloomSrc=pruned,64,0.8113037249,0.9116,1961.8445,8.8400,0.0000,0.056180,0.056180;0.056460;0.055845,8.048711,124243.50,,13.31,0,6980,10,True,nid005385,59113888
SparseHNSW_Bloom2_30_b3_s0x0_p2048,M=32 efC=800 ef=100 alpha=0.85 beta=3 q=u8 pat=2048 bloomH=2 bloomT=30 bloomSrc=pruned,64,0.8461318052,0.9443,1961.8445,8.8400,0.0000,0.093295,0.093102;0.093316;0.093295,13.366046,74816.44,,13.31,0,6980,10,True,nid005385,59113888
SparseHNSW_Bloom2_30_b3_s0x0_p2048,M=32 efC=800 ef=200 alpha=0.85 beta=3 q=u8 pat=2048 bloomH=2 bloomT=30 bloomSrc=pruned,64,0.8789971347,0.9675,1961.8445,8.8400,0.0000,0.159573,0.159573;0.159515;0.160005,22.861461,43741.74,,13.31,0,6980,10,True,nid005385,59113888
SparseHNSW_Bloom2_30_b3_s0x0_p2048,M=32 efC=800 ef=400 alpha=0.85 beta=3 q=u8 pat=2048 bloomH=2 bloomT=30 bloomSrc=pruned,64,0.9191690544,0.9815,1961.8445,8.8400,0.0000,0.286600,0.286600;0.286574;0.286932,41.060172,24354.50,,13.31,0,6980,10,True,nid005385,59113888
SparseHNSW_Bloom2_30_b3_s0x0_p2048,M=32 efC=800 ef=800 alpha=0.85 beta=3 q=u8 pat=2048 bloomH=2 bloomT=30 bloomSrc=pruned,64,0.9555730659,0.9917,1961.8445,8.8400,0.0000,0.527055,0.526260;0.527287;0.527055,75.509312,13243.40,,13.31,0,6980,10,True,nid005385,59113888
SparseHNSW_Bloom2_30_b3_s0x0_p2048,M=32 efC=800 ef=1600 alpha=0.85 beta=3 q=u8 pat=2048 bloomH=2 bloomT=30 bloomSrc=pruned,64,0.9767191977,0.9963,1961.8445,8.8400,0.0000,0.975542,0.974862;0.975619;0.975542,139.762464,7155.00,,13.31,0,6980,10,True,nid005385,59113888
SparseHNSW_Bloom2_30_b4_s0x0_p2048,M=32 efC=800 ef=20 alpha=0.85 beta=4 q=u8 pat=2048 bloomH=2 bloomT=30 bloomSrc=pruned,64,0.7984240688,0.9001,1961.8445,8.8400,0.0000,0.048592,0.048318;0.048592;0.048734,6.961605,143645.04,,13.31,0,6980,10,True,nid005385,59113888
SparseHNSW_Bloom2_30_b4_s0x0_p2048,M=32 efC=800 ef=50 alpha=0.85 beta=4 q=u8 pat=2048 bloomH=2 bloomT=30 bloomSrc=pruned,64,0.8116762178,0.9116,1961.8445,8.8400,0.0000,0.056701,0.056701;0.057115;0.056694,8.123352,123101.89,,13.31,0,6980,10,True,nid005385,59113888
SparseHNSW_Bloom2_30_b4_s0x0_p2048,M=32 efC=800 ef=100 alpha=0.85 beta=4 q=u8 pat=2048 bloomH=2 bloomT=30 bloomSrc=pruned,64,0.8465472779,0.9443,1961.8445,8.8400,0.0000,0.094022,0.093935;0.094077;0.094022,13.470201,74237.94,,13.31,0,6980,10,True,nid005385,59113888
SparseHNSW_Bloom2_30_b4_s0x0_p2048,M=32 efC=800 ef=200 alpha=0.85 beta=4 q=u8 pat=2048 bloomH=2 bloomT=30 bloomSrc=pruned,64,0.8795128940,0.9675,1961.8445,8.8400,0.0000,0.160411,0.160395;0.160411;0.160911,22.981519,43513.23,,13.31,0,6980,10,True,nid005385,59113888
SparseHNSW_Bloom2_30_b4_s0x0_p2048,M=32 efC=800 ef=400 alpha=0.85 beta=4 q=u8 pat=2048 bloomH=2 bloomT=30 bloomSrc=pruned,64,0.9197277937,0.9815,1961.8445,8.8400,0.0000,0.287583,0.287800;0.287583;0.287383,41.201003,24271.25,,13.31,0,6980,10,True,nid005385,59113888
SparseHNSW_Bloom2_30_b4_s0x0_p2048,M=32 efC=800 ef=800 alpha=0.85 beta=4 q=u8 pat=2048 bloomH=2 bloomT=30 bloomSrc=pruned,64,0.9561604585,0.9917,1961.8445,8.8400,0.0000,0.527377,0.528109;0.527377;0.526626,75.555444,13235.31,,13.31,0,6980,10,True,nid005385,59113888
SparseHNSW_Bloom2_30_b4_s0x0_p2048,M=32 efC=800 ef=1600 alpha=0.85 beta=4 q=u8 pat=2048 bloomH=2 bloomT=30 bloomSrc=pruned,64,0.9773638968,0.9963,1961.8445,8.8400,0.0000,0.975291,0.975470;0.974750;0.975291,139.726504,7156.84,,13.31,0,6980,10,True,nid005385,59113888
SparseHNSW_Bloom2_30_b5_s0x0_p2048,M=32 efC=800 ef=20 alpha=0.85 beta=5 q=u8 pat=2048 bloomH=2 bloomT=30 bloomSrc=pruned,64,0.8117478510,0.9116,1961.8445,8.8400,0.0000,0.057094,0.056972;0.057094;0.057414,8.179656,122254.53,,13.31,0,6980,10,True,nid005385,59113888
SparseHNSW_Bloom2_30_b5_s0x0_p2048,M=32 efC=800 ef=50 alpha=0.85 beta=5 q=u8 pat=2048 bloomH=2 bloomT=30 bloomSrc=pruned,64,0.8117478510,0.9116,1961.8445,8.8400,0.0000,0.057458,0.057407;0.057458;0.057508,8.231805,121480.04,,13.31,0,6980,10,True,nid005385,59113888
SparseHNSW_Bloom2_30_b5_s0x0_p2048,M=32 efC=800 ef=100 alpha=0.85 beta=5 q=u8 pat=2048 bloomH=2 bloomT=30 bloomSrc=pruned,64,0.8466618911,0.9443,1961.8445,8.8400,0.0000,0.094280,0.094233;0.094280;0.094664,13.507163,74034.79,,13.31,0,6980,10,True,nid005385,59113888
SparseHNSW_Bloom2_30_b5_s0x0_p2048,M=32 efC=800 ef=200 alpha=0.85 beta=5 q=u8 pat=2048 bloomH=2 bloomT=30 bloomSrc=pruned,64,0.8796275072,0.9675,1961.8445,8.8400,0.0000,0.161142,0.161142;0.161064;0.161228,23.086246,43315.83,,13.31,0,6980,10,True,nid005385,59113888
SparseHNSW_Bloom2_30_b5_s0x0_p2048,M=32 efC=800 ef=400 alpha=0.85 beta=5 q=u8 pat=2048 bloomH=2 bloomT=30 bloomSrc=pruned,64,0.9198567335,0.9815,1961.8445,8.8400,0.0000,0.288068,0.288603;0.287891;0.288068,41.270487,24230.39,,13.31,0,6980,10,True,nid005385,59113888
SparseHNSW_Bloom2_30_b5_s0x0_p2048,M=32 efC=800 ef=800 alpha=0.85 beta=5 q=u8 pat=2048 bloomH=2 bloomT=30 bloomSrc=pruned,64,0.9563037249,0.9917,1961.8445,8.8400,0.0000,0.528568,0.528611;0.528568;0.528367,75.726074,13205.49,,13.31,0,6980,10,True,nid005385,59113888
SparseHNSW_Bloom2_30_b5_s0x0_p2048,M=32 efC=800 ef=1600 alpha=0.85 beta=5 q=u8 pat=2048 bloomH=2 bloomT=30 bloomSrc=pruned,64,0.9775071633,0.9963,1961.8445,8.8400,0.0000,0.976286,0.976286;0.979014;0.975711,139.869054,7149.54,,13.31,0,6980,10,True,nid005385,59113888
SparseHNSW_Bloom2_30_b8_s0x0_p2048,M=32 efC=800 ef=20 alpha=0.85 beta=8 q=u8 pat=2048 bloomH=2 bloomT=30 bloomSrc=pruned,64,0.8357736390,0.9332,1961.8445,8.8400,0.0000,0.082146,0.081667;0.082146;0.082205,11.768768,84970.66,,13.31,0,6980,10,True,nid005385,59113888
SparseHNSW_Bloom2_30_b8_s0x0_p2048,M=32 efC=800 ef=50 alpha=0.85 beta=8 q=u8 pat=2048 bloomH=2 bloomT=30 bloomSrc=pruned,64,0.8357736390,0.9332,1961.8445,8.8400,0.0000,0.082123,0.082123;0.081916;0.082562,11.765473,84994.46,,13.31,0,6980,10,True,nid005385,59113888
SparseHNSW_Bloom2_30_b8_s0x0_p2048,M=32 efC=800 ef=100 alpha=0.85 beta=8 q=u8 pat=2048 bloomH=2 bloomT=30 bloomSrc=pruned,64,0.8467191977,0.9443,1961.8445,8.8400,0.0000,0.096614,0.096614;0.096694;0.096241,13.841547,72246.26,,13.31,0,6980,10,True,nid005385,59113888
SparseHNSW_Bloom2_30_b8_s0x0_p2048,M=32 efC=800 ef=200 alpha=0.85 beta=8 q=u8 pat=2048 bloomH=2 bloomT=30 bloomSrc=pruned,64,0.8796991404,0.9675,1961.8445,8.8400,0.0000,0.163919,0.163919;0.163690;0.164042,23.484097,42582.01,,13.31,0,6980,10,True,nid005385,59113888
SparseHNSW_Bloom2_30_b8_s0x0_p2048,M=32 efC=800 ef=400 alpha=0.85 beta=8 q=u8 pat=2048 bloomH=2 bloomT=30 bloomSrc=pruned,64,0.9199283668,0.9815,1961.8445,8.8400,0.0000,0.290900,0.290900;0.291025;0.290710,41.676218,23994.50,,13.31,0,6980,10,True,nid005385,59113888
SparseHNSW_Bloom2_30_b8_s0x0_p2048,M=32 efC=800 ef=800 alpha=0.85 beta=8 q=u8 pat=2048 bloomH=2 bloomT=30 bloomSrc=pruned,64,0.9563896848,0.9917,1961.8445,8.8400,0.0000,0.530666,0.530666;0.530483;0.530981,76.026648,13153.28,,13.31,0,6980,10,True,nid005385,59113888
SparseHNSW_Bloom2_30_b8_s0x0_p2048,M=32 efC=800 ef=1600 alpha=0.85 beta=8 q=u8 pat=2048 bloomH=2 bloomT=30 bloomSrc=pruned,64,0.9775931232,0.9963,1961.8445,8.8400,0.0000,0.979703,0.979703;0.981610;0.979291,140.358596,7124.61,,13.31,0,6980,10,True,nid005385,59113888
SparseHNSW_Bloom2_30_b12_s0x0_p2048,M=32 efC=800 ef=20 alpha=0.85 beta=12 q=u8 pat=2048 bloomH=2 bloomT=30 bloomSrc=pruned,64,0.8554727794,0.9501,1961.8445,8.8400,0.0000,0.113061,0.112807;0.113210;0.113061,16.197851,61736.58,,13.31,0,6980,10,True,nid005385,59113888
SparseHNSW_Bloom2_30_b12_s0x0_p2048,M=32 efC=800 ef=50 alpha=0.85 beta=12 q=u8 pat=2048 bloomH=2 bloomT=30 bloomSrc=pruned,64,0.8554727794,0.9501,1961.8445,8.8400,0.0000,0.113098,0.113384;0.113098;0.112728,16.203152,61716.39,,13.31,0,6980,10,True,nid005385,59113888
SparseHNSW_Bloom2_30_b12_s0x0_p2048,M=32 efC=800 ef=100 alpha=0.85 beta=12 q=u8 pat=2048 bloomH=2 bloomT=30 bloomSrc=pruned,64,0.8554727794,0.9501,1961.8445,8.8400,0.0000,0.112892,0.112391;0.112913;0.112892,16.173639,61829.00,,13.31,0,6980,10,True,nid005385,59113888
SparseHNSW_Bloom2_30_b12_s0x0_p2048,M=32 efC=800 ef=200 alpha=0.85 beta=12 q=u8 pat=2048 bloomH=2 bloomT=30 bloomSrc=pruned,64,0.8797277937,0.9675,1961.8445,8.8400,0.0000,0.166857,0.166857;0.166513;0.166958,23.905014,41832.23,,13.31,0,6980,10,True,nid005385,59113888
SparseHNSW_Bloom2_30_b12_s0x0_p2048,M=32 efC=800 ef=400 alpha=0.85 beta=12 q=u8 pat=2048 bloomH=2 bloomT=30 bloomSrc=pruned,64,0.9199570201,0.9815,1961.8445,8.8400,0.0000,0.293405,0.294010;0.293405;0.293361,42.035100,23789.64,,13.31,0,6980,10,True,nid005385,59113888
SparseHNSW_Bloom2_30_b12_s0x0_p2048,M=32 efC=800 ef=800 alpha=0.85 beta=12 q=u8 pat=2048 bloomH=2 bloomT=30 bloomSrc=pruned,64,0.9564183381,0.9917,1961.8445,8.8400,0.0000,0.533708,0.533122;0.533708;0.534551,76.462464,13078.31,,13.31,0,6980,10,True,nid005385,59113888
SparseHNSW_Bloom2_30_b12_s0x0_p2048,M=32 efC=800 ef=1600 alpha=0.85 beta=12 q=u8 pat=2048 bloomH=2 bloomT=30 bloomSrc=pruned,64,0.9776361032,0.9963,1961.8445,8.8400,0.0000,0.983173,0.983173;0.983416;0.982982,140.855731,7099.46,,13.31,0,6980,10,True,nid005385,59113888
SparseHNSW_Bloom2_30_b2_s8x4_p2048,M=32 efC=800 ef=20 alpha=0.85 beta=2 q=u8 seedT=8 seedH=8 seedS=4 pat=2048 bloomH=2 bloomT=30 bloomSrc=pruned,64,0.8305014327,0.9567,1961.8445,8.8400,0.0000,0.039830,0.039139;0.039830;0.040075,5.706304,175244.79,,13.31,0,6980,10,True,nid005385,59113888
SparseHNSW_Bloom2_30_b2_s8x4_p2048,M=32 efC=800 ef=50 alpha=0.85 beta=2 q=u8 seedT=8 seedH=8 seedS=4 pat=2048 bloomH=2 bloomT=30 bloomSrc=pruned,64,0.8483381089,0.9678,1961.8445,8.8400,0.0000,0.053517,0.053752;0.053492;0.053517,7.667192,130425.85,,13.31,0,6980,10,True,nid005385,59113888
SparseHNSW_Bloom2_30_b2_s8x4_p2048,M=32 efC=800 ef=100 alpha=0.85 beta=2 q=u8 seedT=8 seedH=8 seedS=4 pat=2048 bloomH=2 bloomT=30 bloomSrc=pruned,64,0.8730945559,0.9784,1961.8445,8.8400,0.0000,0.090982,0.091050;0.090982;0.090875,13.034670,76718.47,,13.31,0,6980,10,True,nid005385,59113888
SparseHNSW_Bloom2_30_b2_s8x4_p2048,M=32 efC=800 ef=200 alpha=0.85 beta=2 q=u8 seedT=8 seedH=8 seedS=4 pat=2048 bloomH=2 bloomT=30 bloomSrc=pruned,64,0.9082951289,0.9875,1961.8445,8.8400,0.0000,0.157457,0.157473;0.157447;0.157457,22.558309,44329.56,,13.31,0,6980,10,True,nid005385,59113888
SparseHNSW_Bloom2_30_b2_s8x4_p2048,M=32 efC=800 ef=400 alpha=0.85 beta=2 q=u8 seedT=8 seedH=8 seedS=4 pat=2048 bloomH=2 bloomT=30 bloomSrc=pruned,64,0.9455873926,0.9938,1961.8445,8.8400,0.0000,0.285802,0.285802;0.285500;0.285911,40.945845,24422.50,,13.31,0,6980,10,True,nid005385,59113888
SparseHNSW_Bloom2_30_b2_s8x4_p2048,M=32 efC=800 ef=800 alpha=0.85 beta=2 q=u8 seedT=8 seedH=8 seedS=4 pat=2048 bloomH=2 bloomT=30 bloomSrc=pruned,64,0.9707736390,0.9980,1961.8445,8.8400,0.0000,0.528368,0.528368;0.528499;0.527846,75.697421,13210.49,,13.31,0,6980,10,True,nid005385,59113888
SparseHNSW_Bloom2_30_b2_s8x4_p2048,M=32 efC=800 ef=1600 alpha=0.85 beta=2 q=u8 seedT=8 seedH=8 seedS=4 pat=2048 bloomH=2 bloomT=30 bloomSrc=pruned,64,0.9820916905,0.9993,1961.8445,8.8400,0.0000,0.978394,0.977701;0.978926;0.978394,140.171060,7134.14,,13.32,0,6980,10,True,nid005385,59113888
SparseHNSW_Bloom2_30_b3_s8x4_p2048,M=32 efC=800 ef=20 alpha=0.85 beta=3 q=u8 seedT=8 seedH=8 seedS=4 pat=2048 bloomH=2 bloomT=30 bloomSrc=pruned,64,0.8323495702,0.9567,1961.8445,8.8400,0.0000,0.040090,0.039688;0.040090;0.040365,5.743553,174108.26,,13.32,0,6980,10,True,nid005385,59113888
SparseHNSW_Bloom2_30_b3_s8x4_p2048,M=32 efC=800 ef=50 alpha=0.85 beta=3 q=u8 seedT=8 seedH=8 seedS=4 pat=2048 bloomH=2 bloomT=30 bloomSrc=pruned,64,0.8504441261,0.9678,1961.8445,8.8400,0.0000,0.054162,0.054072;0.054162;0.054447,7.759599,128872.64,,13.32,0,6980,10,True,nid005385,59113888
SparseHNSW_Bloom2_30_b3_s8x4_p2048,M=32 efC=800 ef=100 alpha=0.85 beta=3 q=u8 seedT=8 seedH=8 seedS=4 pat=2048 bloomH=2 bloomT=30 bloomSrc=pruned,64,0.8753581662,0.9784,1961.8445,8.8400,0.0000,0.091038,0.091054;0.090951;0.091038,13.042693,76671.28,,13.32,0,6980,10,True,nid005385,59113888
SparseHNSW_Bloom2_30_b3_s8x4_p2048,M=32 efC=800 ef=200 alpha=0.85 beta=3 q=u8 seedT=8 seedH=8 seedS=4 pat=2048 bloomH=2 bloomT=30 bloomSrc=pruned,64,0.9107163324,0.9875,1961.8445,8.8400,0.0000,0.158299,0.158099;0.158299;0.158429,22.678940,44093.77,,13.32,0,6980,10,True,nid005385,59113888
SparseHNSW_Bloom2_30_b3_s8x4_p2048,M=32 efC=800 ef=400 alpha=0.85 beta=3 q=u8 seedT=8 seedH=8 seedS=4 pat=2048 bloomH=2 bloomT=30 bloomSrc=pruned,64,0.9482234957,0.9938,1961.8445,8.8400,0.0000,0.286538,0.286951;0.286538;0.285905,41.051289,24359.77,,13.32,0,6980,10,True,nid005385,59113888
SparseHNSW_Bloom2_30_b3_s8x4_p2048,M=32 efC=800 ef=800 alpha=0.85 beta=3 q=u8 seedT=8 seedH=8 seedS=4 pat=2048 bloomH=2 bloomT=30 bloomSrc=pruned,64,0.9737679083,0.9980,1961.8445,8.8400,0.0000,0.528606,0.529034;0.528606;0.528422,75.731519,13204.54,,13.32,0,6980,10,True,nid005385,59113888
SparseHNSW_Bloom2_30_b3_s8x4_p2048,M=32 efC=800 ef=1600 alpha=0.85 beta=3 q=u8 seedT=8 seedH=8 seedS=4 pat=2048 bloomH=2 bloomT=30 bloomSrc=pruned,64,0.9852865330,0.9993,1961.8445,8.8400,0.0000,0.979445,0.979445;0.979940;0.977843,140.321633,7126.48,,13.32,0,6980,10,True,nid005385,59113888
SparseHNSW_Bloom2_30_b4_s8x4_p2048,M=32 efC=800 ef=20 alpha=0.85 beta=4 q=u8 seedT=8 seedH=8 seedS=4 pat=2048 bloomH=2 bloomT=30 bloomSrc=pruned,64,0.8439684814,0.9645,1961.8445,8.8400,0.0000,0.046727,0.046057;0.046915;0.046727,6.694413,149378.30,,13.32,0,6980,10,True,nid005385,59113888
SparseHNSW_Bloom2_30_b4_s8x4_p2048,M=32 efC=800 ef=50 alpha=0.85 beta=4 q=u8 seedT=8 seedH=8 seedS=4 pat=2048 bloomH=2 bloomT=30 bloomSrc=pruned,64,0.8508452722,0.9678,1961.8445,8.8400,0.0000,0.054745,0.054691;0.054893;0.054745,7.843123,127500.23,,13.32,0,6980,10,True,nid005385,59113888
SparseHNSW_Bloom2_30_b4_s8x4_p2048,M=32 efC=800 ef=100 alpha=0.85 beta=4 q=u8 seedT=8 seedH=8 seedS=4 pat=2048 bloomH=2 bloomT=30 bloomSrc=pruned,64,0.8758022923,0.9784,1961.8445,8.8400,0.0000,0.092139,0.091667;0.092139;0.092273,13.200430,75755.11,,13.32,0,6980,10,True,nid005385,59113888
SparseHNSW_Bloom2_30_b4_s8x4_p2048,M=32 efC=800 ef=200 alpha=0.85 beta=4 q=u8 seedT=8 seedH=8 seedS=4 pat=2048 bloomH=2 bloomT=30 bloomSrc=pruned,64,0.9112177650,0.9875,1961.8445,8.8400,0.0000,0.158687,0.158687;0.158598;0.158893,22.734527,43985.96,,13.32,0,6980,10,True,nid005385,59113888
SparseHNSW_Bloom2_30_b4_s8x4_p2048,M=32 efC=800 ef=400 alpha=0.85 beta=4 q=u8 seedT=8 seedH=8 seedS=4 pat=2048 bloomH=2 bloomT=30 bloomSrc=pruned,64,0.9487679083,0.9938,1961.8445,8.8400,0.0000,0.287464,0.287464;0.286916;0.287547,41.183954,24281.30,,13.32,0,6980,10,True,nid005385,59113888
SparseHNSW_Bloom2_30_b4_s8x4_p2048,M=32 efC=800 ef=800 alpha=0.85 beta=4 q=u8 seedT=8 seedH=8 seedS=4 pat=2048 bloomH=2 bloomT=30 bloomSrc=pruned,64,0.9743696275,0.9980,1961.8445,8.8400,0.0000,0.529452,0.529296;0.530516;0.529452,75.852722,13183.44,,13.32,0,6980,10,True,nid005385,59113888
SparseHNSW_Bloom2_30_b4_s8x4_p2048,M=32 efC=800 ef=1600 alpha=0.85 beta=4 q=u8 seedT=8 seedH=8 seedS=4 pat=2048 bloomH=2 bloomT=30 bloomSrc=pruned,64,0.9859455587,0.9993,1961.8445,8.8400,0.0000,0.980153,0.978941;0.980153;0.980635,140.423066,7121.34,,13.32,0,6980,10,True,nid005385,59113888
SparseHNSW_Bloom2_30_b5_s8x4_p2048,M=32 efC=800 ef=20 alpha=0.85 beta=5 q=u8 seedT=8 seedH=8 seedS=4 pat=2048 bloomH=2 bloomT=30 bloomSrc=pruned,64,0.8509169054,0.9678,1961.8445,8.8400,0.0000,0.055189,0.055120;0.055264;0.055189,7.906734,126474.48,,13.32,0,6980,10,True,nid005385,59113888
SparseHNSW_Bloom2_30_b5_s8x4_p2048,M=32 efC=800 ef=50 alpha=0.85 beta=5 q=u8 seedT=8 seedH=8 seedS=4 pat=2048 bloomH=2 bloomT=30 bloomSrc=pruned,64,0.8509169054,0.9678,1961.8445,8.8400,0.0000,0.055383,0.055375;0.055383;0.055712,7.934527,126031.45,,13.32,0,6980,10,True,nid005385,59113888
SparseHNSW_Bloom2_30_b5_s8x4_p2048,M=32 efC=800 ef=100 alpha=0.85 beta=5 q=u8 seedT=8 seedH=8 seedS=4 pat=2048 bloomH=2 bloomT=30 bloomSrc=pruned,64,0.8759169054,0.9784,1961.8445,8.8400,0.0000,0.092501,0.092501;0.092317;0.092799,13.252292,75458.64,,13.32,0,6980,10,True,nid005385,59113888
SparseHNSW_Bloom2_30_b5_s8x4_p2048,M=32 efC=800 ef=200 alpha=0.85 beta=5 q=u8 seedT=8 seedH=8 seedS=4 pat=2048 bloomH=2 bloomT=30 bloomSrc=pruned,64,0.9113467049,0.9875,1961.8445,8.8400,0.0000,0.159504,0.159504;0.159470;0.159668,22.851576,43760.66,,13.32,0,6980,10,True,nid005385,59113888
SparseHNSW_Bloom2_30_b5_s8x4_p2048,M=32 efC=800 ef=400 alpha=0.85 beta=5 q=u8 seedT=8 seedH=8 seedS=4 pat=2048 bloomH=2 bloomT=30 bloomSrc=pruned,64,0.9489111748,0.9938,1961.8445,8.8400,0.0000,0.288222,0.288778;0.288222;0.288109,41.292550,24217.44,,13.32,0,6980,10,True,nid005385,59113888
SparseHNSW_Bloom2_30_b5_s8x4_p2048,M=32 efC=800 ef=800 alpha=0.85 beta=5 q=u8 seedT=8 seedH=8 seedS=4 pat=2048 bloomH=2 bloomT=30 bloomSrc=pruned,64,0.9745272206,0.9980,1961.8445,8.8400,0.0000,0.530286,0.529630;0.530286;0.531060,75.972206,13162.71,,13.32,0,6980,10,True,nid005385,59113888
SparseHNSW_Bloom2_30_b5_s8x4_p2048,M=32 efC=800 ef=1600 alpha=0.85 beta=5 q=u8 seedT=8 seedH=8 seedS=4 pat=2048 bloomH=2 bloomT=30 bloomSrc=pruned,64,0.9861174785,0.9993,1961.8445,8.8400,0.0000,0.980217,0.979460;0.980423;0.980217,140.432235,7120.87,,13.32,0,6980,10,True,nid005385,59113888
SparseHNSW_Bloom2_30_b8_s8x4_p2048,M=32 efC=800 ef=20 alpha=0.85 beta=8 q=u8 seedT=8 seedH=8 seedS=4 pat=2048 bloomH=2 bloomT=30 bloomSrc=pruned,64,0.8674641834,0.9752,1961.8445,8.8400,0.0000,0.080051,0.079695;0.080178;0.080051,11.468625,87194.41,,13.32,0,6980,10,True,nid005385,59113888
SparseHNSW_Bloom2_30_b8_s8x4_p2048,M=32 efC=800 ef=50 alpha=0.85 beta=8 q=u8 seedT=8 seedH=8 seedS=4 pat=2048 bloomH=2 bloomT=30 bloomSrc=pruned,64,0.8674641834,0.9752,1961.8445,8.8400,0.0000,0.080243,0.080243;0.079840;0.080342,11.496132,86985.78,,13.32,0,6980,10,True,nid005385,59113888
SparseHNSW_Bloom2_30_b8_s8x4_p2048,M=32 efC=800 ef=100 alpha=0.85 beta=8 q=u8 seedT=8 seedH=8 seedS=4 pat=2048 bloomH=2 bloomT=30 bloomSrc=pruned,64,0.8759885387,0.9784,1961.8445,8.8400,0.0000,0.094620,0.094637;0.094620;0.094099,13.555874,73768.76,,13.32,0,6980,10,True,nid005385,59113888
SparseHNSW_Bloom2_30_b8_s8x4_p2048,M=32 efC=800 ef=200 alpha=0.85 beta=8 q=u8 seedT=8 seedH=8 seedS=4 pat=2048 bloomH=2 bloomT=30 bloomSrc=pruned,64,0.9114183381,0.9875,1961.8445,8.8400,0.0000,0.162127,0.162200;0.161677;0.162127,23.227364,43052.67,,13.32,0,6980,10,True,nid005385,59113888
SparseHNSW_Bloom2_30_b8_s8x4_p2048,M=32 efC=800 ef=400 alpha=0.85 beta=8 q=u8 seedT=8 seedH=8 seedS=4 pat=2048 bloomH=2 bloomT=30 bloomSrc=pruned,64,0.9489828080,0.9938,1961.8445,8.8400,0.0000,0.290509,0.290509;0.290076;0.290548,41.620201,24026.79,,13.32,0,6980,10,True,nid005385,59113888
SparseHNSW_Bloom2_30_b8_s8x4_p2048,M=32 efC=800 ef=800 alpha=0.85 beta=8 q=u8 seedT=8 seedH=8 seedS=4 pat=2048 bloomH=2 bloomT=30 bloomSrc=pruned,64,0.9746131805,0.9980,1961.8445,8.8400,0.0000,0.532451,0.532918;0.532451;0.531312,76.282378,13109.19,,13.32,0,6980,10,True,nid005385,59113888
SparseHNSW_Bloom2_30_b8_s8x4_p2048,M=32 efC=800 ef=1600 alpha=0.85 beta=8 q=u8 seedT=8 seedH=8 seedS=4 pat=2048 bloomH=2 bloomT=30 bloomSrc=pruned,64,0.9862034384,0.9993,1961.8445,8.8400,0.0000,0.983393,0.981909;0.983866;0.983393,140.887249,7097.87,,13.32,0,6980,10,True,nid005385,59113888
SparseHNSW_Bloom2_30_b12_s8x4_p2048,M=32 efC=800 ef=20 alpha=0.85 beta=12 q=u8 seedT=8 seedH=8 seedS=4 pat=2048 bloomH=2 bloomT=30 bloomSrc=pruned,64,0.8836103152,0.9817,1961.8445,8.8400,0.0000,0.110916,0.111159;0.110541;0.110916,15.890544,62930.51,,13.32,0,6980,10,True,nid005385,59113888
SparseHNSW_Bloom2_30_b12_s8x4_p2048,M=32 efC=800 ef=50 alpha=0.85 beta=12 q=u8 seedT=8 seedH=8 seedS=4 pat=2048 bloomH=2 bloomT=30 bloomSrc=pruned,64,0.8836103152,0.9817,1961.8445,8.8400,0.0000,0.110624,0.110454;0.110624;0.110658,15.848711,63096.62,,13.32,0,6980,10,True,nid005385,59113888
SparseHNSW_Bloom2_30_b12_s8x4_p2048,M=32 efC=800 ef=100 alpha=0.85 beta=12 q=u8 seedT=8 seedH=8 seedS=4 pat=2048 bloomH=2 bloomT=30 bloomSrc=pruned,64,0.8836103152,0.9817,1961.8445,8.8400,0.0000,0.110935,0.110710;0.110935;0.111011,15.893266,62919.73,,13.32,0,6980,10,True,nid005385,59113888
SparseHNSW_Bloom2_30_b12_s8x4_p2048,M=32 efC=800 ef=200 alpha=0.85 beta=12 q=u8 seedT=8 seedH=8 seedS=4 pat=2048 bloomH=2 bloomT=30 bloomSrc=pruned,64,0.9114469914,0.9875,1961.8445,8.8400,0.0000,0.164813,0.164927;0.164813;0.164739,23.612178,42351.03,,13.32,0,6980,10,True,nid005385,59113888
SparseHNSW_Bloom2_30_b12_s8x4_p2048,M=32 efC=800 ef=400 alpha=0.85 beta=12 q=u8 seedT=8 seedH=8 seedS=4 pat=2048 bloomH=2 bloomT=30 bloomSrc=pruned,64,0.9490114613,0.9938,1961.8445,8.8400,0.0000,0.293594,0.293211;0.293594;0.294243,42.062178,23774.33,,13.32,0,6980,10,True,nid005385,59113888
SparseHNSW_Bloom2_30_b12_s8x4_p2048,M=32 efC=800 ef=800 alpha=0.85 beta=12 q=u8 seedT=8 seedH=8 seedS=4 pat=2048 bloomH=2 bloomT=30 bloomSrc=pruned,64,0.9746418338,0.9980,1961.8445,8.8400,0.0000,0.535331,0.536342;0.535331;0.535091,76.694986,13038.66,,13.32,0,6980,10,True,nid005385,59113888
SparseHNSW_Bloom2_30_b12_s8x4_p2048,M=32 efC=800 ef=1600 alpha=0.85 beta=12 q=u8 seedT=8 seedH=8 seedS=4 pat=2048 bloomH=2 bloomT=30 bloomSrc=pruned,64,0.9862464183,0.9993,1961.8445,8.8400,0.0000,0.985824,0.986120;0.985824;0.984990,141.235530,7080.37,,13.32,0,6980,10,True,nid005385,59113888
SparseHNSW_Bloom2_30_b2_s0x0_p0,M=32 efC=1600 ef=20 alpha=0.85 beta=2 q=u8 bloomH=2 bloomT=30 bloomSrc=pruned,64,0.7508166189,0.8626,3692.6199,8.7192,0.0000,0.030669,0.029941;0.030669;0.031054,4.393840,227591.38,,13.24,0,6980,10,True,nid006293,59116836
SparseHNSW_Bloom2_30_b2_s0x0_p0,M=32 efC=1600 ef=50 alpha=0.85 beta=2 q=u8 bloomH=2 bloomT=30 bloomSrc=pruned,64,0.8181805158,0.9222,3692.6199,8.7192,0.0000,0.058414,0.058414;0.058199;0.058498,8.368768,119491.90,,13.24,0,6980,10,True,nid006293,59116836
SparseHNSW_Bloom2_30_b2_s0x0_p0,M=32 efC=1600 ef=100 alpha=0.85 beta=2 q=u8 bloomH=2 bloomT=30 bloomSrc=pruned,64,0.8490114613,0.9501,3692.6199,8.7192,0.0000,0.097825,0.097825;0.097791;0.098196,14.015043,71351.90,,13.24,0,6980,10,True,nid006293,59116836
SparseHNSW_Bloom2_30_b2_s0x0_p0,M=32 efC=1600 ef=200 alpha=0.85 beta=2 q=u8 bloomH=2 bloomT=30 bloomSrc=pruned,64,0.8800143266,0.9718,3692.6199,8.7192,0.0000,0.169547,0.170034;0.169357;0.169547,24.290401,41168.53,,13.24,0,6980,10,True,nid006293,59116836
SparseHNSW_Bloom2_30_b2_s0x0_p0,M=32 efC=1600 ef=400 alpha=0.85 beta=2 q=u8 bloomH=2 bloomT=30 bloomSrc=pruned,64,0.9175358166,0.9837,3692.6199,8.7192,0.0000,0.304377,0.304377;0.304776;0.303940,43.607020,22932.09,,13.24,0,6980,10,True,nid006293,59116836
SparseHNSW_Bloom2_30_b2_s0x0_p0,M=32 efC=1600 ef=800 alpha=0.85 beta=2 q=u8 bloomH=2 bloomT=30 bloomSrc=pruned,64,0.9550859599,0.9927,3692.6199,8.7192,0.0000,0.561155,0.561048;0.561155;0.562816,80.394699,12438.63,,13.24,0,6980,10,True,nid006293,59116836
SparseHNSW_Bloom2_30_b2_s0x0_p0,M=32 efC=1600 ef=1600 alpha=0.85 beta=2 q=u8 bloomH=2 bloomT=30 bloomSrc=pruned,64,0.9761747851,0.9958,3692.6199,8.7192,0.0000,1.043954,1.043954;1.042301;1.044359,149.563610,6686.12,,13.31,0,6980,10,True,nid006293,59116836
SparseHNSW_Bloom2_30_b2_s0x0_p0,M=32 efC=1600 ef=3200 alpha=0.85 beta=2 q=u8 bloomH=2 bloomT=30 bloomSrc=pruned,64,0.9862464183,0.9986,3692.6199,8.7192,0.0000,1.914446,1.913878;1.914446;1.915806,274.275931,3645.96,,13.36,0,6980,10,True,nid006293,59116836
SparseHNSW_Bloom2_30_b2_s0x0_p0,M=32 efC=1600 ef=6400 alpha=0.85 beta=2 q=u8 bloomH=2 bloomT=30 bloomSrc=pruned,64,0.9909312321,0.9997,3692.6199,8.7192,0.0000,3.494620,3.491750;3.497213;3.494620,500.661891,1997.36,,13.39,0,6980,10,True,nid006293,59116836
SparseHNSW_Bloom2_30_b3_s0x0_p0,M=32 efC=1600 ef=20 alpha=0.85 beta=3 q=u8 bloomH=2 bloomT=30 bloomSrc=pruned,64,0.7891690544,0.8950,3692.6199,8.7192,0.0000,0.041263,0.040749;0.041263;0.041411,5.911605,169158.81,,13.39,0,6980,10,True,nid006293,59116836
SparseHNSW_Bloom2_30_b3_s0x0_p0,M=32 efC=1600 ef=50 alpha=0.85 beta=3 q=u8 bloomH=2 bloomT=30 bloomSrc=pruned,64,0.8202865330,0.9222,3692.6199,8.7192,0.0000,0.059184,0.059198;0.058804;0.059184,8.479083,117937.28,,13.39,0,6980,10,True,nid006293,59116836
SparseHNSW_Bloom2_30_b3_s0x0_p0,M=32 efC=1600 ef=100 alpha=0.85 beta=3 q=u8 bloomH=2 bloomT=30 bloomSrc=pruned,64,0.8512893983,0.9501,3692.6199,8.7192,0.0000,0.098731,0.098971;0.098444;0.098731,14.144842,70697.15,,13.39,0,6980,10,True,nid006293,59116836
SparseHNSW_Bloom2_30_b3_s0x0_p0,M=32 efC=1600 ef=200 alpha=0.85 beta=3 q=u8 bloomH=2 bloomT=30 bloomSrc=pruned,64,0.8823925501,0.9718,3692.6199,8.7192,0.0000,0.170013,0.170068;0.169817;0.170013,24.357163,41055.68,,13.39,0,6980,10,True,nid006293,59116836
SparseHNSW_Bloom2_30_b3_s0x0_p0,M=32 efC=1600 ef=400 alpha=0.85 beta=3 q=u8 bloomH=2 bloomT=30 bloomSrc=pruned,64,0.9201002865,0.9837,3692.6199,8.7192,0.0000,0.305478,0.305726;0.305478;0.305284,43.764756,22849.44,,13.39,0,6980,10,True,nid006293,59116836
SparseHNSW_Bloom2_30_b3_s0x0_p0,M=32 efC=1600 ef=800 alpha=0.85 beta=3 q=u8 bloomH=2 bloomT=30 bloomSrc=pruned,64,0.9579656160,0.9927,3692.6199,8.7192,0.0000,0.561785,0.561651;0.561785;0.562386,80.484957,12424.68,,13.39,0,6980,10,True,nid006293,59116836
SparseHNSW_Bloom2_30_b3_s0x0_p0,M=32 efC=1600 ef=1600 alpha=0.85 beta=3 q=u8 bloomH=2 bloomT=30 bloomSrc=pruned,64,0.9793982808,0.9958,3692.6199,8.7192,0.0000,1.043611,1.043645;1.042687;1.043611,149.514470,6688.32,,13.39,0,6980,10,True,nid006293,59116836
SparseHNSW_Bloom2_30_b3_s0x0_p0,M=32 efC=1600 ef=3200 alpha=0.85 beta=3 q=u8 bloomH=2 bloomT=30 bloomSrc=pruned,64,0.9896131805,0.9986,3692.6199,8.7192,0.0000,1.917644,1.917644;1.941151;1.916202,274.734097,3639.88,,13.39,0,6980,10,True,nid006293,59116836
SparseHNSW_Bloom2_30_b3_s0x0_p0,M=32 efC=1600 ef=6400 alpha=0.85 beta=3 q=u8 bloomH=2 bloomT=30 bloomSrc=pruned,64,0.9943409742,0.9997,3692.6199,8.7192,0.0000,3.496611,3.496611;3.494014;3.498895,500.947135,1996.22,,13.39,0,6980,10,True,nid006293,59116836
SparseHNSW_Bloom2_30_b4_s0x0_p0,M=32 efC=1600 ef=20 alpha=0.85 beta=4 q=u8 bloomH=2 bloomT=30 bloomSrc=pruned,64,0.8077793696,0.9112,3692.6199,8.7192,0.0000,0.050626,0.050581;0.050657;0.050626,7.253009,137873.82,,13.39,0,6980,10,True,nid006293,59116836
SparseHNSW_Bloom2_30_b4_s0x0_p0,M=32 efC=1600 ef=50 alpha=0.85 beta=4 q=u8 bloomH=2 bloomT=30 bloomSrc=pruned,64,0.8206733524,0.9222,3692.6199,8.7192,0.0000,0.059397,0.059203;0.059397;0.059665,8.509599,117514.35,,13.39,0,6980,10,True,nid006293,59116836
SparseHNSW_Bloom2_30_b4_s0x0_p0,M=32 efC=1600 ef=100 alpha=0.85 beta=4 q=u8 bloomH=2 bloomT=30 bloomSrc=pruned,64,0.8517048711,0.9501,3692.6199,8.7192,0.0000,0.098946,0.099241;0.098946;0.098767,14.175645,70543.53,,13.39,0,6980,10,True,nid006293,59116836
SparseHNSW_Bloom2_30_b4_s0x0_p0,M=32 efC=1600 ef=200 alpha=0.85 beta=4 q=u8 bloomH=2 bloomT=30 bloomSrc=pruned,64,0.8829226361,0.9718,3692.6199,8.7192,0.0000,0.170731,0.170758;0.170643;0.170731,24.460029,40883.03,,13.39,0,6980,10,True,nid006293,59116836
SparseHNSW_Bloom2_30_b4_s0x0_p0,M=32 efC=1600 ef=400 alpha=0.85 beta=4 q=u8 bloomH=2 bloomT=30 bloomSrc=pruned,64,0.9206590258,0.9837,3692.6199,8.7192,0.0000,0.306745,0.306781;0.306745;0.305905,43.946275,22755.06,,13.39,0,6980,10,True,nid006293,59116836
SparseHNSW_Bloom2_30_b4_s0x0_p0,M=32 efC=1600 ef=800 alpha=0.85 beta=4 q=u8 bloomH=2 bloomT=30 bloomSrc=pruned,64,0.9585530086,0.9927,3692.6199,8.7192,0.0000,0.562890,0.563673;0.562890;0.562669,80.643266,12400.29,,13.39,0,6980,10,True,nid006293,59116836
SparseHNSW_Bloom2_30_b4_s0x0_p0,M=32 efC=1600 ef=1600 alpha=0.85 beta=4 q=u8 bloomH=2 bloomT=30 bloomSrc=pruned,64,0.9800573066,0.9958,3692.6199,8.7192,0.0000,1.044877,1.044941;1.044877;1.044291,149.695845,6680.21,,13.39,0,6980,10,True,nid006293,59116836
SparseHNSW_Bloom2_30_b4_s0x0_p0,M=32 efC=1600 ef=3200 alpha=0.85 beta=4 q=u8 bloomH=2 bloomT=30 bloomSrc=pruned,64,0.9902865330,0.9986,3692.6199,8.7192,0.0000,1.917800,1.919073;1.917472;1.917800,274.756447,3639.59,,13.39,0,6980,10,True,nid006293,59116836
SparseHNSW_Bloom2_30_b4_s0x0_p0,M=32 efC=1600 ef=6400 alpha=0.85 beta=4 q=u8 bloomH=2 bloomT=30 bloomSrc=pruned,64,0.9950143266,0.9997,3692.6199,8.7192,0.0000,3.498303,3.498303;3.497123;3.499900,501.189542,1995.25,,13.39,0,6980,10,True,nid006293,59116836
SparseHNSW_Bloom2_30_b5_s0x0_p0,M=32 efC=1600 ef=20 alpha=0.85 beta=5 q=u8 bloomH=2 bloomT=30 bloomSrc=pruned,64,0.8207593123,0.9222,3692.6199,8.7192,0.0000,0.059782,0.059489;0.059888;0.059782,8.564756,116757.55,,13.39,0,6980,10,True,nid006293,59116836
SparseHNSW_Bloom2_30_b5_s0x0_p0,M=32 efC=1600 ef=50 alpha=0.85 beta=5 q=u8 bloomH=2 bloomT=30 bloomSrc=pruned,64,0.8207593123,0.9222,3692.6199,8.7192,0.0000,0.059761,0.059548;0.059797;0.059761,8.561748,116798.58,,13.39,0,6980,10,True,nid006293,59116836
SparseHNSW_Bloom2_30_b5_s0x0_p0,M=32 efC=1600 ef=100 alpha=0.85 beta=5 q=u8 bloomH=2 bloomT=30 bloomSrc=pruned,64,0.8518194842,0.9501,3692.6199,8.7192,0.0000,0.099434,0.099434;0.099491;0.099313,14.245559,70197.32,,13.39,0,6980,10,True,nid006293,59116836
SparseHNSW_Bloom2_30_b5_s0x0_p0,M=32 efC=1600 ef=200 alpha=0.85 beta=5 q=u8 bloomH=2 bloomT=30 bloomSrc=pruned,64,0.8830372493,0.9718,3692.6199,8.7192,0.0000,0.171102,0.170765;0.171102;0.171522,24.513181,40794.38,,13.39,0,6980,10,True,nid006293,59116836
SparseHNSW_Bloom2_30_b5_s0x0_p0,M=32 efC=1600 ef=400 alpha=0.85 beta=5 q=u8 bloomH=2 bloomT=30 bloomSrc=pruned,64,0.9207879656,0.9837,3692.6199,8.7192,0.0000,0.306407,0.306267;0.306757;0.306407,43.897851,22780.16,,13.39,0,6980,10,True,nid006293,59116836
SparseHNSW_Bloom2_30_b5_s0x0_p0,M=32 efC=1600 ef=800 alpha=0.85 beta=5 q=u8 bloomH=2 bloomT=30 bloomSrc=pruned,64,0.9586962751,0.9927,3692.6199,8.7192,0.0000,0.563260,0.563562;0.563260;0.562993,80.696275,12392.15,,13.39,0,6980,10,True,nid006293,59116836
SparseHNSW_Bloom2_30_b5_s0x0_p0,M=32 efC=1600 ef=1600 alpha=0.85 beta=5 q=u8 bloomH=2 bloomT=30 bloomSrc=pruned,64,0.9802148997,0.9958,3692.6199,8.7192,0.0000,1.045310,1.045310;1.043745;1.045607,149.757880,6677.44,,13.39,0,6980,10,True,nid006293,59116836
SparseHNSW_Bloom2_30_b5_s0x0_p0,M=32 efC=1600 ef=3200 alpha=0.85 beta=5 q=u8 bloomH=2 bloomT=30 bloomSrc=pruned,64,0.9904441261,0.9986,3692.6199,8.7192,0.0000,1.918087,1.918305;1.917835;1.918087,274.797564,3639.04,,13.39,0,6980,10,True,nid006293,59116836
SparseHNSW_Bloom2_30_b5_s0x0_p0,M=32 efC=1600 ef=6400 alpha=0.85 beta=5 q=u8 bloomH=2 bloomT=30 bloomSrc=pruned,64,0.9951719198,0.9997,3692.6199,8.7192,0.0000,3.496014,3.498132;3.496014;3.495396,500.861605,1996.56,,13.39,0,6980,10,True,nid006293,59116836
SparseHNSW_Bloom2_30_b8_s0x0_p0,M=32 efC=1600 ef=20 alpha=0.85 beta=8 q=u8 bloomH=2 bloomT=30 bloomSrc=pruned,64,0.8423495702,0.9413,3692.6199,8.7192,0.0000,0.085803,0.086144;0.085803;0.085776,12.292693,81349.14,,13.39,0,6980,10,True,nid006293,59116836
SparseHNSW_Bloom2_30_b8_s0x0_p0,M=32 efC=1600 ef=50 alpha=0.85 beta=8 q=u8 bloomH=2 bloomT=30 bloomSrc=pruned,64,0.8423495702,0.9413,3692.6199,8.7192,0.0000,0.086039,0.085735;0.086039;0.086087,12.326504,81126.00,,13.39,0,6980,10,True,nid006293,59116836
SparseHNSW_Bloom2_30_b8_s0x0_p0,M=32 efC=1600 ef=100 alpha=0.85 beta=8 q=u8 bloomH=2 bloomT=30 bloomSrc=pruned,64,0.8518767908,0.9501,3692.6199,8.7192,0.0000,0.101138,0.101138;0.101733;0.100987,14.489685,69014.61,,13.39,0,6980,10,True,nid006293,59116836
SparseHNSW_Bloom2_30_b8_s0x0_p0,M=32 efC=1600 ef=200 alpha=0.85 beta=8 q=u8 bloomH=2 bloomT=30 bloomSrc=pruned,64,0.8831088825,0.9718,3692.6199,8.7192,0.0000,0.173193,0.173193;0.173465;0.173174,24.812751,40301.86,,13.39,0,6980,10,True,nid006293,59116836
SparseHNSW_Bloom2_30_b8_s0x0_p0,M=32 efC=1600 ef=400 alpha=0.85 beta=8 q=u8 bloomH=2 bloomT=30 bloomSrc=pruned,64,0.9208595989,0.9837,3692.6199,8.7192,0.0000,0.308654,0.308639;0.308867;0.308654,44.219771,22614.32,,13.39,0,6980,10,True,nid006293,59116836
SparseHNSW_Bloom2_30_b8_s0x0_p0,M=32 efC=1600 ef=800 alpha=0.85 beta=8 q=u8 bloomH=2 bloomT=30 bloomSrc=pruned,64,0.9587965616,0.9927,3692.6199,8.7192,0.0000,0.565103,0.564959;0.565430;0.565103,80.960315,12351.73,,13.39,0,6980,10,True,nid006293,59116836
SparseHNSW_Bloom2_30_b8_s0x0_p0,M=32 efC=1600 ef=1600 alpha=0.85 beta=8 q=u8 bloomH=2 bloomT=30 bloomSrc=pruned,64,0.9803151862,0.9958,3692.6199,8.7192,0.0000,1.047273,1.046880;1.047273;1.047681,150.039112,6664.93,,13.39,0,6980,10,True,nid006293,59116836
SparseHNSW_Bloom2_30_b8_s0x0_p0,M=32 efC=1600 ef=3200 alpha=0.85 beta=8 q=u8 bloomH=2 bloomT=30 bloomSrc=pruned,64,0.9905444126,0.9986,3692.6199,8.7192,0.0000,1.920895,1.918538;1.920895;1.921184,275.199857,3633.72,,13.39,0,6980,10,True,nid006293,59116836
SparseHNSW_Bloom2_30_b8_s0x0_p0,M=32 efC=1600 ef=6400 alpha=0.85 beta=8 q=u8 bloomH=2 bloomT=30 bloomSrc=pruned,64,0.9952722063,0.9997,3692.6199,8.7192,0.0000,3.501705,3.501705;3.499817;3.504942,501.676934,1993.31,,13.39,0,6980,10,True,nid006293,59116836
SparseHNSW_Bloom2_30_b12_s0x0_p0,M=32 efC=1600 ef=20 alpha=0.85 beta=12 q=u8 bloomH=2 bloomT=30 bloomSrc=pruned,64,0.8594555874,0.9560,3692.6199,8.7192,0.0000,0.118774,0.118666;0.118947;0.118774,17.016332,58767.07,,13.39,0,6980,10,True,nid006293,59116836
SparseHNSW_Bloom2_30_b12_s0x0_p0,M=32 efC=1600 ef=50 alpha=0.85 beta=12 q=u8 bloomH=2 bloomT=30 bloomSrc=pruned,64,0.8594555874,0.9560,3692.6199,8.7192,0.0000,0.118656,0.118932;0.118656;0.118652,16.999427,58825.51,,13.39,0,6980,10,True,nid006293,59116836
SparseHNSW_Bloom2_30_b12_s0x0_p0,M=32 efC=1600 ef=100 alpha=0.85 beta=12 q=u8 bloomH=2 bloomT=30 bloomSrc=pruned,64,0.8594555874,0.9560,3692.6199,8.7192,0.0000,0.118752,0.118819;0.118752;0.118265,17.013181,58777.96,,13.39,0,6980,10,True,nid006293,59116836
SparseHNSW_Bloom2_30_b12_s0x0_p0,M=32 efC=1600 ef=200 alpha=0.85 beta=12 q=u8 bloomH=2 bloomT=30 bloomSrc=pruned,64,0.8831375358,0.9718,3692.6199,8.7192,0.0000,0.175884,0.175503;0.175884;0.176016,25.198281,39685.25,,13.39,0,6980,10,True,nid006293,59116836
SparseHNSW_Bloom2_30_b12_s0x0_p0,M=32 efC=1600 ef=400 alpha=0.85 beta=12 q=u8 bloomH=2 bloomT=30 bloomSrc=pruned,64,0.9208882521,0.9837,3692.6199,8.7192,0.0000,0.311630,0.311784;0.311630;0.311219,44.646132,22398.36,,13.39,0,6980,10,True,nid006293,59116836
SparseHNSW_Bloom2_30_b12_s0x0_p0,M=32 efC=1600 ef=800 alpha=0.85 beta=12 q=u8 bloomH=2 bloomT=30 bloomSrc=pruned,64,0.9588252149,0.9927,3692.6199,8.7192,0.0000,0.568617,0.568617;0.568535;0.569093,81.463754,12275.40,,13.39,0,6980,10,True,nid006293,59116836
SparseHNSW_Bloom2_30_b12_s0x0_p0,M=32 efC=1600 ef=1600 alpha=0.85 beta=12 q=u8 bloomH=2 bloomT=30 bloomSrc=pruned,64,0.9803581662,0.9958,3692.6199,8.7192,0.0000,1.050802,1.050802;1.051091;1.050726,150.544699,6642.55,,13.39,0,6980,10,True,nid006293,59116836
SparseHNSW_Bloom2_30_b12_s0x0_p0,M=32 efC=1600 ef=3200 alpha=0.85 beta=12 q=u8 bloomH=2 bloomT=30 bloomSrc=pruned,64,0.9905873926,0.9986,3692.6199,8.7192,0.0000,1.924328,1.923547;1.924328;1.925180,275.691691,3627.24,,13.39,0,6980,10,True,nid006293,59116836
SparseHNSW_Bloom2_30_b12_s0x0_p0,M=32 efC=1600 ef=6400 alpha=0.85 beta=12 q=u8 bloomH=2 bloomT=30 bloomSrc=pruned,64,0.9953151862,0.9997,3692.6199,8.7192,0.0000,3.504352,3.500529;3.506139;3.504352,502.056160,1991.81,,13.40,0,6980,10,True,nid006293,59116836
SparseHNSW_Bloom2_30_b16_s0x0_p0,M=32 efC=1600 ef=20 alpha=0.85 beta=16 q=u8 bloomH=2 bloomT=30 bloomSrc=pruned,64,0.8717908309,0.9642,3692.6199,8.7192,0.0000,0.149513,0.149524;0.149513;0.149296,21.420201,46684.90,,13.40,0,6980,10,True,nid006293,59116836
SparseHNSW_Bloom2_30_b16_s0x0_p0,M=32 efC=1600 ef=50 alpha=0.85 beta=16 q=u8 bloomH=2 bloomT=30 bloomSrc=pruned,64,0.8717908309,0.9642,3692.6199,8.7192,0.0000,0.149235,0.149081;0.149235;0.149481,21.380372,46771.87,,13.40,0,6980,10,True,nid006293,59116836
SparseHNSW_Bloom2_30_b16_s0x0_p0,M=32 efC=1600 ef=100 alpha=0.85 beta=16 q=u8 bloomH=2 bloomT=30 bloomSrc=pruned,64,0.8717908309,0.9642,3692.6199,8.7192,0.0000,0.149121,0.149259;0.149022;0.149121,21.364040,46807.63,,13.40,0,6980,10,True,nid006293,59116836
SparseHNSW_Bloom2_30_b16_s0x0_p0,M=32 efC=1600 ef=200 alpha=0.85 beta=16 q=u8 bloomH=2 bloomT=30 bloomSrc=pruned,64,0.8831375358,0.9718,3692.6199,8.7192,0.0000,0.177751,0.177751;0.176932;0.177940,25.465759,39268.41,,13.40,0,6980,10,True,nid006293,59116836
SparseHNSW_Bloom2_30_b16_s0x0_p0,M=32 efC=1600 ef=400 alpha=0.85 beta=16 q=u8 bloomH=2 bloomT=30 bloomSrc=pruned,64,0.9208882521,0.9837,3692.6199,8.7192,0.0000,0.312696,0.312722;0.312677;0.312696,44.798854,22322.00,,13.40,0,6980,10,True,nid006293,59116836
SparseHNSW_Bloom2_30_b16_s0x0_p0,M=32 efC=1600 ef=800 alpha=0.85 beta=16 q=u8 bloomH=2 bloomT=30 bloomSrc=pruned,64,0.9588252149,0.9927,3692.6199,8.7192,0.0000,0.569045,0.570422;0.569035;0.569045,81.525072,12266.17,,13.40,0,6980,10,True,nid006293,59116836
SparseHNSW_Bloom2_30_b16_s0x0_p0,M=32 efC=1600 ef=1600 alpha=0.85 beta=16 q=u8 bloomH=2 bloomT=30 bloomSrc=pruned,64,0.9803581662,0.9958,3692.6199,8.7192,0.0000,1.051049,1.051011;1.051795;1.051049,150.580086,6640.98,,13.40,0,6980,10,True,nid006293,59116836
SparseHNSW_Bloom2_30_b16_s0x0_p0,M=32 efC=1600 ef=3200 alpha=0.85 beta=16 q=u8 bloomH=2 bloomT=30 bloomSrc=pruned,64,0.9905873926,0.9986,3692.6199,8.7192,0.0000,1.928722,1.943590;1.928722;1.926740,276.321203,3618.98,,13.40,0,6980,10,True,nid006293,59116836
SparseHNSW_Bloom2_30_b16_s0x0_p0,M=32 efC=1600 ef=6400 alpha=0.85 beta=16 q=u8 bloomH=2 bloomT=30 bloomSrc=pruned,64,0.9953151862,0.9997,3692.6199,8.7192,0.0000,3.504672,3.504610;3.504672;3.506128,502.102006,1991.63,,13.41,0,6980,10,True,nid006293,59116836
SparseHNSW_Bloom2_30_b2_s8x4_p0,M=32 efC=1600 ef=20 alpha=0.85 beta=2 q=u8 seedT=8 seedH=8 seedS=4 bloomH=2 bloomT=30 bloomSrc=pruned,64,0.8331518625,0.9596,3692.6199,8.7192,0.0000,0.041156,0.040339;0.041156;0.041302,5.896275,169598.60,,13.41,0,6980,10,True,nid006293,59116836
SparseHNSW_Bloom2_30_b2_s8x4_p0,M=32 efC=1600 ef=50 alpha=0.85 beta=2 q=u8 seedT=8 seedH=8 seedS=4 bloomH=2 bloomT=30 bloomSrc=pruned,64,0.8501719198,0.9692,3692.6199,8.7192,0.0000,0.055778,0.055778;0.056028;0.055621,7.991117,125138.94,,13.41,0,6980,10,True,nid006293,59116836
SparseHNSW_Bloom2_30_b2_s8x4_p0,M=32 efC=1600 ef=100 alpha=0.85 beta=2 q=u8 seedT=8 seedH=8 seedS=4 bloomH=2 bloomT=30 bloomSrc=pruned,64,0.8758452722,0.9809,3692.6199,8.7192,0.0000,0.094860,0.094860;0.095074;0.094858,13.590258,73582.12,,13.41,0,6980,10,True,nid006293,59116836
SparseHNSW_Bloom2_30_b2_s8x4_p0,M=32 efC=1600 ef=200 alpha=0.85 beta=2 q=u8 seedT=8 seedH=8 seedS=4 bloomH=2 bloomT=30 bloomSrc=pruned,64,0.9095702006,0.9900,3692.6199,8.7192,0.0000,0.167661,0.167438;0.167661;0.167882,24.020201,41631.63,,13.41,0,6980,10,True,nid006293,59116836
SparseHNSW_Bloom2_30_b2_s8x4_p0,M=32 efC=1600 ef=400 alpha=0.85 beta=2 q=u8 seedT=8 seedH=8 seedS=4 bloomH=2 bloomT=30 bloomSrc=pruned,64,0.9483810888,0.9951,3692.6199,8.7192,0.0000,0.305072,0.305096;0.305072;0.304932,43.706590,22879.84,,13.41,0,6980,10,True,nid006293,59116836
SparseHNSW_Bloom2_30_b2_s8x4_p0,M=32 efC=1600 ef=800 alpha=0.85 beta=2 q=u8 seedT=8 seedH=8 seedS=4 bloomH=2 bloomT=30 bloomSrc=pruned,64,0.9738825215,0.9984,3692.6199,8.7192,0.0000,0.563553,0.563553;0.563573;0.562739,80.738252,12385.70,,13.41,0,6980,10,True,nid006293,59116836
SparseHNSW_Bloom2_30_b2_s8x4_p0,M=32 efC=1600 ef=1600 alpha=0.85 beta=2 q=u8 seedT=8 seedH=8 seedS=4 bloomH=2 bloomT=30 bloomSrc=pruned,64,0.9842550143,0.9991,3692.6199,8.7192,0.0000,1.046445,1.046801;1.046212;1.046445,149.920487,6670.20,,13.41,0,6980,10,True,nid006293,59116836
SparseHNSW_Bloom2_30_b2_s8x4_p0,M=32 efC=1600 ef=3200 alpha=0.85 beta=2 q=u8 seedT=8 seedH=8 seedS=4 bloomH=2 bloomT=30 bloomSrc=pruned,64,0.9896848138,1.0000,3692.6199,8.7192,0.0000,1.920556,1.919635;1.920556;1.920649,275.151289,3634.36,,13.41,0,6980,10,True,nid006293,59116836
SparseHNSW_Bloom2_30_b2_s8x4_p0,M=32 efC=1600 ef=6400 alpha=0.85 beta=2 q=u8 seedT=8 seedH=8 seedS=4 bloomH=2 bloomT=30 bloomSrc=pruned,64,0.9921776504,1.0000,3692.6199,8.7192,0.0000,3.497947,3.499057;3.497947;3.497567,501.138539,1995.46,,13.42,0,6980,10,True,nid006293,59116836
SparseHNSW_Bloom2_30_b3_s8x4_p0,M=32 efC=1600 ef=20 alpha=0.85 beta=3 q=u8 seedT=8 seedH=8 seedS=4 bloomH=2 bloomT=30 bloomSrc=pruned,64,0.8351146132,0.9597,3692.6199,8.7192,0.0000,0.041914,0.041061;0.041995;0.041914,6.004871,166531.47,,13.42,0,6980,10,True,nid006293,59116836
SparseHNSW_Bloom2_30_b3_s8x4_p0,M=32 efC=1600 ef=50 alpha=0.85 beta=3 q=u8 seedT=8 seedH=8 seedS=4 bloomH=2 bloomT=30 bloomSrc=pruned,64,0.8523495702,0.9692,3692.6199,8.7192,0.0000,0.056583,0.056716;0.056583;0.056438,8.106447,123358.61,,13.42,0,6980,10,True,nid006293,59116836
SparseHNSW_Bloom2_30_b3_s8x4_p0,M=32 efC=1600 ef=100 alpha=0.85 beta=3 q=u8 seedT=8 seedH=8 seedS=4 bloomH=2 bloomT=30 bloomSrc=pruned,64,0.8781518625,0.9809,3692.6199,8.7192,0.0000,0.095649,0.095649;0.095810;0.095596,13.703295,72975.15,,13.42,0,6980,10,True,nid006293,59116836
SparseHNSW_Bloom2_30_b3_s8x4_p0,M=32 efC=1600 ef=200 alpha=0.85 beta=3 q=u8 seedT=8 seedH=8 seedS=4 bloomH=2 bloomT=30 bloomSrc=pruned,64,0.9120487106,0.9900,3692.6199,8.7192,0.0000,0.168101,0.168101;0.168096;0.168226,24.083238,41522.66,,13.42,0,6980,10,True,nid006293,59116836
SparseHNSW_Bloom2_30_b3_s8x4_p0,M=32 efC=1600 ef=400 alpha=0.85 beta=3 q=u8 seedT=8 seedH=8 seedS=4 bloomH=2 bloomT=30 bloomSrc=pruned,64,0.9509885387,0.9951,3692.6199,8.7192,0.0000,0.306002,0.305886;0.306002;0.306209,43.839828,22810.31,,13.42,0,6980,10,True,nid006293,59116836
SparseHNSW_Bloom2_30_b3_s8x4_p0,M=32 efC=1600 ef=800 alpha=0.85 beta=3 q=u8 seedT=8 seedH=8 seedS=4 bloomH=2 bloomT=30 bloomSrc=pruned,64,0.9768767908,0.9984,3692.6199,8.7192,0.0000,0.564540,0.564708;0.563795;0.564540,80.879656,12364.05,,13.42,0,6980,10,True,nid006293,59116836
SparseHNSW_Bloom2_30_b3_s8x4_p0,M=32 efC=1600 ef=1600 alpha=0.85 beta=3 q=u8 seedT=8 seedH=8 seedS=4 bloomH=2 bloomT=30 bloomSrc=pruned,64,0.9875214900,0.9991,3692.6199,8.7192,0.0000,1.047451,1.047451;1.048063;1.046787,150.064613,6663.80,,13.42,0,6980,10,True,nid006293,59116836
SparseHNSW_Bloom2_30_b3_s8x4_p0,M=32 efC=1600 ef=3200 alpha=0.85 beta=3 q=u8 seedT=8 seedH=8 seedS=4 bloomH=2 bloomT=30 bloomSrc=pruned,64,0.9930515759,1.0000,3692.6199,8.7192,0.0000,1.919655,1.919655;1.924064;1.918557,275.022206,3636.07,,13.42,0,6980,10,True,nid006293,59116836
SparseHNSW_Bloom2_30_b3_s8x4_p0,M=32 efC=1600 ef=6400 alpha=0.85 beta=3 q=u8 seedT=8 seedH=8 seedS=4 bloomH=2 bloomT=30 bloomSrc=pruned,64,0.9955873926,1.0000,3692.6199,8.7192,0.0000,3.499991,3.500560;3.496921;3.499991,501.431375,1994.29,,13.42,0,6980,10,True,nid006293,59116836
SparseHNSW_Bloom2_30_b4_s8x4_p0,M=32 efC=1600 ef=20 alpha=0.85 beta=4 q=u8 seedT=8 seedH=8 seedS=4 bloomH=2 bloomT=30 bloomSrc=pruned,64,0.8455157593,0.9659,3692.6199,8.7192,0.0000,0.048136,0.047603;0.048136;0.048604,6.896275,145005.82,,13.42,0,6980,10,True,nid006293,59116836
SparseHNSW_Bloom2_30_b4_s8x4_p0,M=32 efC=1600 ef=50 alpha=0.85 beta=4 q=u8 seedT=8 seedH=8 seedS=4 bloomH=2 bloomT=30 bloomSrc=pruned,64,0.8527507163,0.9692,3692.6199,8.7192,0.0000,0.056914,0.056914;0.056923;0.056881,8.153868,122641.18,,13.42,0,6980,10,True,nid006293,59116836
SparseHNSW_Bloom2_30_b4_s8x4_p0,M=32 efC=1600 ef=100 alpha=0.85 beta=4 q=u8 seedT=8 seedH=8 seedS=4 bloomH=2 bloomT=30 bloomSrc=pruned,64,0.8785959885,0.9809,3692.6199,8.7192,0.0000,0.096338,0.096698;0.096248;0.096338,13.802006,72453.24,,13.42,0,6980,10,True,nid006293,59116836
SparseHNSW_Bloom2_30_b4_s8x4_p0,M=32 efC=1600 ef=200 alpha=0.85 beta=4 q=u8 seedT=8 seedH=8 seedS=4 bloomH=2 bloomT=30 bloomSrc=pruned,64,0.9125501433,0.9900,3692.6199,8.7192,0.0000,0.168406,0.168254;0.168406;0.169037,24.126934,41447.45,,13.42,0,6980,10,True,nid006293,59116836
SparseHNSW_Bloom2_30_b4_s8x4_p0,M=32 efC=1600 ef=400 alpha=0.85 beta=4 q=u8 seedT=8 seedH=8 seedS=4 bloomH=2 bloomT=30 bloomSrc=pruned,64,0.9515472779,0.9951,3692.6199,8.7192,0.0000,0.306239,0.305798;0.306239;0.306371,43.873782,22792.66,,13.42,0,6980,10,True,nid006293,59116836
SparseHNSW_Bloom2_30_b4_s8x4_p0,M=32 efC=1600 ef=800 alpha=0.85 beta=4 q=u8 seedT=8 seedH=8 seedS=4 bloomH=2 bloomT=30 bloomSrc=pruned,64,0.9774641834,0.9984,3692.6199,8.7192,0.0000,0.564748,0.564748;0.565006;0.564641,80.909456,12359.49,,13.42,0,6980,10,True,nid006293,59116836
SparseHNSW_Bloom2_30_b4_s8x4_p0,M=32 efC=1600 ef=1600 alpha=0.85 beta=4 q=u8 seedT=8 seedH=8 seedS=4 bloomH=2 bloomT=30 bloomSrc=pruned,64,0.9881661891,0.9991,3692.6199,8.7192,0.0000,1.047406,1.047436;1.046841;1.047406,150.058166,6664.08,,13.42,0,6980,10,True,nid006293,59116836
SparseHNSW_Bloom2_30_b4_s8x4_p0,M=32 efC=1600 ef=3200 alpha=0.85 beta=4 q=u8 seedT=8 seedH=8 seedS=4 bloomH=2 bloomT=30 bloomSrc=pruned,64,0.9937106017,1.0000,3692.6199,8.7192,0.0000,1.921360,1.922247;1.921360;1.919356,275.266476,3632.84,,13.42,0,6980,10,True,nid006293,59116836
SparseHNSW_Bloom2_30_b4_s8x4_p0,M=32 efC=1600 ef=6400 alpha=0.85 beta=4 q=u8 seedT=8 seedH=8 seedS=4 bloomH=2 bloomT=30 bloomSrc=pruned,64,0.9962464183,1.0000,3692.6199,8.7192,0.0000,3.501863,3.501863;3.500356;3.504253,501.699570,1993.22,,13.42,0,6980,10,True,nid006293,59116836
SparseHNSW_Bloom2_30_b5_s8x4_p0,M=32 efC=1600 ef=20 alpha=0.85 beta=5 q=u8 seedT=8 seedH=8 seedS=4 bloomH=2 bloomT=30 bloomSrc=pruned,64,0.8528510029,0.9692,3692.6199,8.7192,0.0000,0.057470,0.057163;0.057701;0.057470,8.233524,121454.67,,13.42,0,6980,10,True,nid006293,59116836
SparseHNSW_Bloom2_30_b5_s8x4_p0,M=32 efC=1600 ef=50 alpha=0.85 beta=5 q=u8 seedT=8 seedH=8 seedS=4 bloomH=2 bloomT=30 bloomSrc=pruned,64,0.8528510029,0.9692,3692.6199,8.7192,0.0000,0.057442,0.057502;0.057255;0.057442,8.229513,121513.87,,13.42,0,6980,10,True,nid006293,59116836
SparseHNSW_Bloom2_30_b5_s8x4_p0,M=32 efC=1600 ef=100 alpha=0.85 beta=5 q=u8 seedT=8 seedH=8 seedS=4 bloomH=2 bloomT=30 bloomSrc=pruned,64,0.8787106017,0.9809,3692.6199,8.7192,0.0000,0.096749,0.096749;0.096707;0.097150,13.860888,72145.45,,13.42,0,6980,10,True,nid006293,59116836
SparseHNSW_Bloom2_30_b5_s8x4_p0,M=32 efC=1600 ef=200 alpha=0.85 beta=5 q=u8 seedT=8 seedH=8 seedS=4 bloomH=2 bloomT=30 bloomSrc=pruned,64,0.9126790831,0.9900,3692.6199,8.7192,0.0000,0.169535,0.169575;0.169535;0.169291,24.288682,41171.44,,13.42,0,6980,10,True,nid006293,59116836
SparseHNSW_Bloom2_30_b5_s8x4_p0,M=32 efC=1600 ef=400 alpha=0.85 beta=5 q=u8 seedT=8 seedH=8 seedS=4 bloomH=2 bloomT=30 bloomSrc=pruned,64,0.9516905444,0.9951,3692.6199,8.7192,0.0000,0.306615,0.306584;0.306615;0.306854,43.927650,22764.70,,13.42,0,6980,10,True,nid006293,59116836
SparseHNSW_Bloom2_30_b5_s8x4_p0,M=32 efC=1600 ef=800 alpha=0.85 beta=5 q=u8 seedT=8 seedH=8 seedS=4 bloomH=2 bloomT=30 bloomSrc=pruned,64,0.9776217765,0.9984,3692.6199,8.7192,0.0000,0.565443,0.565261;0.565443;0.566468,81.009026,12344.30,,13.42,0,6980,10,True,nid006293,59116836
SparseHNSW_Bloom2_30_b5_s8x4_p0,M=32 efC=1600 ef=1600 alpha=0.85 beta=5 q=u8 seedT=8 seedH=8 seedS=4 bloomH=2 bloomT=30 bloomSrc=pruned,64,0.9883381089,0.9991,3692.6199,8.7192,0.0000,1.048015,1.048015;1.047995;1.048437,150.145415,6660.21,,13.42,0,6980,10,True,nid006293,59116836
SparseHNSW_Bloom2_30_b5_s8x4_p0,M=32 efC=1600 ef=3200 alpha=0.85 beta=5 q=u8 seedT=8 seedH=8 seedS=4 bloomH=2 bloomT=30 bloomSrc=pruned,64,0.9938825215,1.0000,3692.6199,8.7192,0.0000,1.922062,1.922547;1.922062;1.921463,275.367049,3631.52,,13.42,0,6980,10,True,nid006293,59116836
SparseHNSW_Bloom2_30_b5_s8x4_p0,M=32 efC=1600 ef=6400 alpha=0.85 beta=5 q=u8 seedT=8 seedH=8 seedS=4 bloomH=2 bloomT=30 bloomSrc=pruned,64,0.9964183381,1.0000,3692.6199,8.7192,0.0000,3.501657,3.501657;3.502062;3.501357,501.670057,1993.34,,13.42,0,6980,10,True,nid006293,59116836
SparseHNSW_Bloom2_30_b8_s8x4_p0,M=32 efC=1600 ef=20 alpha=0.85 beta=8 q=u8 seedT=8 seedH=8 seedS=4 bloomH=2 bloomT=30 bloomSrc=pruned,64,0.8707163324,0.9782,3692.6199,8.7192,0.0000,0.083665,0.083353;0.083665;0.083898,11.986390,83427.96,,13.42,0,6980,10,True,nid006293,59116836
SparseHNSW_Bloom2_30_b8_s8x4_p0,M=32 efC=1600 ef=50 alpha=0.85 beta=8 q=u8 seedT=8 seedH=8 seedS=4 bloomH=2 bloomT=30 bloomSrc=pruned,64,0.8707163324,0.9782,3692.6199,8.7192,0.0000,0.083714,0.083795;0.083528;0.083714,11.993410,83379.12,,13.42,0,6980,10,True,nid006293,59116836
SparseHNSW_Bloom2_30_b8_s8x4_p0,M=32 efC=1600 ef=100 alpha=0.85 beta=8 q=u8 seedT=8 seedH=8 seedS=4 bloomH=2 bloomT=30 bloomSrc=pruned,64,0.8787822350,0.9809,3692.6199,8.7192,0.0000,0.098854,0.098854;0.098880;0.098610,14.162464,70609.18,,13.42,0,6980,10,True,nid006293,59116836
SparseHNSW_Bloom2_30_b8_s8x4_p0,M=32 efC=1600 ef=200 alpha=0.85 beta=8 q=u8 seedT=8 seedH=8 seedS=4 bloomH=2 bloomT=30 bloomSrc=pruned,64,0.9127507163,0.9900,3692.6199,8.7192,0.0000,0.171600,0.171602;0.171600;0.171183,24.584527,40675.99,,13.42,0,6980,10,True,nid006293,59116836
SparseHNSW_Bloom2_30_b8_s8x4_p0,M=32 efC=1600 ef=400 alpha=0.85 beta=8 q=u8 seedT=8 seedH=8 seedS=4 bloomH=2 bloomT=30 bloomSrc=pruned,64,0.9517621777,0.9951,3692.6199,8.7192,0.0000,0.308963,0.308596;0.308963;0.309007,44.264040,22591.70,,13.42,0,6980,10,True,nid006293,59116836
SparseHNSW_Bloom2_30_b8_s8x4_p0,M=32 efC=1600 ef=800 alpha=0.85 beta=8 q=u8 seedT=8 seedH=8 seedS=4 bloomH=2 bloomT=30 bloomSrc=pruned,64,0.9777077364,0.9984,3692.6199,8.7192,0.0000,0.567801,0.567547;0.567924;0.567801,81.346848,12293.04,,13.42,0,6980,10,True,nid006293,59116836
SparseHNSW_Bloom2_30_b8_s8x4_p0,M=32 efC=1600 ef=1600 alpha=0.85 beta=8 q=u8 seedT=8 seedH=8 seedS=4 bloomH=2 bloomT=30 bloomSrc=pruned,64,0.9884383954,0.9991,3692.6199,8.7192,0.0000,1.050994,1.050655;1.051175;1.050994,150.572206,6641.33,,13.42,0,6980,10,True,nid006293,59116836
SparseHNSW_Bloom2_30_b8_s8x4_p0,M=32 efC=1600 ef=3200 alpha=0.85 beta=8 q=u8 seedT=8 seedH=8 seedS=4 bloomH=2 bloomT=30 bloomSrc=pruned,64,0.9939828080,1.0000,3692.6199,8.7192,0.0000,1.923818,1.923488;1.923818;1.924504,275.618625,3628.20,,13.42,0,6980,10,True,nid006293,59116836
SparseHNSW_Bloom2_30_b8_s8x4_p0,M=32 efC=1600 ef=6400 alpha=0.85 beta=8 q=u8 seedT=8 seedH=8 seedS=4 bloomH=2 bloomT=30 bloomSrc=pruned,64,0.9965186246,1.0000,3692.6199,8.7192,0.0000,3.505953,3.501703;3.505953;3.509048,502.285530,1990.90,,13.42,0,6980,10,True,nid006293,59116836
SparseHNSW_Bloom2_30_b12_s8x4_p0,M=32 efC=1600 ef=20 alpha=0.85 beta=12 q=u8 seedT=8 seedH=8 seedS=4 bloomH=2 bloomT=30 bloomSrc=pruned,64,0.8859885387,0.9840,3692.6199,8.7192,0.0000,0.116319,0.116319;0.116186;0.116469,16.664613,60007.39,,13.42,0,6980,10,True,nid006293,59116836
SparseHNSW_Bloom2_30_b12_s8x4_p0,M=32 efC=1600 ef=50 alpha=0.85 beta=12 q=u8 seedT=8 seedH=8 seedS=4 bloomH=2 bloomT=30 bloomSrc=pruned,64,0.8859885387,0.9840,3692.6199,8.7192,0.0000,0.116383,0.116383;0.115985;0.116509,16.673782,59974.39,,13.42,0,6980,10,True,nid006293,59116836
SparseHNSW_Bloom2_30_b12_s8x4_p0,M=32 efC=1600 ef=100 alpha=0.85 beta=12 q=u8 seedT=8 seedH=8 seedS=4 bloomH=2 bloomT=30 bloomSrc=pruned,64,0.8859885387,0.9840,3692.6199,8.7192,0.0000,0.115927,0.116329;0.115912;0.115927,16.608453,60210.30,,13.42,0,6980,10,True,nid006293,59116836
SparseHNSW_Bloom2_30_b12_s8x4_p0,M=32 efC=1600 ef=200 alpha=0.85 beta=12 q=u8 seedT=8 seedH=8 seedS=4 bloomH=2 bloomT=30 bloomSrc=pruned,64,0.9127793696,0.9900,3692.6199,8.7192,0.0000,0.173962,0.173841;0.174177;0.173962,24.922923,40123.71,,13.42,0,6980,10,True,nid006293,59116836
SparseHNSW_Bloom2_30_b12_s8x4_p0,M=32 efC=1600 ef=400 alpha=0.85 beta=12 q=u8 seedT=8 seedH=8 seedS=4 bloomH=2 bloomT=30 bloomSrc=pruned,64,0.9517908309,0.9951,3692.6199,8.7192,0.0000,0.311443,0.311703;0.311443;0.311211,44.619341,22411.81,,13.42,0,6980,10,True,nid006293,59116836
SparseHNSW_Bloom2_30_b12_s8x4_p0,M=32 efC=1600 ef=800 alpha=0.85 beta=12 q=u8 seedT=8 seedH=8 seedS=4 bloomH=2 bloomT=30 bloomSrc=pruned,64,0.9777363897,0.9984,3692.6199,8.7192,0.0000,0.569848,0.569848;0.569776;0.570259,81.640115,12248.88,,13.42,0,6980,10,True,nid006293,59116836
SparseHNSW_Bloom2_30_b12_s8x4_p0,M=32 efC=1600 ef=1600 alpha=0.85 beta=12 q=u8 seedT=8 seedH=8 seedS=4 bloomH=2 bloomT=30 bloomSrc=pruned,64,0.9884670487,0.9991,3692.6199,8.7192,0.0000,1.052966,1.052254;1.052966;1.054405,150.854728,6628.89,,13.42,0,6980,10,True,nid006293,59116836
SparseHNSW_Bloom2_30_b12_s8x4_p0,M=32 efC=1600 ef=3200 alpha=0.85 beta=12 q=u8 seedT=8 seedH=8 seedS=4 bloomH=2 bloomT=30 bloomSrc=pruned,64,0.9940257880,1.0000,3692.6199,8.7192,0.0000,1.926268,1.926008;1.926268;1.926323,275.969628,3623.59,,13.42,0,6980,10,True,nid006293,59116836
SparseHNSW_Bloom2_30_b12_s8x4_p0,M=32 efC=1600 ef=6400 alpha=0.85 beta=12 q=u8 seedT=8 seedH=8 seedS=4 bloomH=2 bloomT=30 bloomSrc=pruned,64,0.9965616046,1.0000,3692.6199,8.7192,0.0000,3.505558,3.505550;3.505920;3.505558,502.228940,1991.12,,13.42,0,6980,10,True,nid006293,59116836
SparseHNSW_Bloom2_30_b16_s8x4_p0,M=32 efC=1600 ef=20 alpha=0.85 beta=16 q=u8 seedT=8 seedH=8 seedS=4 bloomH=2 bloomT=30 bloomSrc=pruned,64,0.8999570201,0.9883,3692.6199,8.7192,0.0000,0.146823,0.146823;0.147054;0.146775,21.034814,47540.24,,13.42,0,6980,10,True,nid006293,59116836
SparseHNSW_Bloom2_30_b16_s8x4_p0,M=32 efC=1600 ef=50 alpha=0.85 beta=16 q=u8 seedT=8 seedH=8 seedS=4 bloomH=2 bloomT=30 bloomSrc=pruned,64,0.8999570201,0.9883,3692.6199,8.7192,0.0000,0.146843,0.146843;0.147440;0.146826,21.037679,47533.76,,13.42,0,6980,10,True,nid006293,59116836
SparseHNSW_Bloom2_30_b16_s8x4_p0,M=32 efC=1600 ef=100 alpha=0.85 beta=16 q=u8 seedT=8 seedH=8 seedS=4 bloomH=2 bloomT=30 bloomSrc=pruned,64,0.8999570201,0.9883,3692.6199,8.7192,0.0000,0.147126,0.147086;0.147126;0.147309,21.078223,47442.33,,13.42,0,6980,10,True,nid006293,59116836
SparseHNSW_Bloom2_30_b16_s8x4_p0,M=32 efC=1600 ef=200 alpha=0.85 beta=16 q=u8 seedT=8 seedH=8 seedS=4 bloomH=2 bloomT=30 bloomSrc=pruned,64,0.9127793696,0.9900,3692.6199,8.7192,0.0000,0.175300,0.176045;0.175037;0.175300,25.114613,39817.46,,13.42,0,6980,10,True,nid006293,59116836
SparseHNSW_Bloom2_30_b16_s8x4_p0,M=32 efC=1600 ef=400 alpha=0.85 beta=16 q=u8 seedT=8 seedH=8 seedS=4 bloomH=2 bloomT=30 bloomSrc=pruned,64,0.9517908309,0.9951,3692.6199,8.7192,0.0000,0.313276,0.313276;0.312874;0.313314,44.881948,22280.67,,13.42,0,6980,10,True,nid006293,59116836
SparseHNSW_Bloom2_30_b16_s8x4_p0,M=32 efC=1600 ef=800 alpha=0.85 beta=16 q=u8 seedT=8 seedH=8 seedS=4 bloomH=2 bloomT=30 bloomSrc=pruned,64,0.9777363897,0.9984,3692.6199,8.7192,0.0000,0.571327,0.571026;0.571485;0.571327,81.852006,12217.17,,13.42,0,6980,10,True,nid006293,59116836
SparseHNSW_Bloom2_30_b16_s8x4_p0,M=32 efC=1600 ef=1600 alpha=0.85 beta=16 q=u8 seedT=8 seedH=8 seedS=4 bloomH=2 bloomT=30 bloomSrc=pruned,64,0.9884670487,0.9991,3692.6199,8.7192,0.0000,1.052881,1.052881;1.053392;1.052639,150.842550,6629.43,,13.42,0,6980,10,True,nid006293,59116836
SparseHNSW_Bloom2_30_b16_s8x4_p0,M=32 efC=1600 ef=3200 alpha=0.85 beta=16 q=u8 seedT=8 seedH=8 seedS=4 bloomH=2 bloomT=30 bloomSrc=pruned,64,0.9940257880,1.0000,3692.6199,8.7192,0.0000,1.926144,1.927141;1.926144;1.925588,275.951862,3623.82,,13.42,0,6980,10,True,nid006293,59116836
SparseHNSW_Bloom2_30_b16_s8x4_p0,M=32 efC=1600 ef=6400 alpha=0.85 beta=16 q=u8 seedT=8 seedH=8 seedS=4 bloomH=2 bloomT=30 bloomSrc=pruned,64,0.9965616046,1.0000,3692.6199,8.7192,0.0000,3.507430,3.506162;3.507430;3.510415,502.497135,1990.06,,13.42,0,6980,10,True,nid006293,59116836
SparseHNSW_Bloom2_30_b2_s0x0_p128,M=32 efC=1600 ef=20 alpha=0.85 beta=2 q=u8 pat=128 bloomH=2 bloomT=30 bloomSrc=pruned,64,0.7508166189,0.8626,3692.6199,8.7192,0.0000,0.030855,0.030318;0.030855;0.031223,4.420487,226219.41,,13.42,0,6980,10,True,nid006293,59116836
SparseHNSW_Bloom2_30_b2_s0x0_p128,M=32 efC=1600 ef=50 alpha=0.85 beta=2 q=u8 pat=128 bloomH=2 bloomT=30 bloomSrc=pruned,64,0.8181805158,0.9222,3692.6199,8.7192,0.0000,0.058453,0.058453;0.058467;0.058441,8.374355,119412.18,,13.42,0,6980,10,True,nid006293,59116836
SparseHNSW_Bloom2_30_b2_s0x0_p128,M=32 efC=1600 ef=100 alpha=0.85 beta=2 q=u8 pat=128 bloomH=2 bloomT=30 bloomSrc=pruned,64,0.8490114613,0.9501,3692.6199,8.7192,0.0000,0.097862,0.098363;0.097862;0.097768,14.020344,71324.93,,13.42,0,6980,10,True,nid006293,59116836
SparseHNSW_Bloom2_30_b2_s0x0_p128,M=32 efC=1600 ef=200 alpha=0.85 beta=2 q=u8 pat=128 bloomH=2 bloomT=30 bloomSrc=pruned,64,0.8783094556,0.9696,3692.6199,8.7192,0.0000,0.143716,0.143716;0.143311;0.143978,20.589685,48568.01,,13.42,0,6980,10,True,nid006293,59116836
SparseHNSW_Bloom2_30_b2_s0x0_p128,M=32 efC=1600 ef=400 alpha=0.85 beta=2 q=u8 pat=128 bloomH=2 bloomT=30 bloomSrc=pruned,64,0.9134097421,0.9781,3692.6199,8.7192,0.0000,0.148978,0.148937;0.148978;0.149565,21.343553,46852.56,,13.42,0,6980,10,True,nid006293,59116836
SparseHNSW_Bloom2_30_b2_s0x0_p128,M=32 efC=1600 ef=800 alpha=0.85 beta=2 q=u8 pat=128 bloomH=2 bloomT=30 bloomSrc=pruned,64,0.9500429799,0.9868,3692.6199,8.7192,0.0000,0.150207,0.150207;0.150041;0.150399,21.519628,46469.21,,13.42,0,6980,10,True,nid006293,59116836
SparseHNSW_Bloom2_30_b2_s0x0_p128,M=32 efC=1600 ef=1600 alpha=0.85 beta=2 q=u8 pat=128 bloomH=2 bloomT=30 bloomSrc=pruned,64,0.9709742120,0.9905,3692.6199,8.7192,0.0000,0.162407,0.162407;0.161812;0.162465,23.267479,42978.44,,13.42,0,6980,10,True,nid006293,59116836
SparseHNSW_Bloom2_30_b2_s0x0_p128,M=32 efC=1600 ef=3200 alpha=0.85 beta=2 q=u8 pat=128 bloomH=2 bloomT=30 bloomSrc=pruned,64,0.9818767908,0.9951,3692.6199,8.7192,0.0000,0.188143,0.188266;0.187874;0.188143,26.954585,37099.44,,13.42,0,6980,10,True,nid006293,59116836
SparseHNSW_Bloom2_30_b2_s0x0_p128,M=32 efC=1600 ef=6400 alpha=0.85 beta=2 q=u8 pat=128 bloomH=2 bloomT=30 bloomSrc=pruned,64,0.9872063037,0.9977,3692.6199,8.7192,0.0000,0.222185,0.222637;0.222185;0.221982,31.831662,31415.26,,13.42,0,6980,10,True,nid006293,59116836
SparseHNSW_Bloom2_30_b3_s0x0_p128,M=32 efC=1600 ef=20 alpha=0.85 beta=3 q=u8 pat=128 bloomH=2 bloomT=30 bloomSrc=pruned,64,0.7891690544,0.8950,3692.6199,8.7192,0.0000,0.041418,0.041035;0.041418;0.041637,5.933811,168525.76,,13.42,0,6980,10,True,nid006293,59116836
SparseHNSW_Bloom2_30_b3_s0x0_p128,M=32 efC=1600 ef=50 alpha=0.85 beta=3 q=u8 pat=128 bloomH=2 bloomT=30 bloomSrc=pruned,64,0.8202865330,0.9222,3692.6199,8.7192,0.0000,0.059182,0.059192;0.059182;0.058805,8.478797,117941.27,,13.42,0,6980,10,True,nid006293,59116836
SparseHNSW_Bloom2_30_b3_s0x0_p128,M=32 efC=1600 ef=100 alpha=0.85 beta=3 q=u8 pat=128 bloomH=2 bloomT=30 bloomSrc=pruned,64,0.8512893983,0.9501,3692.6199,8.7192,0.0000,0.098697,0.098882;0.098470;0.098697,14.139971,70721.50,,13.42,0,6980,10,True,nid006293,59116836
SparseHNSW_Bloom2_30_b3_s0x0_p128,M=32 efC=1600 ef=200 alpha=0.85 beta=3 q=u8 pat=128 bloomH=2 bloomT=30 bloomSrc=pruned,64,0.8811031519,0.9701,3692.6199,8.7192,0.0000,0.151620,0.151726;0.151620;0.151321,21.722063,46036.14,,13.42,0,6980,10,True,nid006293,59116836
SparseHNSW_Bloom2_30_b3_s0x0_p128,M=32 efC=1600 ef=400 alpha=0.85 beta=3 q=u8 pat=128 bloomH=2 bloomT=30 bloomSrc=pruned,64,0.9164613181,0.9785,3692.6199,8.7192,0.0000,0.161623,0.161570;0.161728;0.161623,23.155158,43186.92,,13.42,0,6980,10,True,nid006293,59116836
SparseHNSW_Bloom2_30_b3_s0x0_p128,M=32 efC=1600 ef=800 alpha=0.85 beta=3 q=u8 pat=128 bloomH=2 bloomT=30 bloomSrc=pruned,64,0.9533381089,0.9871,3692.6199,8.7192,0.0000,0.161369,0.161267;0.161369;0.161586,23.118768,43254.90,,13.42,0,6980,10,True,nid006293,59116836
SparseHNSW_Bloom2_30_b3_s0x0_p128,M=32 efC=1600 ef=1600 alpha=0.85 beta=3 q=u8 pat=128 bloomH=2 bloomT=30 bloomSrc=pruned,64,0.9748280802,0.9914,3692.6199,8.7192,0.0000,0.172299,0.172339;0.172299;0.172236,24.684670,40510.97,,13.42,0,6980,10,True,nid006293,59116836
SparseHNSW_Bloom2_30_b3_s0x0_p128,M=32 efC=1600 ef=3200 alpha=0.85 beta=3 q=u8 pat=128 bloomH=2 bloomT=30 bloomSrc=pruned,64,0.9858309456,0.9957,3692.6199,8.7192,0.0000,0.198386,0.198798;0.198386;0.197731,28.422063,35183.93,,13.42,0,6980,10,True,nid006293,59116836
SparseHNSW_Bloom2_30_b3_s0x0_p128,M=32 efC=1600 ef=6400 alpha=0.85 beta=3 q=u8 pat=128 bloomH=2 bloomT=30 bloomSrc=pruned,64,0.9912177650,0.9981,3692.6199,8.7192,0.0000,0.237197,0.237233;0.237028;0.237197,33.982378,29427.02,,13.42,0,6980,10,True,nid006293,59116836
SparseHNSW_Bloom2_30_b4_s0x0_p128,M=32 efC=1600 ef=20 alpha=0.85 beta=4 q=u8 pat=128 bloomH=2 bloomT=30 bloomSrc=pruned,64,0.8077793696,0.9112,3692.6199,8.7192,0.0000,0.051173,0.050651;0.051173;0.051196,7.331375,136400.05,,13.42,0,6980,10,True,nid006293,59116836
SparseHNSW_Bloom2_30_b4_s0x0_p128,M=32 efC=1600 ef=50 alpha=0.85 beta=4 q=u8 pat=128 bloomH=2 bloomT=30 bloomSrc=pruned,64,0.8206733524,0.9222,3692.6199,8.7192,0.0000,0.059844,0.059844;0.059834;0.059940,8.573639,116636.59,,13.42,0,6980,10,True,nid006293,59116836
SparseHNSW_Bloom2_30_b4_s0x0_p128,M=32 efC=1600 ef=100 alpha=0.85 beta=4 q=u8 pat=128 bloomH=2 bloomT=30 bloomSrc=pruned,64,0.8517048711,0.9501,3692.6199,8.7192,0.0000,0.099766,0.099961;0.099766;0.099339,14.293123,69963.72,,13.42,0,6980,10,True,nid006293,59116836
SparseHNSW_Bloom2_30_b4_s0x0_p128,M=32 efC=1600 ef=200 alpha=0.85 beta=4 q=u8 pat=128 bloomH=2 bloomT=30 bloomSrc=pruned,64,0.8817765043,0.9703,3692.6199,8.7192,0.0000,0.158112,0.158112;0.158448;0.157924,22.652149,44145.92,,13.42,0,6980,10,True,nid006293,59116836
SparseHNSW_Bloom2_30_b4_s0x0_p128,M=32 efC=1600 ef=400 alpha=0.85 beta=4 q=u8 pat=128 bloomH=2 bloomT=30 bloomSrc=pruned,64,0.9177220630,0.9794,3692.6199,8.7192,0.0000,0.172551,0.172410;0.172657;0.172551,24.720774,40451.81,,13.42,0,6980,10,True,nid006293,59116836
SparseHNSW_Bloom2_30_b4_s0x0_p128,M=32 efC=1600 ef=800 alpha=0.85 beta=4 q=u8 pat=128 bloomH=2 bloomT=30 bloomSrc=pruned,64,0.9542263610,0.9872,3692.6199,8.7192,0.0000,0.171735,0.171735;0.171611;0.171836,24.603868,40644.02,,13.42,0,6980,10,True,nid006293,59116836
SparseHNSW_Bloom2_30_b4_s0x0_p128,M=32 efC=1600 ef=1600 alpha=0.85 beta=4 q=u8 pat=128 bloomH=2 bloomT=30 bloomSrc=pruned,64,0.9759742120,0.9918,3692.6199,8.7192,0.0000,0.181752,0.182072;0.181503;0.181752,26.038968,38403.98,,13.42,0,6980,10,True,nid006293,59116836
SparseHNSW_Bloom2_30_b4_s0x0_p128,M=32 efC=1600 ef=3200 alpha=0.85 beta=4 q=u8 pat=128 bloomH=2 bloomT=30 bloomSrc=pruned,64,0.9870057307,0.9960,3692.6199,8.7192,0.0000,0.208315,0.208315;0.208148;0.208381,29.844556,33506.95,,13.42,0,6980,10,True,nid006293,59116836
SparseHNSW_Bloom2_30_b4_s0x0_p128,M=32 efC=1600 ef=6400 alpha=0.85 beta=4 q=u8 pat=128 bloomH=2 bloomT=30 bloomSrc=pruned,64,0.9924928367,0.9984,3692.6199,8.7192,0.0000,0.251660,0.251660;0.251808;0.251458,36.054441,27735.83,,13.42,0,6980,10,True,nid006293,59116836
SparseHNSW_Bloom2_30_b5_s0x0_p128,M=32 efC=1600 ef=20 alpha=0.85 beta=5 q=u8 pat=128 bloomH=2 bloomT=30 bloomSrc=pruned,64,0.8207593123,0.9222,3692.6199,8.7192,0.0000,0.060151,0.059534;0.060151;0.060554,8.617622,116041.30,,13.42,0,6980,10,True,nid006293,59116836
SparseHNSW_Bloom2_30_b5_s0x0_p128,M=32 efC=1600 ef=50 alpha=0.85 beta=5 q=u8 pat=128 bloomH=2 bloomT=30 bloomSrc=pruned,64,0.8207593123,0.9222,3692.6199,8.7192,0.0000,0.060327,0.060420;0.060327;0.060296,8.642837,115702.75,,13.42,0,6980,10,True,nid006293,59116836
SparseHNSW_Bloom2_30_b5_s0x0_p128,M=32 efC=1600 ef=100 alpha=0.85 beta=5 q=u8 pat=128 bloomH=2 bloomT=30 bloomSrc=pruned,64,0.8518194842,0.9501,3692.6199,8.7192,0.0000,0.100453,0.100453;0.100627;0.100387,14.391547,69485.23,,13.42,0,6980,10,True,nid006293,59116836
SparseHNSW_Bloom2_30_b5_s0x0_p128,M=32 efC=1600 ef=200 alpha=0.85 beta=5 q=u8 pat=128 bloomH=2 bloomT=30 bloomSrc=pruned,64,0.8820343840,0.9706,3692.6199,8.7192,0.0000,0.163131,0.163131;0.163827;0.163103,23.371203,42787.70,,13.42,0,6980,10,True,nid006293,59116836
SparseHNSW_Bloom2_30_b5_s0x0_p128,M=32 efC=1600 ef=400 alpha=0.85 beta=5 q=u8 pat=128 bloomH=2 bloomT=30 bloomSrc=pruned,64,0.9180515759,0.9797,3692.6199,8.7192,0.0000,0.183809,0.183748;0.184265;0.183809,26.333668,37974.20,,13.42,0,6980,10,True,nid006293,59116836
SparseHNSW_Bloom2_30_b5_s0x0_p128,M=32 efC=1600 ef=800 alpha=0.85 beta=5 q=u8 pat=128 bloomH=2 bloomT=30 bloomSrc=pruned,64,0.9546561605,0.9874,3692.6199,8.7192,0.0000,0.183937,0.184817;0.183937;0.183824,26.352006,37947.78,,13.42,0,6980,10,True,nid006293,59116836
SparseHNSW_Bloom2_30_b5_s0x0_p128,M=32 efC=1600 ef=1600 alpha=0.85 beta=5 q=u8 pat=128 bloomH=2 bloomT=30 bloomSrc=pruned,64,0.9762893983,0.9918,3692.6199,8.7192,0.0000,0.191707,0.191707;0.191259;0.191708,27.465186,36409.73,,13.42,0,6980,10,True,nid006293,59116836
SparseHNSW_Bloom2_30_b5_s0x0_p128,M=32 efC=1600 ef=3200 alpha=0.85 beta=5 q=u8 pat=128 bloomH=2 bloomT=30 bloomSrc=pruned,64,0.9872922636,0.9960,3692.6199,8.7192,0.0000,0.217291,0.217291;0.217114;0.217448,31.130516,32122.82,,13.42,0,6980,10,True,nid006293,59116836
SparseHNSW_Bloom2_30_b5_s0x0_p128,M=32 efC=1600 ef=6400 alpha=0.85 beta=5 q=u8 pat=128 bloomH=2 bloomT=30 bloomSrc=pruned,64,0.9927650430,0.9984,3692.6199,8.7192,0.0000,0.264891,0.265045;0.264851;0.264891,37.950000,26350.46,,13.42,0,6980,10,True,nid006293,59116836
SparseHNSW_Bloom2_30_b8_s0x0_p128,M=32 efC=1600 ef=20 alpha=0.85 beta=8 q=u8 pat=128 bloomH=2 bloomT=30 bloomSrc=pruned,64,0.8423495702,0.9413,3692.6199,8.7192,0.0000,0.086813,0.086548;0.086813;0.086992,12.437393,80402.70,,13.42,0,6980,10,True,nid006293,59116836
SparseHNSW_Bloom2_30_b8_s0x0_p128,M=32 efC=1600 ef=50 alpha=0.85 beta=8 q=u8 pat=128 bloomH=2 bloomT=30 bloomSrc=pruned,64,0.8423495702,0.9413,3692.6199,8.7192,0.0000,0.086996,0.086855;0.086996;0.086999,12.463610,80233.57,,13.42,0,6980,10,True,nid006293,59116836
SparseHNSW_Bloom2_30_b8_s0x0_p128,M=32 efC=1600 ef=100 alpha=0.85 beta=8 q=u8 pat=128 bloomH=2 bloomT=30 bloomSrc=pruned,64,0.8518767908,0.9501,3692.6199,8.7192,0.0000,0.102493,0.102948;0.102493;0.102275,14.683811,68102.21,,13.42,0,6980,10,True,nid006293,59116836
SparseHNSW_Bloom2_30_b8_s0x0_p128,M=32 efC=1600 ef=200 alpha=0.85 beta=8 q=u8 pat=128 bloomH=2 bloomT=30 bloomSrc=pruned,64,0.8824498567,0.9711,3692.6199,8.7192,0.0000,0.172997,0.172997;0.173155;0.172939,24.784670,40347.52,,13.42,0,6980,10,True,nid006293,59116836
SparseHNSW_Bloom2_30_b8_s0x0_p128,M=32 efC=1600 ef=400 alpha=0.85 beta=8 q=u8 pat=128 bloomH=2 bloomT=30 bloomSrc=pruned,64,0.9190974212,0.9809,3692.6199,8.7192,0.0000,0.215546,0.215546;0.215259;0.215712,30.880516,32382.88,,13.42,0,6980,10,True,nid006293,59116836
SparseHNSW_Bloom2_30_b8_s0x0_p128,M=32 efC=1600 ef=800 alpha=0.85 beta=8 q=u8 pat=128 bloomH=2 bloomT=30 bloomSrc=pruned,64,0.9554154728,0.9881,3692.6199,8.7192,0.0000,0.216016,0.216016;0.216341;0.215743,30.947851,32312.42,,13.42,0,6980,10,True,nid006293,59116836
SparseHNSW_Bloom2_30_b8_s0x0_p128,M=32 efC=1600 ef=1600 alpha=0.85 beta=8 q=u8 pat=128 bloomH=2 bloomT=30 bloomSrc=pruned,64,0.9768481375,0.9926,3692.6199,8.7192,0.0000,0.220583,0.221051;0.220315;0.220583,31.602149,31643.42,,13.42,0,6980,10,True,nid006293,59116836
SparseHNSW_Bloom2_30_b8_s0x0_p128,M=32 efC=1600 ef=3200 alpha=0.85 beta=8 q=u8 pat=128 bloomH=2 bloomT=30 bloomSrc=pruned,64,0.9878796562,0.9964,3692.6199,8.7192,0.0000,0.244465,0.244465;0.244825;0.244390,35.023639,28552.14,,13.42,0,6980,10,True,nid006293,59116836
SparseHNSW_Bloom2_30_b8_s0x0_p128,M=32 efC=1600 ef=6400 alpha=0.85 beta=8 q=u8 pat=128 bloomH=2 bloomT=30 bloomSrc=pruned,64,0.9929799427,0.9984,3692.6199,8.7192,0.0000,0.299020,0.299387;0.298639;0.299020,42.839542,23342.92,,13.42,0,6980,10,True,nid006293,59116836
SparseHNSW_Bloom2_30_b12_s0x0_p128,M=32 efC=1600 ef=20 alpha=0.85 beta=12 q=u8 pat=128 bloomH=2 bloomT=30 bloomSrc=pruned,64,0.8594555874,0.9560,3692.6199,8.7192,0.0000,0.119843,0.119843;0.120072;0.119796,17.169484,58242.87,,13.42,0,6980,10,True,nid006293,59116836
SparseHNSW_Bloom2_30_b12_s0x0_p128,M=32 efC=1600 ef=50 alpha=0.85 beta=12 q=u8 pat=128 bloomH=2 bloomT=30 bloomSrc=pruned,64,0.8594555874,0.9560,3692.6199,8.7192,0.0000,0.120111,0.120313;0.119929;0.120111,17.207880,58112.91,,13.42,0,6980,10,True,nid006293,59116836
SparseHNSW_Bloom2_30_b12_s0x0_p128,M=32 efC=1600 ef=100 alpha=0.85 beta=12 q=u8 pat=128 bloomH=2 bloomT=30 bloomSrc=pruned,64,0.8594555874,0.9560,3692.6199,8.7192,0.0000,0.120081,0.120081;0.119560;0.120194,17.203582,58127.43,,13.42,0,6980,10,True,nid006293,59116836
SparseHNSW_Bloom2_30_b12_s0x0_p128,M=32 efC=1600 ef=200 alpha=0.85 beta=12 q=u8 pat=128 bloomH=2 bloomT=30 bloomSrc=pruned,64,0.8824785100,0.9711,3692.6199,8.7192,0.0000,0.177184,0.177003;0.177184;0.177608,25.384527,39394.08,,13.42,0,6980,10,True,nid006293,59116836
SparseHNSW_Bloom2_30_b12_s0x0_p128,M=32 efC=1600 ef=400 alpha=0.85 beta=12 q=u8 pat=128 bloomH=2 bloomT=30 bloomSrc=pruned,64,0.9196991404,0.9817,3692.6199,8.7192,0.0000,0.252982,0.252644;0.253283;0.252982,36.243840,27590.90,,13.42,0,6980,10,True,nid006293,59116836
SparseHNSW_Bloom2_30_b12_s0x0_p128,M=32 efC=1600 ef=800 alpha=0.85 beta=12 q=u8 pat=128 bloomH=2 bloomT=30 bloomSrc=pruned,64,0.9560744986,0.9888,3692.6199,8.7192,0.0000,0.259779,0.259861;0.259728;0.259779,37.217622,26868.99,,13.42,0,6980,10,True,nid006293,59116836
SparseHNSW_Bloom2_30_b12_s0x0_p128,M=32 efC=1600 ef=1600 alpha=0.85 beta=12 q=u8 pat=128 bloomH=2 bloomT=30 bloomSrc=pruned,64,0.9771919771,0.9927,3692.6199,8.7192,0.0000,0.259164,0.259164;0.259725;0.258974,37.129513,26932.75,,13.42,0,6980,10,True,nid006293,59116836
SparseHNSW_Bloom2_30_b12_s0x0_p128,M=32 efC=1600 ef=3200 alpha=0.85 beta=12 q=u8 pat=128 bloomH=2 bloomT=30 bloomSrc=pruned,64,0.9882234957,0.9966,3692.6199,8.7192,0.0000,0.279650,0.279721;0.279650;0.279580,40.064470,24959.77,,13.42,0,6980,10,True,nid006293,59116836
SparseHNSW_Bloom2_30_b12_s0x0_p128,M=32 efC=1600 ef=6400 alpha=0.85 beta=12 q=u8 pat=128 bloomH=2 bloomT=30 bloomSrc=pruned,64,0.9932664756,0.9984,3692.6199,8.7192,0.0000,0.338912,0.338914;0.338646;0.338912,48.554728,20595.32,,13.42,0,6980,10,True,nid006293,59116836
SparseHNSW_Bloom2_30_b16_s0x0_p128,M=32 efC=1600 ef=20 alpha=0.85 beta=16 q=u8 pat=128 bloomH=2 bloomT=30 bloomSrc=pruned,64,0.8713037249,0.9636,3692.6199,8.7192,0.0000,0.150666,0.150756;0.150208;0.150666,21.585387,46327.64,,13.42,0,6980,10,True,nid006293,59116836
SparseHNSW_Bloom2_30_b16_s0x0_p128,M=32 efC=1600 ef=50 alpha=0.85 beta=16 q=u8 pat=128 bloomH=2 bloomT=30 bloomSrc=pruned,64,0.8713037249,0.9636,3692.6199,8.7192,0.0000,0.150618,0.150587;0.150901;0.150618,21.578510,46342.40,,13.42,0,6980,10,True,nid006293,59116836
SparseHNSW_Bloom2_30_b16_s0x0_p128,M=32 efC=1600 ef=100 alpha=0.85 beta=16 q=u8 pat=128 bloomH=2 bloomT=30 bloomSrc=pruned,64,0.8713037249,0.9636,3692.6199,8.7192,0.0000,0.151013,0.151013;0.150943;0.151229,21.635100,46221.19,,13.42,0,6980,10,True,nid006293,59116836
SparseHNSW_Bloom2_30_b16_s0x0_p128,M=32 efC=1600 ef=200 alpha=0.85 beta=16 q=u8 pat=128 bloomH=2 bloomT=30 bloomSrc=pruned,64,0.8826217765,0.9712,3692.6199,8.7192,0.0000,0.179008,0.179008;0.179196;0.178691,25.645845,38992.67,,13.42,0,6980,10,True,nid006293,59116836
SparseHNSW_Bloom2_30_b16_s0x0_p128,M=32 efC=1600 ef=400 alpha=0.85 beta=16 q=u8 pat=128 bloomH=2 bloomT=30 bloomSrc=pruned,64,0.9200716332,0.9824,3692.6199,8.7192,0.0000,0.278953,0.278953;0.278839;0.279124,39.964613,25022.14,,13.42,0,6980,10,True,nid006293,59116836
SparseHNSW_Bloom2_30_b16_s0x0_p128,M=32 efC=1600 ef=800 alpha=0.85 beta=16 q=u8 pat=128 bloomH=2 bloomT=30 bloomSrc=pruned,64,0.9566189112,0.9894,3692.6199,8.7192,0.0000,0.301238,0.301784;0.301158;0.301238,43.157307,23171.05,,13.42,0,6980,10,True,nid006293,59116836
SparseHNSW_Bloom2_30_b16_s0x0_p128,M=32 efC=1600 ef=1600 alpha=0.85 beta=16 q=u8 pat=128 bloomH=2 bloomT=30 bloomSrc=pruned,64,0.9774498567,0.9928,3692.6199,8.7192,0.0000,0.296843,0.296991;0.296843;0.296810,42.527650,23514.11,,13.42,0,6980,10,True,nid006293,59116836
SparseHNSW_Bloom2_30_b16_s0x0_p128,M=32 efC=1600 ef=3200 alpha=0.85 beta=16 q=u8 pat=128 bloomH=2 bloomT=30 bloomSrc=pruned,64,0.9884383954,0.9967,3692.6199,8.7192,0.0000,0.314139,0.314308;0.313858;0.314139,45.005587,22219.46,,13.42,0,6980,10,True,nid006293,59116836
SparseHNSW_Bloom2_30_b16_s0x0_p128,M=32 efC=1600 ef=6400 alpha=0.85 beta=16 q=u8 pat=128 bloomH=2 bloomT=30 bloomSrc=pruned,64,0.9933524355,0.9984,3692.6199,8.7192,0.0000,0.373745,0.373937;0.373524;0.373745,53.545129,18675.84,,13.42,0,6980,10,True,nid006293,59116836
SparseHNSW_Bloom2_30_b2_s8x4_p128,M=32 efC=1600 ef=20 alpha=0.85 beta=2 q=u8 seedT=8 seedH=8 seedS=4 pat=128 bloomH=2 bloomT=30 bloomSrc=pruned,64,0.8331518625,0.9596,3692.6199,8.7192,0.0000,0.041401,0.040586;0.041446;0.041401,5.931375,168594.96,,13.42,0,6980,10,True,nid006293,59116836
SparseHNSW_Bloom2_30_b2_s8x4_p128,M=32 efC=1600 ef=50 alpha=0.85 beta=2 q=u8 seedT=8 seedH=8 seedS=4 pat=128 bloomH=2 bloomT=30 bloomSrc=pruned,64,0.8501719198,0.9692,3692.6199,8.7192,0.0000,0.056153,0.056317;0.056153;0.055988,8.044842,124303.24,,13.42,0,6980,10,True,nid006293,59116836
SparseHNSW_Bloom2_30_b2_s8x4_p128,M=32 efC=1600 ef=100 alpha=0.85 beta=2 q=u8 seedT=8 seedH=8 seedS=4 pat=128 bloomH=2 bloomT=30 bloomSrc=pruned,64,0.8758452722,0.9809,3692.6199,8.7192,0.0000,0.095460,0.095916;0.095460;0.095250,13.676218,73119.63,,13.42,0,6980,10,True,nid006293,59116836
SparseHNSW_Bloom2_30_b2_s8x4_p128,M=32 efC=1600 ef=200 alpha=0.85 beta=2 q=u8 seedT=8 seedH=8 seedS=4 pat=128 bloomH=2 bloomT=30 bloomSrc=pruned,64,0.9092979943,0.9900,3692.6199,8.7192,0.0000,0.139272,0.138929;0.139451;0.139272,19.953009,50117.76,,13.42,0,6980,10,True,nid006293,59116836
SparseHNSW_Bloom2_30_b2_s8x4_p128,M=32 efC=1600 ef=400 alpha=0.85 beta=2 q=u8 seedT=8 seedH=8 seedS=4 pat=128 bloomH=2 bloomT=30 bloomSrc=pruned,64,0.9465472779,0.9936,3692.6199,8.7192,0.0000,0.142879,0.143057;0.142879;0.142877,20.469771,48852.53,,13.42,0,6980,10,True,nid006293,59116836
SparseHNSW_Bloom2_30_b2_s8x4_p128,M=32 efC=1600 ef=800 alpha=0.85 beta=2 q=u8 seedT=8 seedH=8 seedS=4 pat=128 bloomH=2 bloomT=30 bloomSrc=pruned,64,0.9709169054,0.9964,3692.6199,8.7192,0.0000,0.146645,0.147078;0.146645;0.146598,21.009312,47597.94,,13.42,0,6980,10,True,nid006293,59116836
SparseHNSW_Bloom2_30_b2_s8x4_p128,M=32 efC=1600 ef=1600 alpha=0.85 beta=2 q=u8 seedT=8 seedH=8 seedS=4 pat=128 bloomH=2 bloomT=30 bloomSrc=pruned,64,0.9816189112,0.9976,3692.6199,8.7192,0.0000,0.159383,0.159383;0.158957;0.159384,22.834241,43793.88,,13.42,0,6980,10,True,nid006293,59116836
SparseHNSW_Bloom2_30_b2_s8x4_p128,M=32 efC=1600 ef=3200 alpha=0.85 beta=2 q=u8 seedT=8 seedH=8 seedS=4 pat=128 bloomH=2 bloomT=30 bloomSrc=pruned,64,0.9872206304,0.9989,3692.6199,8.7192,0.0000,0.185861,0.186382;0.185831;0.185861,26.627650,37554.95,,13.42,0,6980,10,True,nid006293,59116836
SparseHNSW_Bloom2_30_b2_s8x4_p128,M=32 efC=1600 ef=6400 alpha=0.85 beta=2 q=u8 seedT=8 seedH=8 seedS=4 pat=128 bloomH=2 bloomT=30 bloomSrc=pruned,64,0.9897994269,0.9994,3692.6199,8.7192,0.0000,0.218970,0.218408;0.219050;0.218970,31.371060,31876.51,,13.42,0,6980,10,True,nid006293,59116836
SparseHNSW_Bloom2_30_b3_s8x4_p128,M=32 efC=1600 ef=20 alpha=0.85 beta=3 q=u8 seedT=8 seedH=8 seedS=4 pat=128 bloomH=2 bloomT=30 bloomSrc=pruned,64,0.8351146132,0.9597,3692.6199,8.7192,0.0000,0.042374,0.041338;0.042374;0.042376,6.070774,164723.65,,13.42,0,6980,10,True,nid006293,59116836
SparseHNSW_Bloom2_30_b3_s8x4_p128,M=32 efC=1600 ef=50 alpha=0.85 beta=3 q=u8 seedT=8 seedH=8 seedS=4 pat=128 bloomH=2 bloomT=30 bloomSrc=pruned,64,0.8523495702,0.9692,3692.6199,8.7192,0.0000,0.056916,0.057096;0.056916;0.056518,8.154155,122636.87,,13.42,0,6980,10,True,nid006293,59116836
SparseHNSW_Bloom2_30_b3_s8x4_p128,M=32 efC=1600 ef=100 alpha=0.85 beta=3 q=u8 seedT=8 seedH=8 seedS=4 pat=128 bloomH=2 bloomT=30 bloomSrc=pruned,64,0.8781518625,0.9809,3692.6199,8.7192,0.0000,0.096215,0.096215;0.096215;0.096596,13.784384,72545.86,,13.42,0,6980,10,True,nid006293,59116836
SparseHNSW_Bloom2_30_b3_s8x4_p128,M=32 efC=1600 ef=200 alpha=0.85 beta=3 q=u8 seedT=8 seedH=8 seedS=4 pat=128 bloomH=2 bloomT=30 bloomSrc=pruned,64,0.9118624642,0.9900,3692.6199,8.7192,0.0000,0.147451,0.147562;0.147322;0.147451,21.124785,47337.76,,13.42,0,6980,10,True,nid006293,59116836
SparseHNSW_Bloom2_30_b3_s8x4_p128,M=32 efC=1600 ef=400 alpha=0.85 beta=3 q=u8 seedT=8 seedH=8 seedS=4 pat=128 bloomH=2 bloomT=30 bloomSrc=pruned,64,0.9496418338,0.9940,3692.6199,8.7192,0.0000,0.154385,0.154385;0.154147;0.154508,22.118195,45211.65,,13.42,0,6980,10,True,nid006293,59116836
SparseHNSW_Bloom2_30_b3_s8x4_p128,M=32 efC=1600 ef=800 alpha=0.85 beta=3 q=u8 seedT=8 seedH=8 seedS=4 pat=128 bloomH=2 bloomT=30 bloomSrc=pruned,64,0.9742263610,0.9966,3692.6199,8.7192,0.0000,0.156795,0.157088;0.156610;0.156795,22.463467,44516.73,,13.42,0,6980,10,True,nid006293,59116836
SparseHNSW_Bloom2_30_b3_s8x4_p128,M=32 efC=1600 ef=1600 alpha=0.85 beta=3 q=u8 seedT=8 seedH=8 seedS=4 pat=128 bloomH=2 bloomT=30 bloomSrc=pruned,64,0.9851862464,0.9979,3692.6199,8.7192,0.0000,0.169671,0.169485;0.169671;0.170011,24.308166,41138.44,,13.42,0,6980,10,True,nid006293,59116836
SparseHNSW_Bloom2_30_b3_s8x4_p128,M=32 efC=1600 ef=3200 alpha=0.85 beta=3 q=u8 seedT=8 seedH=8 seedS=4 pat=128 bloomH=2 bloomT=30 bloomSrc=pruned,64,0.9910458453,0.9993,3692.6199,8.7192,0.0000,0.196353,0.196597;0.196164;0.196353,28.130802,35548.22,,13.42,0,6980,10,True,nid006293,59116836
SparseHNSW_Bloom2_30_b3_s8x4_p128,M=32 efC=1600 ef=6400 alpha=0.85 beta=3 q=u8 seedT=8 seedH=8 seedS=4 pat=128 bloomH=2 bloomT=30 bloomSrc=pruned,64,0.9936103152,0.9997,3692.6199,8.7192,0.0000,0.234669,0.234742;0.234669;0.234581,33.620201,29744.02,,13.42,0,6980,10,True,nid006293,59116836
SparseHNSW_Bloom2_30_b4_s8x4_p128,M=32 efC=1600 ef=20 alpha=0.85 beta=4 q=u8 seedT=8 seedH=8 seedS=4 pat=128 bloomH=2 bloomT=30 bloomSrc=pruned,64,0.8455157593,0.9659,3692.6199,8.7192,0.0000,0.048568,0.048031;0.048568;0.049037,6.958166,143716.03,,13.42,0,6980,10,True,nid006293,59116836
SparseHNSW_Bloom2_30_b4_s8x4_p128,M=32 efC=1600 ef=50 alpha=0.85 beta=4 q=u8 seedT=8 seedH=8 seedS=4 pat=128 bloomH=2 bloomT=30 bloomSrc=pruned,64,0.8527507163,0.9692,3692.6199,8.7192,0.0000,0.057067,0.056839;0.057067;0.057095,8.175788,122312.37,,13.42,0,6980,10,True,nid006293,59116836
SparseHNSW_Bloom2_30_b4_s8x4_p128,M=32 efC=1600 ef=100 alpha=0.85 beta=4 q=u8 seedT=8 seedH=8 seedS=4 pat=128 bloomH=2 bloomT=30 bloomSrc=pruned,64,0.8785959885,0.9809,3692.6199,8.7192,0.0000,0.097307,0.097203;0.097307;0.097345,13.940831,71731.74,,13.42,0,6980,10,True,nid006293,59116836
SparseHNSW_Bloom2_30_b4_s8x4_p128,M=32 efC=1600 ef=200 alpha=0.85 beta=4 q=u8 seedT=8 seedH=8 seedS=4 pat=128 bloomH=2 bloomT=30 bloomSrc=pruned,64,0.9124641834,0.9900,3692.6199,8.7192,0.0000,0.154659,0.154659;0.154012;0.154800,22.157450,45131.55,,13.42,0,6980,10,True,nid006293,59116836
SparseHNSW_Bloom2_30_b4_s8x4_p128,M=32 efC=1600 ef=400 alpha=0.85 beta=4 q=u8 seedT=8 seedH=8 seedS=4 pat=128 bloomH=2 bloomT=30 bloomSrc=pruned,64,0.9503724928,0.9941,3692.6199,8.7192,0.0000,0.165272,0.165464;0.165021;0.165272,23.677937,42233.41,,13.42,0,6980,10,True,nid006293,59116836
SparseHNSW_Bloom2_30_b4_s8x4_p128,M=32 efC=1600 ef=800 alpha=0.85 beta=4 q=u8 seedT=8 seedH=8 seedS=4 pat=128 bloomH=2 bloomT=30 bloomSrc=pruned,64,0.9751146132,0.9967,3692.6199,8.7192,0.0000,0.167097,0.167522;0.166541;0.167097,23.939398,41772.14,,13.42,0,6980,10,True,nid006293,59116836
SparseHNSW_Bloom2_30_b4_s8x4_p128,M=32 efC=1600 ef=1600 alpha=0.85 beta=4 q=u8 seedT=8 seedH=8 seedS=4 pat=128 bloomH=2 bloomT=30 bloomSrc=pruned,64,0.9861318052,0.9979,3692.6199,8.7192,0.0000,0.179315,0.179685;0.179315;0.178722,25.689828,38925.91,,13.42,0,6980,10,True,nid006293,59116836
SparseHNSW_Bloom2_30_b4_s8x4_p128,M=32 efC=1600 ef=3200 alpha=0.85 beta=4 q=u8 seedT=8 seedH=8 seedS=4 pat=128 bloomH=2 bloomT=30 bloomSrc=pruned,64,0.9919627507,0.9993,3692.6199,8.7192,0.0000,0.206348,0.206348;0.206406;0.206164,29.562751,33826.35,,13.42,0,6980,10,True,nid006293,59116836
SparseHNSW_Bloom2_30_b4_s8x4_p128,M=32 efC=1600 ef=6400 alpha=0.85 beta=4 q=u8 seedT=8 seedH=8 seedS=4 pat=128 bloomH=2 bloomT=30 bloomSrc=pruned,64,0.9945845272,0.9997,3692.6199,8.7192,0.0000,0.249242,0.249369;0.248690;0.249242,35.708023,28004.91,,13.42,0,6980,10,True,nid006293,59116836
SparseHNSW_Bloom2_30_b5_s8x4_p128,M=32 efC=1600 ef=20 alpha=0.85 beta=5 q=u8 seedT=8 seedH=8 seedS=4 pat=128 bloomH=2 bloomT=30 bloomSrc=pruned,64,0.8528510029,0.9692,3692.6199,8.7192,0.0000,0.057552,0.057144;0.057552;0.057822,8.245272,121281.62,,13.42,0,6980,10,True,nid006293,59116836
SparseHNSW_Bloom2_30_b5_s8x4_p128,M=32 efC=1600 ef=50 alpha=0.85 beta=5 q=u8 seedT=8 seedH=8 seedS=4 pat=128 bloomH=2 bloomT=30 bloomSrc=pruned,64,0.8528510029,0.9692,3692.6199,8.7192,0.0000,0.058159,0.057981;0.058291;0.058159,8.332235,120015.82,,13.42,0,6980,10,True,nid006293,59116836
SparseHNSW_Bloom2_30_b5_s8x4_p128,M=32 efC=1600 ef=100 alpha=0.85 beta=5 q=u8 seedT=8 seedH=8 seedS=4 pat=128 bloomH=2 bloomT=30 bloomSrc=pruned,64,0.8787106017,0.9809,3692.6199,8.7192,0.0000,0.097670,0.097586;0.097670;0.098056,13.992837,71465.14,,13.42,0,6980,10,True,nid006293,59116836
SparseHNSW_Bloom2_30_b5_s8x4_p128,M=32 efC=1600 ef=200 alpha=0.85 beta=5 q=u8 seedT=8 seedH=8 seedS=4 pat=128 bloomH=2 bloomT=30 bloomSrc=pruned,64,0.9125931232,0.9900,3692.6199,8.7192,0.0000,0.160411,0.160411;0.160833;0.159969,22.981519,43513.23,,13.42,0,6980,10,True,nid006293,59116836
SparseHNSW_Bloom2_30_b5_s8x4_p128,M=32 efC=1600 ef=400 alpha=0.85 beta=5 q=u8 seedT=8 seedH=8 seedS=4 pat=128 bloomH=2 bloomT=30 bloomSrc=pruned,64,0.9507593123,0.9943,3692.6199,8.7192,0.0000,0.176437,0.176437;0.176222;0.176822,25.277507,39560.86,,13.42,0,6980,10,True,nid006293,59116836
SparseHNSW_Bloom2_30_b5_s8x4_p128,M=32 efC=1600 ef=800 alpha=0.85 beta=5 q=u8 seedT=8 seedH=8 seedS=4 pat=128 bloomH=2 bloomT=30 bloomSrc=pruned,64,0.9755444126,0.9968,3692.6199,8.7192,0.0000,0.176873,0.176679;0.176873;0.177265,25.339971,39463.34,,13.42,0,6980,10,True,nid006293,59116836
SparseHNSW_Bloom2_30_b5_s8x4_p128,M=32 efC=1600 ef=1600 alpha=0.85 beta=5 q=u8 seedT=8 seedH=8 seedS=4 pat=128 bloomH=2 bloomT=30 bloomSrc=pruned,64,0.9864469914,0.9979,3692.6199,8.7192,0.0000,0.188598,0.189097;0.188592;0.188598,27.019771,37009.94,,13.42,0,6980,10,True,nid006293,59116836
SparseHNSW_Bloom2_30_b5_s8x4_p128,M=32 efC=1600 ef=3200 alpha=0.85 beta=5 q=u8 seedT=8 seedH=8 seedS=4 pat=128 bloomH=2 bloomT=30 bloomSrc=pruned,64,0.9922922636,0.9993,3692.6199,8.7192,0.0000,0.215617,0.215473;0.215617;0.215662,30.890688,32372.22,,13.42,0,6980,10,True,nid006293,59116836
SparseHNSW_Bloom2_30_b5_s8x4_p128,M=32 efC=1600 ef=6400 alpha=0.85 beta=5 q=u8 seedT=8 seedH=8 seedS=4 pat=128 bloomH=2 bloomT=30 bloomSrc=pruned,64,0.9948710602,0.9997,3692.6199,8.7192,0.0000,0.262531,0.262827;0.262531;0.262197,37.611891,26587.34,,13.42,0,6980,10,True,nid006293,59116836
SparseHNSW_Bloom2_30_b8_s8x4_p128,M=32 efC=1600 ef=20 alpha=0.85 beta=8 q=u8 seedT=8 seedH=8 seedS=4 pat=128 bloomH=2 bloomT=30 bloomSrc=pruned,64,0.8707163324,0.9782,3692.6199,8.7192,0.0000,0.084327,0.084198;0.084327;0.084447,12.081232,82773.01,,13.42,0,6980,10,True,nid006293,59116836
SparseHNSW_Bloom2_30_b8_s8x4_p128,M=32 efC=1600 ef=50 alpha=0.85 beta=8 q=u8 seedT=8 seedH=8 seedS=4 pat=128 bloomH=2 bloomT=30 bloomSrc=pruned,64,0.8707163324,0.9782,3692.6199,8.7192,0.0000,0.084523,0.084690;0.084523;0.084286,12.109312,82581.07,,13.42,0,6980,10,True,nid006293,59116836
SparseHNSW_Bloom2_30_b8_s8x4_p128,M=32 efC=1600 ef=100 alpha=0.85 beta=8 q=u8 seedT=8 seedH=8 seedS=4 pat=128 bloomH=2 bloomT=30 bloomSrc=pruned,64,0.8787822350,0.9809,3692.6199,8.7192,0.0000,0.099740,0.099458;0.099740;0.099935,14.289398,69981.95,,13.42,0,6980,10,True,nid006293,59116836
SparseHNSW_Bloom2_30_b8_s8x4_p128,M=32 efC=1600 ef=200 alpha=0.85 beta=8 q=u8 seedT=8 seedH=8 seedS=4 pat=128 bloomH=2 bloomT=30 bloomSrc=pruned,64,0.9127507163,0.9900,3692.6199,8.7192,0.0000,0.170690,0.170690;0.170675;0.170841,24.454155,40892.85,,13.42,0,6980,10,True,nid006293,59116836
SparseHNSW_Bloom2_30_b8_s8x4_p128,M=32 efC=1600 ef=400 alpha=0.85 beta=8 q=u8 seedT=8 seedH=8 seedS=4 pat=128 bloomH=2 bloomT=30 bloomSrc=pruned,64,0.9511174785,0.9944,3692.6199,8.7192,0.0000,0.208903,0.208877;0.209181;0.208903,29.928797,33412.64,,13.42,0,6980,10,True,nid006293,59116836
SparseHNSW_Bloom2_30_b8_s8x4_p128,M=32 efC=1600 ef=800 alpha=0.85 beta=8 q=u8 seedT=8 seedH=8 seedS=4 pat=128 bloomH=2 bloomT=30 bloomSrc=pruned,64,0.9759885387,0.9971,3692.6199,8.7192,0.0000,0.209647,0.209059;0.209710;0.209647,30.035387,33294.06,,13.42,0,6980,10,True,nid006293,59116836
SparseHNSW_Bloom2_30_b8_s8x4_p128,M=32 efC=1600 ef=1600 alpha=0.85 beta=8 q=u8 seedT=8 seedH=8 seedS=4 pat=128 bloomH=2 bloomT=30 bloomSrc=pruned,64,0.9867335244,0.9980,3692.6199,8.7192,0.0000,0.217169,0.216651;0.217401;0.217169,31.113037,32140.87,,13.42,0,6980,10,True,nid006293,59116836
SparseHNSW_Bloom2_30_b8_s8x4_p128,M=32 efC=1600 ef=3200 alpha=0.85 beta=8 q=u8 seedT=8 seedH=8 seedS=4 pat=128 bloomH=2 bloomT=30 bloomSrc=pruned,64,0.9925214900,0.9994,3692.6199,8.7192,0.0000,0.242748,0.242748;0.242833;0.242383,34.777650,28754.10,,13.42,0,6980,10,True,nid006293,59116836
SparseHNSW_Bloom2_30_b8_s8x4_p128,M=32 efC=1600 ef=6400 alpha=0.85 beta=8 q=u8 seedT=8 seedH=8 seedS=4 pat=128 bloomH=2 bloomT=30 bloomSrc=pruned,64,0.9951146132,0.9997,3692.6199,8.7192,0.0000,0.297102,0.297102;0.296990;0.297484,42.564756,23493.61,,13.42,0,6980,10,True,nid006293,59116836
SparseHNSW_Bloom2_30_b12_s8x4_p128,M=32 efC=1600 ef=20 alpha=0.85 beta=12 q=u8 seedT=8 seedH=8 seedS=4 pat=128 bloomH=2 bloomT=30 bloomSrc=pruned,64,0.8859885387,0.9840,3692.6199,8.7192,0.0000,0.117471,0.117258;0.117917;0.117471,16.829656,59418.92,,13.42,0,6980,10,True,nid006293,59116836
SparseHNSW_Bloom2_30_b12_s8x4_p128,M=32 efC=1600 ef=50 alpha=0.85 beta=12 q=u8 seedT=8 seedH=8 seedS=4 pat=128 bloomH=2 bloomT=30 bloomSrc=pruned,64,0.8859885387,0.9840,3692.6199,8.7192,0.0000,0.117470,0.117771;0.117470;0.117444,16.829513,59419.43,,13.42,0,6980,10,True,nid006293,59116836
SparseHNSW_Bloom2_30_b12_s8x4_p128,M=32 efC=1600 ef=100 alpha=0.85 beta=12 q=u8 seedT=8 seedH=8 seedS=4 pat=128 bloomH=2 bloomT=30 bloomSrc=pruned,64,0.8859885387,0.9840,3692.6199,8.7192,0.0000,0.117310,0.117101;0.117533;0.117310,16.806590,59500.47,,13.42,0,6980,10,True,nid006293,59116836
SparseHNSW_Bloom2_30_b12_s8x4_p128,M=32 efC=1600 ef=200 alpha=0.85 beta=12 q=u8 seedT=8 seedH=8 seedS=4 pat=128 bloomH=2 bloomT=30 bloomSrc=pruned,64,0.9127793696,0.9900,3692.6199,8.7192,0.0000,0.175401,0.175336;0.175401;0.175499,25.129083,39794.53,,13.42,0,6980,10,True,nid006293,59116836
SparseHNSW_Bloom2_30_b12_s8x4_p128,M=32 efC=1600 ef=400 alpha=0.85 beta=12 q=u8 seedT=8 seedH=8 seedS=4 pat=128 bloomH=2 bloomT=30 bloomSrc=pruned,64,0.9515616046,0.9947,3692.6199,8.7192,0.0000,0.246899,0.247592;0.246899;0.246648,35.372350,28270.67,,13.42,0,6980,10,True,nid006293,59116836
SparseHNSW_Bloom2_30_b12_s8x4_p128,M=32 efC=1600 ef=800 alpha=0.85 beta=12 q=u8 seedT=8 seedH=8 seedS=4 pat=128 bloomH=2 bloomT=30 bloomSrc=pruned,64,0.9765042980,0.9974,3692.6199,8.7192,0.0000,0.252902,0.252989;0.252902;0.252647,36.232378,27599.62,,13.42,0,6980,10,True,nid006293,59116836
SparseHNSW_Bloom2_30_b12_s8x4_p128,M=32 efC=1600 ef=1600 alpha=0.85 beta=12 q=u8 seedT=8 seedH=8 seedS=4 pat=128 bloomH=2 bloomT=30 bloomSrc=pruned,64,0.9870487106,0.9981,3692.6199,8.7192,0.0000,0.255814,0.255775;0.255814;0.256081,36.649570,27285.45,,13.42,0,6980,10,True,nid006293,59116836
SparseHNSW_Bloom2_30_b12_s8x4_p128,M=32 efC=1600 ef=3200 alpha=0.85 beta=12 q=u8 seedT=8 seedH=8 seedS=4 pat=128 bloomH=2 bloomT=30 bloomSrc=pruned,64,0.9927220630,0.9994,3692.6199,8.7192,0.0000,0.277315,0.277237;0.277315;0.277475,39.729943,25169.93,,13.42,0,6980,10,True,nid006293,59116836
SparseHNSW_Bloom2_30_b12_s8x4_p128,M=32 efC=1600 ef=6400 alpha=0.85 beta=12 q=u8 seedT=8 seedH=8 seedS=4 pat=128 bloomH=2 bloomT=30 bloomSrc=pruned,64,0.9954441261,0.9997,3692.6199,8.7192,0.0000,0.337805,0.337805;0.337292;0.337875,48.396132,20662.81,,13.42,0,6980,10,True,nid006293,59116836
SparseHNSW_Bloom2_30_b16_s8x4_p128,M=32 efC=1600 ef=20 alpha=0.85 beta=16 q=u8 seedT=8 seedH=8 seedS=4 pat=128 bloomH=2 bloomT=30 bloomSrc=pruned,64,0.8999570201,0.9883,3692.6199,8.7192,0.0000,0.148381,0.148616;0.148381;0.148230,21.258023,47041.06,,13.42,0,6980,10,True,nid006293,59116836
SparseHNSW_Bloom2_30_b16_s8x4_p128,M=32 efC=1600 ef=50 alpha=0.85 beta=16 q=u8 seedT=8 seedH=8 seedS=4 pat=128 bloomH=2 bloomT=30 bloomSrc=pruned,64,0.8999570201,0.9883,3692.6199,8.7192,0.0000,0.148504,0.148127;0.148504;0.148515,21.275645,47002.10,,13.42,0,6980,10,True,nid006293,59116836
SparseHNSW_Bloom2_30_b16_s8x4_p128,M=32 efC=1600 ef=100 alpha=0.85 beta=16 q=u8 seedT=8 seedH=8 seedS=4 pat=128 bloomH=2 bloomT=30 bloomSrc=pruned,64,0.8999570201,0.9883,3692.6199,8.7192,0.0000,0.148352,0.148352;0.148283;0.148874,21.253868,47050.26,,13.42,0,6980,10,True,nid006293,59116836
SparseHNSW_Bloom2_30_b16_s8x4_p128,M=32 efC=1600 ef=200 alpha=0.85 beta=16 q=u8 seedT=8 seedH=8 seedS=4 pat=128 bloomH=2 bloomT=30 bloomSrc=pruned,64,0.9127793696,0.9900,3692.6199,8.7192,0.0000,0.177087,0.177647;0.177087;0.176904,25.370630,39415.65,,13.42,0,6980,10,True,nid006293,59116836
SparseHNSW_Bloom2_30_b16_s8x4_p128,M=32 efC=1600 ef=400 alpha=0.85 beta=16 q=u8 seedT=8 seedH=8 seedS=4 pat=128 bloomH=2 bloomT=30 bloomSrc=pruned,64,0.9516189112,0.9947,3692.6199,8.7192,0.0000,0.275489,0.275489;0.276194;0.275234,39.468338,25336.76,,13.42,0,6980,10,True,nid006293,59116836
SparseHNSW_Bloom2_30_b16_s8x4_p128,M=32 efC=1600 ef=800 alpha=0.85 beta=16 q=u8 seedT=8 seedH=8 seedS=4 pat=128 bloomH=2 bloomT=30 bloomSrc=pruned,64,0.9767908309,0.9977,3692.6199,8.7192,0.0000,0.294754,0.294754;0.294624;0.294763,42.228367,23680.76,,13.42,0,6980,10,True,nid006293,59116836
SparseHNSW_Bloom2_30_b16_s8x4_p128,M=32 efC=1600 ef=1600 alpha=0.85 beta=16 q=u8 seedT=8 seedH=8 seedS=4 pat=128 bloomH=2 bloomT=30 bloomSrc=pruned,64,0.9872063037,0.9983,3692.6199,8.7192,0.0000,0.293264,0.293629;0.293249;0.293264,42.014900,23801.08,,13.42,0,6980,10,True,nid006293,59116836
SparseHNSW_Bloom2_30_b16_s8x4_p128,M=32 efC=1600 ef=3200 alpha=0.85 beta=16 q=u8 seedT=8 seedH=8 seedS=4 pat=128 bloomH=2 bloomT=30 bloomSrc=pruned,64,0.9928366762,0.9996,3692.6199,8.7192,0.0000,0.312432,0.312229;0.312432;0.312455,44.761032,22340.86,,13.42,0,6980,10,True,nid006293,59116836
SparseHNSW_Bloom2_30_b16_s8x4_p128,M=32 efC=1600 ef=6400 alpha=0.85 beta=16 q=u8 seedT=8 seedH=8 seedS=4 pat=128 bloomH=2 bloomT=30 bloomSrc=pruned,64,0.9955157593,0.9997,3692.6199,8.7192,0.0000,0.373215,0.373035;0.373541;0.373215,53.469198,18702.36,,13.42,0,6980,10,True,nid006293,59116836
SparseHNSW_Bloom2_30_b2_s0x0_p256,M=32 efC=1600 ef=20 alpha=0.85 beta=2 q=u8 pat=256 bloomH=2 bloomT=30 bloomSrc=pruned,64,0.7508166189,0.8626,3692.6199,8.7192,0.0000,0.030824,0.030268;0.030824;0.031325,4.416046,226446.92,,13.42,0,6980,10,True,nid006293,59116836
SparseHNSW_Bloom2_30_b2_s0x0_p256,M=32 efC=1600 ef=50 alpha=0.85 beta=2 q=u8 pat=256 bloomH=2 bloomT=30 bloomSrc=pruned,64,0.8181805158,0.9222,3692.6199,8.7192,0.0000,0.058604,0.058604;0.058656;0.058477,8.395989,119104.50,,13.42,0,6980,10,True,nid006293,59116836
SparseHNSW_Bloom2_30_b2_s0x0_p256,M=32 efC=1600 ef=100 alpha=0.85 beta=2 q=u8 pat=256 bloomH=2 bloomT=30 bloomSrc=pruned,64,0.8490114613,0.9501,3692.6199,8.7192,0.0000,0.098277,0.098080;0.098277;0.098277,14.079799,71023.74,,13.42,0,6980,10,True,nid006293,59116836
SparseHNSW_Bloom2_30_b2_s0x0_p256,M=32 efC=1600 ef=200 alpha=0.85 beta=2 q=u8 pat=256 bloomH=2 bloomT=30 bloomSrc=pruned,64,0.8800143266,0.9718,3692.6199,8.7192,0.0000,0.170010,0.170010;0.170062;0.169910,24.356734,41056.41,,13.42,0,6980,10,True,nid006293,59116836
SparseHNSW_Bloom2_30_b2_s0x0_p256,M=32 efC=1600 ef=400 alpha=0.85 beta=2 q=u8 pat=256 bloomH=2 bloomT=30 bloomSrc=pruned,64,0.9165329513,0.9821,3692.6199,8.7192,0.0000,0.237222,0.237222;0.237069;0.237267,33.985960,29423.92,,13.42,0,6980,10,True,nid006293,59116836
SparseHNSW_Bloom2_30_b2_s0x0_p256,M=32 efC=1600 ef=800 alpha=0.85 beta=2 q=u8 pat=256 bloomH=2 bloomT=30 bloomSrc=pruned,64,0.9525787966,0.9893,3692.6199,8.7192,0.0000,0.242002,0.242056;0.241007;0.242002,34.670774,28842.74,,13.42,0,6980,10,True,nid006293,59116836
SparseHNSW_Bloom2_30_b2_s0x0_p256,M=32 efC=1600 ef=1600 alpha=0.85 beta=2 q=u8 pat=256 bloomH=2 bloomT=30 bloomSrc=pruned,64,0.9733237822,0.9928,3692.6199,8.7192,0.0000,0.252622,0.252849;0.252265;0.252622,36.192264,27630.21,,13.42,0,6980,10,True,nid006293,59116836
SparseHNSW_Bloom2_30_b2_s0x0_p256,M=32 efC=1600 ef=3200 alpha=0.85 beta=2 q=u8 pat=256 bloomH=2 bloomT=30 bloomSrc=pruned,64,0.9838538682,0.9964,3692.6199,8.7192,0.0000,0.277884,0.277884;0.278054;0.277641,39.811461,25118.39,,13.42,0,6980,10,True,nid006293,59116836
SparseHNSW_Bloom2_30_b2_s0x0_p256,M=32 efC=1600 ef=6400 alpha=0.85 beta=2 q=u8 pat=256 bloomH=2 bloomT=30 bloomSrc=pruned,64,0.9889111748,0.9986,3692.6199,8.7192,0.0000,0.335189,0.335088;0.335340;0.335189,48.021347,20824.07,,13.42,0,6980,10,True,nid006293,59116836
SparseHNSW_Bloom2_30_b3_s0x0_p256,M=32 efC=1600 ef=20 alpha=0.85 beta=3 q=u8 pat=256 bloomH=2 bloomT=30 bloomSrc=pruned,64,0.7891690544,0.8950,3692.6199,8.7192,0.0000,0.041601,0.041090;0.041601;0.041736,5.960029,167784.43,,13.42,0,6980,10,True,nid006293,59116836
SparseHNSW_Bloom2_30_b3_s0x0_p256,M=32 efC=1600 ef=50 alpha=0.85 beta=3 q=u8 pat=256 bloomH=2 bloomT=30 bloomSrc=pruned,64,0.8202865330,0.9222,3692.6199,8.7192,0.0000,0.059066,0.059320;0.059066;0.058853,8.462178,118172.89,,13.42,0,6980,10,True,nid006293,59116836
SparseHNSW_Bloom2_30_b3_s0x0_p256,M=32 efC=1600 ef=100 alpha=0.85 beta=3 q=u8 pat=256 bloomH=2 bloomT=30 bloomSrc=pruned,64,0.8512893983,0.9501,3692.6199,8.7192,0.0000,0.099001,0.098752;0.099001;0.099279,14.183524,70504.34,,13.42,0,6980,10,True,nid006293,59116836
SparseHNSW_Bloom2_30_b3_s0x0_p256,M=32 efC=1600 ef=200 alpha=0.85 beta=3 q=u8 pat=256 bloomH=2 bloomT=30 bloomSrc=pruned,64,0.8823925501,0.9718,3692.6199,8.7192,0.0000,0.170515,0.170515;0.170293;0.170861,24.429083,40934.82,,13.42,0,6980,10,True,nid006293,59116836
SparseHNSW_Bloom2_30_b3_s0x0_p256,M=32 efC=1600 ef=400 alpha=0.85 beta=3 q=u8 pat=256 bloomH=2 bloomT=30 bloomSrc=pruned,64,0.9193553009,0.9825,3692.6199,8.7192,0.0000,0.247374,0.247374;0.247063;0.247511,35.440401,28216.38,,13.42,0,6980,10,True,nid006293,59116836
SparseHNSW_Bloom2_30_b3_s0x0_p256,M=32 efC=1600 ef=800 alpha=0.85 beta=3 q=u8 pat=256 bloomH=2 bloomT=30 bloomSrc=pruned,64,0.9558309456,0.9897,3692.6199,8.7192,0.0000,0.253611,0.253611;0.253503;0.253762,36.333954,27522.47,,13.42,0,6980,10,True,nid006293,59116836
SparseHNSW_Bloom2_30_b3_s0x0_p256,M=32 efC=1600 ef=1600 alpha=0.85 beta=3 q=u8 pat=256 bloomH=2 bloomT=30 bloomSrc=pruned,64,0.9767191977,0.9931,3692.6199,8.7192,0.0000,0.263015,0.263591;0.262761;0.263015,37.681232,26538.41,,13.42,0,6980,10,True,nid006293,59116836
SparseHNSW_Bloom2_30_b3_s0x0_p256,M=32 efC=1600 ef=3200 alpha=0.85 beta=3 q=u8 pat=256 bloomH=2 bloomT=30 bloomSrc=pruned,64,0.9874212034,0.9966,3692.6199,8.7192,0.0000,0.287870,0.287828;0.288278;0.287870,41.242120,24247.06,,13.42,0,6980,10,True,nid006293,59116836
SparseHNSW_Bloom2_30_b3_s0x0_p256,M=32 efC=1600 ef=6400 alpha=0.85 beta=3 q=u8 pat=256 bloomH=2 bloomT=30 bloomSrc=pruned,64,0.9924928367,0.9987,3692.6199,8.7192,0.0000,0.345934,0.345934;0.346016;0.345381,49.560745,20177.26,,13.42,0,6980,10,True,nid006293,59116836
SparseHNSW_Bloom2_30_b4_s0x0_p256,M=32 efC=1600 ef=20 alpha=0.85 beta=4 q=u8 pat=256 bloomH=2 bloomT=30 bloomSrc=pruned,64,0.8077793696,0.9112,3692.6199,8.7192,0.0000,0.051128,0.050806;0.051128;0.051454,7.324928,136520.11,,13.42,0,6980,10,True,nid006293,59116836
SparseHNSW_Bloom2_30_b4_s0x0_p256,M=32 efC=1600 ef=50 alpha=0.85 beta=4 q=u8 pat=256 bloomH=2 bloomT=30 bloomSrc=pruned,64,0.8206733524,0.9222,3692.6199,8.7192,0.0000,0.059937,0.060160;0.059882;0.059937,8.586963,116455.61,,13.42,0,6980,10,True,nid006293,59116836
SparseHNSW_Bloom2_30_b4_s0x0_p256,M=32 efC=1600 ef=100 alpha=0.85 beta=4 q=u8 pat=256 bloomH=2 bloomT=30 bloomSrc=pruned,64,0.8517048711,0.9501,3692.6199,8.7192,0.0000,0.099468,0.099468;0.099668;0.099397,14.250430,70173.32,,13.42,0,6980,10,True,nid006293,59116836
SparseHNSW_Bloom2_30_b4_s0x0_p256,M=32 efC=1600 ef=200 alpha=0.85 beta=4 q=u8 pat=256 bloomH=2 bloomT=30 bloomSrc=pruned,64,0.8829226361,0.9718,3692.6199,8.7192,0.0000,0.171466,0.171501;0.171319;0.171466,24.565330,40707.78,,13.42,0,6980,10,True,nid006293,59116836
SparseHNSW_Bloom2_30_b4_s0x0_p256,M=32 efC=1600 ef=400 alpha=0.85 beta=4 q=u8 pat=256 bloomH=2 bloomT=30 bloomSrc=pruned,64,0.9200716332,0.9827,3692.6199,8.7192,0.0000,0.257709,0.257709;0.257917;0.257388,36.921060,27084.81,,13.42,0,6980,10,True,nid006293,59116836
SparseHNSW_Bloom2_30_b4_s0x0_p256,M=32 efC=1600 ef=800 alpha=0.85 beta=4 q=u8 pat=256 bloomH=2 bloomT=30 bloomSrc=pruned,64,0.9567621777,0.9901,3692.6199,8.7192,0.0000,0.267288,0.267482;0.266932;0.267288,38.293410,26114.15,,13.42,0,6980,10,True,nid006293,59116836
SparseHNSW_Bloom2_30_b4_s0x0_p256,M=32 efC=1600 ef=1600 alpha=0.85 beta=4 q=u8 pat=256 bloomH=2 bloomT=30 bloomSrc=pruned,64,0.9774498567,0.9931,3692.6199,8.7192,0.0000,0.275017,0.275017;0.274870;0.275335,39.400716,25380.25,,13.42,0,6980,10,True,nid006293,59116836
SparseHNSW_Bloom2_30_b4_s0x0_p256,M=32 efC=1600 ef=3200 alpha=0.85 beta=4 q=u8 pat=256 bloomH=2 bloomT=30 bloomSrc=pruned,64,0.9882378223,0.9967,3692.6199,8.7192,0.0000,0.299104,0.299385;0.299104;0.299072,42.851576,23336.36,,13.42,0,6980,10,True,nid006293,59116836
SparseHNSW_Bloom2_30_b4_s0x0_p256,M=32 efC=1600 ef=6400 alpha=0.85 beta=4 q=u8 pat=256 bloomH=2 bloomT=30 bloomSrc=pruned,64,0.9932234957,0.9987,3692.6199,8.7192,0.0000,0.357333,0.357051;0.357444;0.357333,51.193840,19533.60,,13.42,0,6980,10,True,nid006293,59116836
SparseHNSW_Bloom2_30_b5_s0x0_p256,M=32 efC=1600 ef=20 alpha=0.85 beta=5 q=u8 pat=256 bloomH=2 bloomT=30 bloomSrc=pruned,64,0.8207593123,0.9222,3692.6199,8.7192,0.0000,0.060291,0.060116;0.060291;0.060766,8.637679,115771.84,,13.42,0,6980,10,True,nid006293,59116836
SparseHNSW_Bloom2_30_b5_s0x0_p256,M=32 efC=1600 ef=50 alpha=0.85 beta=5 q=u8 pat=256 bloomH=2 bloomT=30 bloomSrc=pruned,64,0.8207593123,0.9222,3692.6199,8.7192,0.0000,0.060431,0.060793;0.060162;0.060431,8.657736,115503.63,,13.42,0,6980,10,True,nid006293,59116836
SparseHNSW_Bloom2_30_b5_s0x0_p256,M=32 efC=1600 ef=100 alpha=0.85 beta=5 q=u8 pat=256 bloomH=2 bloomT=30 bloomSrc=pruned,64,0.8518194842,0.9501,3692.6199,8.7192,0.0000,0.100034,0.100442;0.100034;0.099877,14.331519,69776.28,,13.42,0,6980,10,True,nid006293,59116836
SparseHNSW_Bloom2_30_b5_s0x0_p256,M=32 efC=1600 ef=200 alpha=0.85 beta=5 q=u8 pat=256 bloomH=2 bloomT=30 bloomSrc=pruned,64,0.8830372493,0.9718,3692.6199,8.7192,0.0000,0.172528,0.172528;0.172644;0.172191,24.717479,40457.20,,13.42,0,6980,10,True,nid006293,59116836
SparseHNSW_Bloom2_30_b5_s0x0_p256,M=32 efC=1600 ef=400 alpha=0.85 beta=5 q=u8 pat=256 bloomH=2 bloomT=30 bloomSrc=pruned,64,0.9203724928,0.9830,3692.6199,8.7192,0.0000,0.266458,0.266122;0.266458;0.266704,38.174499,26195.50,,13.42,0,6980,10,True,nid006293,59116836
SparseHNSW_Bloom2_30_b5_s0x0_p256,M=32 efC=1600 ef=800 alpha=0.85 beta=5 q=u8 pat=256 bloomH=2 bloomT=30 bloomSrc=pruned,64,0.9571203438,0.9903,3692.6199,8.7192,0.0000,0.279334,0.278592;0.279722;0.279334,40.019198,24988.01,,13.42,0,6980,10,True,nid006293,59116836
SparseHNSW_Bloom2_30_b5_s0x0_p256,M=32 efC=1600 ef=1600 alpha=0.85 beta=5 q=u8 pat=256 bloomH=2 bloomT=30 bloomSrc=pruned,64,0.9776647564,0.9933,3692.6199,8.7192,0.0000,0.286074,0.286213;0.286074;0.285542,40.984814,24399.28,,13.42,0,6980,10,True,nid006293,59116836
SparseHNSW_Bloom2_30_b5_s0x0_p256,M=32 efC=1600 ef=3200 alpha=0.85 beta=5 q=u8 pat=256 bloomH=2 bloomT=30 bloomSrc=pruned,64,0.9884097421,0.9967,3692.6199,8.7192,0.0000,0.309267,0.309410;0.309267;0.309103,44.307593,22569.49,,13.42,0,6980,10,True,nid006293,59116836
SparseHNSW_Bloom2_30_b5_s0x0_p256,M=32 efC=1600 ef=6400 alpha=0.85 beta=5 q=u8 pat=256 bloomH=2 bloomT=30 bloomSrc=pruned,64,0.9933954155,0.9987,3692.6199,8.7192,0.0000,0.368657,0.368630;0.368849;0.368657,52.816189,18933.59,,13.42,0,6980,10,True,nid006293,59116836
SparseHNSW_Bloom2_30_b8_s0x0_p256,M=32 efC=1600 ef=20 alpha=0.85 beta=8 q=u8 pat=256 bloomH=2 bloomT=30 bloomSrc=pruned,64,0.8423495702,0.9413,3692.6199,8.7192,0.0000,0.086830,0.086727;0.087225;0.086830,12.439828,80386.96,,13.42,0,6980,10,True,nid006293,59116836
SparseHNSW_Bloom2_30_b8_s0x0_p256,M=32 efC=1600 ef=50 alpha=0.85 beta=8 q=u8 pat=256 bloomH=2 bloomT=30 bloomSrc=pruned,64,0.8423495702,0.9413,3692.6199,8.7192,0.0000,0.087122,0.086809;0.087124;0.087122,12.481662,80117.54,,13.42,0,6980,10,True,nid006293,59116836
SparseHNSW_Bloom2_30_b8_s0x0_p256,M=32 efC=1600 ef=100 alpha=0.85 beta=8 q=u8 pat=256 bloomH=2 bloomT=30 bloomSrc=pruned,64,0.8518767908,0.9501,3692.6199,8.7192,0.0000,0.102682,0.102704;0.102682;0.102182,14.710888,67976.86,,13.42,0,6980,10,True,nid006293,59116836
SparseHNSW_Bloom2_30_b8_s0x0_p256,M=32 efC=1600 ef=200 alpha=0.85 beta=8 q=u8 pat=256 bloomH=2 bloomT=30 bloomSrc=pruned,64,0.8831088825,0.9718,3692.6199,8.7192,0.0000,0.174581,0.174581;0.174752;0.174536,25.011605,39981.44,,13.42,0,6980,10,True,nid006293,59116836
SparseHNSW_Bloom2_30_b8_s0x0_p256,M=32 efC=1600 ef=400 alpha=0.85 beta=8 q=u8 pat=256 bloomH=2 bloomT=30 bloomSrc=pruned,64,0.9205444126,0.9832,3692.6199,8.7192,0.0000,0.288178,0.287716;0.288795;0.288178,41.286246,24221.14,,13.42,0,6980,10,True,nid006293,59116836
SparseHNSW_Bloom2_30_b8_s0x0_p256,M=32 efC=1600 ef=800 alpha=0.85 beta=8 q=u8 pat=256 bloomH=2 bloomT=30 bloomSrc=pruned,64,0.9576790831,0.9908,3692.6199,8.7192,0.0000,0.316112,0.316112;0.316108;0.316488,45.288252,22080.78,,13.42,0,6980,10,True,nid006293,59116836
SparseHNSW_Bloom2_30_b8_s0x0_p256,M=32 efC=1600 ef=1600 alpha=0.85 beta=8 q=u8 pat=256 bloomH=2 bloomT=30 bloomSrc=pruned,64,0.9782951289,0.9938,3692.6199,8.7192,0.0000,0.320182,0.320861;0.320182;0.320170,45.871347,21800.10,,13.42,0,6980,10,True,nid006293,59116836
SparseHNSW_Bloom2_30_b8_s0x0_p256,M=32 efC=1600 ef=3200 alpha=0.85 beta=8 q=u8 pat=256 bloomH=2 bloomT=30 bloomSrc=pruned,64,0.9885959885,0.9967,3692.6199,8.7192,0.0000,0.339040,0.339040;0.338987;0.339274,48.573066,20587.54,,13.42,0,6980,10,True,nid006293,59116836
SparseHNSW_Bloom2_30_b8_s0x0_p256,M=32 efC=1600 ef=6400 alpha=0.85 beta=8 q=u8 pat=256 bloomH=2 bloomT=30 bloomSrc=pruned,64,0.9937392550,0.9989,3692.6199,8.7192,0.0000,0.400176,0.400176;0.400282;0.399724,57.331805,17442.33,,13.42,0,6980,10,True,nid006293,59116836
SparseHNSW_Bloom2_30_b12_s0x0_p256,M=32 efC=1600 ef=20 alpha=0.85 beta=12 q=u8 pat=256 bloomH=2 bloomT=30 bloomSrc=pruned,64,0.8594555874,0.9560,3692.6199,8.7192,0.0000,0.119615,0.119615;0.119519;0.119866,17.136819,58353.89,,13.42,0,6980,10,True,nid006293,59116836
SparseHNSW_Bloom2_30_b12_s0x0_p256,M=32 efC=1600 ef=50 alpha=0.85 beta=12 q=u8 pat=256 bloomH=2 bloomT=30 bloomSrc=pruned,64,0.8594555874,0.9560,3692.6199,8.7192,0.0000,0.120007,0.119749;0.120123;0.120007,17.192980,58163.27,,13.42,0,6980,10,True,nid006293,59116836
SparseHNSW_Bloom2_30_b12_s0x0_p256,M=32 efC=1600 ef=100 alpha=0.85 beta=12 q=u8 pat=256 bloomH=2 bloomT=30 bloomSrc=pruned,64,0.8594555874,0.9560,3692.6199,8.7192,0.0000,0.119711,0.119751;0.119711;0.119657,17.150573,58307.09,,13.42,0,6980,10,True,nid006293,59116836
SparseHNSW_Bloom2_30_b12_s0x0_p256,M=32 efC=1600 ef=200 alpha=0.85 beta=12 q=u8 pat=256 bloomH=2 bloomT=30 bloomSrc=pruned,64,0.8831375358,0.9718,3692.6199,8.7192,0.0000,0.177660,0.177858;0.177397;0.177660,25.452722,39288.53,,13.42,0,6980,10,True,nid006293,59116836
SparseHNSW_Bloom2_30_b12_s0x0_p256,M=32 efC=1600 ef=400 alpha=0.85 beta=12 q=u8 pat=256 bloomH=2 bloomT=30 bloomSrc=pruned,64,0.9206303725,0.9834,3692.6199,8.7192,0.0000,0.305721,0.305783;0.305721;0.305555,43.799570,22831.27,,13.42,0,6980,10,True,nid006293,59116836
SparseHNSW_Bloom2_30_b12_s0x0_p256,M=32 efC=1600 ef=800 alpha=0.85 beta=12 q=u8 pat=256 bloomH=2 bloomT=30 bloomSrc=pruned,64,0.9578366762,0.9913,3692.6199,8.7192,0.0000,0.364669,0.364669;0.364710;0.364243,52.244842,19140.65,,13.42,0,6980,10,True,nid006293,59116836
SparseHNSW_Bloom2_30_b12_s0x0_p256,M=32 efC=1600 ef=1600 alpha=0.85 beta=12 q=u8 pat=256 bloomH=2 bloomT=30 bloomSrc=pruned,64,0.9786389685,0.9940,3692.6199,8.7192,0.0000,0.366276,0.366276;0.366789;0.366161,52.475072,19056.67,,13.42,0,6980,10,True,nid006293,59116836
SparseHNSW_Bloom2_30_b12_s0x0_p256,M=32 efC=1600 ef=3200 alpha=0.85 beta=12 q=u8 pat=256 bloomH=2 bloomT=30 bloomSrc=pruned,64,0.9887392550,0.9968,3692.6199,8.7192,0.0000,0.381040,0.381033;0.381040;0.381081,54.590258,18318.29,,13.42,0,6980,10,True,nid006293,59116836
SparseHNSW_Bloom2_30_b12_s0x0_p256,M=32 efC=1600 ef=6400 alpha=0.85 beta=12 q=u8 pat=256 bloomH=2 bloomT=30 bloomSrc=pruned,64,0.9938825215,0.9989,3692.6199,8.7192,0.0000,0.439507,0.438744;0.439507;0.439864,62.966619,15881.43,,13.42,0,6980,10,True,nid006293,59116836
SparseHNSW_Bloom2_30_b16_s0x0_p256,M=32 efC=1600 ef=20 alpha=0.85 beta=16 q=u8 pat=256 bloomH=2 bloomT=30 bloomSrc=pruned,64,0.8717908309,0.9642,3692.6199,8.7192,0.0000,0.150989,0.151175;0.150989;0.150594,21.631662,46228.53,,13.42,0,6980,10,True,nid006293,59116836
SparseHNSW_Bloom2_30_b16_s0x0_p256,M=32 efC=1600 ef=50 alpha=0.85 beta=16 q=u8 pat=256 bloomH=2 bloomT=30 bloomSrc=pruned,64,0.8717908309,0.9642,3692.6199,8.7192,0.0000,0.150966,0.150730;0.150966;0.151198,21.628367,46235.58,,13.42,0,6980,10,True,nid006293,59116836
SparseHNSW_Bloom2_30_b16_s0x0_p256,M=32 efC=1600 ef=100 alpha=0.85 beta=16 q=u8 pat=256 bloomH=2 bloomT=30 bloomSrc=pruned,64,0.8717908309,0.9642,3692.6199,8.7192,0.0000,0.150654,0.150466;0.150675;0.150654,21.583668,46331.33,,13.42,0,6980,10,True,nid006293,59116836
SparseHNSW_Bloom2_30_b16_s0x0_p256,M=32 efC=1600 ef=200 alpha=0.85 beta=16 q=u8 pat=256 bloomH=2 bloomT=30 bloomSrc=pruned,64,0.8831375358,0.9718,3692.6199,8.7192,0.0000,0.179222,0.179451;0.179139;0.179222,25.676504,38946.11,,13.42,0,6980,10,True,nid006293,59116836
SparseHNSW_Bloom2_30_b16_s0x0_p256,M=32 efC=1600 ef=400 alpha=0.85 beta=16 q=u8 pat=256 bloomH=2 bloomT=30 bloomSrc=pruned,64,0.9206303725,0.9834,3692.6199,8.7192,0.0000,0.313322,0.313589;0.313322;0.313268,44.888539,22277.40,,13.42,0,6980,10,True,nid006293,59116836
SparseHNSW_Bloom2_30_b16_s0x0_p256,M=32 efC=1600 ef=800 alpha=0.85 beta=16 q=u8 pat=256 bloomH=2 bloomT=30 bloomSrc=pruned,64,0.9581375358,0.9917,3692.6199,8.7192,0.0000,0.410636,0.410077;0.410774;0.410636,58.830372,16998.02,,13.42,0,6980,10,True,nid006293,59116836
SparseHNSW_Bloom2_30_b16_s0x0_p256,M=32 efC=1600 ef=1600 alpha=0.85 beta=16 q=u8 pat=256 bloomH=2 bloomT=30 bloomSrc=pruned,64,0.9787965616,0.9940,3692.6199,8.7192,0.0000,0.410186,0.410186;0.410847;0.409993,58.765903,17016.67,,13.42,0,6980,10,True,nid006293,59116836
SparseHNSW_Bloom2_30_b16_s0x0_p256,M=32 efC=1600 ef=3200 alpha=0.85 beta=16 q=u8 pat=256 bloomH=2 bloomT=30 bloomSrc=pruned,64,0.9890544413,0.9970,3692.6199,8.7192,0.0000,0.420567,0.420576;0.420567;0.420470,60.253152,16596.64,,13.42,0,6980,10,True,nid006293,59116836
SparseHNSW_Bloom2_30_b16_s0x0_p256,M=32 efC=1600 ef=6400 alpha=0.85 beta=16 q=u8 pat=256 bloomH=2 bloomT=30 bloomSrc=pruned,64,0.9940974212,0.9990,3692.6199,8.7192,0.0000,0.478184,0.478292;0.478110;0.478184,68.507736,14596.89,,13.42,0,6980,10,True,nid006293,59116836
SparseHNSW_Bloom2_30_b2_s8x4_p256,M=32 efC=1600 ef=20 alpha=0.85 beta=2 q=u8 seedT=8 seedH=8 seedS=4 pat=256 bloomH=2 bloomT=30 bloomSrc=pruned,64,0.8331518625,0.9596,3692.6199,8.7192,0.0000,0.041237,0.040954;0.041237;0.041482,5.907880,169265.47,,13.42,0,6980,10,True,nid006293,59116836
SparseHNSW_Bloom2_30_b2_s8x4_p256,M=32 efC=1600 ef=50 alpha=0.85 beta=2 q=u8 seedT=8 seedH=8 seedS=4 pat=256 bloomH=2 bloomT=30 bloomSrc=pruned,64,0.8501719198,0.9692,3692.6199,8.7192,0.0000,0.055845,0.055859;0.055845;0.055822,8.000716,124988.81,,13.42,0,6980,10,True,nid006293,59116836
SparseHNSW_Bloom2_30_b2_s8x4_p256,M=32 efC=1600 ef=100 alpha=0.85 beta=2 q=u8 seedT=8 seedH=8 seedS=4 pat=256 bloomH=2 bloomT=30 bloomSrc=pruned,64,0.8758452722,0.9809,3692.6199,8.7192,0.0000,0.095533,0.095625;0.095432;0.095533,13.686676,73063.76,,13.42,0,6980,10,True,nid006293,59116836
SparseHNSW_Bloom2_30_b2_s8x4_p256,M=32 efC=1600 ef=200 alpha=0.85 beta=2 q=u8 seedT=8 seedH=8 seedS=4 pat=256 bloomH=2 bloomT=30 bloomSrc=pruned,64,0.9095702006,0.9900,3692.6199,8.7192,0.0000,0.167865,0.167865;0.168085;0.167849,24.049427,41581.03,,13.42,0,6980,10,True,nid006293,59116836
SparseHNSW_Bloom2_30_b2_s8x4_p256,M=32 efC=1600 ef=400 alpha=0.85 beta=2 q=u8 seedT=8 seedH=8 seedS=4 pat=256 bloomH=2 bloomT=30 bloomSrc=pruned,64,0.9480229226,0.9946,3692.6199,8.7192,0.0000,0.232106,0.231913;0.232106;0.232171,33.253009,30072.47,,13.42,0,6980,10,True,nid006293,59116836
SparseHNSW_Bloom2_30_b2_s8x4_p256,M=32 efC=1600 ef=800 alpha=0.85 beta=2 q=u8 seedT=8 seedH=8 seedS=4 pat=256 bloomH=2 bloomT=30 bloomSrc=pruned,64,0.9725931232,0.9976,3692.6199,8.7192,0.0000,0.236929,0.236929;0.236636;0.237033,33.943983,29460.30,,13.42,0,6980,10,True,nid006293,59116836
SparseHNSW_Bloom2_30_b2_s8x4_p256,M=32 efC=1600 ef=1600 alpha=0.85 beta=2 q=u8 seedT=8 seedH=8 seedS=4 pat=256 bloomH=2 bloomT=30 bloomSrc=pruned,64,0.9827650430,0.9981,3692.6199,8.7192,0.0000,0.248724,0.248253;0.248724;0.249165,35.633811,28063.23,,13.42,0,6980,10,True,nid006293,59116836
SparseHNSW_Bloom2_30_b2_s8x4_p256,M=32 efC=1600 ef=3200 alpha=0.85 beta=2 q=u8 seedT=8 seedH=8 seedS=4 pat=256 bloomH=2 bloomT=30 bloomSrc=pruned,64,0.9884813754,0.9996,3692.6199,8.7192,0.0000,0.275172,0.275710;0.275172;0.274823,39.422923,25365.95,,13.42,0,6980,10,True,nid006293,59116836
SparseHNSW_Bloom2_30_b2_s8x4_p256,M=32 efC=1600 ef=6400 alpha=0.85 beta=2 q=u8 seedT=8 seedH=8 seedS=4 pat=256 bloomH=2 bloomT=30 bloomSrc=pruned,64,0.9910458453,0.9999,3692.6199,8.7192,0.0000,0.333648,0.333648;0.333819;0.332551,47.800573,20920.25,,13.42,0,6980,10,True,nid006293,59116836
SparseHNSW_Bloom2_30_b3_s8x4_p256,M=32 efC=1600 ef=20 alpha=0.85 beta=3 q=u8 seedT=8 seedH=8 seedS=4 pat=256 bloomH=2 bloomT=30 bloomSrc=pruned,64,0.8351146132,0.9597,3692.6199,8.7192,0.0000,0.041794,0.041442;0.041794;0.042088,5.987679,167009.62,,13.42,0,6980,10,True,nid006293,59116836
SparseHNSW_Bloom2_30_b3_s8x4_p256,M=32 efC=1600 ef=50 alpha=0.85 beta=3 q=u8 seedT=8 seedH=8 seedS=4 pat=256 bloomH=2 bloomT=30 bloomSrc=pruned,64,0.8523495702,0.9692,3692.6199,8.7192,0.0000,0.056835,0.056913;0.056835;0.056784,8.142550,122811.65,,13.42,0,6980,10,True,nid006293,59116836
SparseHNSW_Bloom2_30_b3_s8x4_p256,M=32 efC=1600 ef=100 alpha=0.85 beta=3 q=u8 seedT=8 seedH=8 seedS=4 pat=256 bloomH=2 bloomT=30 bloomSrc=pruned,64,0.8781518625,0.9809,3692.6199,8.7192,0.0000,0.096316,0.096083;0.096448;0.096316,13.798854,72469.79,,13.42,0,6980,10,True,nid006293,59116836
SparseHNSW_Bloom2_30_b3_s8x4_p256,M=32 efC=1600 ef=200 alpha=0.85 beta=3 q=u8 seedT=8 seedH=8 seedS=4 pat=256 bloomH=2 bloomT=30 bloomSrc=pruned,64,0.9120487106,0.9900,3692.6199,8.7192,0.0000,0.168572,0.168572;0.168760;0.168306,24.150716,41406.64,,13.42,0,6980,10,True,nid006293,59116836
SparseHNSW_Bloom2_30_b3_s8x4_p256,M=32 efC=1600 ef=400 alpha=0.85 beta=3 q=u8 seedT=8 seedH=8 seedS=4 pat=256 bloomH=2 bloomT=30 bloomSrc=pruned,64,0.9507593123,0.9948,3692.6199,8.7192,0.0000,0.243192,0.243192;0.243718;0.243135,34.841261,28701.60,,13.42,0,6980,10,True,nid006293,59116836
SparseHNSW_Bloom2_30_b3_s8x4_p256,M=32 efC=1600 ef=800 alpha=0.85 beta=3 q=u8 seedT=8 seedH=8 seedS=4 pat=256 bloomH=2 bloomT=30 bloomSrc=pruned,64,0.9756446991,0.9976,3692.6199,8.7192,0.0000,0.247893,0.247892;0.247893;0.248150,35.514756,28157.31,,13.42,0,6980,10,True,nid006293,59116836
SparseHNSW_Bloom2_30_b3_s8x4_p256,M=32 efC=1600 ef=1600 alpha=0.85 beta=3 q=u8 seedT=8 seedH=8 seedS=4 pat=256 bloomH=2 bloomT=30 bloomSrc=pruned,64,0.9861031519,0.9981,3692.6199,8.7192,0.0000,0.259496,0.259496;0.259408;0.259528,37.177077,26898.30,,13.42,0,6980,10,True,nid006293,59116836
SparseHNSW_Bloom2_30_b3_s8x4_p256,M=32 efC=1600 ef=3200 alpha=0.85 beta=3 q=u8 seedT=8 seedH=8 seedS=4 pat=256 bloomH=2 bloomT=30 bloomSrc=pruned,64,0.9919054441,0.9996,3692.6199,8.7192,0.0000,0.285530,0.285530;0.285530;0.285109,40.906877,24445.77,,13.42,0,6980,10,True,nid006293,59116836
SparseHNSW_Bloom2_30_b3_s8x4_p256,M=32 efC=1600 ef=6400 alpha=0.85 beta=3 q=u8 seedT=8 seedH=8 seedS=4 pat=256 bloomH=2 bloomT=30 bloomSrc=pruned,64,0.9944985673,0.9999,3692.6199,8.7192,0.0000,0.344588,0.344193;0.344606;0.344588,49.367908,20256.07,,13.42,0,6980,10,True,nid006293,59116836
SparseHNSW_Bloom2_30_b4_s8x4_p256,M=32 efC=1600 ef=20 alpha=0.85 beta=4 q=u8 seedT=8 seedH=8 seedS=4 pat=256 bloomH=2 bloomT=30 bloomSrc=pruned,64,0.8455157593,0.9659,3692.6199,8.7192,0.0000,0.048792,0.048078;0.048792;0.048993,6.990258,143056.24,,13.42,0,6980,10,True,nid006293,59116836
SparseHNSW_Bloom2_30_b4_s8x4_p256,M=32 efC=1600 ef=50 alpha=0.85 beta=4 q=u8 seedT=8 seedH=8 seedS=4 pat=256 bloomH=2 bloomT=30 bloomSrc=pruned,64,0.8527507163,0.9692,3692.6199,8.7192,0.0000,0.057322,0.057383;0.057224;0.057322,8.212321,121768.26,,13.42,0,6980,10,True,nid006293,59116836
SparseHNSW_Bloom2_30_b4_s8x4_p256,M=32 efC=1600 ef=100 alpha=0.85 beta=4 q=u8 seedT=8 seedH=8 seedS=4 pat=256 bloomH=2 bloomT=30 bloomSrc=pruned,64,0.8785959885,0.9809,3692.6199,8.7192,0.0000,0.096741,0.096977;0.096741;0.096630,13.859742,72151.41,,13.42,0,6980,10,True,nid006293,59116836
SparseHNSW_Bloom2_30_b4_s8x4_p256,M=32 efC=1600 ef=200 alpha=0.85 beta=4 q=u8 seedT=8 seedH=8 seedS=4 pat=256 bloomH=2 bloomT=30 bloomSrc=pruned,64,0.9125501433,0.9900,3692.6199,8.7192,0.0000,0.169427,0.169737;0.169427;0.169245,24.273209,41197.68,,13.42,0,6980,10,True,nid006293,59116836
SparseHNSW_Bloom2_30_b4_s8x4_p256,M=32 efC=1600 ef=400 alpha=0.85 beta=4 q=u8 seedT=8 seedH=8 seedS=4 pat=256 bloomH=2 bloomT=30 bloomSrc=pruned,64,0.9514040115,0.9950,3692.6199,8.7192,0.0000,0.253137,0.253310;0.252824;0.253137,36.266046,27574.00,,13.42,0,6980,10,True,nid006293,59116836
SparseHNSW_Bloom2_30_b4_s8x4_p256,M=32 efC=1600 ef=800 alpha=0.85 beta=4 q=u8 seedT=8 seedH=8 seedS=4 pat=256 bloomH=2 bloomT=30 bloomSrc=pruned,64,0.9763753582,0.9977,3692.6199,8.7192,0.0000,0.259856,0.259856;0.260610;0.259786,37.228653,26861.03,,13.42,0,6980,10,True,nid006293,59116836
SparseHNSW_Bloom2_30_b4_s8x4_p256,M=32 efC=1600 ef=1600 alpha=0.85 beta=4 q=u8 seedT=8 seedH=8 seedS=4 pat=256 bloomH=2 bloomT=30 bloomSrc=pruned,64,0.9868051576,0.9981,3692.6199,8.7192,0.0000,0.271036,0.271309;0.270436;0.271036,38.830372,25753.04,,13.42,0,6980,10,True,nid006293,59116836
SparseHNSW_Bloom2_30_b4_s8x4_p256,M=32 efC=1600 ef=3200 alpha=0.85 beta=4 q=u8 seedT=8 seedH=8 seedS=4 pat=256 bloomH=2 bloomT=30 bloomSrc=pruned,64,0.9926217765,0.9996,3692.6199,8.7192,0.0000,0.296120,0.296326;0.295628;0.296120,42.424069,23571.53,,13.42,0,6980,10,True,nid006293,59116836
SparseHNSW_Bloom2_30_b4_s8x4_p256,M=32 efC=1600 ef=6400 alpha=0.85 beta=4 q=u8 seedT=8 seedH=8 seedS=4 pat=256 bloomH=2 bloomT=30 bloomSrc=pruned,64,0.9952148997,0.9999,3692.6199,8.7192,0.0000,0.355650,0.355361;0.355650;0.356473,50.952722,19626.04,,13.42,0,6980,10,True,nid006293,59116836
SparseHNSW_Bloom2_30_b5_s8x4_p256,M=32 efC=1600 ef=20 alpha=0.85 beta=5 q=u8 seedT=8 seedH=8 seedS=4 pat=256 bloomH=2 bloomT=30 bloomSrc=pruned,64,0.8528510029,0.9692,3692.6199,8.7192,0.0000,0.057871,0.057493;0.057871;0.058472,8.290974,120613.09,,13.42,0,6980,10,True,nid006293,59116836
SparseHNSW_Bloom2_30_b5_s8x4_p256,M=32 efC=1600 ef=50 alpha=0.85 beta=5 q=u8 seedT=8 seedH=8 seedS=4 pat=256 bloomH=2 bloomT=30 bloomSrc=pruned,64,0.8528510029,0.9692,3692.6199,8.7192,0.0000,0.058024,0.058024;0.058023;0.058140,8.312894,120295.05,,13.42,0,6980,10,True,nid006293,59116836
SparseHNSW_Bloom2_30_b5_s8x4_p256,M=32 efC=1600 ef=100 alpha=0.85 beta=5 q=u8 seedT=8 seedH=8 seedS=4 pat=256 bloomH=2 bloomT=30 bloomSrc=pruned,64,0.8787106017,0.9809,3692.6199,8.7192,0.0000,0.097723,0.097648;0.097792;0.097723,14.000430,71426.38,,13.42,0,6980,10,True,nid006293,59116836
SparseHNSW_Bloom2_30_b5_s8x4_p256,M=32 efC=1600 ef=200 alpha=0.85 beta=5 q=u8 seedT=8 seedH=8 seedS=4 pat=256 bloomH=2 bloomT=30 bloomSrc=pruned,64,0.9126790831,0.9900,3692.6199,8.7192,0.0000,0.170247,0.170247;0.170694;0.169754,24.390688,40999.25,,13.42,0,6980,10,True,nid006293,59116836
SparseHNSW_Bloom2_30_b5_s8x4_p256,M=32 efC=1600 ef=400 alpha=0.85 beta=5 q=u8 seedT=8 seedH=8 seedS=4 pat=256 bloomH=2 bloomT=30 bloomSrc=pruned,64,0.9516189112,0.9950,3692.6199,8.7192,0.0000,0.261383,0.260928;0.261461;0.261383,37.447421,26704.11,,13.42,0,6980,10,True,nid006293,59116836
SparseHNSW_Bloom2_30_b5_s8x4_p256,M=32 efC=1600 ef=800 alpha=0.85 beta=5 q=u8 seedT=8 seedH=8 seedS=4 pat=256 bloomH=2 bloomT=30 bloomSrc=pruned,64,0.9766332378,0.9977,3692.6199,8.7192,0.0000,0.271731,0.271731;0.272241;0.271685,38.929943,25687.17,,13.42,0,6980,10,True,nid006293,59116836
SparseHNSW_Bloom2_30_b5_s8x4_p256,M=32 efC=1600 ef=1600 alpha=0.85 beta=5 q=u8 seedT=8 seedH=8 seedS=4 pat=256 bloomH=2 bloomT=30 bloomSrc=pruned,64,0.9870487106,0.9983,3692.6199,8.7192,0.0000,0.280949,0.280804;0.280949;0.280990,40.250573,24844.37,,13.42,0,6980,10,True,nid006293,59116836
SparseHNSW_Bloom2_30_b5_s8x4_p256,M=32 efC=1600 ef=3200 alpha=0.85 beta=5 q=u8 seedT=8 seedH=8 seedS=4 pat=256 bloomH=2 bloomT=30 bloomSrc=pruned,64,0.9928080229,0.9996,3692.6199,8.7192,0.0000,0.306662,0.306662;0.307122;0.306039,43.934384,22761.22,,13.42,0,6980,10,True,nid006293,59116836
SparseHNSW_Bloom2_30_b5_s8x4_p256,M=32 efC=1600 ef=6400 alpha=0.85 beta=5 q=u8 seedT=8 seedH=8 seedS=4 pat=256 bloomH=2 bloomT=30 bloomSrc=pruned,64,0.9954154728,0.9999,3692.6199,8.7192,0.0000,0.367376,0.367376;0.367564;0.367134,52.632665,18999.61,,13.42,0,6980,10,True,nid006293,59116836
SparseHNSW_Bloom2_30_b8_s8x4_p256,M=32 efC=1600 ef=20 alpha=0.85 beta=8 q=u8 seedT=8 seedH=8 seedS=4 pat=256 bloomH=2 bloomT=30 bloomSrc=pruned,64,0.8707163324,0.9782,3692.6199,8.7192,0.0000,0.084150,0.084050;0.084150;0.084375,12.055874,82947.12,,13.42,0,6980,10,True,nid006293,59116836
SparseHNSW_Bloom2_30_b8_s8x4_p256,M=32 efC=1600 ef=50 alpha=0.85 beta=8 q=u8 seedT=8 seedH=8 seedS=4 pat=256 bloomH=2 bloomT=30 bloomSrc=pruned,64,0.8707163324,0.9782,3692.6199,8.7192,0.0000,0.084041,0.084437;0.084029;0.084041,12.040258,83054.70,,13.42,0,6980,10,True,nid006293,59116836
SparseHNSW_Bloom2_30_b8_s8x4_p256,M=32 efC=1600 ef=100 alpha=0.85 beta=8 q=u8 seedT=8 seedH=8 seedS=4 pat=256 bloomH=2 bloomT=30 bloomSrc=pruned,64,0.8787822350,0.9809,3692.6199,8.7192,0.0000,0.099826,0.099749;0.099826;0.099913,14.301719,69921.66,,13.42,0,6980,10,True,nid006293,59116836
SparseHNSW_Bloom2_30_b8_s8x4_p256,M=32 efC=1600 ef=200 alpha=0.85 beta=8 q=u8 seedT=8 seedH=8 seedS=4 pat=256 bloomH=2 bloomT=30 bloomSrc=pruned,64,0.9127507163,0.9900,3692.6199,8.7192,0.0000,0.172774,0.172774;0.173013;0.172626,24.752722,40399.60,,13.42,0,6980,10,True,nid006293,59116836
SparseHNSW_Bloom2_30_b8_s8x4_p256,M=32 efC=1600 ef=400 alpha=0.85 beta=8 q=u8 seedT=8 seedH=8 seedS=4 pat=256 bloomH=2 bloomT=30 bloomSrc=pruned,64,0.9517191977,0.9951,3692.6199,8.7192,0.0000,0.284134,0.284101;0.284134;0.284399,40.706877,24565.87,,13.42,0,6980,10,True,nid006293,59116836
SparseHNSW_Bloom2_30_b8_s8x4_p256,M=32 efC=1600 ef=800 alpha=0.85 beta=8 q=u8 seedT=8 seedH=8 seedS=4 pat=256 bloomH=2 bloomT=30 bloomSrc=pruned,64,0.9771489971,0.9981,3692.6199,8.7192,0.0000,0.308002,0.308550;0.308002;0.307285,44.126361,22662.19,,13.42,0,6980,10,True,nid006293,59116836
SparseHNSW_Bloom2_30_b8_s8x4_p256,M=32 efC=1600 ef=1600 alpha=0.85 beta=8 q=u8 seedT=8 seedH=8 seedS=4 pat=256 bloomH=2 bloomT=30 bloomSrc=pruned,64,0.9874641834,0.9986,3692.6199,8.7192,0.0000,0.313416,0.313416;0.313852;0.313287,44.902006,22270.72,,13.42,0,6980,10,True,nid006293,59116836
SparseHNSW_Bloom2_30_b8_s8x4_p256,M=32 efC=1600 ef=3200 alpha=0.85 beta=8 q=u8 seedT=8 seedH=8 seedS=4 pat=256 bloomH=2 bloomT=30 bloomSrc=pruned,64,0.9929942693,0.9996,3692.6199,8.7192,0.0000,0.336577,0.336144;0.336577;0.337490,48.220201,20738.20,,13.42,0,6980,10,True,nid006293,59116836
SparseHNSW_Bloom2_30_b8_s8x4_p256,M=32 efC=1600 ef=6400 alpha=0.85 beta=8 q=u8 seedT=8 seedH=8 seedS=4 pat=256 bloomH=2 bloomT=30 bloomSrc=pruned,64,0.9956017192,0.9999,3692.6199,8.7192,0.0000,0.398772,0.399145;0.398374;0.398772,57.130659,17503.74,,13.42,0,6980,10,True,nid006293,59116836
SparseHNSW_Bloom2_30_b12_s8x4_p256,M=32 efC=1600 ef=20 alpha=0.85 beta=12 q=u8 seedT=8 seedH=8 seedS=4 pat=256 bloomH=2 bloomT=30 bloomSrc=pruned,64,0.8859885387,0.9840,3692.6199,8.7192,0.0000,0.117578,0.117673;0.117578;0.117183,16.844986,59364.85,,13.42,0,6980,10,True,nid006293,59116836
SparseHNSW_Bloom2_30_b12_s8x4_p256,M=32 efC=1600 ef=50 alpha=0.85 beta=12 q=u8 seedT=8 seedH=8 seedS=4 pat=256 bloomH=2 bloomT=30 bloomSrc=pruned,64,0.8859885387,0.9840,3692.6199,8.7192,0.0000,0.117513,0.117135;0.117513;0.117683,16.835673,59397.68,,13.42,0,6980,10,True,nid006293,59116836
SparseHNSW_Bloom2_30_b12_s8x4_p256,M=32 efC=1600 ef=100 alpha=0.85 beta=12 q=u8 seedT=8 seedH=8 seedS=4 pat=256 bloomH=2 bloomT=30 bloomSrc=pruned,64,0.8859885387,0.9840,3692.6199,8.7192,0.0000,0.117396,0.117742;0.117396;0.117208,16.818911,59456.88,,13.42,0,6980,10,True,nid006293,59116836
SparseHNSW_Bloom2_30_b12_s8x4_p256,M=32 efC=1600 ef=200 alpha=0.85 beta=12 q=u8 seedT=8 seedH=8 seedS=4 pat=256 bloomH=2 bloomT=30 bloomSrc=pruned,64,0.9127793696,0.9900,3692.6199,8.7192,0.0000,0.175632,0.175632;0.175551;0.175715,25.162178,39742.19,,13.42,0,6980,10,True,nid006293,59116836
SparseHNSW_Bloom2_30_b12_s8x4_p256,M=32 efC=1600 ef=400 alpha=0.85 beta=12 q=u8 seedT=8 seedH=8 seedS=4 pat=256 bloomH=2 bloomT=30 bloomSrc=pruned,64,0.9517765043,0.9951,3692.6199,8.7192,0.0000,0.304566,0.304878;0.304566;0.304161,43.634097,22917.86,,13.42,0,6980,10,True,nid006293,59116836
SparseHNSW_Bloom2_30_b12_s8x4_p256,M=32 efC=1600 ef=800 alpha=0.85 beta=12 q=u8 seedT=8 seedH=8 seedS=4 pat=256 bloomH=2 bloomT=30 bloomSrc=pruned,64,0.9772636103,0.9983,3692.6199,8.7192,0.0000,0.359181,0.358760;0.359776;0.359181,51.458596,19433.10,,13.42,0,6980,10,True,nid006293,59116836
SparseHNSW_Bloom2_30_b12_s8x4_p256,M=32 efC=1600 ef=1600 alpha=0.85 beta=12 q=u8 seedT=8 seedH=8 seedS=4 pat=256 bloomH=2 bloomT=30 bloomSrc=pruned,64,0.9876647564,0.9986,3692.6199,8.7192,0.0000,0.363011,0.363011;0.362999;0.363034,52.007307,19228.07,,13.42,0,6980,10,True,nid006293,59116836
SparseHNSW_Bloom2_30_b12_s8x4_p256,M=32 efC=1600 ef=3200 alpha=0.85 beta=12 q=u8 seedT=8 seedH=8 seedS=4 pat=256 bloomH=2 bloomT=30 bloomSrc=pruned,64,0.9931518625,0.9997,3692.6199,8.7192,0.0000,0.378015,0.378015;0.378421;0.377912,54.156877,18464.88,,13.42,0,6980,10,True,nid006293,59116836
SparseHNSW_Bloom2_30_b12_s8x4_p256,M=32 efC=1600 ef=6400 alpha=0.85 beta=12 q=u8 seedT=8 seedH=8 seedS=4 pat=256 bloomH=2 bloomT=30 bloomSrc=pruned,64,0.9956876791,0.9999,3692.6199,8.7192,0.0000,0.438445,0.438516;0.438445;0.438363,62.814470,15919.90,,13.42,0,6980,10,True,nid006293,59116836
SparseHNSW_Bloom2_30_b16_s8x4_p256,M=32 efC=1600 ef=20 alpha=0.85 beta=16 q=u8 seedT=8 seedH=8 seedS=4 pat=256 bloomH=2 bloomT=30 bloomSrc=pruned,64,0.8999570201,0.9883,3692.6199,8.7192,0.0000,0.148637,0.148263;0.149070;0.148637,21.294699,46960.04,,13.42,0,6980,10,True,nid006293,59116836
SparseHNSW_Bloom2_30_b16_s8x4_p256,M=32 efC=1600 ef=50 alpha=0.85 beta=16 q=u8 seedT=8 seedH=8 seedS=4 pat=256 bloomH=2 bloomT=30 bloomSrc=pruned,64,0.8999570201,0.9883,3692.6199,8.7192,0.0000,0.148337,0.148471;0.148337;0.148282,21.251719,47055.02,,13.42,0,6980,10,True,nid006293,59116836
SparseHNSW_Bloom2_30_b16_s8x4_p256,M=32 efC=1600 ef=100 alpha=0.85 beta=16 q=u8 seedT=8 seedH=8 seedS=4 pat=256 bloomH=2 bloomT=30 bloomSrc=pruned,64,0.8999570201,0.9883,3692.6199,8.7192,0.0000,0.148526,0.148343;0.148526;0.149050,21.278797,46995.14,,13.42,0,6980,10,True,nid006293,59116836
SparseHNSW_Bloom2_30_b16_s8x4_p256,M=32 efC=1600 ef=200 alpha=0.85 beta=16 q=u8 seedT=8 seedH=8 seedS=4 pat=256 bloomH=2 bloomT=30 bloomSrc=pruned,64,0.9127793696,0.9900,3692.6199,8.7192,0.0000,0.176988,0.176988;0.177237;0.176948,25.356447,39437.70,,13.42,0,6980,10,True,nid006293,59116836
SparseHNSW_Bloom2_30_b16_s8x4_p256,M=32 efC=1600 ef=400 alpha=0.85 beta=16 q=u8 seedT=8 seedH=8 seedS=4 pat=256 bloomH=2 bloomT=30 bloomSrc=pruned,64,0.9517908309,0.9951,3692.6199,8.7192,0.0000,0.313270,0.313270;0.312910;0.313450,44.881089,22281.10,,13.42,0,6980,10,True,nid006293,59116836
SparseHNSW_Bloom2_30_b16_s8x4_p256,M=32 efC=1600 ef=800 alpha=0.85 beta=16 q=u8 seedT=8 seedH=8 seedS=4 pat=256 bloomH=2 bloomT=30 bloomSrc=pruned,64,0.9774068768,0.9983,3692.6199,8.7192,0.0000,0.402447,0.402447;0.402175;0.402603,57.657163,17343.90,,13.42,0,6980,10,True,nid006293,59116836
SparseHNSW_Bloom2_30_b16_s8x4_p256,M=32 efC=1600 ef=1600 alpha=0.85 beta=16 q=u8 seedT=8 seedH=8 seedS=4 pat=256 bloomH=2 bloomT=30 bloomSrc=pruned,64,0.9878080229,0.9986,3692.6199,8.7192,0.0000,0.406196,0.406070;0.406205;0.406196,58.194269,17183.82,,13.42,0,6980,10,True,nid006293,59116836
SparseHNSW_Bloom2_30_b16_s8x4_p256,M=32 efC=1600 ef=3200 alpha=0.85 beta=16 q=u8 seedT=8 seedH=8 seedS=4 pat=256 bloomH=2 bloomT=30 bloomSrc=pruned,64,0.9934240688,0.9997,3692.6199,8.7192,0.0000,0.418605,0.418860;0.418605;0.418118,59.972063,16674.43,,13.42,0,6980,10,True,nid006293,59116836
SparseHNSW_Bloom2_30_b16_s8x4_p256,M=32 efC=1600 ef=6400 alpha=0.85 beta=16 q=u8 seedT=8 seedH=8 seedS=4 pat=256 bloomH=2 bloomT=30 bloomSrc=pruned,64,0.9957593123,0.9999,3692.6199,8.7192,0.0000,0.477251,0.476560;0.477251;0.477284,68.374069,14625.43,,13.42,0,6980,10,True,nid006293,59116836
SparseHNSW_Bloom2_30_b2_s0x0_p512,M=32 efC=1600 ef=20 alpha=0.85 beta=2 q=u8 pat=512 bloomH=2 bloomT=30 bloomSrc=pruned,64,0.7508166189,0.8626,3692.6199,8.7192,0.0000,0.030926,0.030276;0.030926;0.031155,4.430659,225700.06,,13.42,0,6980,10,True,nid006293,59116836
SparseHNSW_Bloom2_30_b2_s0x0_p512,M=32 efC=1600 ef=50 alpha=0.85 beta=2 q=u8 pat=512 bloomH=2 bloomT=30 bloomSrc=pruned,64,0.8181805158,0.9222,3692.6199,8.7192,0.0000,0.058711,0.058811;0.058711;0.058425,8.411318,118887.43,,13.42,0,6980,10,True,nid006293,59116836
SparseHNSW_Bloom2_30_b2_s0x0_p512,M=32 efC=1600 ef=100 alpha=0.85 beta=2 q=u8 pat=512 bloomH=2 bloomT=30 bloomSrc=pruned,64,0.8490114613,0.9501,3692.6199,8.7192,0.0000,0.098009,0.098009;0.097627;0.098399,14.041404,71217.95,,13.42,0,6980,10,True,nid006293,59116836
SparseHNSW_Bloom2_30_b2_s0x0_p512,M=32 efC=1600 ef=200 alpha=0.85 beta=2 q=u8 pat=512 bloomH=2 bloomT=30 bloomSrc=pruned,64,0.8800143266,0.9718,3692.6199,8.7192,0.0000,0.169781,0.170344;0.169781;0.169244,24.323926,41111.79,,13.42,0,6980,10,True,nid006293,59116836
SparseHNSW_Bloom2_30_b2_s0x0_p512,M=32 efC=1600 ef=400 alpha=0.85 beta=2 q=u8 pat=512 bloomH=2 bloomT=30 bloomSrc=pruned,64,0.9175358166,0.9837,3692.6199,8.7192,0.0000,0.305860,0.305283;0.306161;0.305860,43.819484,22820.90,,13.42,0,6980,10,True,nid006293,59116836
SparseHNSW_Bloom2_30_b2_s0x0_p512,M=32 efC=1600 ef=800 alpha=0.85 beta=2 q=u8 pat=512 bloomH=2 bloomT=30 bloomSrc=pruned,64,0.9547134670,0.9923,3692.6199,8.7192,0.0000,0.409820,0.409820;0.410043;0.409805,58.713467,17031.87,,13.42,0,6980,10,True,nid006293,59116836
SparseHNSW_Bloom2_30_b2_s0x0_p512,M=32 efC=1600 ef=1600 alpha=0.85 beta=2 q=u8 pat=512 bloomH=2 bloomT=30 bloomSrc=pruned,64,0.9750859599,0.9944,3692.6199,8.7192,0.0000,0.419514,0.418942;0.419514;0.419726,60.102292,16638.30,,13.42,0,6980,10,True,nid006293,59116836
SparseHNSW_Bloom2_30_b2_s0x0_p512,M=32 efC=1600 ef=3200 alpha=0.85 beta=2 q=u8 pat=512 bloomH=2 bloomT=30 bloomSrc=pruned,64,0.9851575931,0.9973,3692.6199,8.7192,0.0000,0.441454,0.441454;0.441317;0.441617,63.245559,15811.39,,13.42,0,6980,10,True,nid006293,59116836
SparseHNSW_Bloom2_30_b2_s0x0_p512,M=32 efC=1600 ef=6400 alpha=0.85 beta=2 q=u8 pat=512 bloomH=2 bloomT=30 bloomSrc=pruned,64,0.9898567335,0.9989,3692.6199,8.7192,0.0000,0.499456,0.499861;0.498209;0.499456,71.555301,13975.21,,13.42,0,6980,10,True,nid006293,59116836
SparseHNSW_Bloom2_30_b3_s0x0_p512,M=32 efC=1600 ef=20 alpha=0.85 beta=3 q=u8 pat=512 bloomH=2 bloomT=30 bloomSrc=pruned,64,0.7891690544,0.8950,3692.6199,8.7192,0.0000,0.041515,0.041251;0.041515;0.041833,5.947708,168132.00,,13.42,0,6980,10,True,nid006293,59116836
SparseHNSW_Bloom2_30_b3_s0x0_p512,M=32 efC=1600 ef=50 alpha=0.85 beta=3 q=u8 pat=512 bloomH=2 bloomT=30 bloomSrc=pruned,64,0.8202865330,0.9222,3692.6199,8.7192,0.0000,0.059189,0.059189;0.059033;0.059368,8.479799,117927.32,,13.42,0,6980,10,True,nid006293,59116836
SparseHNSW_Bloom2_30_b3_s0x0_p512,M=32 efC=1600 ef=100 alpha=0.85 beta=3 q=u8 pat=512 bloomH=2 bloomT=30 bloomSrc=pruned,64,0.8512893983,0.9501,3692.6199,8.7192,0.0000,0.098534,0.098606;0.098475;0.098534,14.116619,70838.49,,13.42,0,6980,10,True,nid006293,59116836
SparseHNSW_Bloom2_30_b3_s0x0_p512,M=32 efC=1600 ef=200 alpha=0.85 beta=3 q=u8 pat=512 bloomH=2 bloomT=30 bloomSrc=pruned,64,0.8823925501,0.9718,3692.6199,8.7192,0.0000,0.170311,0.170240;0.170311;0.170482,24.399857,40983.85,,13.42,0,6980,10,True,nid006293,59116836
SparseHNSW_Bloom2_30_b3_s0x0_p512,M=32 efC=1600 ef=400 alpha=0.85 beta=3 q=u8 pat=512 bloomH=2 bloomT=30 bloomSrc=pruned,64,0.9201002865,0.9837,3692.6199,8.7192,0.0000,0.306461,0.306808;0.306281;0.306461,43.905587,22776.14,,13.42,0,6980,10,True,nid006293,59116836
SparseHNSW_Bloom2_30_b3_s0x0_p512,M=32 efC=1600 ef=800 alpha=0.85 beta=3 q=u8 pat=512 bloomH=2 bloomT=30 bloomSrc=pruned,64,0.9576217765,0.9923,3692.6199,8.7192,0.0000,0.421031,0.420780;0.421031;0.421251,60.319628,16578.35,,13.42,0,6980,10,True,nid006293,59116836
SparseHNSW_Bloom2_30_b3_s0x0_p512,M=32 efC=1600 ef=1600 alpha=0.85 beta=3 q=u8 pat=512 bloomH=2 bloomT=30 bloomSrc=pruned,64,0.9784097421,0.9946,3692.6199,8.7192,0.0000,0.431711,0.431711;0.430857;0.432012,61.849713,16168.22,,13.42,0,6980,10,True,nid006293,59116836
SparseHNSW_Bloom2_30_b3_s0x0_p512,M=32 efC=1600 ef=3200 alpha=0.85 beta=3 q=u8 pat=512 bloomH=2 bloomT=30 bloomSrc=pruned,64,0.9885816619,0.9974,3692.6199,8.7192,0.0000,0.452739,0.452606;0.452739;0.453121,64.862321,15417.27,,13.42,0,6980,10,True,nid006293,59116836
SparseHNSW_Bloom2_30_b3_s0x0_p512,M=32 efC=1600 ef=6400 alpha=0.85 beta=3 q=u8 pat=512 bloomH=2 bloomT=30 bloomSrc=pruned,64,0.9933667622,0.9990,3692.6199,8.7192,0.0000,0.510846,0.510897;0.509665;0.510846,73.187106,13663.61,,13.42,0,6980,10,True,nid006293,59116836
SparseHNSW_Bloom2_30_b4_s0x0_p512,M=32 efC=1600 ef=20 alpha=0.85 beta=4 q=u8 pat=512 bloomH=2 bloomT=30 bloomSrc=pruned,64,0.8077793696,0.9112,3692.6199,8.7192,0.0000,0.051074,0.050690;0.051367;0.051074,7.317192,136664.45,,13.42,0,6980,10,True,nid006293,59116836
SparseHNSW_Bloom2_30_b4_s0x0_p512,M=32 efC=1600 ef=50 alpha=0.85 beta=4 q=u8 pat=512 bloomH=2 bloomT=30 bloomSrc=pruned,64,0.8206733524,0.9222,3692.6199,8.7192,0.0000,0.060106,0.060106;0.060329;0.059985,8.611175,116128.17,,13.42,0,6980,10,True,nid006293,59116836
SparseHNSW_Bloom2_30_b4_s0x0_p512,M=32 efC=1600 ef=100 alpha=0.85 beta=4 q=u8 pat=512 bloomH=2 bloomT=30 bloomSrc=pruned,64,0.8517048711,0.9501,3692.6199,8.7192,0.0000,0.099725,0.099725;0.100194;0.099659,14.287249,69992.48,,13.42,0,6980,10,True,nid006293,59116836
SparseHNSW_Bloom2_30_b4_s0x0_p512,M=32 efC=1600 ef=200 alpha=0.85 beta=4 q=u8 pat=512 bloomH=2 bloomT=30 bloomSrc=pruned,64,0.8829226361,0.9718,3692.6199,8.7192,0.0000,0.171379,0.171379;0.171175;0.171592,24.552865,40728.44,,13.42,0,6980,10,True,nid006293,59116836
SparseHNSW_Bloom2_30_b4_s0x0_p512,M=32 efC=1600 ef=400 alpha=0.85 beta=4 q=u8 pat=512 bloomH=2 bloomT=30 bloomSrc=pruned,64,0.9206590258,0.9837,3692.6199,8.7192,0.0000,0.306744,0.307041;0.306744;0.306669,43.946132,22755.13,,13.42,0,6980,10,True,nid006293,59116836
SparseHNSW_Bloom2_30_b4_s0x0_p512,M=32 efC=1600 ef=800 alpha=0.85 beta=4 q=u8 pat=512 bloomH=2 bloomT=30 bloomSrc=pruned,64,0.9582234957,0.9923,3692.6199,8.7192,0.0000,0.432924,0.432879;0.433117;0.432924,62.023496,16122.92,,13.42,0,6980,10,True,nid006293,59116836
SparseHNSW_Bloom2_30_b4_s0x0_p512,M=32 efC=1600 ef=1600 alpha=0.85 beta=4 q=u8 pat=512 bloomH=2 bloomT=30 bloomSrc=pruned,64,0.9790830946,0.9946,3692.6199,8.7192,0.0000,0.443904,0.443904;0.444786;0.443876,63.596562,15724.12,,13.42,0,6980,10,True,nid006293,59116836
SparseHNSW_Bloom2_30_b4_s0x0_p512,M=32 efC=1600 ef=3200 alpha=0.85 beta=4 q=u8 pat=512 bloomH=2 bloomT=30 bloomSrc=pruned,64,0.9892836676,0.9974,3692.6199,8.7192,0.0000,0.464865,0.464182;0.464865;0.465210,66.599570,15015.11,,13.42,0,6980,10,True,nid006293,59116836
SparseHNSW_Bloom2_30_b4_s0x0_p512,M=32 efC=1600 ef=6400 alpha=0.85 beta=4 q=u8 pat=512 bloomH=2 bloomT=30 bloomSrc=pruned,64,0.9940687679,0.9990,3692.6199,8.7192,0.0000,0.522324,0.522324;0.521762;0.522354,74.831519,13363.35,,13.42,0,6980,10,True,nid006293,59116836
SparseHNSW_Bloom2_30_b5_s0x0_p512,M=32 efC=1600 ef=20 alpha=0.85 beta=5 q=u8 pat=512 bloomH=2 bloomT=30 bloomSrc=pruned,64,0.8207593123,0.9222,3692.6199,8.7192,0.0000,0.059979,0.059758;0.059979;0.060591,8.592980,116374.06,,13.42,0,6980,10,True,nid006293,59116836
SparseHNSW_Bloom2_30_b5_s0x0_p512,M=32 efC=1600 ef=50 alpha=0.85 beta=5 q=u8 pat=512 bloomH=2 bloomT=30 bloomSrc=pruned,64,0.8207593123,0.9222,3692.6199,8.7192,0.0000,0.060422,0.060422;0.060220;0.060488,8.656447,115520.84,,13.42,0,6980,10,True,nid006293,59116836
SparseHNSW_Bloom2_30_b5_s0x0_p512,M=32 efC=1600 ef=100 alpha=0.85 beta=5 q=u8 pat=512 bloomH=2 bloomT=30 bloomSrc=pruned,64,0.8518194842,0.9501,3692.6199,8.7192,0.0000,0.100254,0.100517;0.100061;0.100254,14.363037,69623.16,,13.42,0,6980,10,True,nid006293,59116836
SparseHNSW_Bloom2_30_b5_s0x0_p512,M=32 efC=1600 ef=200 alpha=0.85 beta=5 q=u8 pat=512 bloomH=2 bloomT=30 bloomSrc=pruned,64,0.8830372493,0.9718,3692.6199,8.7192,0.0000,0.172377,0.172483;0.172120;0.172377,24.695845,40492.64,,13.42,0,6980,10,True,nid006293,59116836
SparseHNSW_Bloom2_30_b5_s0x0_p512,M=32 efC=1600 ef=400 alpha=0.85 beta=5 q=u8 pat=512 bloomH=2 bloomT=30 bloomSrc=pruned,64,0.9207879656,0.9837,3692.6199,8.7192,0.0000,0.307707,0.307238;0.307707;0.308285,44.084097,22683.92,,13.42,0,6980,10,True,nid006293,59116836
SparseHNSW_Bloom2_30_b5_s0x0_p512,M=32 efC=1600 ef=800 alpha=0.85 beta=5 q=u8 pat=512 bloomH=2 bloomT=30 bloomSrc=pruned,64,0.9585243553,0.9924,3692.6199,8.7192,0.0000,0.443621,0.443621;0.443232;0.443842,63.556017,15734.15,,13.42,0,6980,10,True,nid006293,59116836
SparseHNSW_Bloom2_30_b5_s0x0_p512,M=32 efC=1600 ef=1600 alpha=0.85 beta=5 q=u8 pat=512 bloomH=2 bloomT=30 bloomSrc=pruned,64,0.9792693410,0.9946,3692.6199,8.7192,0.0000,0.455960,0.455960;0.455221;0.456296,65.323782,15308.36,,13.42,0,6980,10,True,nid006293,59116836
SparseHNSW_Bloom2_30_b5_s0x0_p512,M=32 efC=1600 ef=3200 alpha=0.85 beta=5 q=u8 pat=512 bloomH=2 bloomT=30 bloomSrc=pruned,64,0.9894842407,0.9974,3692.6199,8.7192,0.0000,0.476241,0.476443;0.476241;0.475947,68.229370,14656.44,,13.42,0,6980,10,True,nid006293,59116836
SparseHNSW_Bloom2_30_b5_s0x0_p512,M=32 efC=1600 ef=6400 alpha=0.85 beta=5 q=u8 pat=512 bloomH=2 bloomT=30 bloomSrc=pruned,64,0.9942550143,0.9990,3692.6199,8.7192,0.0000,0.534392,0.534392;0.534375;0.534529,76.560458,13061.57,,13.42,0,6980,10,True,nid006293,59116836
SparseHNSW_Bloom2_30_b8_s0x0_p512,M=32 efC=1600 ef=20 alpha=0.85 beta=8 q=u8 pat=512 bloomH=2 bloomT=30 bloomSrc=pruned,64,0.8423495702,0.9413,3692.6199,8.7192,0.0000,0.086993,0.086794;0.087172;0.086993,12.463181,80236.34,,13.42,0,6980,10,True,nid006293,59116836
SparseHNSW_Bloom2_30_b8_s0x0_p512,M=32 efC=1600 ef=50 alpha=0.85 beta=8 q=u8 pat=512 bloomH=2 bloomT=30 bloomSrc=pruned,64,0.8423495702,0.9413,3692.6199,8.7192,0.0000,0.087315,0.087315;0.087081;0.087322,12.509312,79940.45,,13.42,0,6980,10,True,nid006293,59116836
SparseHNSW_Bloom2_30_b8_s0x0_p512,M=32 efC=1600 ef=100 alpha=0.85 beta=8 q=u8 pat=512 bloomH=2 bloomT=30 bloomSrc=pruned,64,0.8518767908,0.9501,3692.6199,8.7192,0.0000,0.102427,0.102427;0.102513;0.102332,14.674355,68146.09,,13.42,0,6980,10,True,nid006293,59116836
SparseHNSW_Bloom2_30_b8_s0x0_p512,M=32 efC=1600 ef=200 alpha=0.85 beta=8 q=u8 pat=512 bloomH=2 bloomT=30 bloomSrc=pruned,64,0.8831088825,0.9718,3692.6199,8.7192,0.0000,0.174609,0.175070;0.174340;0.174609,25.015616,39975.03,,13.42,0,6980,10,True,nid006293,59116836
SparseHNSW_Bloom2_30_b8_s0x0_p512,M=32 efC=1600 ef=400 alpha=0.85 beta=8 q=u8 pat=512 bloomH=2 bloomT=30 bloomSrc=pruned,64,0.9208595989,0.9837,3692.6199,8.7192,0.0000,0.310604,0.311041;0.310406;0.310604,44.499140,22472.34,,13.42,0,6980,10,True,nid006293,59116836
SparseHNSW_Bloom2_30_b8_s0x0_p512,M=32 efC=1600 ef=800 alpha=0.85 beta=8 q=u8 pat=512 bloomH=2 bloomT=30 bloomSrc=pruned,64,0.9587679083,0.9927,3692.6199,8.7192,0.0000,0.475173,0.475328;0.474386;0.475173,68.076361,14689.39,,13.42,0,6980,10,True,nid006293,59116836
SparseHNSW_Bloom2_30_b8_s0x0_p512,M=32 efC=1600 ef=1600 alpha=0.85 beta=8 q=u8 pat=512 bloomH=2 bloomT=30 bloomSrc=pruned,64,0.9795415473,0.9947,3692.6199,8.7192,0.0000,0.497536,0.496979;0.497536;0.497674,71.280229,14029.14,,13.42,0,6980,10,True,nid006293,59116836
SparseHNSW_Bloom2_30_b8_s0x0_p512,M=32 efC=1600 ef=3200 alpha=0.85 beta=8 q=u8 pat=512 bloomH=2 bloomT=30 bloomSrc=pruned,64,0.9896131805,0.9974,3692.6199,8.7192,0.0000,0.511028,0.510583;0.511028;0.511500,73.213181,13658.74,,13.42,0,6980,10,True,nid006293,59116836
SparseHNSW_Bloom2_30_b8_s0x0_p512,M=32 efC=1600 ef=6400 alpha=0.85 beta=8 q=u8 pat=512 bloomH=2 bloomT=30 bloomSrc=pruned,64,0.9943696275,0.9990,3692.6199,8.7192,0.0000,0.567705,0.567604;0.567705;0.567918,81.333095,12295.12,,13.42,0,6980,10,True,nid006293,59116836
SparseHNSW_Bloom2_30_b12_s0x0_p512,M=32 efC=1600 ef=20 alpha=0.85 beta=12 q=u8 pat=512 bloomH=2 bloomT=30 bloomSrc=pruned,64,0.8594555874,0.9560,3692.6199,8.7192,0.0000,0.119822,0.120082;0.119822;0.119766,17.166476,58253.08,,13.42,0,6980,10,True,nid006293,59116836
SparseHNSW_Bloom2_30_b12_s0x0_p512,M=32 efC=1600 ef=50 alpha=0.85 beta=12 q=u8 pat=512 bloomH=2 bloomT=30 bloomSrc=pruned,64,0.8594555874,0.9560,3692.6199,8.7192,0.0000,0.119405,0.119386;0.119405;0.119589,17.106734,58456.51,,13.42,0,6980,10,True,nid006293,59116836
SparseHNSW_Bloom2_30_b12_s0x0_p512,M=32 efC=1600 ef=100 alpha=0.85 beta=12 q=u8 pat=512 bloomH=2 bloomT=30 bloomSrc=pruned,64,0.8594555874,0.9560,3692.6199,8.7192,0.0000,0.119916,0.120402;0.119916;0.119815,17.179943,58207.41,,13.42,0,6980,10,True,nid006293,59116836
SparseHNSW_Bloom2_30_b12_s0x0_p512,M=32 efC=1600 ef=200 alpha=0.85 beta=12 q=u8 pat=512 bloomH=2 bloomT=30 bloomSrc=pruned,64,0.8831375358,0.9718,3692.6199,8.7192,0.0000,0.177515,0.177210;0.177637;0.177515,25.431948,39320.62,,13.42,0,6980,10,True,nid006293,59116836
SparseHNSW_Bloom2_30_b12_s0x0_p512,M=32 efC=1600 ef=400 alpha=0.85 beta=12 q=u8 pat=512 bloomH=2 bloomT=30 bloomSrc=pruned,64,0.9208882521,0.9837,3692.6199,8.7192,0.0000,0.313574,0.313558;0.313574;0.313612,44.924642,22259.50,,13.42,0,6980,10,True,nid006293,59116836
SparseHNSW_Bloom2_30_b12_s0x0_p512,M=32 efC=1600 ef=800 alpha=0.85 beta=12 q=u8 pat=512 bloomH=2 bloomT=30 bloomSrc=pruned,64,0.9588108883,0.9927,3692.6199,8.7192,0.0000,0.510910,0.510910;0.510785;0.510956,73.196275,13661.90,,13.42,0,6980,10,True,nid006293,59116836
SparseHNSW_Bloom2_30_b12_s0x0_p512,M=32 efC=1600 ef=1600 alpha=0.85 beta=12 q=u8 pat=512 bloomH=2 bloomT=30 bloomSrc=pruned,64,0.9796275072,0.9947,3692.6199,8.7192,0.0000,0.552796,0.552281;0.552906;0.552796,79.197135,12626.72,,13.42,0,6980,10,True,nid006293,59116836
SparseHNSW_Bloom2_30_b12_s0x0_p512,M=32 efC=1600 ef=3200 alpha=0.85 beta=12 q=u8 pat=512 bloomH=2 bloomT=30 bloomSrc=pruned,64,0.9897134670,0.9976,3692.6199,8.7192,0.0000,0.560163,0.559998;0.560359;0.560163,80.252579,12460.66,,13.42,0,6980,10,True,nid006293,59116836
SparseHNSW_Bloom2_30_b12_s0x0_p512,M=32 efC=1600 ef=6400 alpha=0.85 beta=12 q=u8 pat=512 bloomH=2 bloomT=30 bloomSrc=pruned,64,0.9944412607,0.9990,3692.6199,8.7192,0.0000,0.611707,0.611871;0.611707;0.611459,87.637106,11410.69,,13.42,0,6980,10,True,nid006293,59116836
SparseHNSW_Bloom2_30_b16_s0x0_p512,M=32 efC=1600 ef=20 alpha=0.85 beta=16 q=u8 pat=512 bloomH=2 bloomT=30 bloomSrc=pruned,64,0.8717908309,0.9642,3692.6199,8.7192,0.0000,0.150897,0.150726;0.151010;0.150897,21.618481,46256.72,,13.42,0,6980,10,True,nid006293,59116836
SparseHNSW_Bloom2_30_b16_s0x0_p512,M=32 efC=1600 ef=50 alpha=0.85 beta=16 q=u8 pat=512 bloomH=2 bloomT=30 bloomSrc=pruned,64,0.8717908309,0.9642,3692.6199,8.7192,0.0000,0.150449,0.150257;0.150449;0.150552,21.554298,46394.46,,13.42,0,6980,10,True,nid006293,59116836
SparseHNSW_Bloom2_30_b16_s0x0_p512,M=32 efC=1600 ef=100 alpha=0.85 beta=16 q=u8 pat=512 bloomH=2 bloomT=30 bloomSrc=pruned,64,0.8717908309,0.9642,3692.6199,8.7192,0.0000,0.150806,0.150932;0.150627;0.150806,21.605444,46284.63,,13.42,0,6980,10,True,nid006293,59116836
SparseHNSW_Bloom2_30_b16_s0x0_p512,M=32 efC=1600 ef=200 alpha=0.85 beta=16 q=u8 pat=512 bloomH=2 bloomT=30 bloomSrc=pruned,64,0.8831375358,0.9718,3692.6199,8.7192,0.0000,0.179153,0.179211;0.178585;0.179153,25.666619,38961.11,,13.42,0,6980,10,True,nid006293,59116836
SparseHNSW_Bloom2_30_b16_s0x0_p512,M=32 efC=1600 ef=400 alpha=0.85 beta=16 q=u8 pat=512 bloomH=2 bloomT=30 bloomSrc=pruned,64,0.9208882521,0.9837,3692.6199,8.7192,0.0000,0.315033,0.314412;0.315077;0.315033,45.133668,22156.41,,13.42,0,6980,10,True,nid006293,59116836
SparseHNSW_Bloom2_30_b16_s0x0_p512,M=32 efC=1600 ef=800 alpha=0.85 beta=16 q=u8 pat=512 bloomH=2 bloomT=30 bloomSrc=pruned,64,0.9588108883,0.9927,3692.6199,8.7192,0.0000,0.535848,0.536412;0.535072;0.535848,76.769054,13026.08,,13.42,0,6980,10,True,nid006293,59116836
SparseHNSW_Bloom2_30_b16_s0x0_p512,M=32 efC=1600 ef=1600 alpha=0.85 beta=16 q=u8 pat=512 bloomH=2 bloomT=30 bloomSrc=pruned,64,0.9796418338,0.9947,3692.6199,8.7192,0.0000,0.608543,0.608733;0.608543;0.608114,87.183811,11470.02,,13.42,0,6980,10,True,nid006293,59116836
SparseHNSW_Bloom2_30_b16_s0x0_p512,M=32 efC=1600 ef=3200 alpha=0.85 beta=16 q=u8 pat=512 bloomH=2 bloomT=30 bloomSrc=pruned,64,0.9897277937,0.9976,3692.6199,8.7192,0.0000,0.606262,0.605785;0.606262;0.606495,86.857020,11513.17,,13.42,0,6980,10,True,nid006293,59116836
SparseHNSW_Bloom2_30_b16_s0x0_p512,M=32 efC=1600 ef=6400 alpha=0.85 beta=16 q=u8 pat=512 bloomH=2 bloomT=30 bloomSrc=pruned,64,0.9945988539,0.9991,3692.6199,8.7192,0.0000,0.658779,0.658779;0.658773;0.658954,94.380946,10595.36,,13.42,0,6980,10,True,nid006293,59116836
SparseHNSW_Bloom2_30_b2_s8x4_p512,M=32 efC=1600 ef=20 alpha=0.85 beta=2 q=u8 seedT=8 seedH=8 seedS=4 pat=512 bloomH=2 bloomT=30 bloomSrc=pruned,64,0.8331518625,0.9596,3692.6199,8.7192,0.0000,0.041294,0.040660;0.041294;0.041465,5.916046,169031.82,,13.42,0,6980,10,True,nid006293,59116836
SparseHNSW_Bloom2_30_b2_s8x4_p512,M=32 efC=1600 ef=50 alpha=0.85 beta=2 q=u8 seedT=8 seedH=8 seedS=4 pat=512 bloomH=2 bloomT=30 bloomSrc=pruned,64,0.8501719198,0.9692,3692.6199,8.7192,0.0000,0.056333,0.056176;0.056372;0.056333,8.070630,123906.06,,13.42,0,6980,10,True,nid006293,59116836
SparseHNSW_Bloom2_30_b2_s8x4_p512,M=32 efC=1600 ef=100 alpha=0.85 beta=2 q=u8 seedT=8 seedH=8 seedS=4 pat=512 bloomH=2 bloomT=30 bloomSrc=pruned,64,0.8758452722,0.9809,3692.6199,8.7192,0.0000,0.095683,0.095638;0.095798;0.095683,13.708166,72949.22,,13.42,0,6980,10,True,nid006293,59116836
SparseHNSW_Bloom2_30_b2_s8x4_p512,M=32 efC=1600 ef=200 alpha=0.85 beta=2 q=u8 seedT=8 seedH=8 seedS=4 pat=512 bloomH=2 bloomT=30 bloomSrc=pruned,64,0.9095702006,0.9900,3692.6199,8.7192,0.0000,0.167929,0.167842;0.169232;0.167929,24.058596,41565.19,,13.42,0,6980,10,True,nid006293,59116836
SparseHNSW_Bloom2_30_b2_s8x4_p512,M=32 efC=1600 ef=400 alpha=0.85 beta=2 q=u8 seedT=8 seedH=8 seedS=4 pat=512 bloomH=2 bloomT=30 bloomSrc=pruned,64,0.9483810888,0.9951,3692.6199,8.7192,0.0000,0.305062,0.305432;0.304913;0.305062,43.705158,22880.59,,13.42,0,6980,10,True,nid006293,59116836
SparseHNSW_Bloom2_30_b2_s8x4_p512,M=32 efC=1600 ef=800 alpha=0.85 beta=2 q=u8 seedT=8 seedH=8 seedS=4 pat=512 bloomH=2 bloomT=30 bloomSrc=pruned,64,0.9737535817,0.9984,3692.6199,8.7192,0.0000,0.405151,0.404513;0.405532;0.405151,58.044556,17228.14,,13.42,0,6980,10,True,nid006293,59116836
SparseHNSW_Bloom2_30_b2_s8x4_p512,M=32 efC=1600 ef=1600 alpha=0.85 beta=2 q=u8 seedT=8 seedH=8 seedS=4 pat=512 bloomH=2 bloomT=30 bloomSrc=pruned,64,0.9838968481,0.9989,3692.6199,8.7192,0.0000,0.415626,0.415626;0.415905;0.415590,59.545272,16793.94,,13.42,0,6980,10,True,nid006293,59116836
SparseHNSW_Bloom2_30_b2_s8x4_p512,M=32 efC=1600 ef=3200 alpha=0.85 beta=2 q=u8 seedT=8 seedH=8 seedS=4 pat=512 bloomH=2 bloomT=30 bloomSrc=pruned,64,0.9892406877,0.9999,3692.6199,8.7192,0.0000,0.439376,0.439376;0.438602;0.439624,62.947851,15886.17,,13.42,0,6980,10,True,nid006293,59116836
SparseHNSW_Bloom2_30_b2_s8x4_p512,M=32 efC=1600 ef=6400 alpha=0.85 beta=2 q=u8 seedT=8 seedH=8 seedS=4 pat=512 bloomH=2 bloomT=30 bloomSrc=pruned,64,0.9916475645,0.9999,3692.6199,8.7192,0.0000,0.498147,0.498147;0.497760;0.498604,71.367765,14011.93,,13.42,0,6980,10,True,nid006293,59116836
SparseHNSW_Bloom2_30_b3_s8x4_p512,M=32 efC=1600 ef=20 alpha=0.85 beta=3 q=u8 seedT=8 seedH=8 seedS=4 pat=512 bloomH=2 bloomT=30 bloomSrc=pruned,64,0.8351146132,0.9597,3692.6199,8.7192,0.0000,0.042315,0.041793;0.042315;0.042366,6.062321,164953.33,,13.42,0,6980,10,True,nid006293,59116836
SparseHNSW_Bloom2_30_b3_s8x4_p512,M=32 efC=1600 ef=50 alpha=0.85 beta=3 q=u8 seedT=8 seedH=8 seedS=4 pat=512 bloomH=2 bloomT=30 bloomSrc=pruned,64,0.8523495702,0.9692,3692.6199,8.7192,0.0000,0.056749,0.056666;0.056749;0.056913,8.130229,122997.76,,13.42,0,6980,10,True,nid006293,59116836
SparseHNSW_Bloom2_30_b3_s8x4_p512,M=32 efC=1600 ef=100 alpha=0.85 beta=3 q=u8 seedT=8 seedH=8 seedS=4 pat=512 bloomH=2 bloomT=30 bloomSrc=pruned,64,0.8781518625,0.9809,3692.6199,8.7192,0.0000,0.096324,0.096659;0.096116;0.096324,13.800000,72463.77,,13.42,0,6980,10,True,nid006293,59116836
SparseHNSW_Bloom2_30_b3_s8x4_p512,M=32 efC=1600 ef=200 alpha=0.85 beta=3 q=u8 seedT=8 seedH=8 seedS=4 pat=512 bloomH=2 bloomT=30 bloomSrc=pruned,64,0.9120487106,0.9900,3692.6199,8.7192,0.0000,0.168662,0.168218;0.168662;0.168856,24.163610,41384.54,,13.42,0,6980,10,True,nid006293,59116836
SparseHNSW_Bloom2_30_b3_s8x4_p512,M=32 efC=1600 ef=400 alpha=0.85 beta=3 q=u8 seedT=8 seedH=8 seedS=4 pat=512 bloomH=2 bloomT=30 bloomSrc=pruned,64,0.9509885387,0.9951,3692.6199,8.7192,0.0000,0.305923,0.306029;0.305843;0.305923,43.828510,22816.20,,13.42,0,6980,10,True,nid006293,59116836
SparseHNSW_Bloom2_30_b3_s8x4_p512,M=32 efC=1600 ef=800 alpha=0.85 beta=3 q=u8 seedT=8 seedH=8 seedS=4 pat=512 bloomH=2 bloomT=30 bloomSrc=pruned,64,0.9767621777,0.9984,3692.6199,8.7192,0.0000,0.416367,0.416591;0.416367;0.416072,59.651433,16764.06,,13.42,0,6980,10,True,nid006293,59116836
SparseHNSW_Bloom2_30_b3_s8x4_p512,M=32 efC=1600 ef=1600 alpha=0.85 beta=3 q=u8 seedT=8 seedH=8 seedS=4 pat=512 bloomH=2 bloomT=30 bloomSrc=pruned,64,0.9871919771,0.9989,3692.6199,8.7192,0.0000,0.428357,0.428630;0.428271;0.428357,61.369198,16294.82,,13.42,0,6980,10,True,nid006293,59116836
SparseHNSW_Bloom2_30_b3_s8x4_p512,M=32 efC=1600 ef=3200 alpha=0.85 beta=3 q=u8 seedT=8 seedH=8 seedS=4 pat=512 bloomH=2 bloomT=30 bloomSrc=pruned,64,0.9927077364,1.0000,3692.6199,8.7192,0.0000,0.450444,0.450444;0.450488;0.450238,64.533524,15495.82,,13.42,0,6980,10,True,nid006293,59116836
SparseHNSW_Bloom2_30_b3_s8x4_p512,M=32 efC=1600 ef=6400 alpha=0.85 beta=3 q=u8 seedT=8 seedH=8 seedS=4 pat=512 bloomH=2 bloomT=30 bloomSrc=pruned,64,0.9951575931,1.0000,3692.6199,8.7192,0.0000,0.509001,0.509212;0.509001;0.508921,72.922779,13713.14,,13.42,0,6980,10,True,nid006293,59116836
SparseHNSW_Bloom2_30_b4_s8x4_p512,M=32 efC=1600 ef=20 alpha=0.85 beta=4 q=u8 seedT=8 seedH=8 seedS=4 pat=512 bloomH=2 bloomT=30 bloomSrc=pruned,64,0.8455157593,0.9659,3692.6199,8.7192,0.0000,0.048818,0.048432;0.048818;0.049006,6.993983,142980.05,,13.42,0,6980,10,True,nid006293,59116836
SparseHNSW_Bloom2_30_b4_s8x4_p512,M=32 efC=1600 ef=50 alpha=0.85 beta=4 q=u8 seedT=8 seedH=8 seedS=4 pat=512 bloomH=2 bloomT=30 bloomSrc=pruned,64,0.8527507163,0.9692,3692.6199,8.7192,0.0000,0.057601,0.057601;0.057649;0.057490,8.252292,121178.45,,13.42,0,6980,10,True,nid006293,59116836
SparseHNSW_Bloom2_30_b4_s8x4_p512,M=32 efC=1600 ef=100 alpha=0.85 beta=4 q=u8 seedT=8 seedH=8 seedS=4 pat=512 bloomH=2 bloomT=30 bloomSrc=pruned,64,0.8785959885,0.9809,3692.6199,8.7192,0.0000,0.096939,0.096683;0.096939;0.096955,13.888109,72004.04,,13.42,0,6980,10,True,nid006293,59116836
SparseHNSW_Bloom2_30_b4_s8x4_p512,M=32 efC=1600 ef=200 alpha=0.85 beta=4 q=u8 seedT=8 seedH=8 seedS=4 pat=512 bloomH=2 bloomT=30 bloomSrc=pruned,64,0.9125501433,0.9900,3692.6199,8.7192,0.0000,0.169527,0.169380;0.169686;0.169527,24.287536,41173.38,,13.42,0,6980,10,True,nid006293,59116836
SparseHNSW_Bloom2_30_b4_s8x4_p512,M=32 efC=1600 ef=400 alpha=0.85 beta=4 q=u8 seedT=8 seedH=8 seedS=4 pat=512 bloomH=2 bloomT=30 bloomSrc=pruned,64,0.9515472779,0.9951,3692.6199,8.7192,0.0000,0.306938,0.306933;0.306938;0.307121,43.973926,22740.75,,13.42,0,6980,10,True,nid006293,59116836
SparseHNSW_Bloom2_30_b4_s8x4_p512,M=32 efC=1600 ef=800 alpha=0.85 beta=4 q=u8 seedT=8 seedH=8 seedS=4 pat=512 bloomH=2 bloomT=30 bloomSrc=pruned,64,0.9773638968,0.9984,3692.6199,8.7192,0.0000,0.428263,0.428263;0.428773;0.427866,61.355731,16298.40,,13.42,0,6980,10,True,nid006293,59116836
SparseHNSW_Bloom2_30_b4_s8x4_p512,M=32 efC=1600 ef=1600 alpha=0.85 beta=4 q=u8 seedT=8 seedH=8 seedS=4 pat=512 bloomH=2 bloomT=30 bloomSrc=pruned,64,0.9878510029,0.9989,3692.6199,8.7192,0.0000,0.440302,0.440302;0.440428;0.439551,63.080516,15852.76,,13.42,0,6980,10,True,nid006293,59116836
SparseHNSW_Bloom2_30_b4_s8x4_p512,M=32 efC=1600 ef=3200 alpha=0.85 beta=4 q=u8 seedT=8 seedH=8 seedS=4 pat=512 bloomH=2 bloomT=30 bloomSrc=pruned,64,0.9933954155,1.0000,3692.6199,8.7192,0.0000,0.461843,0.461611;0.461843;0.462244,66.166619,15113.36,,13.42,0,6980,10,True,nid006293,59116836
SparseHNSW_Bloom2_30_b4_s8x4_p512,M=32 efC=1600 ef=6400 alpha=0.85 beta=4 q=u8 seedT=8 seedH=8 seedS=4 pat=512 bloomH=2 bloomT=30 bloomSrc=pruned,64,0.9958309456,1.0000,3692.6199,8.7192,0.0000,0.520611,0.520611;0.520633;0.520542,74.586103,13407.32,,13.42,0,6980,10,True,nid006293,59116836
SparseHNSW_Bloom2_30_b5_s8x4_p512,M=32 efC=1600 ef=20 alpha=0.85 beta=5 q=u8 seedT=8 seedH=8 seedS=4 pat=512 bloomH=2 bloomT=30 bloomSrc=pruned,64,0.8528510029,0.9692,3692.6199,8.7192,0.0000,0.058143,0.057379;0.058143;0.058297,8.329943,120048.85,,13.42,0,6980,10,True,nid006293,59116836
SparseHNSW_Bloom2_30_b5_s8x4_p512,M=32 efC=1600 ef=50 alpha=0.85 beta=5 q=u8 seedT=8 seedH=8 seedS=4 pat=512 bloomH=2 bloomT=30 bloomSrc=pruned,64,0.8528510029,0.9692,3692.6199,8.7192,0.0000,0.057940,0.057940;0.058041;0.057930,8.300860,120469.45,,13.42,0,6980,10,True,nid006293,59116836
SparseHNSW_Bloom2_30_b5_s8x4_p512,M=32 efC=1600 ef=100 alpha=0.85 beta=5 q=u8 seedT=8 seedH=8 seedS=4 pat=512 bloomH=2 bloomT=30 bloomSrc=pruned,64,0.8787106017,0.9809,3692.6199,8.7192,0.0000,0.097790,0.097906;0.097790;0.097674,14.010029,71377.44,,13.42,0,6980,10,True,nid006293,59116836
SparseHNSW_Bloom2_30_b5_s8x4_p512,M=32 efC=1600 ef=200 alpha=0.85 beta=5 q=u8 seedT=8 seedH=8 seedS=4 pat=512 bloomH=2 bloomT=30 bloomSrc=pruned,64,0.9126790831,0.9900,3692.6199,8.7192,0.0000,0.170428,0.170461;0.170428;0.169949,24.416619,40955.71,,13.42,0,6980,10,True,nid006293,59116836
SparseHNSW_Bloom2_30_b5_s8x4_p512,M=32 efC=1600 ef=400 alpha=0.85 beta=5 q=u8 seedT=8 seedH=8 seedS=4 pat=512 bloomH=2 bloomT=30 bloomSrc=pruned,64,0.9516905444,0.9951,3692.6199,8.7192,0.0000,0.307728,0.307728;0.307610;0.307871,44.087106,22682.37,,13.42,0,6980,10,True,nid006293,59116836
SparseHNSW_Bloom2_30_b5_s8x4_p512,M=32 efC=1600 ef=800 alpha=0.85 beta=5 q=u8 seedT=8 seedH=8 seedS=4 pat=512 bloomH=2 bloomT=30 bloomSrc=pruned,64,0.9775787966,0.9984,3692.6199,8.7192,0.0000,0.438823,0.438823;0.438785;0.438918,62.868625,15906.19,,13.42,0,6980,10,True,nid006293,59116836
SparseHNSW_Bloom2_30_b5_s8x4_p512,M=32 efC=1600 ef=1600 alpha=0.85 beta=5 q=u8 seedT=8 seedH=8 seedS=4 pat=512 bloomH=2 bloomT=30 bloomSrc=pruned,64,0.9880515759,0.9989,3692.6199,8.7192,0.0000,0.452720,0.453036;0.452431;0.452720,64.859599,15417.92,,13.42,0,6980,10,True,nid006293,59116836
SparseHNSW_Bloom2_30_b5_s8x4_p512,M=32 efC=1600 ef=3200 alpha=0.85 beta=5 q=u8 seedT=8 seedH=8 seedS=4 pat=512 bloomH=2 bloomT=30 bloomSrc=pruned,64,0.9936103152,1.0000,3692.6199,8.7192,0.0000,0.474208,0.473613;0.474208;0.474282,67.938109,14719.28,,13.42,0,6980,10,True,nid006293,59116836
SparseHNSW_Bloom2_30_b5_s8x4_p512,M=32 efC=1600 ef=6400 alpha=0.85 beta=5 q=u8 seedT=8 seedH=8 seedS=4 pat=512 bloomH=2 bloomT=30 bloomSrc=pruned,64,0.9960315186,1.0000,3692.6199,8.7192,0.0000,0.532894,0.532297;0.532894;0.533799,76.345845,13098.29,,13.42,0,6980,10,True,nid006293,59116836
SparseHNSW_Bloom2_30_b8_s8x4_p512,M=32 efC=1600 ef=20 alpha=0.85 beta=8 q=u8 seedT=8 seedH=8 seedS=4 pat=512 bloomH=2 bloomT=30 bloomSrc=pruned,64,0.8707163324,0.9782,3692.6199,8.7192,0.0000,0.084252,0.084252;0.084613;0.084215,12.070487,82846.70,,13.42,0,6980,10,True,nid006293,59116836
SparseHNSW_Bloom2_30_b8_s8x4_p512,M=32 efC=1600 ef=50 alpha=0.85 beta=8 q=u8 seedT=8 seedH=8 seedS=4 pat=512 bloomH=2 bloomT=30 bloomSrc=pruned,64,0.8707163324,0.9782,3692.6199,8.7192,0.0000,0.084353,0.084353;0.084423;0.083860,12.084957,82747.50,,13.42,0,6980,10,True,nid006293,59116836
SparseHNSW_Bloom2_30_b8_s8x4_p512,M=32 efC=1600 ef=100 alpha=0.85 beta=8 q=u8 seedT=8 seedH=8 seedS=4 pat=512 bloomH=2 bloomT=30 bloomSrc=pruned,64,0.8787822350,0.9809,3692.6199,8.7192,0.0000,0.099767,0.099767;0.100070;0.099729,14.293266,69963.01,,13.42,0,6980,10,True,nid006293,59116836
SparseHNSW_Bloom2_30_b8_s8x4_p512,M=32 efC=1600 ef=200 alpha=0.85 beta=8 q=u8 seedT=8 seedH=8 seedS=4 pat=512 bloomH=2 bloomT=30 bloomSrc=pruned,64,0.9127507163,0.9900,3692.6199,8.7192,0.0000,0.172644,0.172546;0.172644;0.172742,24.734097,40430.02,,13.42,0,6980,10,True,nid006293,59116836
SparseHNSW_Bloom2_30_b8_s8x4_p512,M=32 efC=1600 ef=400 alpha=0.85 beta=8 q=u8 seedT=8 seedH=8 seedS=4 pat=512 bloomH=2 bloomT=30 bloomSrc=pruned,64,0.9517621777,0.9951,3692.6199,8.7192,0.0000,0.310534,0.310202;0.310534;0.310687,44.489112,22477.41,,13.42,0,6980,10,True,nid006293,59116836
SparseHNSW_Bloom2_30_b8_s8x4_p512,M=32 efC=1600 ef=800 alpha=0.85 beta=8 q=u8 seedT=8 seedH=8 seedS=4 pat=512 bloomH=2 bloomT=30 bloomSrc=pruned,64,0.9776647564,0.9984,3692.6199,8.7192,0.0000,0.470493,0.470464;0.470843;0.470493,67.405874,14835.50,,13.42,0,6980,10,True,nid006293,59116836
SparseHNSW_Bloom2_30_b8_s8x4_p512,M=32 efC=1600 ef=1600 alpha=0.85 beta=8 q=u8 seedT=8 seedH=8 seedS=4 pat=512 bloomH=2 bloomT=30 bloomSrc=pruned,64,0.9881948424,0.9989,3692.6199,8.7192,0.0000,0.489891,0.489891;0.489902;0.489850,70.184957,14248.07,,13.42,0,6980,10,True,nid006293,59116836
SparseHNSW_Bloom2_30_b8_s8x4_p512,M=32 efC=1600 ef=3200 alpha=0.85 beta=8 q=u8 seedT=8 seedH=8 seedS=4 pat=512 bloomH=2 bloomT=30 bloomSrc=pruned,64,0.9937392550,1.0000,3692.6199,8.7192,0.0000,0.507484,0.508336;0.507484;0.507191,72.705444,13754.13,,13.42,0,6980,10,True,nid006293,59116836
SparseHNSW_Bloom2_30_b8_s8x4_p512,M=32 efC=1600 ef=6400 alpha=0.85 beta=8 q=u8 seedT=8 seedH=8 seedS=4 pat=512 bloomH=2 bloomT=30 bloomSrc=pruned,64,0.9961891117,1.0000,3692.6199,8.7192,0.0000,0.568354,0.568354;0.568292;0.568498,81.426074,12281.08,,13.42,0,6980,10,True,nid006293,59116836
SparseHNSW_Bloom2_30_b12_s8x4_p512,M=32 efC=1600 ef=20 alpha=0.85 beta=12 q=u8 seedT=8 seedH=8 seedS=4 pat=512 bloomH=2 bloomT=30 bloomSrc=pruned,64,0.8859885387,0.9840,3692.6199,8.7192,0.0000,0.117287,0.117287;0.117870;0.117171,16.803295,59512.14,,13.42,0,6980,10,True,nid006293,59116836
SparseHNSW_Bloom2_30_b12_s8x4_p512,M=32 efC=1600 ef=50 alpha=0.85 beta=12 q=u8 seedT=8 seedH=8 seedS=4 pat=512 bloomH=2 bloomT=30 bloomSrc=pruned,64,0.8859885387,0.9840,3692.6199,8.7192,0.0000,0.117397,0.117397;0.117351;0.117505,16.819054,59456.37,,13.42,0,6980,10,True,nid006293,59116836
SparseHNSW_Bloom2_30_b12_s8x4_p512,M=32 efC=1600 ef=100 alpha=0.85 beta=12 q=u8 seedT=8 seedH=8 seedS=4 pat=512 bloomH=2 bloomT=30 bloomSrc=pruned,64,0.8859885387,0.9840,3692.6199,8.7192,0.0000,0.117258,0.117258;0.116922;0.117524,16.799140,59526.86,,13.42,0,6980,10,True,nid006293,59116836
SparseHNSW_Bloom2_30_b12_s8x4_p512,M=32 efC=1600 ef=200 alpha=0.85 beta=12 q=u8 seedT=8 seedH=8 seedS=4 pat=512 bloomH=2 bloomT=30 bloomSrc=pruned,64,0.9127793696,0.9900,3692.6199,8.7192,0.0000,0.175482,0.175482;0.175475;0.175675,25.140688,39776.16,,13.42,0,6980,10,True,nid006293,59116836
SparseHNSW_Bloom2_30_b12_s8x4_p512,M=32 efC=1600 ef=400 alpha=0.85 beta=12 q=u8 seedT=8 seedH=8 seedS=4 pat=512 bloomH=2 bloomT=30 bloomSrc=pruned,64,0.9517908309,0.9951,3692.6199,8.7192,0.0000,0.313331,0.313331;0.313001;0.313708,44.889828,22276.76,,13.42,0,6980,10,True,nid006293,59116836
SparseHNSW_Bloom2_30_b12_s8x4_p512,M=32 efC=1600 ef=800 alpha=0.85 beta=12 q=u8 seedT=8 seedH=8 seedS=4 pat=512 bloomH=2 bloomT=30 bloomSrc=pruned,64,0.9776934097,0.9984,3692.6199,8.7192,0.0000,0.509494,0.509494;0.509372;0.509758,72.993410,13699.87,,13.42,0,6980,10,True,nid006293,59116836
SparseHNSW_Bloom2_30_b12_s8x4_p512,M=32 efC=1600 ef=1600 alpha=0.85 beta=12 q=u8 seedT=8 seedH=8 seedS=4 pat=512 bloomH=2 bloomT=30 bloomSrc=pruned,64,0.9882664756,0.9989,3692.6199,8.7192,0.0000,0.545758,0.546478;0.545673;0.545758,78.188825,12789.55,,13.42,0,6980,10,True,nid006293,59116836
SparseHNSW_Bloom2_30_b12_s8x4_p512,M=32 efC=1600 ef=3200 alpha=0.85 beta=12 q=u8 seedT=8 seedH=8 seedS=4 pat=512 bloomH=2 bloomT=30 bloomSrc=pruned,64,0.9938108883,1.0000,3692.6199,8.7192,0.0000,0.554373,0.553729;0.554471;0.554373,79.423066,12590.80,,13.42,0,6980,10,True,nid006293,59116836
SparseHNSW_Bloom2_30_b12_s8x4_p512,M=32 efC=1600 ef=6400 alpha=0.85 beta=12 q=u8 seedT=8 seedH=8 seedS=4 pat=512 bloomH=2 bloomT=30 bloomSrc=pruned,64,0.9962607450,1.0000,3692.6199,8.7192,0.0000,0.610584,0.610461;0.611173;0.610584,87.476218,11431.68,,13.42,0,6980,10,True,nid006293,59116836
SparseHNSW_Bloom2_30_b16_s8x4_p512,M=32 efC=1600 ef=20 alpha=0.85 beta=16 q=u8 seedT=8 seedH=8 seedS=4 pat=512 bloomH=2 bloomT=30 bloomSrc=pruned,64,0.8999570201,0.9883,3692.6199,8.7192,0.0000,0.148665,0.148449;0.148665;0.149014,21.298711,46951.20,,13.42,0,6980,10,True,nid006293,59116836
SparseHNSW_Bloom2_30_b16_s8x4_p512,M=32 efC=1600 ef=50 alpha=0.85 beta=16 q=u8 seedT=8 seedH=8 seedS=4 pat=512 bloomH=2 bloomT=30 bloomSrc=pruned,64,0.8999570201,0.9883,3692.6199,8.7192,0.0000,0.148415,0.148415;0.148727;0.148320,21.262894,47030.29,,13.42,0,6980,10,True,nid006293,59116836
SparseHNSW_Bloom2_30_b16_s8x4_p512,M=32 efC=1600 ef=100 alpha=0.85 beta=16 q=u8 seedT=8 seedH=8 seedS=4 pat=512 bloomH=2 bloomT=30 bloomSrc=pruned,64,0.8999570201,0.9883,3692.6199,8.7192,0.0000,0.148556,0.148213;0.148556;0.148661,21.283095,46985.65,,13.42,0,6980,10,True,nid006293,59116836
SparseHNSW_Bloom2_30_b16_s8x4_p512,M=32 efC=1600 ef=200 alpha=0.85 beta=16 q=u8 seedT=8 seedH=8 seedS=4 pat=512 bloomH=2 bloomT=30 bloomSrc=pruned,64,0.9127793696,0.9900,3692.6199,8.7192,0.0000,0.177067,0.177067;0.177119;0.176948,25.367765,39420.11,,13.42,0,6980,10,True,nid006293,59116836
SparseHNSW_Bloom2_30_b16_s8x4_p512,M=32 efC=1600 ef=400 alpha=0.85 beta=16 q=u8 seedT=8 seedH=8 seedS=4 pat=512 bloomH=2 bloomT=30 bloomSrc=pruned,64,0.9517908309,0.9951,3692.6199,8.7192,0.0000,0.314846,0.314970;0.314675;0.314846,45.106877,22169.57,,13.42,0,6980,10,True,nid006293,59116836
SparseHNSW_Bloom2_30_b16_s8x4_p512,M=32 efC=1600 ef=800 alpha=0.85 beta=16 q=u8 seedT=8 seedH=8 seedS=4 pat=512 bloomH=2 bloomT=30 bloomSrc=pruned,64,0.9777363897,0.9984,3692.6199,8.7192,0.0000,0.535579,0.535009;0.536234;0.535579,76.730516,13032.62,,13.42,0,6980,10,True,nid006293,59116836
SparseHNSW_Bloom2_30_b16_s8x4_p512,M=32 efC=1600 ef=1600 alpha=0.85 beta=16 q=u8 seedT=8 seedH=8 seedS=4 pat=512 bloomH=2 bloomT=30 bloomSrc=pruned,64,0.9883381089,0.9990,3692.6199,8.7192,0.0000,0.596756,0.596756;0.596295;0.596890,85.495129,11696.57,,13.42,0,6980,10,True,nid006293,59116836
SparseHNSW_Bloom2_30_b16_s8x4_p512,M=32 efC=1600 ef=3200 alpha=0.85 beta=16 q=u8 seedT=8 seedH=8 seedS=4 pat=512 bloomH=2 bloomT=30 bloomSrc=pruned,64,0.9938538682,1.0000,3692.6199,8.7192,0.0000,0.604485,0.604485;0.604437;0.604946,86.602436,11547.02,,13.42,0,6980,10,True,nid006293,59116836
SparseHNSW_Bloom2_30_b16_s8x4_p512,M=32 efC=1600 ef=6400 alpha=0.85 beta=16 q=u8 seedT=8 seedH=8 seedS=4 pat=512 bloomH=2 bloomT=30 bloomSrc=pruned,64,0.9963180516,1.0000,3692.6199,8.7192,0.0000,0.658009,0.658173;0.657843;0.658009,94.270630,10607.76,,13.42,0,6980,10,True,nid006293,59116836
SparseHNSW_Bloom2_30_b2_s0x0_p2048,M=32 efC=1600 ef=20 alpha=0.85 beta=2 q=u8 pat=2048 bloomH=2 bloomT=30 bloomSrc=pruned,64,0.7508166189,0.8626,3692.6199,8.7192,0.0000,0.031038,0.030383;0.031038;0.031293,4.446705,224885.62,,13.42,0,6980,10,True,nid006293,59116836
SparseHNSW_Bloom2_30_b2_s0x0_p2048,M=32 efC=1600 ef=50 alpha=0.85 beta=2 q=u8 pat=2048 bloomH=2 bloomT=30 bloomSrc=pruned,64,0.8181805158,0.9222,3692.6199,8.7192,0.0000,0.058600,0.058377;0.058600;0.058777,8.395415,119112.63,,13.42,0,6980,10,True,nid006293,59116836
SparseHNSW_Bloom2_30_b2_s0x0_p2048,M=32 efC=1600 ef=100 alpha=0.85 beta=2 q=u8 pat=2048 bloomH=2 bloomT=30 bloomSrc=pruned,64,0.8490114613,0.9501,3692.6199,8.7192,0.0000,0.097994,0.097994;0.097963;0.097996,14.039255,71228.85,,13.42,0,6980,10,True,nid006293,59116836
SparseHNSW_Bloom2_30_b2_s0x0_p2048,M=32 efC=1600 ef=200 alpha=0.85 beta=2 q=u8 pat=2048 bloomH=2 bloomT=30 bloomSrc=pruned,64,0.8800143266,0.9718,3692.6199,8.7192,0.0000,0.170128,0.170128;0.169882;0.170139,24.373639,41027.93,,13.42,0,6980,10,True,nid006293,59116836
SparseHNSW_Bloom2_30_b2_s0x0_p2048,M=32 efC=1600 ef=400 alpha=0.85 beta=2 q=u8 pat=2048 bloomH=2 bloomT=30 bloomSrc=pruned,64,0.9175358166,0.9837,3692.6199,8.7192,0.0000,0.305402,0.305647;0.305245;0.305402,43.753868,22855.12,,13.42,0,6980,10,True,nid006293,59116836
SparseHNSW_Bloom2_30_b2_s0x0_p2048,M=32 efC=1600 ef=800 alpha=0.85 beta=2 q=u8 pat=2048 bloomH=2 bloomT=30 bloomSrc=pruned,64,0.9550859599,0.9927,3692.6199,8.7192,0.0000,0.562256,0.562285;0.562124;0.562256,80.552436,12414.27,,13.42,0,6980,10,True,nid006293,59116836
SparseHNSW_Bloom2_30_b2_s0x0_p2048,M=32 efC=1600 ef=1600 alpha=0.85 beta=2 q=u8 pat=2048 bloomH=2 bloomT=30 bloomSrc=pruned,64,0.9761747851,0.9958,3692.6199,8.7192,0.0000,1.044887,1.045049;1.044887;1.044852,149.697278,6680.15,,13.42,0,6980,10,True,nid006293,59116836
SparseHNSW_Bloom2_30_b2_s0x0_p2048,M=32 efC=1600 ef=3200 alpha=0.85 beta=2 q=u8 pat=2048 bloomH=2 bloomT=30 bloomSrc=pruned,64,0.9862320917,0.9984,3692.6199,8.7192,0.0000,1.337434,1.336869;1.338183;1.337434,191.609456,5218.95,,13.42,0,6980,10,True,nid006293,59116836
SparseHNSW_Bloom2_30_b2_s0x0_p2048,M=32 efC=1600 ef=6400 alpha=0.85 beta=2 q=u8 pat=2048 bloomH=2 bloomT=30 bloomSrc=pruned,64,0.9907593123,0.9996,3692.6199,8.7192,0.0000,1.375550,1.375221;1.375554;1.375550,197.070201,5074.33,,13.42,0,6980,10,True,nid006293,59116836
SparseHNSW_Bloom2_30_b3_s0x0_p2048,M=32 efC=1600 ef=20 alpha=0.85 beta=3 q=u8 pat=2048 bloomH=2 bloomT=30 bloomSrc=pruned,64,0.7891690544,0.8950,3692.6199,8.7192,0.0000,0.041711,0.041108;0.041711;0.041841,5.975788,167341.95,,13.42,0,6980,10,True,nid006293,59116836
SparseHNSW_Bloom2_30_b3_s0x0_p2048,M=32 efC=1600 ef=50 alpha=0.85 beta=3 q=u8 pat=2048 bloomH=2 bloomT=30 bloomSrc=pruned,64,0.8202865330,0.9222,3692.6199,8.7192,0.0000,0.059539,0.059539;0.059447;0.059629,8.529943,117234.08,,13.42,0,6980,10,True,nid006293,59116836
SparseHNSW_Bloom2_30_b3_s0x0_p2048,M=32 efC=1600 ef=100 alpha=0.85 beta=3 q=u8 pat=2048 bloomH=2 bloomT=30 bloomSrc=pruned,64,0.8512893983,0.9501,3692.6199,8.7192,0.0000,0.098855,0.098553;0.098855;0.099007,14.162607,70608.47,,13.42,0,6980,10,True,nid006293,59116836
SparseHNSW_Bloom2_30_b3_s0x0_p2048,M=32 efC=1600 ef=200 alpha=0.85 beta=3 q=u8 pat=2048 bloomH=2 bloomT=30 bloomSrc=pruned,64,0.8823925501,0.9718,3692.6199,8.7192,0.0000,0.170440,0.170440;0.170417;0.170473,24.418338,40952.83,,13.42,0,6980,10,True,nid006293,59116836
SparseHNSW_Bloom2_30_b3_s0x0_p2048,M=32 efC=1600 ef=400 alpha=0.85 beta=3 q=u8 pat=2048 bloomH=2 bloomT=30 bloomSrc=pruned,64,0.9201002865,0.9837,3692.6199,8.7192,0.0000,0.306429,0.305541;0.306503;0.306429,43.901003,22778.52,,13.42,0,6980,10,True,nid006293,59116836
SparseHNSW_Bloom2_30_b3_s0x0_p2048,M=32 efC=1600 ef=800 alpha=0.85 beta=3 q=u8 pat=2048 bloomH=2 bloomT=30 bloomSrc=pruned,64,0.9579656160,0.9927,3692.6199,8.7192,0.0000,0.563788,0.563430;0.564153;0.563788,80.771920,12380.54,,13.42,0,6980,10,True,nid006293,59116836
SparseHNSW_Bloom2_30_b3_s0x0_p2048,M=32 efC=1600 ef=1600 alpha=0.85 beta=3 q=u8 pat=2048 bloomH=2 bloomT=30 bloomSrc=pruned,64,0.9793982808,0.9958,3692.6199,8.7192,0.0000,1.045215,1.045687;1.045215;1.044428,149.744269,6678.05,,13.42,0,6980,10,True,nid006293,59116836
SparseHNSW_Bloom2_30_b3_s0x0_p2048,M=32 efC=1600 ef=3200 alpha=0.85 beta=3 q=u8 pat=2048 bloomH=2 bloomT=30 bloomSrc=pruned,64,0.9895988539,0.9984,3692.6199,8.7192,0.0000,1.348713,1.347336;1.348713;1.348995,193.225358,5175.30,,13.42,0,6980,10,True,nid006293,59116836
SparseHNSW_Bloom2_30_b3_s0x0_p2048,M=32 efC=1600 ef=6400 alpha=0.85 beta=3 q=u8 pat=2048 bloomH=2 bloomT=30 bloomSrc=pruned,64,0.9941977077,0.9996,3692.6199,8.7192,0.0000,1.387858,1.388265;1.387858;1.387157,198.833524,5029.33,,13.42,0,6980,10,True,nid006293,59116836
SparseHNSW_Bloom2_30_b4_s0x0_p2048,M=32 efC=1600 ef=20 alpha=0.85 beta=4 q=u8 pat=2048 bloomH=2 bloomT=30 bloomSrc=pruned,64,0.8077793696,0.9112,3692.6199,8.7192,0.0000,0.051161,0.050544;0.051161;0.051398,7.329656,136432.05,,13.42,0,6980,10,True,nid006293,59116836
SparseHNSW_Bloom2_30_b4_s0x0_p2048,M=32 efC=1600 ef=50 alpha=0.85 beta=4 q=u8 pat=2048 bloomH=2 bloomT=30 bloomSrc=pruned,64,0.8206733524,0.9222,3692.6199,8.7192,0.0000,0.059861,0.059964;0.059861;0.059836,8.576074,116603.46,,13.42,0,6980,10,True,nid006293,59116836
SparseHNSW_Bloom2_30_b4_s0x0_p2048,M=32 efC=1600 ef=100 alpha=0.85 beta=4 q=u8 pat=2048 bloomH=2 bloomT=30 bloomSrc=pruned,64,0.8517048711,0.9501,3692.6199,8.7192,0.0000,0.099772,0.099827;0.099772;0.099425,14.293983,69959.51,,13.42,0,6980,10,True,nid006293,59116836
SparseHNSW_Bloom2_30_b4_s0x0_p2048,M=32 efC=1600 ef=200 alpha=0.85 beta=4 q=u8 pat=2048 bloomH=2 bloomT=30 bloomSrc=pruned,64,0.8829226361,0.9718,3692.6199,8.7192,0.0000,0.171380,0.170867;0.171529;0.171380,24.553009,40728.21,,13.42,0,6980,10,True,nid006293,59116836
SparseHNSW_Bloom2_30_b4_s0x0_p2048,M=32 efC=1600 ef=400 alpha=0.85 beta=4 q=u8 pat=2048 bloomH=2 bloomT=30 bloomSrc=pruned,64,0.9206590258,0.9837,3692.6199,8.7192,0.0000,0.307017,0.306749;0.307017;0.307257,43.985244,22734.90,,13.42,0,6980,10,True,nid006293,59116836
SparseHNSW_Bloom2_30_b4_s0x0_p2048,M=32 efC=1600 ef=800 alpha=0.85 beta=4 q=u8 pat=2048 bloomH=2 bloomT=30 bloomSrc=pruned,64,0.9585530086,0.9927,3692.6199,8.7192,0.0000,0.564498,0.564498;0.564755;0.563858,80.873639,12364.97,,13.42,0,6980,10,True,nid006293,59116836
SparseHNSW_Bloom2_30_b4_s0x0_p2048,M=32 efC=1600 ef=1600 alpha=0.85 beta=4 q=u8 pat=2048 bloomH=2 bloomT=30 bloomSrc=pruned,64,0.9800573066,0.9958,3692.6199,8.7192,0.0000,1.046718,1.047396;1.046074;1.046718,149.959599,6668.46,,13.42,0,6980,10,True,nid006293,59116836
SparseHNSW_Bloom2_30_b4_s0x0_p2048,M=32 efC=1600 ef=3200 alpha=0.85 beta=4 q=u8 pat=2048 bloomH=2 bloomT=30 bloomSrc=pruned,64,0.9902722063,0.9984,3692.6199,8.7192,0.0000,1.358901,1.358692;1.358901;1.360993,194.684957,5136.50,,13.42,0,6980,10,True,nid006293,59116836
SparseHNSW_Bloom2_30_b4_s0x0_p2048,M=32 efC=1600 ef=6400 alpha=0.85 beta=4 q=u8 pat=2048 bloomH=2 bloomT=30 bloomSrc=pruned,64,0.9948710602,0.9996,3692.6199,8.7192,0.0000,1.400075,1.400453;1.398843;1.400075,200.583811,4985.45,,13.42,0,6980,10,True,nid006293,59116836
SparseHNSW_Bloom2_30_b5_s0x0_p2048,M=32 efC=1600 ef=20 alpha=0.85 beta=5 q=u8 pat=2048 bloomH=2 bloomT=30 bloomSrc=pruned,64,0.8207593123,0.9222,3692.6199,8.7192,0.0000,0.060057,0.059683;0.060057;0.060363,8.604155,116222.92,,13.42,0,6980,10,True,nid006293,59116836
SparseHNSW_Bloom2_30_b5_s0x0_p2048,M=32 efC=1600 ef=50 alpha=0.85 beta=5 q=u8 pat=2048 bloomH=2 bloomT=30 bloomSrc=pruned,64,0.8207593123,0.9222,3692.6199,8.7192,0.0000,0.060331,0.060331;0.060350;0.060226,8.643410,115695.08,,13.42,0,6980,10,True,nid006293,59116836
SparseHNSW_Bloom2_30_b5_s0x0_p2048,M=32 efC=1600 ef=100 alpha=0.85 beta=5 q=u8 pat=2048 bloomH=2 bloomT=30 bloomSrc=pruned,64,0.8518194842,0.9501,3692.6199,8.7192,0.0000,0.100389,0.100312;0.100438;0.100389,14.382378,69529.53,,13.42,0,6980,10,True,nid006293,59116836
SparseHNSW_Bloom2_30_b5_s0x0_p2048,M=32 efC=1600 ef=200 alpha=0.85 beta=5 q=u8 pat=2048 bloomH=2 bloomT=30 bloomSrc=pruned,64,0.8830372493,0.9718,3692.6199,8.7192,0.0000,0.172368,0.172149;0.172466;0.172368,24.694556,40494.76,,13.42,0,6980,10,True,nid006293,59116836
SparseHNSW_Bloom2_30_b5_s0x0_p2048,M=32 efC=1600 ef=400 alpha=0.85 beta=5 q=u8 pat=2048 bloomH=2 bloomT=30 bloomSrc=pruned,64,0.9207879656,0.9837,3692.6199,8.7192,0.0000,0.307648,0.307495;0.307898;0.307648,44.075645,22688.27,,13.42,0,6980,10,True,nid006293,59116836
SparseHNSW_Bloom2_30_b5_s0x0_p2048,M=32 efC=1600 ef=800 alpha=0.85 beta=5 q=u8 pat=2048 bloomH=2 bloomT=30 bloomSrc=pruned,64,0.9586962751,0.9927,3692.6199,8.7192,0.0000,0.565312,0.565312;0.564846;0.565845,80.990258,12347.16,,13.42,0,6980,10,True,nid006293,59116836
SparseHNSW_Bloom2_30_b5_s0x0_p2048,M=32 efC=1600 ef=1600 alpha=0.85 beta=5 q=u8 pat=2048 bloomH=2 bloomT=30 bloomSrc=pruned,64,0.9802148997,0.9958,3692.6199,8.7192,0.0000,1.047157,1.047157;1.048138;1.047131,150.022493,6665.67,,13.42,0,6980,10,True,nid006293,59116836
SparseHNSW_Bloom2_30_b5_s0x0_p2048,M=32 efC=1600 ef=3200 alpha=0.85 beta=5 q=u8 pat=2048 bloomH=2 bloomT=30 bloomSrc=pruned,64,0.9904297994,0.9984,3692.6199,8.7192,0.0000,1.373033,1.373033;1.373295;1.372860,196.709599,5083.64,,13.42,0,6980,10,True,nid006293,59116836
SparseHNSW_Bloom2_30_b5_s0x0_p2048,M=32 efC=1600 ef=6400 alpha=0.85 beta=5 q=u8 pat=2048 bloomH=2 bloomT=30 bloomSrc=pruned,64,0.9950286533,0.9996,3692.6199,8.7192,0.0000,1.414055,1.414055;1.413694;1.414828,202.586676,4936.16,,13.42,0,6980,10,True,nid006293,59116836
SparseHNSW_Bloom2_30_b8_s0x0_p2048,M=32 efC=1600 ef=20 alpha=0.85 beta=8 q=u8 pat=2048 bloomH=2 bloomT=30 bloomSrc=pruned,64,0.8423495702,0.9413,3692.6199,8.7192,0.0000,0.086851,0.086584;0.087120;0.086851,12.442837,80367.53,,13.42,0,6980,10,True,nid006293,59116836
SparseHNSW_Bloom2_30_b8_s0x0_p2048,M=32 efC=1600 ef=50 alpha=0.85 beta=8 q=u8 pat=2048 bloomH=2 bloomT=30 bloomSrc=pruned,64,0.8423495702,0.9413,3692.6199,8.7192,0.0000,0.086785,0.086785;0.086781;0.086980,12.433381,80428.65,,13.42,0,6980,10,True,nid006293,59116836
SparseHNSW_Bloom2_30_b8_s0x0_p2048,M=32 efC=1600 ef=100 alpha=0.85 beta=8 q=u8 pat=2048 bloomH=2 bloomT=30 bloomSrc=pruned,64,0.8518767908,0.9501,3692.6199,8.7192,0.0000,0.102502,0.102774;0.102502;0.102169,14.685100,68096.23,,13.42,0,6980,10,True,nid006293,59116836
SparseHNSW_Bloom2_30_b8_s0x0_p2048,M=32 efC=1600 ef=200 alpha=0.85 beta=8 q=u8 pat=2048 bloomH=2 bloomT=30 bloomSrc=pruned,64,0.8831088825,0.9718,3692.6199,8.7192,0.0000,0.174626,0.174673;0.174626;0.174565,25.018052,39971.14,,13.42,0,6980,10,True,nid006293,59116836
SparseHNSW_Bloom2_30_b8_s0x0_p2048,M=32 efC=1600 ef=400 alpha=0.85 beta=8 q=u8 pat=2048 bloomH=2 bloomT=30 bloomSrc=pruned,64,0.9208595989,0.9837,3692.6199,8.7192,0.0000,0.310592,0.310356;0.310837;0.310592,44.497421,22473.21,,13.42,0,6980,10,True,nid006293,59116836
SparseHNSW_Bloom2_30_b8_s0x0_p2048,M=32 efC=1600 ef=800 alpha=0.85 beta=8 q=u8 pat=2048 bloomH=2 bloomT=30 bloomSrc=pruned,64,0.9587965616,0.9927,3692.6199,8.7192,0.0000,0.567525,0.567830;0.567446;0.567525,81.307307,12299.02,,13.42,0,6980,10,True,nid006293,59116836
SparseHNSW_Bloom2_30_b8_s0x0_p2048,M=32 efC=1600 ef=1600 alpha=0.85 beta=8 q=u8 pat=2048 bloomH=2 bloomT=30 bloomSrc=pruned,64,0.9803151862,0.9958,3692.6199,8.7192,0.0000,1.050894,1.051465;1.050894;1.050264,150.557880,6641.96,,13.42,0,6980,10,True,nid006293,59116836
SparseHNSW_Bloom2_30_b8_s0x0_p2048,M=32 efC=1600 ef=3200 alpha=0.85 beta=8 q=u8 pat=2048 bloomH=2 bloomT=30 bloomSrc=pruned,64,0.9905300860,0.9984,3692.6199,8.7192,0.0000,1.415012,1.414550;1.415782;1.415012,202.723782,4932.82,,13.42,0,6980,10,True,nid006293,59116836
SparseHNSW_Bloom2_30_b8_s0x0_p2048,M=32 efC=1600 ef=6400 alpha=0.85 beta=8 q=u8 pat=2048 bloomH=2 bloomT=30 bloomSrc=pruned,64,0.9951289398,0.9996,3692.6199,8.7192,0.0000,1.457941,1.458506;1.457941;1.457802,208.874069,4787.57,,13.42,0,6980,10,True,nid006293,59116836
SparseHNSW_Bloom2_30_b12_s0x0_p2048,M=32 efC=1600 ef=20 alpha=0.85 beta=12 q=u8 pat=2048 bloomH=2 bloomT=30 bloomSrc=pruned,64,0.8594555874,0.9560,3692.6199,8.7192,0.0000,0.119886,0.119923;0.119699;0.119886,17.175645,58221.98,,13.42,0,6980,10,True,nid006293,59116836
SparseHNSW_Bloom2_30_b12_s0x0_p2048,M=32 efC=1600 ef=50 alpha=0.85 beta=12 q=u8 pat=2048 bloomH=2 bloomT=30 bloomSrc=pruned,64,0.8594555874,0.9560,3692.6199,8.7192,0.0000,0.120013,0.120013;0.120142;0.119832,17.193840,58160.37,,13.42,0,6980,10,True,nid006293,59116836
SparseHNSW_Bloom2_30_b12_s0x0_p2048,M=32 efC=1600 ef=100 alpha=0.85 beta=12 q=u8 pat=2048 bloomH=2 bloomT=30 bloomSrc=pruned,64,0.8594555874,0.9560,3692.6199,8.7192,0.0000,0.119902,0.120204;0.119902;0.119749,17.177937,58214.21,,13.42,0,6980,10,True,nid006293,59116836
SparseHNSW_Bloom2_30_b12_s0x0_p2048,M=32 efC=1600 ef=200 alpha=0.85 beta=12 q=u8 pat=2048 bloomH=2 bloomT=30 bloomSrc=pruned,64,0.8831375358,0.9718,3692.6199,8.7192,0.0000,0.177574,0.177715;0.177574;0.177443,25.440401,39307.56,,13.42,0,6980,10,True,nid006293,59116836
SparseHNSW_Bloom2_30_b12_s0x0_p2048,M=32 efC=1600 ef=400 alpha=0.85 beta=12 q=u8 pat=2048 bloomH=2 bloomT=30 bloomSrc=pruned,64,0.9208882521,0.9837,3692.6199,8.7192,0.0000,0.313610,0.313070;0.313697;0.313610,44.929799,22256.94,,13.42,0,6980,10,True,nid006293,59116836
SparseHNSW_Bloom2_30_b12_s0x0_p2048,M=32 efC=1600 ef=800 alpha=0.85 beta=12 q=u8 pat=2048 bloomH=2 bloomT=30 bloomSrc=pruned,64,0.9588252149,0.9927,3692.6199,8.7192,0.0000,0.571244,0.571244;0.571233;0.571519,81.840115,12218.95,,13.42,0,6980,10,True,nid006293,59116836
SparseHNSW_Bloom2_30_b12_s0x0_p2048,M=32 efC=1600 ef=1600 alpha=0.85 beta=12 q=u8 pat=2048 bloomH=2 bloomT=30 bloomSrc=pruned,64,0.9803581662,0.9958,3692.6199,8.7192,0.0000,1.053948,1.052242;1.054132;1.053948,150.995415,6622.72,,13.42,0,6980,10,True,nid006293,59116836
SparseHNSW_Bloom2_30_b12_s0x0_p2048,M=32 efC=1600 ef=3200 alpha=0.85 beta=12 q=u8 pat=2048 bloomH=2 bloomT=30 bloomSrc=pruned,64,0.9905730659,0.9984,3692.6199,8.7192,0.0000,1.464023,1.464023;1.463334;1.464132,209.745415,4767.68,,13.42,0,6980,10,True,nid006293,59116836
SparseHNSW_Bloom2_30_b12_s0x0_p2048,M=32 efC=1600 ef=6400 alpha=0.85 beta=12 q=u8 pat=2048 bloomH=2 bloomT=30 bloomSrc=pruned,64,0.9951862464,0.9996,3692.6199,8.7192,0.0000,1.509760,1.510138;1.508402;1.509760,216.297994,4623.25,,13.42,0,6980,10,True,nid006293,59116836
SparseHNSW_Bloom2_30_b16_s0x0_p2048,M=32 efC=1600 ef=20 alpha=0.85 beta=16 q=u8 pat=2048 bloomH=2 bloomT=30 bloomSrc=pruned,64,0.8717908309,0.9642,3692.6199,8.7192,0.0000,0.150762,0.150441;0.150762;0.151072,21.599140,46298.14,,13.42,0,6980,10,True,nid006293,59116836
SparseHNSW_Bloom2_30_b16_s0x0_p2048,M=32 efC=1600 ef=50 alpha=0.85 beta=16 q=u8 pat=2048 bloomH=2 bloomT=30 bloomSrc=pruned,64,0.8717908309,0.9642,3692.6199,8.7192,0.0000,0.150832,0.150832;0.150891;0.150583,21.609169,46276.65,,13.42,0,6980,10,True,nid006293,59116836
SparseHNSW_Bloom2_30_b16_s0x0_p2048,M=32 efC=1600 ef=100 alpha=0.85 beta=16 q=u8 pat=2048 bloomH=2 bloomT=30 bloomSrc=pruned,64,0.8717908309,0.9642,3692.6199,8.7192,0.0000,0.151192,0.151185;0.151192;0.151220,21.660745,46166.46,,13.42,0,6980,10,True,nid006293,59116836
SparseHNSW_Bloom2_30_b16_s0x0_p2048,M=32 efC=1600 ef=200 alpha=0.85 beta=16 q=u8 pat=2048 bloomH=2 bloomT=30 bloomSrc=pruned,64,0.8831375358,0.9718,3692.6199,8.7192,0.0000,0.179275,0.179275;0.179368;0.179060,25.684097,38934.60,,13.42,0,6980,10,True,nid006293,59116836
SparseHNSW_Bloom2_30_b16_s0x0_p2048,M=32 efC=1600 ef=400 alpha=0.85 beta=16 q=u8 pat=2048 bloomH=2 bloomT=30 bloomSrc=pruned,64,0.9208882521,0.9837,3692.6199,8.7192,0.0000,0.315122,0.315122;0.315399;0.314768,45.146418,22150.15,,13.42,0,6980,10,True,nid006293,59116836
SparseHNSW_Bloom2_30_b16_s0x0_p2048,M=32 efC=1600 ef=800 alpha=0.85 beta=16 q=u8 pat=2048 bloomH=2 bloomT=30 bloomSrc=pruned,64,0.9588252149,0.9927,3692.6199,8.7192,0.0000,0.572162,0.572147;0.572992;0.572162,81.971633,12199.34,,13.42,0,6980,10,True,nid006293,59116836
SparseHNSW_Bloom2_30_b16_s0x0_p2048,M=32 efC=1600 ef=1600 alpha=0.85 beta=16 q=u8 pat=2048 bloomH=2 bloomT=30 bloomSrc=pruned,64,0.9803581662,0.9958,3692.6199,8.7192,0.0000,1.054376,1.054020;1.054619;1.054376,151.056734,6620.03,,13.42,0,6980,10,True,nid006293,59116836
SparseHNSW_Bloom2_30_b16_s0x0_p2048,M=32 efC=1600 ef=3200 alpha=0.85 beta=16 q=u8 pat=2048 bloomH=2 bloomT=30 bloomSrc=pruned,64,0.9905873926,0.9986,3692.6199,8.7192,0.0000,1.515529,1.515432;1.515529;1.515541,217.124499,4605.65,,13.42,0,6980,10,True,nid006293,59116836
SparseHNSW_Bloom2_30_b16_s0x0_p2048,M=32 efC=1600 ef=6400 alpha=0.85 beta=16 q=u8 pat=2048 bloomH=2 bloomT=30 bloomSrc=pruned,64,0.9951862464,0.9996,3692.6199,8.7192,0.0000,1.562387,1.562387;1.561824;1.563099,223.837679,4467.52,,13.42,0,6980,10,True,nid006293,59116836
SparseHNSW_Bloom2_30_b2_s8x4_p2048,M=32 efC=1600 ef=20 alpha=0.85 beta=2 q=u8 seedT=8 seedH=8 seedS=4 pat=2048 bloomH=2 bloomT=30 bloomSrc=pruned,64,0.8331518625,0.9596,3692.6199,8.7192,0.0000,0.041442,0.040658;0.041442;0.041674,5.937249,168428.16,,13.42,0,6980,10,True,nid006293,59116836
SparseHNSW_Bloom2_30_b2_s8x4_p2048,M=32 efC=1600 ef=50 alpha=0.85 beta=2 q=u8 seedT=8 seedH=8 seedS=4 pat=2048 bloomH=2 bloomT=30 bloomSrc=pruned,64,0.8501719198,0.9692,3692.6199,8.7192,0.0000,0.055997,0.056105;0.055997;0.055837,8.022493,124649.53,,13.42,0,6980,10,True,nid006293,59116836
SparseHNSW_Bloom2_30_b2_s8x4_p2048,M=32 efC=1600 ef=100 alpha=0.85 beta=2 q=u8 seedT=8 seedH=8 seedS=4 pat=2048 bloomH=2 bloomT=30 bloomSrc=pruned,64,0.8758452722,0.9809,3692.6199,8.7192,0.0000,0.095348,0.095160;0.095360;0.095348,13.660172,73205.52,,13.42,0,6980,10,True,nid006293,59116836
SparseHNSW_Bloom2_30_b2_s8x4_p2048,M=32 efC=1600 ef=200 alpha=0.85 beta=2 q=u8 seedT=8 seedH=8 seedS=4 pat=2048 bloomH=2 bloomT=30 bloomSrc=pruned,64,0.9095702006,0.9900,3692.6199,8.7192,0.0000,0.167937,0.167937;0.167976;0.167514,24.059742,41563.21,,13.42,0,6980,10,True,nid006293,59116836
SparseHNSW_Bloom2_30_b2_s8x4_p2048,M=32 efC=1600 ef=400 alpha=0.85 beta=2 q=u8 seedT=8 seedH=8 seedS=4 pat=2048 bloomH=2 bloomT=30 bloomSrc=pruned,64,0.9483810888,0.9951,3692.6199,8.7192,0.0000,0.305455,0.305454;0.305455;0.305574,43.761461,22851.16,,13.42,0,6980,10,True,nid006293,59116836
SparseHNSW_Bloom2_30_b2_s8x4_p2048,M=32 efC=1600 ef=800 alpha=0.85 beta=2 q=u8 seedT=8 seedH=8 seedS=4 pat=2048 bloomH=2 bloomT=30 bloomSrc=pruned,64,0.9738825215,0.9984,3692.6199,8.7192,0.0000,0.564639,0.563900;0.564802;0.564639,80.893840,12361.88,,13.42,0,6980,10,True,nid006293,59116836
SparseHNSW_Bloom2_30_b2_s8x4_p2048,M=32 efC=1600 ef=1600 alpha=0.85 beta=2 q=u8 seedT=8 seedH=8 seedS=4 pat=2048 bloomH=2 bloomT=30 bloomSrc=pruned,64,0.9842550143,0.9991,3692.6199,8.7192,0.0000,1.046486,1.046486;1.047606;1.045774,149.926361,6669.94,,13.42,0,6980,10,True,nid006293,59116836
SparseHNSW_Bloom2_30_b2_s8x4_p2048,M=32 efC=1600 ef=3200 alpha=0.85 beta=2 q=u8 seedT=8 seedH=8 seedS=4 pat=2048 bloomH=2 bloomT=30 bloomSrc=pruned,64,0.9896848138,1.0000,3692.6199,8.7192,0.0000,1.333668,1.333516;1.333668;1.335656,191.069914,5233.69,,13.42,0,6980,10,True,nid006293,59116836
SparseHNSW_Bloom2_30_b2_s8x4_p2048,M=32 efC=1600 ef=6400 alpha=0.85 beta=2 q=u8 seedT=8 seedH=8 seedS=4 pat=2048 bloomH=2 bloomT=30 bloomSrc=pruned,64,0.9921489971,1.0000,3692.6199,8.7192,0.0000,1.370915,1.372327;1.370915;1.370658,196.406160,5091.49,,13.42,0,6980,10,True,nid006293,59116836
SparseHNSW_Bloom2_30_b3_s8x4_p2048,M=32 efC=1600 ef=20 alpha=0.85 beta=3 q=u8 seedT=8 seedH=8 seedS=4 pat=2048 bloomH=2 bloomT=30 bloomSrc=pruned,64,0.8351146132,0.9597,3692.6199,8.7192,0.0000,0.042219,0.041512;0.042219;0.042257,6.048567,165328.41,,13.42,0,6980,10,True,nid006293,59116836
SparseHNSW_Bloom2_30_b3_s8x4_p2048,M=32 efC=1600 ef=50 alpha=0.85 beta=3 q=u8 seedT=8 seedH=8 seedS=4 pat=2048 bloomH=2 bloomT=30 bloomSrc=pruned,64,0.8523495702,0.9692,3692.6199,8.7192,0.0000,0.056800,0.056748;0.056800;0.056892,8.137536,122887.32,,13.42,0,6980,10,True,nid006293,59116836
SparseHNSW_Bloom2_30_b3_s8x4_p2048,M=32 efC=1600 ef=100 alpha=0.85 beta=3 q=u8 seedT=8 seedH=8 seedS=4 pat=2048 bloomH=2 bloomT=30 bloomSrc=pruned,64,0.8781518625,0.9809,3692.6199,8.7192,0.0000,0.095893,0.096408;0.095893;0.095801,13.738252,72789.46,,13.42,0,6980,10,True,nid006293,59116836
SparseHNSW_Bloom2_30_b3_s8x4_p2048,M=32 efC=1600 ef=200 alpha=0.85 beta=3 q=u8 seedT=8 seedH=8 seedS=4 pat=2048 bloomH=2 bloomT=30 bloomSrc=pruned,64,0.9120487106,0.9900,3692.6199,8.7192,0.0000,0.168422,0.168350;0.168422;0.168589,24.129226,41443.52,,13.42,0,6980,10,True,nid006293,59116836
SparseHNSW_Bloom2_30_b3_s8x4_p2048,M=32 efC=1600 ef=400 alpha=0.85 beta=3 q=u8 seedT=8 seedH=8 seedS=4 pat=2048 bloomH=2 bloomT=30 bloomSrc=pruned,64,0.9509885387,0.9951,3692.6199,8.7192,0.0000,0.306319,0.306137;0.306458;0.306319,43.885244,22786.70,,13.42,0,6980,10,True,nid006293,59116836
SparseHNSW_Bloom2_30_b3_s8x4_p2048,M=32 efC=1600 ef=800 alpha=0.85 beta=3 q=u8 seedT=8 seedH=8 seedS=4 pat=2048 bloomH=2 bloomT=30 bloomSrc=pruned,64,0.9768767908,0.9984,3692.6199,8.7192,0.0000,0.565149,0.565149;0.565279;0.565031,80.966905,12350.73,,13.42,0,6980,10,True,nid006293,59116836
SparseHNSW_Bloom2_30_b3_s8x4_p2048,M=32 efC=1600 ef=1600 alpha=0.85 beta=3 q=u8 seedT=8 seedH=8 seedS=4 pat=2048 bloomH=2 bloomT=30 bloomSrc=pruned,64,0.9875214900,0.9991,3692.6199,8.7192,0.0000,1.048326,1.047614;1.049082;1.048326,150.189971,6658.23,,13.42,0,6980,10,True,nid006293,59116836
SparseHNSW_Bloom2_30_b3_s8x4_p2048,M=32 efC=1600 ef=3200 alpha=0.85 beta=3 q=u8 seedT=8 seedH=8 seedS=4 pat=2048 bloomH=2 bloomT=30 bloomSrc=pruned,64,0.9930515759,1.0000,3692.6199,8.7192,0.0000,1.344784,1.346238;1.344784;1.343679,192.662464,5190.42,,13.42,0,6980,10,True,nid006293,59116836
SparseHNSW_Bloom2_30_b3_s8x4_p2048,M=32 efC=1600 ef=6400 alpha=0.85 beta=3 q=u8 seedT=8 seedH=8 seedS=4 pat=2048 bloomH=2 bloomT=30 bloomSrc=pruned,64,0.9955587393,1.0000,3692.6199,8.7192,0.0000,1.382557,1.382557;1.381602;1.382844,198.074069,5048.62,,13.42,0,6980,10,True,nid006293,59116836
SparseHNSW_Bloom2_30_b4_s8x4_p2048,M=32 efC=1600 ef=20 alpha=0.85 beta=4 q=u8 seedT=8 seedH=8 seedS=4 pat=2048 bloomH=2 bloomT=30 bloomSrc=pruned,64,0.8455157593,0.9659,3692.6199,8.7192,0.0000,0.048891,0.048567;0.048891;0.049015,7.004441,142766.56,,13.42,0,6980,10,True,nid006293,59116836
SparseHNSW_Bloom2_30_b4_s8x4_p2048,M=32 efC=1600 ef=50 alpha=0.85 beta=4 q=u8 seedT=8 seedH=8 seedS=4 pat=2048 bloomH=2 bloomT=30 bloomSrc=pruned,64,0.8527507163,0.9692,3692.6199,8.7192,0.0000,0.057419,0.057419;0.057341;0.057478,8.226218,121562.55,,13.42,0,6980,10,True,nid006293,59116836
SparseHNSW_Bloom2_30_b4_s8x4_p2048,M=32 efC=1600 ef=100 alpha=0.85 beta=4 q=u8 seedT=8 seedH=8 seedS=4 pat=2048 bloomH=2 bloomT=30 bloomSrc=pruned,64,0.8785959885,0.9809,3692.6199,8.7192,0.0000,0.097080,0.096928;0.097080;0.097116,13.908309,71899.46,,13.42,0,6980,10,True,nid006293,59116836
SparseHNSW_Bloom2_30_b4_s8x4_p2048,M=32 efC=1600 ef=200 alpha=0.85 beta=4 q=u8 seedT=8 seedH=8 seedS=4 pat=2048 bloomH=2 bloomT=30 bloomSrc=pruned,64,0.9125501433,0.9900,3692.6199,8.7192,0.0000,0.169397,0.169397;0.169401;0.169292,24.268911,41204.98,,13.42,0,6980,10,True,nid006293,59116836
SparseHNSW_Bloom2_30_b4_s8x4_p2048,M=32 efC=1600 ef=400 alpha=0.85 beta=4 q=u8 seedT=8 seedH=8 seedS=4 pat=2048 bloomH=2 bloomT=30 bloomSrc=pruned,64,0.9515472779,0.9951,3692.6199,8.7192,0.0000,0.306813,0.306813;0.306678;0.306990,43.956017,22750.01,,13.42,0,6980,10,True,nid006293,59116836
SparseHNSW_Bloom2_30_b4_s8x4_p2048,M=32 efC=1600 ef=800 alpha=0.85 beta=4 q=u8 seedT=8 seedH=8 seedS=4 pat=2048 bloomH=2 bloomT=30 bloomSrc=pruned,64,0.9774641834,0.9984,3692.6199,8.7192,0.0000,0.565758,0.565758;0.566266;0.565596,81.054155,12337.43,,13.42,0,6980,10,True,nid006293,59116836
SparseHNSW_Bloom2_30_b4_s8x4_p2048,M=32 efC=1600 ef=1600 alpha=0.85 beta=4 q=u8 seedT=8 seedH=8 seedS=4 pat=2048 bloomH=2 bloomT=30 bloomSrc=pruned,64,0.9881661891,0.9991,3692.6199,8.7192,0.0000,1.049220,1.049985;1.049220;1.048679,150.318052,6652.56,,13.42,0,6980,10,True,nid006293,59116836
SparseHNSW_Bloom2_30_b4_s8x4_p2048,M=32 efC=1600 ef=3200 alpha=0.85 beta=4 q=u8 seedT=8 seedH=8 seedS=4 pat=2048 bloomH=2 bloomT=30 bloomSrc=pruned,64,0.9937106017,1.0000,3692.6199,8.7192,0.0000,1.356812,1.356812;1.356770;1.357894,194.385673,5144.41,,13.42,0,6980,10,True,nid006293,59116836
SparseHNSW_Bloom2_30_b4_s8x4_p2048,M=32 efC=1600 ef=6400 alpha=0.85 beta=4 q=u8 seedT=8 seedH=8 seedS=4 pat=2048 bloomH=2 bloomT=30 bloomSrc=pruned,64,0.9962177650,1.0000,3692.6199,8.7192,0.0000,1.396374,1.396374;1.394063;1.396712,200.053582,4998.66,,13.42,0,6980,10,True,nid006293,59116836
SparseHNSW_Bloom2_30_b5_s8x4_p2048,M=32 efC=1600 ef=20 alpha=0.85 beta=5 q=u8 seedT=8 seedH=8 seedS=4 pat=2048 bloomH=2 bloomT=30 bloomSrc=pruned,64,0.8528510029,0.9692,3692.6199,8.7192,0.0000,0.057742,0.057470;0.057782;0.057742,8.272493,120882.55,,13.42,0,6980,10,True,nid006293,59116836
SparseHNSW_Bloom2_30_b5_s8x4_p2048,M=32 efC=1600 ef=50 alpha=0.85 beta=5 q=u8 seedT=8 seedH=8 seedS=4 pat=2048 bloomH=2 bloomT=30 bloomSrc=pruned,64,0.8528510029,0.9692,3692.6199,8.7192,0.0000,0.058226,0.058226;0.058068;0.058264,8.341834,119877.72,,13.42,0,6980,10,True,nid006293,59116836
SparseHNSW_Bloom2_30_b5_s8x4_p2048,M=32 efC=1600 ef=100 alpha=0.85 beta=5 q=u8 seedT=8 seedH=8 seedS=4 pat=2048 bloomH=2 bloomT=30 bloomSrc=pruned,64,0.8787106017,0.9809,3692.6199,8.7192,0.0000,0.097739,0.098043;0.097604;0.097739,14.002722,71414.69,,13.42,0,6980,10,True,nid006293,59116836
SparseHNSW_Bloom2_30_b5_s8x4_p2048,M=32 efC=1600 ef=200 alpha=0.85 beta=5 q=u8 seedT=8 seedH=8 seedS=4 pat=2048 bloomH=2 bloomT=30 bloomSrc=pruned,64,0.9126790831,0.9900,3692.6199,8.7192,0.0000,0.170480,0.170280;0.170529;0.170480,24.424069,40943.22,,13.42,0,6980,10,True,nid006293,59116836
SparseHNSW_Bloom2_30_b5_s8x4_p2048,M=32 efC=1600 ef=400 alpha=0.85 beta=5 q=u8 seedT=8 seedH=8 seedS=4 pat=2048 bloomH=2 bloomT=30 bloomSrc=pruned,64,0.9516905444,0.9951,3692.6199,8.7192,0.0000,0.307771,0.307444;0.308059;0.307771,44.093266,22679.20,,13.42,0,6980,10,True,nid006293,59116836
SparseHNSW_Bloom2_30_b5_s8x4_p2048,M=32 efC=1600 ef=800 alpha=0.85 beta=5 q=u8 seedT=8 seedH=8 seedS=4 pat=2048 bloomH=2 bloomT=30 bloomSrc=pruned,64,0.9776217765,0.9984,3692.6199,8.7192,0.0000,0.566659,0.567100;0.566659;0.566603,81.183238,12317.81,,13.42,0,6980,10,True,nid006293,59116836
SparseHNSW_Bloom2_30_b5_s8x4_p2048,M=32 efC=1600 ef=1600 alpha=0.85 beta=5 q=u8 seedT=8 seedH=8 seedS=4 pat=2048 bloomH=2 bloomT=30 bloomSrc=pruned,64,0.9883381089,0.9991,3692.6199,8.7192,0.0000,1.049787,1.050755;1.049488;1.049787,150.399284,6648.97,,13.42,0,6980,10,True,nid006293,59116836
SparseHNSW_Bloom2_30_b5_s8x4_p2048,M=32 efC=1600 ef=3200 alpha=0.85 beta=5 q=u8 seedT=8 seedH=8 seedS=4 pat=2048 bloomH=2 bloomT=30 bloomSrc=pruned,64,0.9938825215,1.0000,3692.6199,8.7192,0.0000,1.371688,1.369970;1.371688;1.371922,196.516905,5088.62,,13.42,0,6980,10,True,nid006293,59116836
SparseHNSW_Bloom2_30_b5_s8x4_p2048,M=32 efC=1600 ef=6400 alpha=0.85 beta=5 q=u8 seedT=8 seedH=8 seedS=4 pat=2048 bloomH=2 bloomT=30 bloomSrc=pruned,64,0.9963896848,1.0000,3692.6199,8.7192,0.0000,1.410338,1.410338;1.411598;1.410047,202.054155,4949.17,,13.42,0,6980,10,True,nid006293,59116836
SparseHNSW_Bloom2_30_b8_s8x4_p2048,M=32 efC=1600 ef=20 alpha=0.85 beta=8 q=u8 seedT=8 seedH=8 seedS=4 pat=2048 bloomH=2 bloomT=30 bloomSrc=pruned,64,0.8707163324,0.9782,3692.6199,8.7192,0.0000,0.084555,0.084555;0.084419;0.084557,12.113897,82549.82,,13.42,0,6980,10,True,nid006293,59116836
SparseHNSW_Bloom2_30_b8_s8x4_p2048,M=32 efC=1600 ef=50 alpha=0.85 beta=8 q=u8 seedT=8 seedH=8 seedS=4 pat=2048 bloomH=2 bloomT=30 bloomSrc=pruned,64,0.8707163324,0.9782,3692.6199,8.7192,0.0000,0.084389,0.084353;0.084502;0.084389,12.090115,82712.20,,13.42,0,6980,10,True,nid006293,59116836
SparseHNSW_Bloom2_30_b8_s8x4_p2048,M=32 efC=1600 ef=100 alpha=0.85 beta=8 q=u8 seedT=8 seedH=8 seedS=4 pat=2048 bloomH=2 bloomT=30 bloomSrc=pruned,64,0.8787822350,0.9809,3692.6199,8.7192,0.0000,0.099734,0.099677;0.099734;0.099871,14.288539,69986.16,,13.42,0,6980,10,True,nid006293,59116836
SparseHNSW_Bloom2_30_b8_s8x4_p2048,M=32 efC=1600 ef=200 alpha=0.85 beta=8 q=u8 seedT=8 seedH=8 seedS=4 pat=2048 bloomH=2 bloomT=30 bloomSrc=pruned,64,0.9127507163,0.9900,3692.6199,8.7192,0.0000,0.172341,0.172341;0.172129;0.172494,24.690688,40501.10,,13.42,0,6980,10,True,nid006293,59116836
SparseHNSW_Bloom2_30_b8_s8x4_p2048,M=32 efC=1600 ef=400 alpha=0.85 beta=8 q=u8 seedT=8 seedH=8 seedS=4 pat=2048 bloomH=2 bloomT=30 bloomSrc=pruned,64,0.9517621777,0.9951,3692.6199,8.7192,0.0000,0.310359,0.310656;0.310359;0.310113,44.464040,22490.08,,13.42,0,6980,10,True,nid006293,59116836
SparseHNSW_Bloom2_30_b8_s8x4_p2048,M=32 efC=1600 ef=800 alpha=0.85 beta=8 q=u8 seedT=8 seedH=8 seedS=4 pat=2048 bloomH=2 bloomT=30 bloomSrc=pruned,64,0.9777077364,0.9984,3692.6199,8.7192,0.0000,0.569416,0.569614;0.569180;0.569416,81.578223,12258.17,,13.42,0,6980,10,True,nid006293,59116836
SparseHNSW_Bloom2_30_b8_s8x4_p2048,M=32 efC=1600 ef=1600 alpha=0.85 beta=8 q=u8 seedT=8 seedH=8 seedS=4 pat=2048 bloomH=2 bloomT=30 bloomSrc=pruned,64,0.9884383954,0.9991,3692.6199,8.7192,0.0000,1.053246,1.052426;1.053339;1.053246,150.894842,6627.13,,13.42,0,6980,10,True,nid006293,59116836
SparseHNSW_Bloom2_30_b8_s8x4_p2048,M=32 efC=1600 ef=3200 alpha=0.85 beta=8 q=u8 seedT=8 seedH=8 seedS=4 pat=2048 bloomH=2 bloomT=30 bloomSrc=pruned,64,0.9939828080,1.0000,3692.6199,8.7192,0.0000,1.412954,1.413438;1.411950;1.412954,202.428940,4940.01,,13.42,0,6980,10,True,nid006293,59116836
SparseHNSW_Bloom2_30_b8_s8x4_p2048,M=32 efC=1600 ef=6400 alpha=0.85 beta=8 q=u8 seedT=8 seedH=8 seedS=4 pat=2048 bloomH=2 bloomT=30 bloomSrc=pruned,64,0.9964899713,1.0000,3692.6199,8.7192,0.0000,1.455009,1.455009;1.454098;1.455536,208.454011,4797.22,,13.42,0,6980,10,True,nid006293,59116836
SparseHNSW_Bloom2_30_b12_s8x4_p2048,M=32 efC=1600 ef=20 alpha=0.85 beta=12 q=u8 seedT=8 seedH=8 seedS=4 pat=2048 bloomH=2 bloomT=30 bloomSrc=pruned,64,0.8859885387,0.9840,3692.6199,8.7192,0.0000,0.117309,0.117578;0.117184;0.117309,16.806447,59500.98,,13.42,0,6980,10,True,nid006293,59116836
SparseHNSW_Bloom2_30_b12_s8x4_p2048,M=32 efC=1600 ef=50 alpha=0.85 beta=12 q=u8 seedT=8 seedH=8 seedS=4 pat=2048 bloomH=2 bloomT=30 bloomSrc=pruned,64,0.8859885387,0.9840,3692.6199,8.7192,0.0000,0.117358,0.117395;0.117252;0.117358,16.813467,59476.13,,13.42,0,6980,10,True,nid006293,59116836
SparseHNSW_Bloom2_30_b12_s8x4_p2048,M=32 efC=1600 ef=100 alpha=0.85 beta=12 q=u8 seedT=8 seedH=8 seedS=4 pat=2048 bloomH=2 bloomT=30 bloomSrc=pruned,64,0.8859885387,0.9840,3692.6199,8.7192,0.0000,0.117699,0.117699;0.117805;0.117585,16.862321,59303.82,,13.42,0,6980,10,True,nid006293,59116836
SparseHNSW_Bloom2_30_b12_s8x4_p2048,M=32 efC=1600 ef=200 alpha=0.85 beta=12 q=u8 seedT=8 seedH=8 seedS=4 pat=2048 bloomH=2 bloomT=30 bloomSrc=pruned,64,0.9127793696,0.9900,3692.6199,8.7192,0.0000,0.175657,0.175806;0.175657;0.175297,25.165759,39736.53,,13.42,0,6980,10,True,nid006293,59116836
SparseHNSW_Bloom2_30_b12_s8x4_p2048,M=32 efC=1600 ef=400 alpha=0.85 beta=12 q=u8 seedT=8 seedH=8 seedS=4 pat=2048 bloomH=2 bloomT=30 bloomSrc=pruned,64,0.9517908309,0.9951,3692.6199,8.7192,0.0000,0.313679,0.313679;0.313868;0.313408,44.939685,22252.05,,13.42,0,6980,10,True,nid006293,59116836
SparseHNSW_Bloom2_30_b12_s8x4_p2048,M=32 efC=1600 ef=800 alpha=0.85 beta=12 q=u8 seedT=8 seedH=8 seedS=4 pat=2048 bloomH=2 bloomT=30 bloomSrc=pruned,64,0.9777363897,0.9984,3692.6199,8.7192,0.0000,0.572856,0.572913;0.572453;0.572856,82.071060,12184.56,,13.42,0,6980,10,True,nid006293,59116836
SparseHNSW_Bloom2_30_b12_s8x4_p2048,M=32 efC=1600 ef=1600 alpha=0.85 beta=12 q=u8 seedT=8 seedH=8 seedS=4 pat=2048 bloomH=2 bloomT=30 bloomSrc=pruned,64,0.9884670487,0.9991,3692.6199,8.7192,0.0000,1.055802,1.055182;1.056221;1.055802,151.261032,6611.09,,13.42,0,6980,10,True,nid006293,59116836
SparseHNSW_Bloom2_30_b12_s8x4_p2048,M=32 efC=1600 ef=3200 alpha=0.85 beta=12 q=u8 seedT=8 seedH=8 seedS=4 pat=2048 bloomH=2 bloomT=30 bloomSrc=pruned,64,0.9940257880,1.0000,3692.6199,8.7192,0.0000,1.461513,1.461040;1.461540;1.461513,209.385817,4775.87,,13.42,0,6980,10,True,nid006293,59116836
SparseHNSW_Bloom2_30_b12_s8x4_p2048,M=32 efC=1600 ef=6400 alpha=0.85 beta=12 q=u8 seedT=8 seedH=8 seedS=4 pat=2048 bloomH=2 bloomT=30 bloomSrc=pruned,64,0.9965472779,1.0000,3692.6199,8.7192,0.0000,1.508020,1.506628;1.509172;1.508020,216.048711,4628.59,,13.42,0,6980,10,True,nid006293,59116836
SparseHNSW_Bloom2_30_b16_s8x4_p2048,M=32 efC=1600 ef=20 alpha=0.85 beta=16 q=u8 seedT=8 seedH=8 seedS=4 pat=2048 bloomH=2 bloomT=30 bloomSrc=pruned,64,0.8999570201,0.9883,3692.6199,8.7192,0.0000,0.148268,0.148268;0.148208;0.148684,21.241834,47076.91,,13.42,0,6980,10,True,nid006293,59116836
SparseHNSW_Bloom2_30_b16_s8x4_p2048,M=32 efC=1600 ef=50 alpha=0.85 beta=16 q=u8 seedT=8 seedH=8 seedS=4 pat=2048 bloomH=2 bloomT=30 bloomSrc=pruned,64,0.8999570201,0.9883,3692.6199,8.7192,0.0000,0.148241,0.148483;0.148241;0.148196,21.237966,47085.49,,13.42,0,6980,10,True,nid006293,59116836
SparseHNSW_Bloom2_30_b16_s8x4_p2048,M=32 efC=1600 ef=100 alpha=0.85 beta=16 q=u8 seedT=8 seedH=8 seedS=4 pat=2048 bloomH=2 bloomT=30 bloomSrc=pruned,64,0.8999570201,0.9883,3692.6199,8.7192,0.0000,0.148379,0.148379;0.148295;0.148675,21.257736,47041.70,,13.42,0,6980,10,True,nid006293,59116836
SparseHNSW_Bloom2_30_b16_s8x4_p2048,M=32 efC=1600 ef=200 alpha=0.85 beta=16 q=u8 seedT=8 seedH=8 seedS=4 pat=2048 bloomH=2 bloomT=30 bloomSrc=pruned,64,0.9127793696,0.9900,3692.6199,8.7192,0.0000,0.177282,0.177798;0.177282;0.177000,25.398567,39372.30,,13.42,0,6980,10,True,nid006293,59116836
SparseHNSW_Bloom2_30_b16_s8x4_p2048,M=32 efC=1600 ef=400 alpha=0.85 beta=16 q=u8 seedT=8 seedH=8 seedS=4 pat=2048 bloomH=2 bloomT=30 bloomSrc=pruned,64,0.9517908309,0.9951,3692.6199,8.7192,0.0000,0.314738,0.315012;0.314738;0.314455,45.091404,22177.18,,13.42,0,6980,10,True,nid006293,59116836
SparseHNSW_Bloom2_30_b16_s8x4_p2048,M=32 efC=1600 ef=800 alpha=0.85 beta=16 q=u8 seedT=8 seedH=8 seedS=4 pat=2048 bloomH=2 bloomT=30 bloomSrc=pruned,64,0.9777363897,0.9984,3692.6199,8.7192,0.0000,0.574052,0.574673;0.573899;0.574052,82.242407,12159.18,,13.42,0,6980,10,True,nid006293,59116836
SparseHNSW_Bloom2_30_b16_s8x4_p2048,M=32 efC=1600 ef=1600 alpha=0.85 beta=16 q=u8 seedT=8 seedH=8 seedS=4 pat=2048 bloomH=2 bloomT=30 bloomSrc=pruned,64,0.9884670487,0.9991,3692.6199,8.7192,0.0000,1.057575,1.058317;1.057575;1.056131,151.515043,6600.00,,13.42,0,6980,10,True,nid006293,59116836
SparseHNSW_Bloom2_30_b16_s8x4_p2048,M=32 efC=1600 ef=3200 alpha=0.85 beta=16 q=u8 seedT=8 seedH=8 seedS=4 pat=2048 bloomH=2 bloomT=30 bloomSrc=pruned,64,0.9940257880,1.0000,3692.6199,8.7192,0.0000,1.515610,1.516274;1.515610;1.514390,217.136103,4605.41,,13.42,0,6980,10,True,nid006293,59116836
SparseHNSW_Bloom2_30_b16_s8x4_p2048,M=32 efC=1600 ef=6400 alpha=0.85 beta=16 q=u8 seedT=8 seedH=8 seedS=4 pat=2048 bloomH=2 bloomT=30 bloomSrc=pruned,64,0.9965472779,1.0000,3692.6199,8.7192,0.0000,1.562563,1.562563;1.563615;1.562223,223.862894,4467.02,,13.42,0,6980,10,True,nid006293,59116836
SparseHNSW_Bloom2_30_b8_s0x0_p0,M=48 efC=800 ef=10 alpha=0.85 beta=8 q=u8 bloomH=2 bloomT=30 bloomSrc=pruned,64,0.8472492837,0.9513,2474.7995,8.6628,0.0000,0.102392,0.102248;0.102392;0.102765,14.669341,68169.39,,14.29,0,6980,10,True,nid004652,59116844
SparseHNSW_Bloom2_30_b8_s0x0_p0,M=48 efC=800 ef=200 alpha=0.85 beta=8 q=u8 bloomH=2 bloomT=30 bloomSrc=pruned,64,0.8808739255,0.9738,2474.7995,8.6628,0.0000,0.207378,0.207829;0.207378;0.207216,29.710315,33658.34,,14.29,0,6980,10,True,nid004652,59116844
SparseHNSW_Bloom2_30_b8_s0x0_p0,M=48 efC=800 ef=400 alpha=0.85 beta=8 q=u8 bloomH=2 bloomT=30 bloomSrc=pruned,64,0.9172922636,0.9848,2474.7995,8.6628,0.0000,0.371974,0.371974;0.371794;0.372278,53.291404,18764.75,,14.29,0,6980,10,True,nid004652,59116844
SparseHNSW_Bloom2_30_b8_s0x0_p0,M=48 efC=800 ef=800 alpha=0.85 beta=8 q=u8 bloomH=2 bloomT=30 bloomSrc=pruned,64,0.9549570201,0.9927,2474.7995,8.6628,0.0000,0.681267,0.681073;0.681925;0.681267,97.602722,10245.62,,14.29,0,6980,10,True,nid004652,59116844
SparseHNSW_Bloom2_30_b8_s0x0_p0,M=48 efC=800 ef=1600 alpha=0.85 beta=8 q=u8 bloomH=2 bloomT=30 bloomSrc=pruned,64,0.9783667622,0.9964,2474.7995,8.6628,0.0000,1.257520,1.258161;1.255969;1.257520,180.160458,5550.61,,14.38,0,6980,10,True,nid004652,59116844
SparseHNSW_Bloom2_30_b12_s0x0_p0,M=48 efC=800 ef=10 alpha=0.85 beta=12 q=u8 bloomH=2 bloomT=30 bloomSrc=pruned,64,0.8619914040,0.9626,2474.7995,8.6628,0.0000,0.141655,0.141032;0.141655;0.141665,20.294413,49274.65,,14.38,0,6980,10,True,nid004652,59116844
SparseHNSW_Bloom2_30_b12_s0x0_p0,M=48 efC=800 ef=200 alpha=0.85 beta=12 q=u8 bloomH=2 bloomT=30 bloomSrc=pruned,64,0.8809025788,0.9738,2474.7995,8.6628,0.0000,0.210504,0.210299;0.211184;0.210504,30.158166,33158.51,,14.38,0,6980,10,True,nid004652,59116844
SparseHNSW_Bloom2_30_b12_s0x0_p0,M=48 efC=800 ef=400 alpha=0.85 beta=12 q=u8 bloomH=2 bloomT=30 bloomSrc=pruned,64,0.9173209169,0.9848,2474.7995,8.6628,0.0000,0.374491,0.374655;0.374312;0.374491,53.652006,18638.63,,14.38,0,6980,10,True,nid004652,59116844
SparseHNSW_Bloom2_30_b12_s0x0_p0,M=48 efC=800 ef=800 alpha=0.85 beta=12 q=u8 bloomH=2 bloomT=30 bloomSrc=pruned,64,0.9549856734,0.9927,2474.7995,8.6628,0.0000,0.684876,0.683559;0.685242;0.684876,98.119771,10191.63,,14.38,0,6980,10,True,nid004652,59116844
SparseHNSW_Bloom2_30_b12_s0x0_p0,M=48 efC=800 ef=1600 alpha=0.85 beta=12 q=u8 bloomH=2 bloomT=30 bloomSrc=pruned,64,0.9783954155,0.9964,2474.7995,8.6628,0.0000,1.259501,1.259501;1.258775;1.259723,180.444269,5541.88,,14.39,0,6980,10,True,nid004652,59116844
SparseHNSW_Bloom2_30_b8_s8x4_p0,M=48 efC=800 ef=10 alpha=0.85 beta=8 q=u8 seedT=8 seedH=8 seedS=4 bloomH=2 bloomT=30 bloomSrc=pruned,64,0.8684240688,0.9797,2474.7995,8.6628,0.0000,0.099226,0.099621;0.099226;0.099192,14.215759,70344.47,,14.39,0,6980,10,True,nid004652,59116844
SparseHNSW_Bloom2_30_b8_s8x4_p0,M=48 efC=800 ef=200 alpha=0.85 beta=8 q=u8 seedT=8 seedH=8 seedS=4 bloomH=2 bloomT=30 bloomSrc=pruned,64,0.9048997135,0.9891,2474.7995,8.6628,0.0000,0.205837,0.205864;0.205787;0.205837,29.489542,33910.33,,14.39,0,6980,10,True,nid004652,59116844
SparseHNSW_Bloom2_30_b8_s8x4_p0,M=48 efC=800 ef=400 alpha=0.85 beta=8 q=u8 seedT=8 seedH=8 seedS=4 bloomH=2 bloomT=30 bloomSrc=pruned,64,0.9451862464,0.9954,2474.7995,8.6628,0.0000,0.371571,0.372721;0.371571;0.371416,53.233668,18785.10,,14.39,0,6980,10,True,nid004652,59116844
SparseHNSW_Bloom2_30_b8_s8x4_p0,M=48 efC=800 ef=800 alpha=0.85 beta=8 q=u8 seedT=8 seedH=8 seedS=4 bloomH=2 bloomT=30 bloomSrc=pruned,64,0.9739971347,0.9980,2474.7995,8.6628,0.0000,0.684048,0.684545;0.683195;0.684048,98.001146,10203.96,,14.39,0,6980,10,True,nid004652,59116844
SparseHNSW_Bloom2_30_b8_s8x4_p0,M=48 efC=800 ef=1600 alpha=0.85 beta=8 q=u8 seedT=8 seedH=8 seedS=4 bloomH=2 bloomT=30 bloomSrc=pruned,64,0.9867765043,0.9994,2474.7995,8.6628,0.0000,1.260638,1.262024;1.260638;1.259890,180.607163,5536.88,,14.39,0,6980,10,True,nid004652,59116844
SparseHNSW_Bloom2_30_b12_s8x4_p0,M=48 efC=800 ef=10 alpha=0.85 beta=12 q=u8 seedT=8 seedH=8 seedS=4 bloomH=2 bloomT=30 bloomSrc=pruned,64,0.8826361032,0.9855,2474.7995,8.6628,0.0000,0.138303,0.138727;0.138126;0.138303,19.814183,50468.90,,14.40,0,6980,10,True,nid004652,59116844
SparseHNSW_Bloom2_30_b12_s8x4_p0,M=48 efC=800 ef=200 alpha=0.85 beta=12 q=u8 seedT=8 seedH=8 seedS=4 bloomH=2 bloomT=30 bloomSrc=pruned,64,0.9049283668,0.9891,2474.7995,8.6628,0.0000,0.208450,0.208018;0.208497;0.208450,29.863897,33485.25,,14.40,0,6980,10,True,nid004652,59116844
SparseHNSW_Bloom2_30_b12_s8x4_p0,M=48 efC=800 ef=400 alpha=0.85 beta=12 q=u8 seedT=8 seedH=8 seedS=4 bloomH=2 bloomT=30 bloomSrc=pruned,64,0.9452148997,0.9954,2474.7995,8.6628,0.0000,0.374644,0.374644;0.374794;0.374286,53.673926,18631.02,,14.40,0,6980,10,True,nid004652,59116844
SparseHNSW_Bloom2_30_b12_s8x4_p0,M=48 efC=800 ef=800 alpha=0.85 beta=12 q=u8 seedT=8 seedH=8 seedS=4 bloomH=2 bloomT=30 bloomSrc=pruned,64,0.9740257880,0.9980,2474.7995,8.6628,0.0000,0.686268,0.686268;0.686266;0.686550,98.319198,10170.95,,14.40,0,6980,10,True,nid004652,59116844
SparseHNSW_Bloom2_30_b12_s8x4_p0,M=48 efC=800 ef=1600 alpha=0.85 beta=12 q=u8 seedT=8 seedH=8 seedS=4 bloomH=2 bloomT=30 bloomSrc=pruned,64,0.9868051576,0.9994,2474.7995,8.6628,0.0000,1.263160,1.263093;1.263167;1.263160,180.968481,5525.82,,14.40,0,6980,10,True,nid004652,59116844
SparseHNSW_Bloom2_30_b8_s0x0_p256,M=48 efC=800 ef=10 alpha=0.85 beta=8 q=u8 pat=256 bloomH=2 bloomT=30 bloomSrc=pruned,64,0.8472492837,0.9513,2474.7995,8.6628,0.0000,0.102656,0.102572;0.102656;0.102948,14.707163,67994.08,,14.40,0,6980,10,True,nid004652,59116844
SparseHNSW_Bloom2_30_b8_s0x0_p256,M=48 efC=800 ef=200 alpha=0.85 beta=8 q=u8 pat=256 bloomH=2 bloomT=30 bloomSrc=pruned,64,0.8808739255,0.9738,2474.7995,8.6628,0.0000,0.209682,0.209682;0.209401;0.209954,30.040401,33288.50,,14.40,0,6980,10,True,nid004652,59116844
SparseHNSW_Bloom2_30_b8_s0x0_p256,M=48 efC=800 ef=400 alpha=0.85 beta=8 q=u8 pat=256 bloomH=2 bloomT=30 bloomSrc=pruned,64,0.9170200573,0.9844,2474.7995,8.6628,0.0000,0.343547,0.343547;0.343664;0.343452,49.218768,20317.45,,14.40,0,6980,10,True,nid004652,59116844
SparseHNSW_Bloom2_30_b8_s0x0_p256,M=48 efC=800 ef=800 alpha=0.85 beta=8 q=u8 pat=256 bloomH=2 bloomT=30 bloomSrc=pruned,64,0.9535386819,0.9910,2474.7995,8.6628,0.0000,0.373673,0.373072;0.373673;0.373673,53.534814,18679.43,,14.40,0,6980,10,True,nid004652,59116844
SparseHNSW_Bloom2_30_b8_s0x0_p256,M=48 efC=800 ef=1600 alpha=0.85 beta=8 q=u8 pat=256 bloomH=2 bloomT=30 bloomSrc=pruned,64,0.9758166189,0.9934,2474.7995,8.6628,0.0000,0.367572,0.367341;0.368810;0.367572,52.660745,18989.48,,14.40,0,6980,10,True,nid004652,59116844
SparseHNSW_Bloom2_30_b12_s0x0_p256,M=48 efC=800 ef=10 alpha=0.85 beta=12 q=u8 pat=256 bloomH=2 bloomT=30 bloomSrc=pruned,64,0.8619914040,0.9626,2474.7995,8.6628,0.0000,0.142084,0.141949;0.142084;0.142358,20.355874,49125.87,,14.40,0,6980,10,True,nid004652,59116844
SparseHNSW_Bloom2_30_b12_s0x0_p256,M=48 efC=800 ef=200 alpha=0.85 beta=12 q=u8 pat=256 bloomH=2 bloomT=30 bloomSrc=pruned,64,0.8809025788,0.9738,2474.7995,8.6628,0.0000,0.211885,0.211895;0.211753;0.211885,30.356017,32942.40,,14.40,0,6980,10,True,nid004652,59116844
SparseHNSW_Bloom2_30_b12_s0x0_p256,M=48 efC=800 ef=400 alpha=0.85 beta=12 q=u8 pat=256 bloomH=2 bloomT=30 bloomSrc=pruned,64,0.9171633238,0.9845,2474.7995,8.6628,0.0000,0.365481,0.365523;0.365481;0.365119,52.361175,19098.12,,14.40,0,6980,10,True,nid004652,59116844
SparseHNSW_Bloom2_30_b12_s0x0_p256,M=48 efC=800 ef=800 alpha=0.85 beta=12 q=u8 pat=256 bloomH=2 bloomT=30 bloomSrc=pruned,64,0.9540114613,0.9918,2474.7995,8.6628,0.0000,0.429318,0.428524;0.429394;0.429318,61.506877,16258.34,,14.40,0,6980,10,True,nid004652,59116844
SparseHNSW_Bloom2_30_b12_s0x0_p256,M=48 efC=800 ef=1600 alpha=0.85 beta=12 q=u8 pat=256 bloomH=2 bloomT=30 bloomSrc=pruned,64,0.9761891117,0.9938,2474.7995,8.6628,0.0000,0.424485,0.424779;0.424165;0.424485,60.814470,16443.46,,14.40,0,6980,10,True,nid004652,59116844
SparseHNSW_Bloom2_30_b8_s8x4_p256,M=48 efC=800 ef=10 alpha=0.85 beta=8 q=u8 seedT=8 seedH=8 seedS=4 pat=256 bloomH=2 bloomT=30 bloomSrc=pruned,64,0.8684240688,0.9797,2474.7995,8.6628,0.0000,0.100045,0.099976;0.100045;0.100082,14.333095,69768.60,,14.40,0,6980,10,True,nid004652,59116844
SparseHNSW_Bloom2_30_b8_s8x4_p256,M=48 efC=800 ef=200 alpha=0.85 beta=8 q=u8 seedT=8 seedH=8 seedS=4 pat=256 bloomH=2 bloomT=30 bloomSrc=pruned,64,0.9048997135,0.9891,2474.7995,8.6628,0.0000,0.207233,0.207233;0.207518;0.206578,29.689542,33681.89,,14.40,0,6980,10,True,nid004652,59116844
SparseHNSW_Bloom2_30_b8_s8x4_p256,M=48 efC=800 ef=400 alpha=0.85 beta=8 q=u8 seedT=8 seedH=8 seedS=4 pat=256 bloomH=2 bloomT=30 bloomSrc=pruned,64,0.9450859599,0.9953,2474.7995,8.6628,0.0000,0.338176,0.338176;0.338379;0.337998,48.449284,20640.14,,14.40,0,6980,10,True,nid004652,59116844
SparseHNSW_Bloom2_30_b8_s8x4_p256,M=48 efC=800 ef=800 alpha=0.85 beta=8 q=u8 seedT=8 seedH=8 seedS=4 pat=256 bloomH=2 bloomT=30 bloomSrc=pruned,64,0.9734527221,0.9976,2474.7995,8.6628,0.0000,0.363115,0.363115;0.363340;0.362287,52.022206,19222.56,,14.40,0,6980,10,True,nid004652,59116844
SparseHNSW_Bloom2_30_b8_s8x4_p256,M=48 efC=800 ef=1600 alpha=0.85 beta=8 q=u8 seedT=8 seedH=8 seedS=4 pat=256 bloomH=2 bloomT=30 bloomSrc=pruned,64,0.9856733524,0.9986,2474.7995,8.6628,0.0000,0.363780,0.363780;0.363652;0.364327,52.117479,19187.42,,14.40,0,6980,10,True,nid004652,59116844
SparseHNSW_Bloom2_30_b12_s8x4_p256,M=48 efC=800 ef=10 alpha=0.85 beta=12 q=u8 seedT=8 seedH=8 seedS=4 pat=256 bloomH=2 bloomT=30 bloomSrc=pruned,64,0.8826361032,0.9855,2474.7995,8.6628,0.0000,0.139031,0.138724;0.139031;0.139687,19.918481,50204.63,,14.40,0,6980,10,True,nid004652,59116844
SparseHNSW_Bloom2_30_b12_s8x4_p256,M=48 efC=800 ef=200 alpha=0.85 beta=12 q=u8 seedT=8 seedH=8 seedS=4 pat=256 bloomH=2 bloomT=30 bloomSrc=pruned,64,0.9049283668,0.9891,2474.7995,8.6628,0.0000,0.209709,0.209953;0.209709;0.209273,30.044269,33284.22,,14.40,0,6980,10,True,nid004652,59116844
SparseHNSW_Bloom2_30_b12_s8x4_p256,M=48 efC=800 ef=400 alpha=0.85 beta=12 q=u8 seedT=8 seedH=8 seedS=4 pat=256 bloomH=2 bloomT=30 bloomSrc=pruned,64,0.9452148997,0.9954,2474.7995,8.6628,0.0000,0.363070,0.363459;0.363004;0.363070,52.015759,19224.94,,14.40,0,6980,10,True,nid004652,59116844
SparseHNSW_Bloom2_30_b12_s8x4_p256,M=48 efC=800 ef=800 alpha=0.85 beta=12 q=u8 seedT=8 seedH=8 seedS=4 pat=256 bloomH=2 bloomT=30 bloomSrc=pruned,64,0.9735959885,0.9979,2474.7995,8.6628,0.0000,0.418749,0.417659;0.418749;0.419132,59.992693,16668.70,,14.40,0,6980,10,True,nid004652,59116844
SparseHNSW_Bloom2_30_b12_s8x4_p256,M=48 efC=800 ef=1600 alpha=0.85 beta=12 q=u8 seedT=8 seedH=8 seedS=4 pat=256 bloomH=2 bloomT=30 bloomSrc=pruned,64,0.9860028653,0.9989,2474.7995,8.6628,0.0000,0.418109,0.418109;0.418012;0.418354,59.901003,16694.21,,14.40,0,6980,10,True,nid004652,59116844
SparseHNSW_Bloom2_30_b3_s0x0_p0,M=48 efC=1600 ef=10 alpha=0.85 beta=3 q=u8 bloomH=2 bloomT=30 bloomSrc=pruned,64,0.8145558739,0.9246,4958.6141,8.6912,0.0000,0.054538,0.053818;0.054538;0.054742,7.813467,127984.16,,14.30,0,6980,10,True,nid004845,59118635
SparseHNSW_Bloom2_30_b3_s0x0_p0,M=48 efC=1600 ef=20 alpha=0.85 beta=3 q=u8 bloomH=2 bloomT=30 bloomSrc=pruned,64,0.8145558739,0.9246,4958.6141,8.6912,0.0000,0.054464,0.054464;0.054481;0.054454,7.802865,128158.05,,14.30,0,6980,10,True,nid004845,59118635
SparseHNSW_Bloom2_30_b3_s0x0_p0,M=48 efC=1600 ef=50 alpha=0.85 beta=3 q=u8 bloomH=2 bloomT=30 bloomSrc=pruned,64,0.8385816619,0.9450,4958.6141,8.6912,0.0000,0.078565,0.078464;0.078629;0.078565,11.255731,88843.63,,14.30,0,6980,10,True,nid004845,59118635
SparseHNSW_Bloom2_30_b3_s0x0_p0,M=48 efC=1600 ef=100 alpha=0.85 beta=3 q=u8 bloomH=2 bloomT=30 bloomSrc=pruned,64,0.8607020057,0.9649,4958.6141,8.6912,0.0000,0.131783,0.131999;0.131719;0.131783,18.880086,52965.86,,14.30,0,6980,10,True,nid004845,59118635
SparseHNSW_Bloom2_30_b3_s0x0_p0,M=48 efC=1600 ef=400 alpha=0.85 beta=3 q=u8 bloomH=2 bloomT=30 bloomSrc=pruned,64,0.9163610315,0.9861,4958.6141,8.6912,0.0000,0.415450,0.415450;0.416845;0.415132,59.520057,16801.06,,14.30,0,6980,10,True,nid004845,59118635
SparseHNSW_Bloom2_30_b3_s0x0_p0,M=48 efC=1600 ef=800 alpha=0.85 beta=3 q=u8 bloomH=2 bloomT=30 bloomSrc=pruned,64,0.9534097421,0.9930,4958.6141,8.6912,0.0000,0.766556,0.766556;0.765104;0.767676,109.821777,9105.66,,14.30,0,6980,10,True,nid004845,59118635
SparseHNSW_Bloom2_30_b3_s0x0_p0,M=48 efC=1600 ef=1600 alpha=0.85 beta=3 q=u8 bloomH=2 bloomT=30 bloomSrc=pruned,64,0.9793266476,0.9970,4958.6141,8.6912,0.0000,1.412820,1.412820;1.414463;1.412125,202.409742,4940.47,,14.34,0,6980,10,True,nid004845,59118635
SparseHNSW_Bloom2_30_b3_s0x0_p0,M=48 efC=1600 ef=3200 alpha=0.85 beta=3 q=u8 bloomH=2 bloomT=30 bloomSrc=pruned,64,0.9900429799,0.9991,4958.6141,8.6912,0.0000,2.570245,2.570245;2.569374;2.571059,368.229943,2715.69,,14.41,0,6980,10,True,nid004845,59118635
SparseHNSW_Bloom2_30_b3_s0x0_p0,M=48 efC=1600 ef=6400 alpha=0.85 beta=3 q=u8 bloomH=2 bloomT=30 bloomSrc=pruned,64,0.9952005731,1.0000,4958.6141,8.6912,0.0000,4.651160,4.650476;4.651244;4.651160,666.355301,1500.70,,14.53,0,6980,10,True,nid004845,59118635
SparseHNSW_Bloom2_30_b4_s0x0_p0,M=48 efC=1600 ef=10 alpha=0.85 beta=4 q=u8 bloomH=2 bloomT=30 bloomSrc=pruned,64,0.8278510029,0.9354,4958.6141,8.6912,0.0000,0.066859,0.066764;0.066859;0.067204,9.578653,104398.81,,14.53,0,6980,10,True,nid004845,59118635
SparseHNSW_Bloom2_30_b4_s0x0_p0,M=48 efC=1600 ef=20 alpha=0.85 beta=4 q=u8 bloomH=2 bloomT=30 bloomSrc=pruned,64,0.8278510029,0.9354,4958.6141,8.6912,0.0000,0.067020,0.067556;0.067005;0.067020,9.601719,104148.02,,14.53,0,6980,10,True,nid004845,59118635
SparseHNSW_Bloom2_30_b4_s0x0_p0,M=48 efC=1600 ef=50 alpha=0.85 beta=4 q=u8 bloomH=2 bloomT=30 bloomSrc=pruned,64,0.8389684814,0.9450,4958.6141,8.6912,0.0000,0.078839,0.079028;0.078839;0.078473,11.294986,88534.86,,14.53,0,6980,10,True,nid004845,59118635
SparseHNSW_Bloom2_30_b4_s0x0_p0,M=48 efC=1600 ef=100 alpha=0.85 beta=4 q=u8 bloomH=2 bloomT=30 bloomSrc=pruned,64,0.8611461318,0.9649,4958.6141,8.6912,0.0000,0.132327,0.132327;0.132125;0.132584,18.958023,52748.12,,14.53,0,6980,10,True,nid004845,59118635
SparseHNSW_Bloom2_30_b4_s0x0_p0,M=48 efC=1600 ef=400 alpha=0.85 beta=4 q=u8 bloomH=2 bloomT=30 bloomSrc=pruned,64,0.9169054441,0.9861,4958.6141,8.6912,0.0000,0.416205,0.416205;0.416047;0.416452,59.628223,16770.58,,14.53,0,6980,10,True,nid004845,59118635
SparseHNSW_Bloom2_30_b4_s0x0_p0,M=48 efC=1600 ef=800 alpha=0.85 beta=4 q=u8 bloomH=2 bloomT=30 bloomSrc=pruned,64,0.9539971347,0.9930,4958.6141,8.6912,0.0000,0.766836,0.766537;0.767890;0.766836,109.861891,9102.34,,14.53,0,6980,10,True,nid004845,59118635
SparseHNSW_Bloom2_30_b4_s0x0_p0,M=48 efC=1600 ef=1600 alpha=0.85 beta=4 q=u8 bloomH=2 bloomT=30 bloomSrc=pruned,64,0.9799570201,0.9970,4958.6141,8.6912,0.0000,1.412674,1.412674;1.411248;1.412859,202.388825,4940.98,,14.53,0,6980,10,True,nid004845,59118635
SparseHNSW_Bloom2_30_b4_s0x0_p0,M=48 efC=1600 ef=3200 alpha=0.85 beta=4 q=u8 bloomH=2 bloomT=30 bloomSrc=pruned,64,0.9907163324,0.9991,4958.6141,8.6912,0.0000,2.571156,2.571156;2.572153;2.569303,368.360458,2714.73,,14.53,0,6980,10,True,nid004845,59118635
SparseHNSW_Bloom2_30_b4_s0x0_p0,M=48 efC=1600 ef=6400 alpha=0.85 beta=4 q=u8 bloomH=2 bloomT=30 bloomSrc=pruned,64,0.9958595989,1.0000,4958.6141,8.6912,0.0000,4.649894,4.647861;4.656522;4.649894,666.173926,1501.11,,14.53,0,6980,10,True,nid004845,59118635
SparseHNSW_Bloom2_30_b5_s0x0_p0,M=48 efC=1600 ef=10 alpha=0.85 beta=5 q=u8 bloomH=2 bloomT=30 bloomSrc=pruned,64,0.8390401146,0.9450,4958.6141,8.6912,0.0000,0.079601,0.079349;0.079845;0.079601,11.404155,87687.34,,14.53,0,6980,10,True,nid004845,59118635
SparseHNSW_Bloom2_30_b5_s0x0_p0,M=48 efC=1600 ef=20 alpha=0.85 beta=5 q=u8 bloomH=2 bloomT=30 bloomSrc=pruned,64,0.8390401146,0.9450,4958.6141,8.6912,0.0000,0.079233,0.079187;0.079755;0.079233,11.351433,88094.61,,14.53,0,6980,10,True,nid004845,59118635
SparseHNSW_Bloom2_30_b5_s0x0_p0,M=48 efC=1600 ef=50 alpha=0.85 beta=5 q=u8 bloomH=2 bloomT=30 bloomSrc=pruned,64,0.8390401146,0.9450,4958.6141,8.6912,0.0000,0.079882,0.079882;0.079787;0.080079,11.444413,87378.88,,14.53,0,6980,10,True,nid004845,59118635
SparseHNSW_Bloom2_30_b5_s0x0_p0,M=48 efC=1600 ef=100 alpha=0.85 beta=5 q=u8 bloomH=2 bloomT=30 bloomSrc=pruned,64,0.8612607450,0.9649,4958.6141,8.6912,0.0000,0.132638,0.132638;0.133263;0.132573,19.002579,52624.44,,14.53,0,6980,10,True,nid004845,59118635
SparseHNSW_Bloom2_30_b5_s0x0_p0,M=48 efC=1600 ef=400 alpha=0.85 beta=5 q=u8 bloomH=2 bloomT=30 bloomSrc=pruned,64,0.9170343840,0.9861,4958.6141,8.6912,0.0000,0.416239,0.416239;0.417552;0.414991,59.633095,16769.21,,14.53,0,6980,10,True,nid004845,59118635
SparseHNSW_Bloom2_30_b5_s0x0_p0,M=48 efC=1600 ef=800 alpha=0.85 beta=5 q=u8 bloomH=2 bloomT=30 bloomSrc=pruned,64,0.9541404011,0.9930,4958.6141,8.6912,0.0000,0.767585,0.768383;0.767215;0.767585,109.969198,9093.46,,14.53,0,6980,10,True,nid004845,59118635
SparseHNSW_Bloom2_30_b5_s0x0_p0,M=48 efC=1600 ef=1600 alpha=0.85 beta=5 q=u8 bloomH=2 bloomT=30 bloomSrc=pruned,64,0.9801146132,0.9970,4958.6141,8.6912,0.0000,1.411693,1.411614;1.411693;1.413138,202.248281,4944.42,,14.53,0,6980,10,True,nid004845,59118635
SparseHNSW_Bloom2_30_b5_s0x0_p0,M=48 efC=1600 ef=3200 alpha=0.85 beta=5 q=u8 bloomH=2 bloomT=30 bloomSrc=pruned,64,0.9908739255,0.9991,4958.6141,8.6912,0.0000,2.570582,2.571336;2.569256;2.570582,368.278223,2715.34,,14.53,0,6980,10,True,nid004845,59118635
SparseHNSW_Bloom2_30_b5_s0x0_p0,M=48 efC=1600 ef=6400 alpha=0.85 beta=5 q=u8 bloomH=2 bloomT=30 bloomSrc=pruned,64,0.9960315186,1.0000,4958.6141,8.6912,0.0000,4.648939,4.649886;4.648939;4.647425,666.037106,1501.42,,14.53,0,6980,10,True,nid004845,59118635
SparseHNSW_Bloom2_30_b8_s0x0_p0,M=48 efC=1600 ef=10 alpha=0.85 beta=8 q=u8 bloomH=2 bloomT=30 bloomSrc=pruned,64,0.8548853868,0.9597,4958.6141,8.6912,0.0000,0.114156,0.114370;0.114156;0.113700,16.354728,61144.40,,14.53,0,6980,10,True,nid004845,59118635
SparseHNSW_Bloom2_30_b8_s0x0_p0,M=48 efC=1600 ef=20 alpha=0.85 beta=8 q=u8 bloomH=2 bloomT=30 bloomSrc=pruned,64,0.8548853868,0.9597,4958.6141,8.6912,0.0000,0.113528,0.113444;0.113715;0.113528,16.264756,61482.63,,14.53,0,6980,10,True,nid004845,59118635
SparseHNSW_Bloom2_30_b8_s0x0_p0,M=48 efC=1600 ef=50 alpha=0.85 beta=8 q=u8 bloomH=2 bloomT=30 bloomSrc=pruned,64,0.8548853868,0.9597,4958.6141,8.6912,0.0000,0.113295,0.113295;0.114139;0.113166,16.231375,61609.07,,14.53,0,6980,10,True,nid004845,59118635
SparseHNSW_Bloom2_30_b8_s0x0_p0,M=48 efC=1600 ef=100 alpha=0.85 beta=8 q=u8 bloomH=2 bloomT=30 bloomSrc=pruned,64,0.8613323782,0.9649,4958.6141,8.6912,0.0000,0.134515,0.134515;0.134061;0.134753,19.271490,51890.12,,14.53,0,6980,10,True,nid004845,59118635
SparseHNSW_Bloom2_30_b8_s0x0_p0,M=48 efC=1600 ef=400 alpha=0.85 beta=8 q=u8 bloomH=2 bloomT=30 bloomSrc=pruned,64,0.9171203438,0.9861,4958.6141,8.6912,0.0000,0.418852,0.419355;0.418810;0.418852,60.007450,16664.60,,14.53,0,6980,10,True,nid004845,59118635
SparseHNSW_Bloom2_30_b8_s0x0_p0,M=48 efC=1600 ef=800 alpha=0.85 beta=8 q=u8 bloomH=2 bloomT=30 bloomSrc=pruned,64,0.9542263610,0.9930,4958.6141,8.6912,0.0000,0.769449,0.769999;0.768834;0.769449,110.236246,9071.43,,14.53,0,6980,10,True,nid004845,59118635
SparseHNSW_Bloom2_30_b8_s0x0_p0,M=48 efC=1600 ef=1600 alpha=0.85 beta=8 q=u8 bloomH=2 bloomT=30 bloomSrc=pruned,64,0.9802148997,0.9970,4958.6141,8.6912,0.0000,1.415092,1.415092;1.414759;1.416591,202.735244,4932.54,,14.53,0,6980,10,True,nid004845,59118635
SparseHNSW_Bloom2_30_b8_s0x0_p0,M=48 efC=1600 ef=3200 alpha=0.85 beta=8 q=u8 bloomH=2 bloomT=30 bloomSrc=pruned,64,0.9909742120,0.9991,4958.6141,8.6912,0.0000,2.572468,2.572181;2.572468;2.572979,368.548424,2713.35,,14.53,0,6980,10,True,nid004845,59118635
SparseHNSW_Bloom2_30_b8_s0x0_p0,M=48 efC=1600 ef=6400 alpha=0.85 beta=8 q=u8 bloomH=2 bloomT=30 bloomSrc=pruned,64,0.9961318052,1.0000,4958.6141,8.6912,0.0000,4.642911,4.640221;4.642911;4.648017,665.173496,1503.37,,14.53,0,6980,10,True,nid004845,59118635
SparseHNSW_Bloom2_30_b12_s0x0_p0,M=48 efC=1600 ef=10 alpha=0.85 beta=12 q=u8 bloomH=2 bloomT=30 bloomSrc=pruned,64,0.8655444126,0.9672,4958.6141,8.6912,0.0000,0.157391,0.157883;0.157391;0.157253,22.548854,44348.15,,14.53,0,6980,10,True,nid004845,59118635
SparseHNSW_Bloom2_30_b12_s0x0_p0,M=48 efC=1600 ef=20 alpha=0.85 beta=12 q=u8 bloomH=2 bloomT=30 bloomSrc=pruned,64,0.8655444126,0.9672,4958.6141,8.6912,0.0000,0.157230,0.157230;0.157516;0.156699,22.525788,44393.56,,14.53,0,6980,10,True,nid004845,59118635
SparseHNSW_Bloom2_30_b12_s0x0_p0,M=48 efC=1600 ef=50 alpha=0.85 beta=12 q=u8 bloomH=2 bloomT=30 bloomSrc=pruned,64,0.8655444126,0.9672,4958.6141,8.6912,0.0000,0.157321,0.157372;0.157202;0.157321,22.538825,44367.88,,14.53,0,6980,10,True,nid004845,59118635
SparseHNSW_Bloom2_30_b12_s0x0_p0,M=48 efC=1600 ef=100 alpha=0.85 beta=12 q=u8 bloomH=2 bloomT=30 bloomSrc=pruned,64,0.8655444126,0.9672,4958.6141,8.6912,0.0000,0.157160,0.157160;0.156958;0.157646,22.515759,44413.34,,14.53,0,6980,10,True,nid004845,59118635
SparseHNSW_Bloom2_30_b12_s0x0_p0,M=48 efC=1600 ef=400 alpha=0.85 beta=12 q=u8 bloomH=2 bloomT=30 bloomSrc=pruned,64,0.9171489971,0.9861,4958.6141,8.6912,0.0000,0.421479,0.421479;0.421433;0.421543,60.383811,16560.73,,14.53,0,6980,10,True,nid004845,59118635
SparseHNSW_Bloom2_30_b12_s0x0_p0,M=48 efC=1600 ef=800 alpha=0.85 beta=12 q=u8 bloomH=2 bloomT=30 bloomSrc=pruned,64,0.9542550143,0.9930,4958.6141,8.6912,0.0000,0.771731,0.771731;0.771676;0.772478,110.563181,9044.60,,14.53,0,6980,10,True,nid004845,59118635
SparseHNSW_Bloom2_30_b12_s0x0_p0,M=48 efC=1600 ef=1600 alpha=0.85 beta=12 q=u8 bloomH=2 bloomT=30 bloomSrc=pruned,64,0.9802435530,0.9970,4958.6141,8.6912,0.0000,1.417423,1.416883;1.418399;1.417423,203.069198,4924.43,,14.53,0,6980,10,True,nid004845,59118635
SparseHNSW_Bloom2_30_b12_s0x0_p0,M=48 efC=1600 ef=3200 alpha=0.85 beta=12 q=u8 bloomH=2 bloomT=30 bloomSrc=pruned,64,0.9910171920,0.9991,4958.6141,8.6912,0.0000,2.579089,2.579089;2.579141;2.575428,369.496991,2706.38,,14.53,0,6980,10,True,nid004845,59118635
SparseHNSW_Bloom2_30_b12_s0x0_p0,M=48 efC=1600 ef=6400 alpha=0.85 beta=12 q=u8 bloomH=2 bloomT=30 bloomSrc=pruned,64,0.9961747851,1.0000,4958.6141,8.6912,0.0000,4.645915,4.647250;4.645262;4.645915,665.603868,1502.40,,14.53,0,6980,10,True,nid004845,59118635
SparseHNSW_Bloom2_30_b16_s0x0_p0,M=48 efC=1600 ef=10 alpha=0.85 beta=16 q=u8 bloomH=2 bloomT=30 bloomSrc=pruned,64,0.8743553009,0.9716,4958.6141,8.6912,0.0000,0.199261,0.199415;0.199039;0.199261,28.547421,35029.43,,14.53,0,6980,10,True,nid004845,59118635
SparseHNSW_Bloom2_30_b16_s0x0_p0,M=48 efC=1600 ef=20 alpha=0.85 beta=16 q=u8 bloomH=2 bloomT=30 bloomSrc=pruned,64,0.8743553009,0.9716,4958.6141,8.6912,0.0000,0.198716,0.198360;0.199087;0.198716,28.469341,35125.51,,14.53,0,6980,10,True,nid004845,59118635
SparseHNSW_Bloom2_30_b16_s0x0_p0,M=48 efC=1600 ef=50 alpha=0.85 beta=16 q=u8 bloomH=2 bloomT=30 bloomSrc=pruned,64,0.8743553009,0.9716,4958.6141,8.6912,0.0000,0.198601,0.198874;0.198601;0.198542,28.452865,35145.85,,14.53,0,6980,10,True,nid004845,59118635
SparseHNSW_Bloom2_30_b16_s0x0_p0,M=48 efC=1600 ef=100 alpha=0.85 beta=16 q=u8 bloomH=2 bloomT=30 bloomSrc=pruned,64,0.8743553009,0.9716,4958.6141,8.6912,0.0000,0.198596,0.198866;0.198596;0.198434,28.452149,35146.73,,14.53,0,6980,10,True,nid004845,59118635
SparseHNSW_Bloom2_30_b16_s0x0_p0,M=48 efC=1600 ef=400 alpha=0.85 beta=16 q=u8 bloomH=2 bloomT=30 bloomSrc=pruned,64,0.9171489971,0.9861,4958.6141,8.6912,0.0000,0.423663,0.423163;0.423780;0.423663,60.696705,16475.36,,14.53,0,6980,10,True,nid004845,59118635
SparseHNSW_Bloom2_30_b16_s0x0_p0,M=48 efC=1600 ef=800 alpha=0.85 beta=16 q=u8 bloomH=2 bloomT=30 bloomSrc=pruned,64,0.9542550143,0.9930,4958.6141,8.6912,0.0000,0.773767,0.773767;0.773173;0.773908,110.854871,9020.80,,14.53,0,6980,10,True,nid004845,59118635
SparseHNSW_Bloom2_30_b16_s0x0_p0,M=48 efC=1600 ef=1600 alpha=0.85 beta=16 q=u8 bloomH=2 bloomT=30 bloomSrc=pruned,64,0.9802435530,0.9970,4958.6141,8.6912,0.0000,1.419396,1.418621;1.419431;1.419396,203.351862,4917.58,,14.53,0,6980,10,True,nid004845,59118635
SparseHNSW_Bloom2_30_b16_s0x0_p0,M=48 efC=1600 ef=3200 alpha=0.85 beta=16 q=u8 bloomH=2 bloomT=30 bloomSrc=pruned,64,0.9910171920,0.9991,4958.6141,8.6912,0.0000,2.576922,2.576922;2.578380;2.576510,369.186533,2708.66,,14.53,0,6980,10,True,nid004845,59118635
SparseHNSW_Bloom2_30_b16_s0x0_p0,M=48 efC=1600 ef=6400 alpha=0.85 beta=16 q=u8 bloomH=2 bloomT=30 bloomSrc=pruned,64,0.9961747851,1.0000,4958.6141,8.6912,0.0000,4.654400,4.650425;4.654430;4.654400,666.819484,1499.66,,14.53,0,6980,10,True,nid004845,59118635
SparseHNSW_Bloom2_30_b3_s8x4_p0,M=48 efC=1600 ef=10 alpha=0.85 beta=3 q=u8 seedT=8 seedH=8 seedS=4 bloomH=2 bloomT=30 bloomSrc=pruned,64,0.8446991404,0.9683,4958.6141,8.6912,0.0000,0.054730,0.054702;0.054730;0.054903,7.840974,127535.17,,14.53,0,6980,10,True,nid004845,59118635
SparseHNSW_Bloom2_30_b3_s8x4_p0,M=48 efC=1600 ef=20 alpha=0.85 beta=3 q=u8 seedT=8 seedH=8 seedS=4 bloomH=2 bloomT=30 bloomSrc=pruned,64,0.8446991404,0.9683,4958.6141,8.6912,0.0000,0.055274,0.055274;0.055555;0.055153,7.918911,126279.99,,14.53,0,6980,10,True,nid004845,59118635
SparseHNSW_Bloom2_30_b3_s8x4_p0,M=48 efC=1600 ef=50 alpha=0.85 beta=3 q=u8 seedT=8 seedH=8 seedS=4 bloomH=2 bloomT=30 bloomSrc=pruned,64,0.8600859599,0.9765,4958.6141,8.6912,0.0000,0.075212,0.075213;0.074907;0.075212,10.775358,92804.34,,14.53,0,6980,10,True,nid004845,59118635
SparseHNSW_Bloom2_30_b3_s8x4_p0,M=48 efC=1600 ef=100 alpha=0.85 beta=3 q=u8 seedT=8 seedH=8 seedS=4 bloomH=2 bloomT=30 bloomSrc=pruned,64,0.8771776504,0.9850,4958.6141,8.6912,0.0000,0.129538,0.129517;0.129538;0.129906,18.558453,53883.80,,14.53,0,6980,10,True,nid004845,59118635
SparseHNSW_Bloom2_30_b3_s8x4_p0,M=48 efC=1600 ef=400 alpha=0.85 beta=3 q=u8 seedT=8 seedH=8 seedS=4 bloomH=2 bloomT=30 bloomSrc=pruned,64,0.9439398281,0.9966,4958.6141,8.6912,0.0000,0.416281,0.416281;0.415973;0.416541,59.639112,16767.52,,14.53,0,6980,10,True,nid004845,59118635
SparseHNSW_Bloom2_30_b3_s8x4_p0,M=48 efC=1600 ef=800 alpha=0.85 beta=3 q=u8 seedT=8 seedH=8 seedS=4 bloomH=2 bloomT=30 bloomSrc=pruned,64,0.9743553009,0.9987,4958.6141,8.6912,0.0000,0.770087,0.771143;0.769797;0.770087,110.327650,9063.91,,14.53,0,6980,10,True,nid004845,59118635
SparseHNSW_Bloom2_30_b3_s8x4_p0,M=48 efC=1600 ef=1600 alpha=0.85 beta=3 q=u8 seedT=8 seedH=8 seedS=4 bloomH=2 bloomT=30 bloomSrc=pruned,64,0.9879369628,0.9994,4958.6141,8.6912,0.0000,1.418460,1.418975;1.418460;1.418009,203.217765,4920.83,,14.53,0,6980,10,True,nid004845,59118635
SparseHNSW_Bloom2_30_b3_s8x4_p0,M=48 efC=1600 ef=3200 alpha=0.85 beta=3 q=u8 seedT=8 seedH=8 seedS=4 bloomH=2 bloomT=30 bloomSrc=pruned,64,0.9931518625,1.0000,4958.6141,8.6912,0.0000,2.577541,2.575632;2.577541;2.578082,369.275215,2708.01,,14.53,0,6980,10,True,nid004845,59118635
SparseHNSW_Bloom2_30_b3_s8x4_p0,M=48 efC=1600 ef=6400 alpha=0.85 beta=3 q=u8 seedT=8 seedH=8 seedS=4 bloomH=2 bloomT=30 bloomSrc=pruned,64,0.9954584527,1.0000,4958.6141,8.6912,0.0000,4.645409,4.649105;4.645409;4.644689,665.531375,1502.56,,14.53,0,6980,10,True,nid004845,59118635
SparseHNSW_Bloom2_30_b4_s8x4_p0,M=48 efC=1600 ef=10 alpha=0.85 beta=4 q=u8 seedT=8 seedH=8 seedS=4 bloomH=2 bloomT=30 bloomSrc=pruned,64,0.8547994269,0.9745,4958.6141,8.6912,0.0000,0.064090,0.063984;0.064090;0.064550,9.181948,108909.35,,14.53,0,6980,10,True,nid004845,59118635
SparseHNSW_Bloom2_30_b4_s8x4_p0,M=48 efC=1600 ef=20 alpha=0.85 beta=4 q=u8 seedT=8 seedH=8 seedS=4 bloomH=2 bloomT=30 bloomSrc=pruned,64,0.8547994269,0.9745,4958.6141,8.6912,0.0000,0.064341,0.064198;0.064350;0.064341,9.217908,108484.48,,14.53,0,6980,10,True,nid004845,59118635
SparseHNSW_Bloom2_30_b4_s8x4_p0,M=48 efC=1600 ef=50 alpha=0.85 beta=4 q=u8 seedT=8 seedH=8 seedS=4 bloomH=2 bloomT=30 bloomSrc=pruned,64,0.8604871060,0.9765,4958.6141,8.6912,0.0000,0.075842,0.076130;0.075842;0.075778,10.865616,92033.44,,14.53,0,6980,10,True,nid004845,59118635
SparseHNSW_Bloom2_30_b4_s8x4_p0,M=48 efC=1600 ef=100 alpha=0.85 beta=4 q=u8 seedT=8 seedH=8 seedS=4 bloomH=2 bloomT=30 bloomSrc=pruned,64,0.8776361032,0.9850,4958.6141,8.6912,0.0000,0.130041,0.130062;0.129975;0.130041,18.630516,53675.38,,14.53,0,6980,10,True,nid004845,59118635
SparseHNSW_Bloom2_30_b4_s8x4_p0,M=48 efC=1600 ef=400 alpha=0.85 beta=4 q=u8 seedT=8 seedH=8 seedS=4 bloomH=2 bloomT=30 bloomSrc=pruned,64,0.9444842407,0.9966,4958.6141,8.6912,0.0000,0.416287,0.416812;0.416287;0.416286,59.639971,16767.28,,14.53,0,6980,10,True,nid004845,59118635
SparseHNSW_Bloom2_30_b4_s8x4_p0,M=48 efC=1600 ef=800 alpha=0.85 beta=4 q=u8 seedT=8 seedH=8 seedS=4 bloomH=2 bloomT=30 bloomSrc=pruned,64,0.9749283668,0.9987,4958.6141,8.6912,0.0000,0.770130,0.770130;0.770255;0.768995,110.333811,9063.40,,14.53,0,6980,10,True,nid004845,59118635
SparseHNSW_Bloom2_30_b4_s8x4_p0,M=48 efC=1600 ef=1600 alpha=0.85 beta=4 q=u8 seedT=8 seedH=8 seedS=4 bloomH=2 bloomT=30 bloomSrc=pruned,64,0.9885673352,0.9994,4958.6141,8.6912,0.0000,1.417695,1.416718;1.417695;1.418182,203.108166,4923.48,,14.53,0,6980,10,True,nid004845,59118635
SparseHNSW_Bloom2_30_b4_s8x4_p0,M=48 efC=1600 ef=3200 alpha=0.85 beta=4 q=u8 seedT=8 seedH=8 seedS=4 bloomH=2 bloomT=30 bloomSrc=pruned,64,0.9938108883,1.0000,4958.6141,8.6912,0.0000,2.576862,2.574800;2.576862;2.577403,369.177937,2708.72,,14.53,0,6980,10,True,nid004845,59118635
SparseHNSW_Bloom2_30_b4_s8x4_p0,M=48 efC=1600 ef=6400 alpha=0.85 beta=4 q=u8 seedT=8 seedH=8 seedS=4 bloomH=2 bloomT=30 bloomSrc=pruned,64,0.9961174785,1.0000,4958.6141,8.6912,0.0000,4.646662,4.652562;4.643734;4.646662,665.710888,1502.15,,14.53,0,6980,10,True,nid004845,59118635
SparseHNSW_Bloom2_30_b5_s8x4_p0,M=48 efC=1600 ef=10 alpha=0.85 beta=5 q=u8 seedT=8 seedH=8 seedS=4 bloomH=2 bloomT=30 bloomSrc=pruned,64,0.8605730659,0.9765,4958.6141,8.6912,0.0000,0.076238,0.076125;0.076282;0.076238,10.922350,91555.39,,14.53,0,6980,10,True,nid004845,59118635
SparseHNSW_Bloom2_30_b5_s8x4_p0,M=48 efC=1600 ef=20 alpha=0.85 beta=5 q=u8 seedT=8 seedH=8 seedS=4 bloomH=2 bloomT=30 bloomSrc=pruned,64,0.8605730659,0.9765,4958.6141,8.6912,0.0000,0.076345,0.076630;0.076345;0.075867,10.937679,91427.07,,14.53,0,6980,10,True,nid004845,59118635
SparseHNSW_Bloom2_30_b5_s8x4_p0,M=48 efC=1600 ef=50 alpha=0.85 beta=5 q=u8 seedT=8 seedH=8 seedS=4 bloomH=2 bloomT=30 bloomSrc=pruned,64,0.8605730659,0.9765,4958.6141,8.6912,0.0000,0.076370,0.077110;0.076216;0.076370,10.941261,91397.15,,14.53,0,6980,10,True,nid004845,59118635
SparseHNSW_Bloom2_30_b5_s8x4_p0,M=48 efC=1600 ef=100 alpha=0.85 beta=5 q=u8 seedT=8 seedH=8 seedS=4 bloomH=2 bloomT=30 bloomSrc=pruned,64,0.8777507163,0.9850,4958.6141,8.6912,0.0000,0.130590,0.130147;0.130785;0.130590,18.709169,53449.73,,14.53,0,6980,10,True,nid004845,59118635
SparseHNSW_Bloom2_30_b5_s8x4_p0,M=48 efC=1600 ef=400 alpha=0.85 beta=5 q=u8 seedT=8 seedH=8 seedS=4 bloomH=2 bloomT=30 bloomSrc=pruned,64,0.9446275072,0.9966,4958.6141,8.6912,0.0000,0.417104,0.417823;0.416474;0.417104,59.757020,16734.44,,14.53,0,6980,10,True,nid004845,59118635
SparseHNSW_Bloom2_30_b5_s8x4_p0,M=48 efC=1600 ef=800 alpha=0.85 beta=5 q=u8 seedT=8 seedH=8 seedS=4 bloomH=2 bloomT=30 bloomSrc=pruned,64,0.9750859599,0.9987,4958.6141,8.6912,0.0000,0.770381,0.770381;0.770839;0.770088,110.369771,9060.45,,14.53,0,6980,10,True,nid004845,59118635
SparseHNSW_Bloom2_30_b5_s8x4_p0,M=48 efC=1600 ef=1600 alpha=0.85 beta=5 q=u8 seedT=8 seedH=8 seedS=4 bloomH=2 bloomT=30 bloomSrc=pruned,64,0.9887392550,0.9994,4958.6141,8.6912,0.0000,1.418558,1.419521;1.418558;1.418394,203.231805,4920.49,,14.53,0,6980,10,True,nid004845,59118635
SparseHNSW_Bloom2_30_b5_s8x4_p0,M=48 efC=1600 ef=3200 alpha=0.85 beta=5 q=u8 seedT=8 seedH=8 seedS=4 bloomH=2 bloomT=30 bloomSrc=pruned,64,0.9939828080,1.0000,4958.6141,8.6912,0.0000,2.575795,2.575795;2.576650;2.573626,369.025072,2709.84,,14.53,0,6980,10,True,nid004845,59118635
SparseHNSW_Bloom2_30_b5_s8x4_p0,M=48 efC=1600 ef=6400 alpha=0.85 beta=5 q=u8 seedT=8 seedH=8 seedS=4 bloomH=2 bloomT=30 bloomSrc=pruned,64,0.9962893983,1.0000,4958.6141,8.6912,0.0000,4.643482,4.643212;4.643482;4.647559,665.255301,1503.18,,14.53,0,6980,10,True,nid004845,59118635
SparseHNSW_Bloom2_30_b8_s8x4_p0,M=48 efC=1600 ef=10 alpha=0.85 beta=8 q=u8 seedT=8 seedH=8 seedS=4 bloomH=2 bloomT=30 bloomSrc=pruned,64,0.8705587393,0.9825,4958.6141,8.6912,0.0000,0.111479,0.111479;0.111413;0.111544,15.971203,62612.69,,14.53,0,6980,10,True,nid004845,59118635
SparseHNSW_Bloom2_30_b8_s8x4_p0,M=48 efC=1600 ef=20 alpha=0.85 beta=8 q=u8 seedT=8 seedH=8 seedS=4 bloomH=2 bloomT=30 bloomSrc=pruned,64,0.8705587393,0.9825,4958.6141,8.6912,0.0000,0.111499,0.111499;0.111206;0.112120,15.974069,62601.46,,14.53,0,6980,10,True,nid004845,59118635
SparseHNSW_Bloom2_30_b8_s8x4_p0,M=48 efC=1600 ef=50 alpha=0.85 beta=8 q=u8 seedT=8 seedH=8 seedS=4 bloomH=2 bloomT=30 bloomSrc=pruned,64,0.8705587393,0.9825,4958.6141,8.6912,0.0000,0.111776,0.111776;0.111788;0.111037,16.013754,62446.32,,14.53,0,6980,10,True,nid004845,59118635
SparseHNSW_Bloom2_30_b8_s8x4_p0,M=48 efC=1600 ef=100 alpha=0.85 beta=8 q=u8 seedT=8 seedH=8 seedS=4 bloomH=2 bloomT=30 bloomSrc=pruned,64,0.8778223496,0.9850,4958.6141,8.6912,0.0000,0.132042,0.131921;0.132042;0.132099,18.917192,52861.97,,14.53,0,6980,10,True,nid004845,59118635
SparseHNSW_Bloom2_30_b8_s8x4_p0,M=48 efC=1600 ef=400 alpha=0.85 beta=8 q=u8 seedT=8 seedH=8 seedS=4 bloomH=2 bloomT=30 bloomSrc=pruned,64,0.9446991404,0.9966,4958.6141,8.6912,0.0000,0.418881,0.419577;0.418881;0.418575,60.011605,16663.44,,14.53,0,6980,10,True,nid004845,59118635
SparseHNSW_Bloom2_30_b8_s8x4_p0,M=48 efC=1600 ef=800 alpha=0.85 beta=8 q=u8 seedT=8 seedH=8 seedS=4 bloomH=2 bloomT=30 bloomSrc=pruned,64,0.9751575931,0.9987,4958.6141,8.6912,0.0000,0.772138,0.771788;0.773040;0.772138,110.621490,9039.83,,14.53,0,6980,10,True,nid004845,59118635
SparseHNSW_Bloom2_30_b8_s8x4_p0,M=48 efC=1600 ef=1600 alpha=0.85 beta=8 q=u8 seedT=8 seedH=8 seedS=4 bloomH=2 bloomT=30 bloomSrc=pruned,64,0.9888395415,0.9994,4958.6141,8.6912,0.0000,1.420463,1.420463;1.420103;1.420713,203.504728,4913.89,,14.53,0,6980,10,True,nid004845,59118635
SparseHNSW_Bloom2_30_b8_s8x4_p0,M=48 efC=1600 ef=3200 alpha=0.85 beta=8 q=u8 seedT=8 seedH=8 seedS=4 bloomH=2 bloomT=30 bloomSrc=pruned,64,0.9940830946,1.0000,4958.6141,8.6912,0.0000,2.578966,2.579283;2.576813;2.578966,369.479370,2706.51,,14.53,0,6980,10,True,nid004845,59118635
SparseHNSW_Bloom2_30_b8_s8x4_p0,M=48 efC=1600 ef=6400 alpha=0.85 beta=8 q=u8 seedT=8 seedH=8 seedS=4 bloomH=2 bloomT=30 bloomSrc=pruned,64,0.9963896848,1.0000,4958.6141,8.6912,0.0000,4.651695,4.651695;4.654488;4.647210,666.431948,1500.53,,14.53,0,6980,10,True,nid004845,59118635
SparseHNSW_Bloom2_30_b12_s8x4_p0,M=48 efC=1600 ef=10 alpha=0.85 beta=12 q=u8 seedT=8 seedH=8 seedS=4 bloomH=2 bloomT=30 bloomSrc=pruned,64,0.8839111748,0.9878,4958.6141,8.6912,0.0000,0.155134,0.155134;0.155152;0.153990,22.225501,44993.36,,14.53,0,6980,10,True,nid004845,59118635
SparseHNSW_Bloom2_30_b12_s8x4_p0,M=48 efC=1600 ef=20 alpha=0.85 beta=12 q=u8 seedT=8 seedH=8 seedS=4 bloomH=2 bloomT=30 bloomSrc=pruned,64,0.8839111748,0.9878,4958.6141,8.6912,0.0000,0.154769,0.154085;0.155459;0.154769,22.173209,45099.47,,14.53,0,6980,10,True,nid004845,59118635
SparseHNSW_Bloom2_30_b12_s8x4_p0,M=48 efC=1600 ef=50 alpha=0.85 beta=12 q=u8 seedT=8 seedH=8 seedS=4 bloomH=2 bloomT=30 bloomSrc=pruned,64,0.8839111748,0.9878,4958.6141,8.6912,0.0000,0.154827,0.154553;0.154827;0.155266,22.181519,45082.58,,14.53,0,6980,10,True,nid004845,59118635
SparseHNSW_Bloom2_30_b12_s8x4_p0,M=48 efC=1600 ef=100 alpha=0.85 beta=12 q=u8 seedT=8 seedH=8 seedS=4 bloomH=2 bloomT=30 bloomSrc=pruned,64,0.8839111748,0.9878,4958.6141,8.6912,0.0000,0.155301,0.155301;0.155624;0.154764,22.249427,44944.98,,14.53,0,6980,10,True,nid004845,59118635
SparseHNSW_Bloom2_30_b12_s8x4_p0,M=48 efC=1600 ef=400 alpha=0.85 beta=12 q=u8 seedT=8 seedH=8 seedS=4 bloomH=2 bloomT=30 bloomSrc=pruned,64,0.9447277937,0.9966,4958.6141,8.6912,0.0000,0.421378,0.421378;0.421258;0.421485,60.369341,16564.70,,14.53,0,6980,10,True,nid004845,59118635
SparseHNSW_Bloom2_30_b12_s8x4_p0,M=48 efC=1600 ef=800 alpha=0.85 beta=12 q=u8 seedT=8 seedH=8 seedS=4 bloomH=2 bloomT=30 bloomSrc=pruned,64,0.9751862464,0.9987,4958.6141,8.6912,0.0000,0.774614,0.775108;0.773536;0.774614,110.976218,9010.94,,14.53,0,6980,10,True,nid004845,59118635
SparseHNSW_Bloom2_30_b12_s8x4_p0,M=48 efC=1600 ef=1600 alpha=0.85 beta=12 q=u8 seedT=8 seedH=8 seedS=4 bloomH=2 bloomT=30 bloomSrc=pruned,64,0.9888681948,0.9994,4958.6141,8.6912,0.0000,1.421904,1.421636;1.422840;1.421904,203.711175,4908.91,,14.53,0,6980,10,True,nid004845,59118635
SparseHNSW_Bloom2_30_b12_s8x4_p0,M=48 efC=1600 ef=3200 alpha=0.85 beta=12 q=u8 seedT=8 seedH=8 seedS=4 bloomH=2 bloomT=30 bloomSrc=pruned,64,0.9941260745,1.0000,4958.6141,8.6912,0.0000,2.579752,2.580881;2.579701;2.579752,369.591977,2705.69,,14.53,0,6980,10,True,nid004845,59118635
SparseHNSW_Bloom2_30_b12_s8x4_p0,M=48 efC=1600 ef=6400 alpha=0.85 beta=12 q=u8 seedT=8 seedH=8 seedS=4 bloomH=2 bloomT=30 bloomSrc=pruned,64,0.9964326648,1.0000,4958.6141,8.6912,0.0000,4.653161,4.653161;4.650791;4.655944,666.641977,1500.06,,14.53,0,6980,10,True,nid004845,59118635
SparseHNSW_Bloom2_30_b16_s8x4_p0,M=48 efC=1600 ef=10 alpha=0.85 beta=16 q=u8 seedT=8 seedH=8 seedS=4 bloomH=2 bloomT=30 bloomSrc=pruned,64,0.8945558739,0.9897,4958.6141,8.6912,0.0000,0.196823,0.196823;0.197323;0.196423,28.198138,35463.34,,14.53,0,6980,10,True,nid004845,59118635
SparseHNSW_Bloom2_30_b16_s8x4_p0,M=48 efC=1600 ef=20 alpha=0.85 beta=16 q=u8 seedT=8 seedH=8 seedS=4 bloomH=2 bloomT=30 bloomSrc=pruned,64,0.8945558739,0.9897,4958.6141,8.6912,0.0000,0.196702,0.197004;0.196495;0.196702,28.180802,35485.15,,14.53,0,6980,10,True,nid004845,59118635
SparseHNSW_Bloom2_30_b16_s8x4_p0,M=48 efC=1600 ef=50 alpha=0.85 beta=16 q=u8 seedT=8 seedH=8 seedS=4 bloomH=2 bloomT=30 bloomSrc=pruned,64,0.8945558739,0.9897,4958.6141,8.6912,0.0000,0.197226,0.197226;0.196442;0.197443,28.255874,35390.87,,14.53,0,6980,10,True,nid004845,59118635
SparseHNSW_Bloom2_30_b16_s8x4_p0,M=48 efC=1600 ef=100 alpha=0.85 beta=16 q=u8 seedT=8 seedH=8 seedS=4 bloomH=2 bloomT=30 bloomSrc=pruned,64,0.8945558739,0.9897,4958.6141,8.6912,0.0000,0.196802,0.196457;0.197156;0.196802,28.195129,35467.12,,14.53,0,6980,10,True,nid004845,59118635
SparseHNSW_Bloom2_30_b16_s8x4_p0,M=48 efC=1600 ef=400 alpha=0.85 beta=16 q=u8 seedT=8 seedH=8 seedS=4 bloomH=2 bloomT=30 bloomSrc=pruned,64,0.9447277937,0.9966,4958.6141,8.6912,0.0000,0.423540,0.423540;0.423909;0.423525,60.679083,16480.14,,14.53,0,6980,10,True,nid004845,59118635
SparseHNSW_Bloom2_30_b16_s8x4_p0,M=48 efC=1600 ef=800 alpha=0.85 beta=16 q=u8 seedT=8 seedH=8 seedS=4 bloomH=2 bloomT=30 bloomSrc=pruned,64,0.9751862464,0.9987,4958.6141,8.6912,0.0000,0.776785,0.776291;0.776785;0.777025,111.287249,8985.76,,14.53,0,6980,10,True,nid004845,59118635
SparseHNSW_Bloom2_30_b16_s8x4_p0,M=48 efC=1600 ef=1600 alpha=0.85 beta=16 q=u8 seedT=8 seedH=8 seedS=4 bloomH=2 bloomT=30 bloomSrc=pruned,64,0.9888681948,0.9994,4958.6141,8.6912,0.0000,1.425026,1.424180;1.425026;1.425273,204.158453,4898.16,,14.53,0,6980,10,True,nid004845,59118635
SparseHNSW_Bloom2_30_b16_s8x4_p0,M=48 efC=1600 ef=3200 alpha=0.85 beta=16 q=u8 seedT=8 seedH=8 seedS=4 bloomH=2 bloomT=30 bloomSrc=pruned,64,0.9941260745,1.0000,4958.6141,8.6912,0.0000,2.582963,2.584306;2.582963;2.581164,370.052006,2702.32,,14.53,0,6980,10,True,nid004845,59118635
SparseHNSW_Bloom2_30_b16_s8x4_p0,M=48 efC=1600 ef=6400 alpha=0.85 beta=16 q=u8 seedT=8 seedH=8 seedS=4 bloomH=2 bloomT=30 bloomSrc=pruned,64,0.9964326648,1.0000,4958.6141,8.6912,0.0000,4.656438,4.660660;4.656438;4.655970,667.111461,1499.00,,14.53,0,6980,10,True,nid004845,59118635
SparseHNSW_Bloom2_30_b3_s0x0_p128,M=48 efC=1600 ef=10 alpha=0.85 beta=3 q=u8 pat=128 bloomH=2 bloomT=30 bloomSrc=pruned,64,0.8145558739,0.9246,4958.6141,8.6912,0.0000,0.054573,0.054464;0.054727;0.054573,7.818481,127902.08,,14.53,0,6980,10,True,nid004845,59118635
SparseHNSW_Bloom2_30_b3_s0x0_p128,M=48 efC=1600 ef=20 alpha=0.85 beta=3 q=u8 pat=128 bloomH=2 bloomT=30 bloomSrc=pruned,64,0.8145558739,0.9246,4958.6141,8.6912,0.0000,0.054745,0.054778;0.054745;0.054562,7.843123,127500.23,,14.53,0,6980,10,True,nid004845,59118635
SparseHNSW_Bloom2_30_b3_s0x0_p128,M=48 efC=1600 ef=50 alpha=0.85 beta=3 q=u8 pat=128 bloomH=2 bloomT=30 bloomSrc=pruned,64,0.8385816619,0.9450,4958.6141,8.6912,0.0000,0.078647,0.078647;0.078481;0.078912,11.267479,88751.00,,14.53,0,6980,10,True,nid004845,59118635
SparseHNSW_Bloom2_30_b3_s0x0_p128,M=48 efC=1600 ef=100 alpha=0.85 beta=3 q=u8 pat=128 bloomH=2 bloomT=30 bloomSrc=pruned,64,0.8607020057,0.9649,4958.6141,8.6912,0.0000,0.132250,0.132250;0.132978;0.131750,18.946991,52778.83,,14.53,0,6980,10,True,nid004845,59118635
SparseHNSW_Bloom2_30_b3_s0x0_p128,M=48 efC=1600 ef=400 alpha=0.85 beta=3 q=u8 pat=128 bloomH=2 bloomT=30 bloomSrc=pruned,64,0.9138681948,0.9821,4958.6141,8.6912,0.0000,0.213054,0.213783;0.213054;0.213001,30.523496,32761.65,,14.53,0,6980,10,True,nid004845,59118635
SparseHNSW_Bloom2_30_b3_s0x0_p128,M=48 efC=1600 ef=800 alpha=0.85 beta=3 q=u8 pat=128 bloomH=2 bloomT=30 bloomSrc=pruned,64,0.9498853868,0.9877,4958.6141,8.6912,0.0000,0.213427,0.213444;0.213117;0.213427,30.576934,32704.39,,14.53,0,6980,10,True,nid004845,59118635
SparseHNSW_Bloom2_30_b3_s0x0_p128,M=48 efC=1600 ef=1600 alpha=0.85 beta=3 q=u8 pat=128 bloomH=2 bloomT=30 bloomSrc=pruned,64,0.9760458453,0.9928,4958.6141,8.6912,0.0000,0.224644,0.224644;0.224896;0.224605,32.183954,31071.38,,14.53,0,6980,10,True,nid004845,59118635
SparseHNSW_Bloom2_30_b3_s0x0_p128,M=48 efC=1600 ef=3200 alpha=0.85 beta=3 q=u8 pat=128 bloomH=2 bloomT=30 bloomSrc=pruned,64,0.9868051576,0.9960,4958.6141,8.6912,0.0000,0.250053,0.249423;0.250058;0.250053,35.824212,27914.08,,14.53,0,6980,10,True,nid004845,59118635
SparseHNSW_Bloom2_30_b3_s0x0_p128,M=48 efC=1600 ef=6400 alpha=0.85 beta=3 q=u8 pat=128 bloomH=2 bloomT=30 bloomSrc=pruned,64,0.9926361032,0.9984,4958.6141,8.6912,0.0000,0.302576,0.302576;0.303703;0.302472,43.348997,23068.58,,14.53,0,6980,10,True,nid004845,59118635
SparseHNSW_Bloom2_30_b4_s0x0_p128,M=48 efC=1600 ef=10 alpha=0.85 beta=4 q=u8 pat=128 bloomH=2 bloomT=30 bloomSrc=pruned,64,0.8278510029,0.9354,4958.6141,8.6912,0.0000,0.067312,0.066739;0.067312;0.067338,9.643553,103696.22,,14.53,0,6980,10,True,nid004845,59118635
SparseHNSW_Bloom2_30_b4_s0x0_p128,M=48 efC=1600 ef=20 alpha=0.85 beta=4 q=u8 pat=128 bloomH=2 bloomT=30 bloomSrc=pruned,64,0.8278510029,0.9354,4958.6141,8.6912,0.0000,0.067338,0.067338;0.067254;0.067367,9.647278,103656.18,,14.53,0,6980,10,True,nid004845,59118635
SparseHNSW_Bloom2_30_b4_s0x0_p128,M=48 efC=1600 ef=50 alpha=0.85 beta=4 q=u8 pat=128 bloomH=2 bloomT=30 bloomSrc=pruned,64,0.8389684814,0.9450,4958.6141,8.6912,0.0000,0.079574,0.079574;0.079229;0.079819,11.400287,87717.09,,14.53,0,6980,10,True,nid004845,59118635
SparseHNSW_Bloom2_30_b4_s0x0_p128,M=48 efC=1600 ef=100 alpha=0.85 beta=4 q=u8 pat=128 bloomH=2 bloomT=30 bloomSrc=pruned,64,0.8611461318,0.9649,4958.6141,8.6912,0.0000,0.132739,0.132739;0.132942;0.132206,19.017049,52584.39,,14.53,0,6980,10,True,nid004845,59118635
SparseHNSW_Bloom2_30_b4_s0x0_p128,M=48 efC=1600 ef=400 alpha=0.85 beta=4 q=u8 pat=128 bloomH=2 bloomT=30 bloomSrc=pruned,64,0.9149140401,0.9828,4958.6141,8.6912,0.0000,0.227803,0.227803;0.227875;0.227558,32.636533,30640.51,,14.53,0,6980,10,True,nid004845,59118635
SparseHNSW_Bloom2_30_b4_s0x0_p128,M=48 efC=1600 ef=800 alpha=0.85 beta=4 q=u8 pat=128 bloomH=2 bloomT=30 bloomSrc=pruned,64,0.9506590258,0.9880,4958.6141,8.6912,0.0000,0.226500,0.226149;0.226500;0.226912,32.449857,30816.78,,14.53,0,6980,10,True,nid004845,59118635
SparseHNSW_Bloom2_30_b4_s0x0_p128,M=48 efC=1600 ef=1600 alpha=0.85 beta=4 q=u8 pat=128 bloomH=2 bloomT=30 bloomSrc=pruned,64,0.9769627507,0.9928,4958.6141,8.6912,0.0000,0.236537,0.236537;0.236689;0.236368,33.887822,29509.13,,14.53,0,6980,10,True,nid004845,59118635
SparseHNSW_Bloom2_30_b4_s0x0_p128,M=48 efC=1600 ef=3200 alpha=0.85 beta=4 q=u8 pat=128 bloomH=2 bloomT=30 bloomSrc=pruned,64,0.9880659026,0.9966,4958.6141,8.6912,0.0000,0.261998,0.262047;0.261998;0.260911,37.535530,26641.42,,14.53,0,6980,10,True,nid004845,59118635
SparseHNSW_Bloom2_30_b4_s0x0_p128,M=48 efC=1600 ef=6400 alpha=0.85 beta=4 q=u8 pat=128 bloomH=2 bloomT=30 bloomSrc=pruned,64,0.9937392550,0.9987,4958.6141,8.6912,0.0000,0.316882,0.316777;0.317315;0.316882,45.398567,22027.13,,14.53,0,6980,10,True,nid004845,59118635
SparseHNSW_Bloom2_30_b5_s0x0_p128,M=48 efC=1600 ef=10 alpha=0.85 beta=5 q=u8 pat=128 bloomH=2 bloomT=30 bloomSrc=pruned,64,0.8390401146,0.9450,4958.6141,8.6912,0.0000,0.079856,0.079856;0.079649;0.080128,11.440688,87407.33,,14.53,0,6980,10,True,nid004845,59118635
SparseHNSW_Bloom2_30_b5_s0x0_p128,M=48 efC=1600 ef=20 alpha=0.85 beta=5 q=u8 pat=128 bloomH=2 bloomT=30 bloomSrc=pruned,64,0.8390401146,0.9450,4958.6141,8.6912,0.0000,0.079732,0.079781;0.079732;0.079589,11.422923,87543.27,,14.53,0,6980,10,True,nid004845,59118635
SparseHNSW_Bloom2_30_b5_s0x0_p128,M=48 efC=1600 ef=50 alpha=0.85 beta=5 q=u8 pat=128 bloomH=2 bloomT=30 bloomSrc=pruned,64,0.8390401146,0.9450,4958.6141,8.6912,0.0000,0.079549,0.079549;0.079508;0.079627,11.396705,87744.66,,14.53,0,6980,10,True,nid004845,59118635
SparseHNSW_Bloom2_30_b5_s0x0_p128,M=48 efC=1600 ef=100 alpha=0.85 beta=5 q=u8 pat=128 bloomH=2 bloomT=30 bloomSrc=pruned,64,0.8612607450,0.9649,4958.6141,8.6912,0.0000,0.133426,0.133426;0.133359;0.133696,19.115473,52313.64,,14.53,0,6980,10,True,nid004845,59118635
SparseHNSW_Bloom2_30_b5_s0x0_p128,M=48 efC=1600 ef=400 alpha=0.85 beta=5 q=u8 pat=128 bloomH=2 bloomT=30 bloomSrc=pruned,64,0.9151002865,0.9828,4958.6141,8.6912,0.0000,0.241942,0.241942;0.241667;0.242130,34.662178,28849.89,,14.53,0,6980,10,True,nid004845,59118635
SparseHNSW_Bloom2_30_b5_s0x0_p128,M=48 efC=1600 ef=800 alpha=0.85 beta=5 q=u8 pat=128 bloomH=2 bloomT=30 bloomSrc=pruned,64,0.9512034384,0.9885,4958.6141,8.6912,0.0000,0.241144,0.241372;0.241144;0.240600,34.547851,28945.36,,14.53,0,6980,10,True,nid004845,59118635
SparseHNSW_Bloom2_30_b5_s0x0_p128,M=48 efC=1600 ef=1600 alpha=0.85 beta=5 q=u8 pat=128 bloomH=2 bloomT=30 bloomSrc=pruned,64,0.9772063037,0.9930,4958.6141,8.6912,0.0000,0.248338,0.248290;0.248338;0.248858,35.578510,28106.85,,14.53,0,6980,10,True,nid004845,59118635
SparseHNSW_Bloom2_30_b5_s0x0_p128,M=48 efC=1600 ef=3200 alpha=0.85 beta=5 q=u8 pat=128 bloomH=2 bloomT=30 bloomSrc=pruned,64,0.9884670487,0.9968,4958.6141,8.6912,0.0000,0.273507,0.273507;0.274563;0.273204,39.184384,25520.37,,14.53,0,6980,10,True,nid004845,59118635
SparseHNSW_Bloom2_30_b5_s0x0_p128,M=48 efC=1600 ef=6400 alpha=0.85 beta=5 q=u8 pat=128 bloomH=2 bloomT=30 bloomSrc=pruned,64,0.9939541547,0.9987,4958.6141,8.6912,0.0000,0.328441,0.328441;0.328386;0.329055,47.054585,21251.91,,14.53,0,6980,10,True,nid004845,59118635
SparseHNSW_Bloom2_30_b8_s0x0_p128,M=48 efC=1600 ef=10 alpha=0.85 beta=8 q=u8 pat=128 bloomH=2 bloomT=30 bloomSrc=pruned,64,0.8548853868,0.9597,4958.6141,8.6912,0.0000,0.114470,0.114470;0.114347;0.114786,16.399713,60976.68,,14.53,0,6980,10,True,nid004845,59118635
SparseHNSW_Bloom2_30_b8_s0x0_p128,M=48 efC=1600 ef=20 alpha=0.85 beta=8 q=u8 pat=128 bloomH=2 bloomT=30 bloomSrc=pruned,64,0.8548853868,0.9597,4958.6141,8.6912,0.0000,0.114339,0.114339;0.114356;0.113822,16.380946,61046.54,,14.53,0,6980,10,True,nid004845,59118635
SparseHNSW_Bloom2_30_b8_s0x0_p128,M=48 efC=1600 ef=50 alpha=0.85 beta=8 q=u8 pat=128 bloomH=2 bloomT=30 bloomSrc=pruned,64,0.8548853868,0.9597,4958.6141,8.6912,0.0000,0.114167,0.114167;0.114215;0.113904,16.356304,61138.51,,14.53,0,6980,10,True,nid004845,59118635
SparseHNSW_Bloom2_30_b8_s0x0_p128,M=48 efC=1600 ef=100 alpha=0.85 beta=8 q=u8 pat=128 bloomH=2 bloomT=30 bloomSrc=pruned,64,0.8613323782,0.9649,4958.6141,8.6912,0.0000,0.135290,0.135290;0.135169;0.135532,19.382521,51592.87,,14.53,0,6980,10,True,nid004845,59118635
SparseHNSW_Bloom2_30_b8_s0x0_p128,M=48 efC=1600 ef=400 alpha=0.85 beta=8 q=u8 pat=128 bloomH=2 bloomT=30 bloomSrc=pruned,64,0.9155157593,0.9834,4958.6141,8.6912,0.0000,0.283228,0.283228;0.283176;0.284320,40.577077,24644.46,,14.53,0,6980,10,True,nid004845,59118635
SparseHNSW_Bloom2_30_b8_s0x0_p128,M=48 efC=1600 ef=800 alpha=0.85 beta=8 q=u8 pat=128 bloomH=2 bloomT=30 bloomSrc=pruned,64,0.9518481375,0.9895,4958.6141,8.6912,0.0000,0.281504,0.281817;0.281198;0.281504,40.330086,24795.38,,14.53,0,6980,10,True,nid004845,59118635
SparseHNSW_Bloom2_30_b8_s0x0_p128,M=48 efC=1600 ef=1600 alpha=0.85 beta=8 q=u8 pat=128 bloomH=2 bloomT=30 bloomSrc=pruned,64,0.9779799427,0.9937,4958.6141,8.6912,0.0000,0.284593,0.284412;0.284697;0.284593,40.772636,24526.25,,14.53,0,6980,10,True,nid004845,59118635
SparseHNSW_Bloom2_30_b8_s0x0_p128,M=48 efC=1600 ef=3200 alpha=0.85 beta=8 q=u8 pat=128 bloomH=2 bloomT=30 bloomSrc=pruned,64,0.9888108883,0.9968,4958.6141,8.6912,0.0000,0.306538,0.305342;0.306710;0.306538,43.916619,22770.42,,14.53,0,6980,10,True,nid004845,59118635
SparseHNSW_Bloom2_30_b8_s0x0_p128,M=48 efC=1600 ef=6400 alpha=0.85 beta=8 q=u8 pat=128 bloomH=2 bloomT=30 bloomSrc=pruned,64,0.9942979943,0.9987,4958.6141,8.6912,0.0000,0.364567,0.363662;0.364691;0.364567,52.230229,19146.00,,14.53,0,6980,10,True,nid004845,59118635
SparseHNSW_Bloom2_30_b12_s0x0_p128,M=48 efC=1600 ef=10 alpha=0.85 beta=12 q=u8 pat=128 bloomH=2 bloomT=30 bloomSrc=pruned,64,0.8655444126,0.9672,4958.6141,8.6912,0.0000,0.158492,0.158646;0.157945;0.158492,22.706590,44040.08,,14.53,0,6980,10,True,nid004845,59118635
SparseHNSW_Bloom2_30_b12_s0x0_p128,M=48 efC=1600 ef=20 alpha=0.85 beta=12 q=u8 pat=128 bloomH=2 bloomT=30 bloomSrc=pruned,64,0.8655444126,0.9672,4958.6141,8.6912,0.0000,0.157531,0.158143;0.157383;0.157531,22.568911,44308.74,,14.53,0,6980,10,True,nid004845,59118635
SparseHNSW_Bloom2_30_b12_s0x0_p128,M=48 efC=1600 ef=50 alpha=0.85 beta=12 q=u8 pat=128 bloomH=2 bloomT=30 bloomSrc=pruned,64,0.8655444126,0.9672,4958.6141,8.6912,0.0000,0.158006,0.158261;0.157840;0.158006,22.636963,44175.54,,14.53,0,6980,10,True,nid004845,59118635
SparseHNSW_Bloom2_30_b12_s0x0_p128,M=48 efC=1600 ef=100 alpha=0.85 beta=12 q=u8 pat=128 bloomH=2 bloomT=30 bloomSrc=pruned,64,0.8655444126,0.9672,4958.6141,8.6912,0.0000,0.158157,0.158650;0.158157;0.158027,22.658596,44133.36,,14.53,0,6980,10,True,nid004845,59118635
SparseHNSW_Bloom2_30_b12_s0x0_p128,M=48 efC=1600 ef=400 alpha=0.85 beta=12 q=u8 pat=128 bloomH=2 bloomT=30 bloomSrc=pruned,64,0.9161747851,0.9844,4958.6141,8.6912,0.0000,0.333883,0.333533;0.334763;0.333883,47.834241,20905.53,,14.53,0,6980,10,True,nid004845,59118635
SparseHNSW_Bloom2_30_b12_s0x0_p128,M=48 efC=1600 ef=800 alpha=0.85 beta=12 q=u8 pat=128 bloomH=2 bloomT=30 bloomSrc=pruned,64,0.9524641834,0.9903,4958.6141,8.6912,0.0000,0.337847,0.338281;0.337779;0.337847,48.402149,20660.24,,14.53,0,6980,10,True,nid004845,59118635
SparseHNSW_Bloom2_30_b12_s0x0_p128,M=48 efC=1600 ef=1600 alpha=0.85 beta=12 q=u8 pat=128 bloomH=2 bloomT=30 bloomSrc=pruned,64,0.9783381089,0.9941,4958.6141,8.6912,0.0000,0.334819,0.334839;0.334819;0.334732,47.968338,20847.08,,14.53,0,6980,10,True,nid004845,59118635
SparseHNSW_Bloom2_30_b12_s0x0_p128,M=48 efC=1600 ef=3200 alpha=0.85 beta=12 q=u8 pat=128 bloomH=2 bloomT=30 bloomSrc=pruned,64,0.9891977077,0.9971,4958.6141,8.6912,0.0000,0.351565,0.351453;0.351565;0.351592,50.367479,19854.08,,14.53,0,6980,10,True,nid004845,59118635
SparseHNSW_Bloom2_30_b12_s0x0_p128,M=48 efC=1600 ef=6400 alpha=0.85 beta=12 q=u8 pat=128 bloomH=2 bloomT=30 bloomSrc=pruned,64,0.9946131805,0.9989,4958.6141,8.6912,0.0000,0.409303,0.409130;0.409303;0.409527,58.639398,17053.38,,14.53,0,6980,10,True,nid004845,59118635
SparseHNSW_Bloom2_30_b16_s0x0_p128,M=48 efC=1600 ef=10 alpha=0.85 beta=16 q=u8 pat=128 bloomH=2 bloomT=30 bloomSrc=pruned,64,0.8743553009,0.9716,4958.6141,8.6912,0.0000,0.200320,0.200320;0.199982;0.200616,28.699140,34844.25,,14.53,0,6980,10,True,nid004845,59118635
SparseHNSW_Bloom2_30_b16_s0x0_p128,M=48 efC=1600 ef=20 alpha=0.85 beta=16 q=u8 pat=128 bloomH=2 bloomT=30 bloomSrc=pruned,64,0.8743553009,0.9716,4958.6141,8.6912,0.0000,0.200806,0.200806;0.199768;0.201049,28.768768,34759.92,,14.53,0,6980,10,True,nid004845,59118635
SparseHNSW_Bloom2_30_b16_s0x0_p128,M=48 efC=1600 ef=50 alpha=0.85 beta=16 q=u8 pat=128 bloomH=2 bloomT=30 bloomSrc=pruned,64,0.8743553009,0.9716,4958.6141,8.6912,0.0000,0.200212,0.200253;0.199747;0.200212,28.683668,34863.05,,14.53,0,6980,10,True,nid004845,59118635
SparseHNSW_Bloom2_30_b16_s0x0_p128,M=48 efC=1600 ef=100 alpha=0.85 beta=16 q=u8 pat=128 bloomH=2 bloomT=30 bloomSrc=pruned,64,0.8743553009,0.9716,4958.6141,8.6912,0.0000,0.199846,0.200591;0.199846;0.199766,28.631232,34926.89,,14.53,0,6980,10,True,nid004845,59118635
SparseHNSW_Bloom2_30_b16_s0x0_p128,M=48 efC=1600 ef=400 alpha=0.85 beta=16 q=u8 pat=128 bloomH=2 bloomT=30 bloomSrc=pruned,64,0.9163180516,0.9848,4958.6141,8.6912,0.0000,0.370921,0.370260;0.371255;0.370921,53.140544,18818.02,,14.53,0,6980,10,True,nid004845,59118635
SparseHNSW_Bloom2_30_b16_s0x0_p128,M=48 efC=1600 ef=800 alpha=0.85 beta=16 q=u8 pat=128 bloomH=2 bloomT=30 bloomSrc=pruned,64,0.9527363897,0.9905,4958.6141,8.6912,0.0000,0.394148,0.394148;0.394226;0.393573,56.468195,17709.08,,14.53,0,6980,10,True,nid004845,59118635
SparseHNSW_Bloom2_30_b16_s0x0_p128,M=48 efC=1600 ef=1600 alpha=0.85 beta=16 q=u8 pat=128 bloomH=2 bloomT=30 bloomSrc=pruned,64,0.9786819484,0.9947,4958.6141,8.6912,0.0000,0.384156,0.384586;0.384156;0.383908,55.036676,18169.70,,14.53,0,6980,10,True,nid004845,59118635
SparseHNSW_Bloom2_30_b16_s0x0_p128,M=48 efC=1600 ef=3200 alpha=0.85 beta=16 q=u8 pat=128 bloomH=2 bloomT=30 bloomSrc=pruned,64,0.9892979943,0.9971,4958.6141,8.6912,0.0000,0.395814,0.395290;0.396762;0.395814,56.706877,17634.55,,14.53,0,6980,10,True,nid004845,59118635
SparseHNSW_Bloom2_30_b16_s0x0_p128,M=48 efC=1600 ef=6400 alpha=0.85 beta=16 q=u8 pat=128 bloomH=2 bloomT=30 bloomSrc=pruned,64,0.9947277937,0.9989,4958.6141,8.6912,0.0000,0.449894,0.449692;0.449894;0.449981,64.454728,15514.77,,14.53,0,6980,10,True,nid004845,59118635
SparseHNSW_Bloom2_30_b3_s8x4_p128,M=48 efC=1600 ef=10 alpha=0.85 beta=3 q=u8 seedT=8 seedH=8 seedS=4 pat=128 bloomH=2 bloomT=30 bloomSrc=pruned,64,0.8446991404,0.9683,4958.6141,8.6912,0.0000,0.055326,0.054651;0.055326;0.055882,7.926361,126161.30,,14.53,0,6980,10,True,nid004845,59118635
SparseHNSW_Bloom2_30_b3_s8x4_p128,M=48 efC=1600 ef=20 alpha=0.85 beta=3 q=u8 seedT=8 seedH=8 seedS=4 pat=128 bloomH=2 bloomT=30 bloomSrc=pruned,64,0.8446991404,0.9683,4958.6141,8.6912,0.0000,0.055562,0.055565;0.055562;0.055482,7.960172,125625.43,,14.53,0,6980,10,True,nid004845,59118635
SparseHNSW_Bloom2_30_b3_s8x4_p128,M=48 efC=1600 ef=50 alpha=0.85 beta=3 q=u8 seedT=8 seedH=8 seedS=4 pat=128 bloomH=2 bloomT=30 bloomSrc=pruned,64,0.8600859599,0.9765,4958.6141,8.6912,0.0000,0.075645,0.075645;0.075655;0.075602,10.837393,92273.12,,14.53,0,6980,10,True,nid004845,59118635
SparseHNSW_Bloom2_30_b3_s8x4_p128,M=48 efC=1600 ef=100 alpha=0.85 beta=3 q=u8 seedT=8 seedH=8 seedS=4 pat=128 bloomH=2 bloomT=30 bloomSrc=pruned,64,0.8771776504,0.9850,4958.6141,8.6912,0.0000,0.129731,0.129731;0.130030;0.129594,18.586103,53803.64,,14.53,0,6980,10,True,nid004845,59118635
SparseHNSW_Bloom2_30_b3_s8x4_p128,M=48 efC=1600 ef=400 alpha=0.85 beta=3 q=u8 seedT=8 seedH=8 seedS=4 pat=128 bloomH=2 bloomT=30 bloomSrc=pruned,64,0.9427650430,0.9958,4958.6141,8.6912,0.0000,0.206101,0.205889;0.206727;0.206101,29.527364,33866.89,,14.53,0,6980,10,True,nid004845,59118635
SparseHNSW_Bloom2_30_b3_s8x4_p128,M=48 efC=1600 ef=800 alpha=0.85 beta=3 q=u8 seedT=8 seedH=8 seedS=4 pat=128 bloomH=2 bloomT=30 bloomSrc=pruned,64,0.9726074499,0.9979,4958.6141,8.6912,0.0000,0.208092,0.208092;0.209269;0.207881,29.812607,33542.86,,14.53,0,6980,10,True,nid004845,59118635
SparseHNSW_Bloom2_30_b3_s8x4_p128,M=48 efC=1600 ef=1600 alpha=0.85 beta=3 q=u8 seedT=8 seedH=8 seedS=4 pat=128 bloomH=2 bloomT=30 bloomSrc=pruned,64,0.9858022923,0.9977,4958.6141,8.6912,0.0000,0.221032,0.221767;0.220842;0.221032,31.666476,31579.14,,14.53,0,6980,10,True,nid004845,59118635
SparseHNSW_Bloom2_30_b3_s8x4_p128,M=48 efC=1600 ef=3200 alpha=0.85 beta=3 q=u8 seedT=8 seedH=8 seedS=4 pat=128 bloomH=2 bloomT=30 bloomSrc=pruned,64,0.9914469914,0.9991,4958.6141,8.6912,0.0000,0.248036,0.248036;0.248148;0.247836,35.535244,28141.08,,14.53,0,6980,10,True,nid004845,59118635
SparseHNSW_Bloom2_30_b3_s8x4_p128,M=48 efC=1600 ef=6400 alpha=0.85 beta=3 q=u8 seedT=8 seedH=8 seedS=4 pat=128 bloomH=2 bloomT=30 bloomSrc=pruned,64,0.9939255014,0.9997,4958.6141,8.6912,0.0000,0.300654,0.300866;0.300254;0.300654,43.073639,23216.06,,14.53,0,6980,10,True,nid004845,59118635
SparseHNSW_Bloom2_30_b4_s8x4_p128,M=48 efC=1600 ef=10 alpha=0.85 beta=4 q=u8 seedT=8 seedH=8 seedS=4 pat=128 bloomH=2 bloomT=30 bloomSrc=pruned,64,0.8547994269,0.9745,4958.6141,8.6912,0.0000,0.064454,0.064454;0.064560;0.064440,9.234097,108294.29,,14.53,0,6980,10,True,nid004845,59118635
SparseHNSW_Bloom2_30_b4_s8x4_p128,M=48 efC=1600 ef=20 alpha=0.85 beta=4 q=u8 seedT=8 seedH=8 seedS=4 pat=128 bloomH=2 bloomT=30 bloomSrc=pruned,64,0.8547994269,0.9745,4958.6141,8.6912,0.0000,0.064719,0.064719;0.064572;0.064741,9.272063,107850.86,,14.53,0,6980,10,True,nid004845,59118635
SparseHNSW_Bloom2_30_b4_s8x4_p128,M=48 efC=1600 ef=50 alpha=0.85 beta=4 q=u8 seedT=8 seedH=8 seedS=4 pat=128 bloomH=2 bloomT=30 bloomSrc=pruned,64,0.8604871060,0.9765,4958.6141,8.6912,0.0000,0.076264,0.076477;0.076004;0.076264,10.926074,91524.18,,14.53,0,6980,10,True,nid004845,59118635
SparseHNSW_Bloom2_30_b4_s8x4_p128,M=48 efC=1600 ef=100 alpha=0.85 beta=4 q=u8 seedT=8 seedH=8 seedS=4 pat=128 bloomH=2 bloomT=30 bloomSrc=pruned,64,0.8776361032,0.9850,4958.6141,8.6912,0.0000,0.130403,0.130528;0.130185;0.130403,18.682378,53526.38,,14.53,0,6980,10,True,nid004845,59118635
SparseHNSW_Bloom2_30_b4_s8x4_p128,M=48 efC=1600 ef=400 alpha=0.85 beta=4 q=u8 seedT=8 seedH=8 seedS=4 pat=128 bloomH=2 bloomT=30 bloomSrc=pruned,64,0.9434813754,0.9958,4958.6141,8.6912,0.0000,0.219629,0.219578;0.220226;0.219629,31.465473,31780.87,,14.53,0,6980,10,True,nid004845,59118635
SparseHNSW_Bloom2_30_b4_s8x4_p128,M=48 efC=1600 ef=800 alpha=0.85 beta=4 q=u8 seedT=8 seedH=8 seedS=4 pat=128 bloomH=2 bloomT=30 bloomSrc=pruned,64,0.9733954155,0.9979,4958.6141,8.6912,0.0000,0.221051,0.221162;0.221051;0.220928,31.669198,31576.42,,14.53,0,6980,10,True,nid004845,59118635
SparseHNSW_Bloom2_30_b4_s8x4_p128,M=48 efC=1600 ef=1600 alpha=0.85 beta=4 q=u8 seedT=8 seedH=8 seedS=4 pat=128 bloomH=2 bloomT=30 bloomSrc=pruned,64,0.9868338109,0.9981,4958.6141,8.6912,0.0000,0.233430,0.233003;0.233430;0.233567,33.442693,29901.90,,14.53,0,6980,10,True,nid004845,59118635
SparseHNSW_Bloom2_30_b4_s8x4_p128,M=48 efC=1600 ef=3200 alpha=0.85 beta=4 q=u8 seedT=8 seedH=8 seedS=4 pat=128 bloomH=2 bloomT=30 bloomSrc=pruned,64,0.9923209169,0.9993,4958.6141,8.6912,0.0000,0.259348,0.259814;0.259348;0.259047,37.155874,26913.64,,14.53,0,6980,10,True,nid004845,59118635
SparseHNSW_Bloom2_30_b4_s8x4_p128,M=48 efC=1600 ef=6400 alpha=0.85 beta=4 q=u8 seedT=8 seedH=8 seedS=4 pat=128 bloomH=2 bloomT=30 bloomSrc=pruned,64,0.9947851003,0.9997,4958.6141,8.6912,0.0000,0.314501,0.314193;0.314501;0.315121,45.057450,22193.89,,14.53,0,6980,10,True,nid004845,59118635
SparseHNSW_Bloom2_30_b5_s8x4_p128,M=48 efC=1600 ef=10 alpha=0.85 beta=5 q=u8 seedT=8 seedH=8 seedS=4 pat=128 bloomH=2 bloomT=30 bloomSrc=pruned,64,0.8605730659,0.9765,4958.6141,8.6912,0.0000,0.076250,0.076234;0.076250;0.076473,10.924069,91540.98,,14.53,0,6980,10,True,nid004845,59118635
SparseHNSW_Bloom2_30_b5_s8x4_p128,M=48 efC=1600 ef=20 alpha=0.85 beta=5 q=u8 seedT=8 seedH=8 seedS=4 pat=128 bloomH=2 bloomT=30 bloomSrc=pruned,64,0.8605730659,0.9765,4958.6141,8.6912,0.0000,0.076928,0.076928;0.077044;0.076775,11.021203,90734.19,,14.53,0,6980,10,True,nid004845,59118635
SparseHNSW_Bloom2_30_b5_s8x4_p128,M=48 efC=1600 ef=50 alpha=0.85 beta=5 q=u8 seedT=8 seedH=8 seedS=4 pat=128 bloomH=2 bloomT=30 bloomSrc=pruned,64,0.8605730659,0.9765,4958.6141,8.6912,0.0000,0.076864,0.076537;0.077029;0.076864,11.012034,90809.74,,14.53,0,6980,10,True,nid004845,59118635
SparseHNSW_Bloom2_30_b5_s8x4_p128,M=48 efC=1600 ef=100 alpha=0.85 beta=5 q=u8 seedT=8 seedH=8 seedS=4 pat=128 bloomH=2 bloomT=30 bloomSrc=pruned,64,0.8777507163,0.9850,4958.6141,8.6912,0.0000,0.130247,0.130247;0.130115;0.130754,18.660029,53590.49,,14.53,0,6980,10,True,nid004845,59118635
SparseHNSW_Bloom2_30_b5_s8x4_p128,M=48 efC=1600 ef=400 alpha=0.85 beta=5 q=u8 seedT=8 seedH=8 seedS=4 pat=128 bloomH=2 bloomT=30 bloomSrc=pruned,64,0.9438825215,0.9958,4958.6141,8.6912,0.0000,0.234872,0.234872;0.234518;0.235310,33.649284,29718.31,,14.53,0,6980,10,True,nid004845,59118635
SparseHNSW_Bloom2_30_b5_s8x4_p128,M=48 efC=1600 ef=800 alpha=0.85 beta=5 q=u8 seedT=8 seedH=8 seedS=4 pat=128 bloomH=2 bloomT=30 bloomSrc=pruned,64,0.9737679083,0.9980,4958.6141,8.6912,0.0000,0.234423,0.234423;0.233831;0.234734,33.584957,29775.24,,14.53,0,6980,10,True,nid004845,59118635
SparseHNSW_Bloom2_30_b5_s8x4_p128,M=48 efC=1600 ef=1600 alpha=0.85 beta=5 q=u8 seedT=8 seedH=8 seedS=4 pat=128 bloomH=2 bloomT=30 bloomSrc=pruned,64,0.9870773639,0.9981,4958.6141,8.6912,0.0000,0.245100,0.244824;0.245100;0.245710,35.114613,28478.17,,14.53,0,6980,10,True,nid004845,59118635
SparseHNSW_Bloom2_30_b5_s8x4_p128,M=48 efC=1600 ef=3200 alpha=0.85 beta=5 q=u8 seedT=8 seedH=8 seedS=4 pat=128 bloomH=2 bloomT=30 bloomSrc=pruned,64,0.9925787966,0.9994,4958.6141,8.6912,0.0000,0.271908,0.271905;0.272360;0.271908,38.955301,25670.45,,14.53,0,6980,10,True,nid004845,59118635
SparseHNSW_Bloom2_30_b5_s8x4_p128,M=48 efC=1600 ef=6400 alpha=0.85 beta=5 q=u8 seedT=8 seedH=8 seedS=4 pat=128 bloomH=2 bloomT=30 bloomSrc=pruned,64,0.9950143266,0.9997,4958.6141,8.6912,0.0000,0.327277,0.327535;0.327277;0.327220,46.887822,21327.50,,14.53,0,6980,10,True,nid004845,59118635
SparseHNSW_Bloom2_30_b8_s8x4_p128,M=48 efC=1600 ef=10 alpha=0.85 beta=8 q=u8 seedT=8 seedH=8 seedS=4 pat=128 bloomH=2 bloomT=30 bloomSrc=pruned,64,0.8705587393,0.9825,4958.6141,8.6912,0.0000,0.112071,0.112206;0.112071;0.111334,16.056017,62281.95,,14.53,0,6980,10,True,nid004845,59118635
SparseHNSW_Bloom2_30_b8_s8x4_p128,M=48 efC=1600 ef=20 alpha=0.85 beta=8 q=u8 seedT=8 seedH=8 seedS=4 pat=128 bloomH=2 bloomT=30 bloomSrc=pruned,64,0.8705587393,0.9825,4958.6141,8.6912,0.0000,0.112088,0.112255;0.111617;0.112088,16.058453,62272.50,,14.53,0,6980,10,True,nid004845,59118635
SparseHNSW_Bloom2_30_b8_s8x4_p128,M=48 efC=1600 ef=50 alpha=0.85 beta=8 q=u8 seedT=8 seedH=8 seedS=4 pat=128 bloomH=2 bloomT=30 bloomSrc=pruned,64,0.8705587393,0.9825,4958.6141,8.6912,0.0000,0.111962,0.112011;0.111641;0.111962,16.040401,62342.58,,14.53,0,6980,10,True,nid004845,59118635
SparseHNSW_Bloom2_30_b8_s8x4_p128,M=48 efC=1600 ef=100 alpha=0.85 beta=8 q=u8 seedT=8 seedH=8 seedS=4 pat=128 bloomH=2 bloomT=30 bloomSrc=pruned,64,0.8778223496,0.9850,4958.6141,8.6912,0.0000,0.133481,0.132585;0.133663;0.133481,19.123352,52292.09,,14.53,0,6980,10,True,nid004845,59118635
SparseHNSW_Bloom2_30_b8_s8x4_p128,M=48 efC=1600 ef=400 alpha=0.85 beta=8 q=u8 seedT=8 seedH=8 seedS=4 pat=128 bloomH=2 bloomT=30 bloomSrc=pruned,64,0.9441404011,0.9958,4958.6141,8.6912,0.0000,0.274855,0.274855;0.274942;0.273784,39.377507,25395.21,,14.53,0,6980,10,True,nid004845,59118635
SparseHNSW_Bloom2_30_b8_s8x4_p128,M=48 efC=1600 ef=800 alpha=0.85 beta=8 q=u8 seedT=8 seedH=8 seedS=4 pat=128 bloomH=2 bloomT=30 bloomSrc=pruned,64,0.9740544413,0.9980,4958.6141,8.6912,0.0000,0.274531,0.274896;0.274531;0.274114,39.331089,25425.18,,14.53,0,6980,10,True,nid004845,59118635
SparseHNSW_Bloom2_30_b8_s8x4_p128,M=48 efC=1600 ef=1600 alpha=0.85 beta=8 q=u8 seedT=8 seedH=8 seedS=4 pat=128 bloomH=2 bloomT=30 bloomSrc=pruned,64,0.9875358166,0.9983,4958.6141,8.6912,0.0000,0.281384,0.281522;0.281384;0.280991,40.312894,24805.96,,14.53,0,6980,10,True,nid004845,59118635
SparseHNSW_Bloom2_30_b8_s8x4_p128,M=48 efC=1600 ef=3200 alpha=0.85 beta=8 q=u8 seedT=8 seedH=8 seedS=4 pat=128 bloomH=2 bloomT=30 bloomSrc=pruned,64,0.9929656160,0.9994,4958.6141,8.6912,0.0000,0.306180,0.306180;0.306753;0.305784,43.865330,22797.05,,14.53,0,6980,10,True,nid004845,59118635
SparseHNSW_Bloom2_30_b8_s8x4_p128,M=48 efC=1600 ef=6400 alpha=0.85 beta=8 q=u8 seedT=8 seedH=8 seedS=4 pat=128 bloomH=2 bloomT=30 bloomSrc=pruned,64,0.9954154728,0.9997,4958.6141,8.6912,0.0000,0.364067,0.364095;0.363555;0.364067,52.158596,19172.30,,14.53,0,6980,10,True,nid004845,59118635
SparseHNSW_Bloom2_30_b12_s8x4_p128,M=48 efC=1600 ef=10 alpha=0.85 beta=12 q=u8 seedT=8 seedH=8 seedS=4 pat=128 bloomH=2 bloomT=30 bloomSrc=pruned,64,0.8839111748,0.9878,4958.6141,8.6912,0.0000,0.156065,0.156065;0.155658;0.156438,22.358883,44724.95,,14.53,0,6980,10,True,nid004845,59118635
SparseHNSW_Bloom2_30_b12_s8x4_p128,M=48 efC=1600 ef=20 alpha=0.85 beta=12 q=u8 seedT=8 seedH=8 seedS=4 pat=128 bloomH=2 bloomT=30 bloomSrc=pruned,64,0.8839111748,0.9878,4958.6141,8.6912,0.0000,0.155719,0.155933;0.155719;0.155610,22.309312,44824.33,,14.53,0,6980,10,True,nid004845,59118635
SparseHNSW_Bloom2_30_b12_s8x4_p128,M=48 efC=1600 ef=50 alpha=0.85 beta=12 q=u8 seedT=8 seedH=8 seedS=4 pat=128 bloomH=2 bloomT=30 bloomSrc=pruned,64,0.8839111748,0.9878,4958.6141,8.6912,0.0000,0.156019,0.156019;0.156429;0.155579,22.352292,44738.14,,14.53,0,6980,10,True,nid004845,59118635
SparseHNSW_Bloom2_30_b12_s8x4_p128,M=48 efC=1600 ef=100 alpha=0.85 beta=12 q=u8 seedT=8 seedH=8 seedS=4 pat=128 bloomH=2 bloomT=30 bloomSrc=pruned,64,0.8839111748,0.9878,4958.6141,8.6912,0.0000,0.155708,0.155708;0.155716;0.155480,22.307736,44827.50,,14.53,0,6980,10,True,nid004845,59118635
SparseHNSW_Bloom2_30_b12_s8x4_p128,M=48 efC=1600 ef=400 alpha=0.85 beta=12 q=u8 seedT=8 seedH=8 seedS=4 pat=128 bloomH=2 bloomT=30 bloomSrc=pruned,64,0.9445558739,0.9964,4958.6141,8.6912,0.0000,0.325966,0.325966;0.326016;0.325424,46.700000,21413.28,,14.53,0,6980,10,True,nid004845,59118635
SparseHNSW_Bloom2_30_b12_s8x4_p128,M=48 efC=1600 ef=800 alpha=0.85 beta=12 q=u8 seedT=8 seedH=8 seedS=4 pat=128 bloomH=2 bloomT=30 bloomSrc=pruned,64,0.9744412607,0.9983,4958.6141,8.6912,0.0000,0.329927,0.329927;0.330090;0.329236,47.267479,21156.20,,14.53,0,6980,10,True,nid004845,59118635
SparseHNSW_Bloom2_30_b12_s8x4_p128,M=48 efC=1600 ef=1600 alpha=0.85 beta=12 q=u8 seedT=8 seedH=8 seedS=4 pat=128 bloomH=2 bloomT=30 bloomSrc=pruned,64,0.9879083095,0.9987,4958.6141,8.6912,0.0000,0.331153,0.331153;0.330753;0.331859,47.443123,21077.87,,14.53,0,6980,10,True,nid004845,59118635
SparseHNSW_Bloom2_30_b12_s8x4_p128,M=48 efC=1600 ef=3200 alpha=0.85 beta=12 q=u8 seedT=8 seedH=8 seedS=4 pat=128 bloomH=2 bloomT=30 bloomSrc=pruned,64,0.9932378223,0.9996,4958.6141,8.6912,0.0000,0.348929,0.348410;0.348929;0.349720,49.989828,20004.07,,14.53,0,6980,10,True,nid004845,59118635
SparseHNSW_Bloom2_30_b12_s8x4_p128,M=48 efC=1600 ef=6400 alpha=0.85 beta=12 q=u8 seedT=8 seedH=8 seedS=4 pat=128 bloomH=2 bloomT=30 bloomSrc=pruned,64,0.9955873926,0.9997,4958.6141,8.6912,0.0000,0.408318,0.407206;0.408659;0.408318,58.498281,17094.52,,14.53,0,6980,10,True,nid004845,59118635
SparseHNSW_Bloom2_30_b16_s8x4_p128,M=48 efC=1600 ef=10 alpha=0.85 beta=16 q=u8 seedT=8 seedH=8 seedS=4 pat=128 bloomH=2 bloomT=30 bloomSrc=pruned,64,0.8945558739,0.9897,4958.6141,8.6912,0.0000,0.198763,0.199391;0.198763;0.198156,28.476074,35117.20,,14.53,0,6980,10,True,nid004845,59118635
SparseHNSW_Bloom2_30_b16_s8x4_p128,M=48 efC=1600 ef=20 alpha=0.85 beta=16 q=u8 seedT=8 seedH=8 seedS=4 pat=128 bloomH=2 bloomT=30 bloomSrc=pruned,64,0.8945558739,0.9897,4958.6141,8.6912,0.0000,0.198637,0.198637;0.198840;0.198285,28.458023,35139.48,,14.53,0,6980,10,True,nid004845,59118635
SparseHNSW_Bloom2_30_b16_s8x4_p128,M=48 efC=1600 ef=50 alpha=0.85 beta=16 q=u8 seedT=8 seedH=8 seedS=4 pat=128 bloomH=2 bloomT=30 bloomSrc=pruned,64,0.8945558739,0.9897,4958.6141,8.6912,0.0000,0.198350,0.198709;0.198350;0.198098,28.416905,35190.32,,14.53,0,6980,10,True,nid004845,59118635
SparseHNSW_Bloom2_30_b16_s8x4_p128,M=48 efC=1600 ef=100 alpha=0.85 beta=16 q=u8 seedT=8 seedH=8 seedS=4 pat=128 bloomH=2 bloomT=30 bloomSrc=pruned,64,0.8945558739,0.9897,4958.6141,8.6912,0.0000,0.198603,0.198603;0.198710;0.198023,28.453152,35145.49,,14.53,0,6980,10,True,nid004845,59118635
SparseHNSW_Bloom2_30_b16_s8x4_p128,M=48 efC=1600 ef=400 alpha=0.85 beta=16 q=u8 seedT=8 seedH=8 seedS=4 pat=128 bloomH=2 bloomT=30 bloomSrc=pruned,64,0.9446848138,0.9966,4958.6141,8.6912,0.0000,0.365121,0.365509;0.365121;0.364448,52.309599,19116.95,,14.53,0,6980,10,True,nid004845,59118635
SparseHNSW_Bloom2_30_b16_s8x4_p128,M=48 efC=1600 ef=800 alpha=0.85 beta=16 q=u8 seedT=8 seedH=8 seedS=4 pat=128 bloomH=2 bloomT=30 bloomSrc=pruned,64,0.9746848138,0.9983,4958.6141,8.6912,0.0000,0.383051,0.383051;0.383132;0.382666,54.878367,18222.12,,14.53,0,6980,10,True,nid004845,59118635
SparseHNSW_Bloom2_30_b16_s8x4_p128,M=48 efC=1600 ef=1600 alpha=0.85 beta=16 q=u8 seedT=8 seedH=8 seedS=4 pat=128 bloomH=2 bloomT=30 bloomSrc=pruned,64,0.9880229226,0.9989,4958.6141,8.6912,0.0000,0.382430,0.382066;0.382430;0.382561,54.789398,18251.71,,14.53,0,6980,10,True,nid004845,59118635
SparseHNSW_Bloom2_30_b16_s8x4_p128,M=48 efC=1600 ef=3200 alpha=0.85 beta=16 q=u8 seedT=8 seedH=8 seedS=4 pat=128 bloomH=2 bloomT=30 bloomSrc=pruned,64,0.9933237822,0.9996,4958.6141,8.6912,0.0000,0.394218,0.394182;0.395290;0.394218,56.478223,17705.94,,14.53,0,6980,10,True,nid004845,59118635
SparseHNSW_Bloom2_30_b16_s8x4_p128,M=48 efC=1600 ef=6400 alpha=0.85 beta=16 q=u8 seedT=8 seedH=8 seedS=4 pat=128 bloomH=2 bloomT=30 bloomSrc=pruned,64,0.9956590258,0.9997,4958.6141,8.6912,0.0000,0.448488,0.448488;0.447733;0.448976,64.253295,15563.40,,14.53,0,6980,10,True,nid004845,59118635
SparseHNSW_Bloom2_30_b3_s0x0_p256,M=48 efC=1600 ef=10 alpha=0.85 beta=3 q=u8 pat=256 bloomH=2 bloomT=30 bloomSrc=pruned,64,0.8145558739,0.9246,4958.6141,8.6912,0.0000,0.054451,0.054316;0.054451;0.054896,7.801003,128188.65,,14.53,0,6980,10,True,nid004845,59118635
SparseHNSW_Bloom2_30_b3_s0x0_p256,M=48 efC=1600 ef=20 alpha=0.85 beta=3 q=u8 pat=256 bloomH=2 bloomT=30 bloomSrc=pruned,64,0.8145558739,0.9246,4958.6141,8.6912,0.0000,0.054634,0.054561;0.054634;0.054949,7.827221,127759.27,,14.53,0,6980,10,True,nid004845,59118635
SparseHNSW_Bloom2_30_b3_s0x0_p256,M=48 efC=1600 ef=50 alpha=0.85 beta=3 q=u8 pat=256 bloomH=2 bloomT=30 bloomSrc=pruned,64,0.8385816619,0.9450,4958.6141,8.6912,0.0000,0.078891,0.078907;0.078659;0.078891,11.302436,88476.51,,14.53,0,6980,10,True,nid004845,59118635
SparseHNSW_Bloom2_30_b3_s0x0_p256,M=48 efC=1600 ef=100 alpha=0.85 beta=3 q=u8 pat=256 bloomH=2 bloomT=30 bloomSrc=pruned,64,0.8607020057,0.9649,4958.6141,8.6912,0.0000,0.132189,0.132189;0.132689;0.131736,18.938252,52803.18,,14.53,0,6980,10,True,nid004845,59118635
SparseHNSW_Bloom2_30_b3_s0x0_p256,M=48 efC=1600 ef=400 alpha=0.85 beta=3 q=u8 pat=256 bloomH=2 bloomT=30 bloomSrc=pruned,64,0.9156446991,0.9850,4958.6141,8.6912,0.0000,0.333049,0.333112;0.333049;0.332638,47.714756,20957.88,,14.53,0,6980,10,True,nid004845,59118635
SparseHNSW_Bloom2_30_b3_s0x0_p256,M=48 efC=1600 ef=800 alpha=0.85 beta=3 q=u8 pat=256 bloomH=2 bloomT=30 bloomSrc=pruned,64,0.9520773639,0.9907,4958.6141,8.6912,0.0000,0.340866,0.340866;0.342089;0.340862,48.834670,20477.25,,14.53,0,6980,10,True,nid004845,59118635
SparseHNSW_Bloom2_30_b3_s0x0_p256,M=48 efC=1600 ef=1600 alpha=0.85 beta=3 q=u8 pat=256 bloomH=2 bloomT=30 bloomSrc=pruned,64,0.9775214900,0.9946,4958.6141,8.6912,0.0000,0.347199,0.347199;0.347418;0.346600,49.741977,20103.74,,14.53,0,6980,10,True,nid004845,59118635
SparseHNSW_Bloom2_30_b3_s0x0_p256,M=48 efC=1600 ef=3200 alpha=0.85 beta=3 q=u8 pat=256 bloomH=2 bloomT=30 bloomSrc=pruned,64,0.9883094556,0.9971,4958.6141,8.6912,0.0000,0.371492,0.371075;0.371492;0.371941,53.222350,18789.10,,14.53,0,6980,10,True,nid004845,59118635
SparseHNSW_Bloom2_30_b3_s0x0_p256,M=48 efC=1600 ef=6400 alpha=0.85 beta=3 q=u8 pat=256 bloomH=2 bloomT=30 bloomSrc=pruned,64,0.9937822350,0.9989,4958.6141,8.6912,0.0000,0.429820,0.428943;0.429933;0.429820,61.578797,16239.36,,14.53,0,6980,10,True,nid004845,59118635
SparseHNSW_Bloom2_30_b4_s0x0_p256,M=48 efC=1600 ef=10 alpha=0.85 beta=4 q=u8 pat=256 bloomH=2 bloomT=30 bloomSrc=pruned,64,0.8278510029,0.9354,4958.6141,8.6912,0.0000,0.067128,0.067128;0.067028;0.067239,9.617192,103980.46,,14.53,0,6980,10,True,nid004845,59118635
SparseHNSW_Bloom2_30_b4_s0x0_p256,M=48 efC=1600 ef=20 alpha=0.85 beta=4 q=u8 pat=256 bloomH=2 bloomT=30 bloomSrc=pruned,64,0.8278510029,0.9354,4958.6141,8.6912,0.0000,0.067608,0.067132;0.067608;0.067808,9.685960,103242.22,,14.53,0,6980,10,True,nid004845,59118635
SparseHNSW_Bloom2_30_b4_s0x0_p256,M=48 efC=1600 ef=50 alpha=0.85 beta=4 q=u8 pat=256 bloomH=2 bloomT=30 bloomSrc=pruned,64,0.8389684814,0.9450,4958.6141,8.6912,0.0000,0.079591,0.079591;0.079591;0.079402,11.402722,87698.36,,14.53,0,6980,10,True,nid004845,59118635
SparseHNSW_Bloom2_30_b4_s0x0_p256,M=48 efC=1600 ef=100 alpha=0.85 beta=4 q=u8 pat=256 bloomH=2 bloomT=30 bloomSrc=pruned,64,0.8611461318,0.9649,4958.6141,8.6912,0.0000,0.132417,0.133146;0.132416;0.132417,18.970917,52712.27,,14.53,0,6980,10,True,nid004845,59118635
SparseHNSW_Bloom2_30_b4_s0x0_p256,M=48 efC=1600 ef=400 alpha=0.85 beta=4 q=u8 pat=256 bloomH=2 bloomT=30 bloomSrc=pruned,64,0.9163753582,0.9851,4958.6141,8.6912,0.0000,0.344655,0.344897;0.344360;0.344655,49.377507,20252.14,,14.53,0,6980,10,True,nid004845,59118635
SparseHNSW_Bloom2_30_b4_s0x0_p256,M=48 efC=1600 ef=800 alpha=0.85 beta=4 q=u8 pat=256 bloomH=2 bloomT=30 bloomSrc=pruned,64,0.9528510029,0.9907,4958.6141,8.6912,0.0000,0.354981,0.354638;0.354981;0.355854,50.856877,19663.02,,14.53,0,6980,10,True,nid004845,59118635
SparseHNSW_Bloom2_30_b4_s0x0_p256,M=48 efC=1600 ef=1600 alpha=0.85 beta=4 q=u8 pat=256 bloomH=2 bloomT=30 bloomSrc=pruned,64,0.9782378223,0.9947,4958.6141,8.6912,0.0000,0.360631,0.360631;0.360148;0.360971,51.666332,19354.96,,14.53,0,6980,10,True,nid004845,59118635
SparseHNSW_Bloom2_30_b4_s0x0_p256,M=48 efC=1600 ef=3200 alpha=0.85 beta=4 q=u8 pat=256 bloomH=2 bloomT=30 bloomSrc=pruned,64,0.9890974212,0.9973,4958.6141,8.6912,0.0000,0.383530,0.383358;0.384191;0.383530,54.946991,18199.36,,14.53,0,6980,10,True,nid004845,59118635
SparseHNSW_Bloom2_30_b4_s0x0_p256,M=48 efC=1600 ef=6400 alpha=0.85 beta=4 q=u8 pat=256 bloomH=2 bloomT=30 bloomSrc=pruned,64,0.9944555874,0.9989,4958.6141,8.6912,0.0000,0.441910,0.441910;0.442468;0.441642,63.310888,15795.07,,14.53,0,6980,10,True,nid004845,59118635
SparseHNSW_Bloom2_30_b5_s0x0_p256,M=48 efC=1600 ef=10 alpha=0.85 beta=5 q=u8 pat=256 bloomH=2 bloomT=30 bloomSrc=pruned,64,0.8390401146,0.9450,4958.6141,8.6912,0.0000,0.079869,0.079839;0.079869;0.080439,11.442550,87393.11,,14.53,0,6980,10,True,nid004845,59118635
SparseHNSW_Bloom2_30_b5_s0x0_p256,M=48 efC=1600 ef=20 alpha=0.85 beta=5 q=u8 pat=256 bloomH=2 bloomT=30 bloomSrc=pruned,64,0.8390401146,0.9450,4958.6141,8.6912,0.0000,0.080010,0.080273;0.080010;0.079788,11.462751,87239.10,,14.53,0,6980,10,True,nid004845,59118635
SparseHNSW_Bloom2_30_b5_s0x0_p256,M=48 efC=1600 ef=50 alpha=0.85 beta=5 q=u8 pat=256 bloomH=2 bloomT=30 bloomSrc=pruned,64,0.8390401146,0.9450,4958.6141,8.6912,0.0000,0.079951,0.080069;0.079951;0.079852,11.454298,87303.47,,14.53,0,6980,10,True,nid004845,59118635
SparseHNSW_Bloom2_30_b5_s0x0_p256,M=48 efC=1600 ef=100 alpha=0.85 beta=5 q=u8 pat=256 bloomH=2 bloomT=30 bloomSrc=pruned,64,0.8612607450,0.9649,4958.6141,8.6912,0.0000,0.133059,0.132789;0.133502;0.133059,19.062894,52457.93,,14.53,0,6980,10,True,nid004845,59118635
SparseHNSW_Bloom2_30_b5_s0x0_p256,M=48 efC=1600 ef=400 alpha=0.85 beta=5 q=u8 pat=256 bloomH=2 bloomT=30 bloomSrc=pruned,64,0.9166475645,0.9852,4958.6141,8.6912,0.0000,0.356840,0.357166;0.356840;0.355982,51.123209,19560.59,,14.53,0,6980,10,True,nid004845,59118635
SparseHNSW_Bloom2_30_b5_s0x0_p256,M=48 efC=1600 ef=800 alpha=0.85 beta=5 q=u8 pat=256 bloomH=2 bloomT=30 bloomSrc=pruned,64,0.9531375358,0.9911,4958.6141,8.6912,0.0000,0.371278,0.371278;0.371284;0.370754,53.191691,18799.93,,14.53,0,6980,10,True,nid004845,59118635
SparseHNSW_Bloom2_30_b5_s0x0_p256,M=48 efC=1600 ef=1600 alpha=0.85 beta=5 q=u8 pat=256 bloomH=2 bloomT=30 bloomSrc=pruned,64,0.9784383954,0.9947,4958.6141,8.6912,0.0000,0.373809,0.373740;0.373809;0.374212,53.554298,18672.64,,14.53,0,6980,10,True,nid004845,59118635
SparseHNSW_Bloom2_30_b5_s0x0_p256,M=48 efC=1600 ef=3200 alpha=0.85 beta=5 q=u8 pat=256 bloomH=2 bloomT=30 bloomSrc=pruned,64,0.9893123209,0.9974,4958.6141,8.6912,0.0000,0.395696,0.396088;0.394998;0.395696,56.689971,17639.80,,14.53,0,6980,10,True,nid004845,59118635
SparseHNSW_Bloom2_30_b5_s0x0_p256,M=48 efC=1600 ef=6400 alpha=0.85 beta=5 q=u8 pat=256 bloomH=2 bloomT=30 bloomSrc=pruned,64,0.9946704871,0.9990,4958.6141,8.6912,0.0000,0.454667,0.454312;0.454667;0.454794,65.138539,15351.89,,14.53,0,6980,10,True,nid004845,59118635
SparseHNSW_Bloom2_30_b8_s0x0_p256,M=48 efC=1600 ef=10 alpha=0.85 beta=8 q=u8 pat=256 bloomH=2 bloomT=30 bloomSrc=pruned,64,0.8548853868,0.9597,4958.6141,8.6912,0.0000,0.114212,0.114026;0.114212;0.114540,16.362751,61114.42,,14.53,0,6980,10,True,nid004845,59118635
SparseHNSW_Bloom2_30_b8_s0x0_p256,M=48 efC=1600 ef=20 alpha=0.85 beta=8 q=u8 pat=256 bloomH=2 bloomT=30 bloomSrc=pruned,64,0.8548853868,0.9597,4958.6141,8.6912,0.0000,0.114246,0.114246;0.114708;0.114102,16.367622,61096.23,,14.53,0,6980,10,True,nid004845,59118635
SparseHNSW_Bloom2_30_b8_s0x0_p256,M=48 efC=1600 ef=50 alpha=0.85 beta=8 q=u8 pat=256 bloomH=2 bloomT=30 bloomSrc=pruned,64,0.8548853868,0.9597,4958.6141,8.6912,0.0000,0.114336,0.114416;0.114079;0.114336,16.380516,61048.14,,14.53,0,6980,10,True,nid004845,59118635
SparseHNSW_Bloom2_30_b8_s0x0_p256,M=48 efC=1600 ef=100 alpha=0.85 beta=8 q=u8 pat=256 bloomH=2 bloomT=30 bloomSrc=pruned,64,0.8613323782,0.9649,4958.6141,8.6912,0.0000,0.135452,0.135452;0.136042;0.134927,19.405731,51531.17,,14.53,0,6980,10,True,nid004845,59118635
SparseHNSW_Bloom2_30_b8_s0x0_p256,M=48 efC=1600 ef=400 alpha=0.85 beta=8 q=u8 pat=256 bloomH=2 bloomT=30 bloomSrc=pruned,64,0.9168481375,0.9857,4958.6141,8.6912,0.0000,0.385969,0.386364;0.385900;0.385969,55.296418,18084.35,,14.53,0,6980,10,True,nid004845,59118635
SparseHNSW_Bloom2_30_b8_s0x0_p256,M=48 efC=1600 ef=800 alpha=0.85 beta=8 q=u8 pat=256 bloomH=2 bloomT=30 bloomSrc=pruned,64,0.9533954155,0.9917,4958.6141,8.6912,0.0000,0.418334,0.418334;0.418811;0.418031,59.933238,16685.23,,14.53,0,6980,10,True,nid004845,59118635
SparseHNSW_Bloom2_30_b8_s0x0_p256,M=48 efC=1600 ef=1600 alpha=0.85 beta=8 q=u8 pat=256 bloomH=2 bloomT=30 bloomSrc=pruned,64,0.9786676218,0.9947,4958.6141,8.6912,0.0000,0.416296,0.416726;0.415679;0.416296,59.641261,16766.92,,14.53,0,6980,10,True,nid004845,59118635
SparseHNSW_Bloom2_30_b8_s0x0_p256,M=48 efC=1600 ef=3200 alpha=0.85 beta=8 q=u8 pat=256 bloomH=2 bloomT=30 bloomSrc=pruned,64,0.9895128940,0.9976,4958.6141,8.6912,0.0000,0.433510,0.432215;0.434331;0.433510,62.107450,16101.13,,14.53,0,6980,10,True,nid004845,59118635
SparseHNSW_Bloom2_30_b8_s0x0_p256,M=48 efC=1600 ef=6400 alpha=0.85 beta=8 q=u8 pat=256 bloomH=2 bloomT=30 bloomSrc=pruned,64,0.9948567335,0.9990,4958.6141,8.6912,0.0000,0.491556,0.491556;0.491650;0.491234,70.423496,14199.81,,14.53,0,6980,10,True,nid004845,59118635
SparseHNSW_Bloom2_30_b12_s0x0_p256,M=48 efC=1600 ef=10 alpha=0.85 beta=12 q=u8 pat=256 bloomH=2 bloomT=30 bloomSrc=pruned,64,0.8655444126,0.9672,4958.6141,8.6912,0.0000,0.158640,0.158696;0.158640;0.157867,22.727794,43998.99,,14.53,0,6980,10,True,nid004845,59118635
SparseHNSW_Bloom2_30_b12_s0x0_p256,M=48 efC=1600 ef=20 alpha=0.85 beta=12 q=u8 pat=256 bloomH=2 bloomT=30 bloomSrc=pruned,64,0.8655444126,0.9672,4958.6141,8.6912,0.0000,0.158385,0.158385;0.158578;0.157869,22.691261,44069.83,,14.53,0,6980,10,True,nid004845,59118635
SparseHNSW_Bloom2_30_b12_s0x0_p256,M=48 efC=1600 ef=50 alpha=0.85 beta=12 q=u8 pat=256 bloomH=2 bloomT=30 bloomSrc=pruned,64,0.8655444126,0.9672,4958.6141,8.6912,0.0000,0.158244,0.158244;0.158584;0.158021,22.671060,44109.10,,14.53,0,6980,10,True,nid004845,59118635
SparseHNSW_Bloom2_30_b12_s0x0_p256,M=48 efC=1600 ef=100 alpha=0.85 beta=12 q=u8 pat=256 bloomH=2 bloomT=30 bloomSrc=pruned,64,0.8655444126,0.9672,4958.6141,8.6912,0.0000,0.158679,0.158741;0.158679;0.158471,22.733381,43988.18,,14.53,0,6980,10,True,nid004845,59118635
SparseHNSW_Bloom2_30_b12_s0x0_p256,M=48 efC=1600 ef=400 alpha=0.85 beta=12 q=u8 pat=256 bloomH=2 bloomT=30 bloomSrc=pruned,64,0.9169197708,0.9858,4958.6141,8.6912,0.0000,0.410720,0.410975;0.410170;0.410720,58.842407,16994.55,,14.53,0,6980,10,True,nid004845,59118635
SparseHNSW_Bloom2_30_b12_s0x0_p256,M=48 efC=1600 ef=800 alpha=0.85 beta=12 q=u8 pat=256 bloomH=2 bloomT=30 bloomSrc=pruned,64,0.9535243553,0.9918,4958.6141,8.6912,0.0000,0.481189,0.479511;0.481189;0.481333,68.938252,14505.73,,14.53,0,6980,10,True,nid004845,59118635
SparseHNSW_Bloom2_30_b12_s0x0_p256,M=48 efC=1600 ef=1600 alpha=0.85 beta=12 q=u8 pat=256 bloomH=2 bloomT=30 bloomSrc=pruned,64,0.9789255014,0.9953,4958.6141,8.6912,0.0000,0.475813,0.475813;0.474941;0.476137,68.168052,14669.63,,14.53,0,6980,10,True,nid004845,59118635
SparseHNSW_Bloom2_30_b12_s0x0_p256,M=48 efC=1600 ef=3200 alpha=0.85 beta=12 q=u8 pat=256 bloomH=2 bloomT=30 bloomSrc=pruned,64,0.9896561605,0.9977,4958.6141,8.6912,0.0000,0.482335,0.482335;0.482306;0.483085,69.102436,14471.27,,14.53,0,6980,10,True,nid004845,59118635
SparseHNSW_Bloom2_30_b12_s0x0_p256,M=48 efC=1600 ef=6400 alpha=0.85 beta=12 q=u8 pat=256 bloomH=2 bloomT=30 bloomSrc=pruned,64,0.9949283668,0.9990,4958.6141,8.6912,0.0000,0.538596,0.539365;0.538596;0.538536,77.162751,12959.62,,14.53,0,6980,10,True,nid004845,59118635
SparseHNSW_Bloom2_30_b16_s0x0_p256,M=48 efC=1600 ef=10 alpha=0.85 beta=16 q=u8 pat=256 bloomH=2 bloomT=30 bloomSrc=pruned,64,0.8743553009,0.9716,4958.6141,8.6912,0.0000,0.200452,0.199679;0.200452;0.200543,28.718052,34821.30,,14.53,0,6980,10,True,nid004845,59118635
SparseHNSW_Bloom2_30_b16_s0x0_p256,M=48 efC=1600 ef=20 alpha=0.85 beta=16 q=u8 pat=256 bloomH=2 bloomT=30 bloomSrc=pruned,64,0.8743553009,0.9716,4958.6141,8.6912,0.0000,0.200005,0.200081;0.200005;0.199754,28.654011,34899.13,,14.53,0,6980,10,True,nid004845,59118635
SparseHNSW_Bloom2_30_b16_s0x0_p256,M=48 efC=1600 ef=50 alpha=0.85 beta=16 q=u8 pat=256 bloomH=2 bloomT=30 bloomSrc=pruned,64,0.8743553009,0.9716,4958.6141,8.6912,0.0000,0.200173,0.200252;0.200173;0.199857,28.678080,34869.84,,14.53,0,6980,10,True,nid004845,59118635
SparseHNSW_Bloom2_30_b16_s0x0_p256,M=48 efC=1600 ef=100 alpha=0.85 beta=16 q=u8 pat=256 bloomH=2 bloomT=30 bloomSrc=pruned,64,0.8743553009,0.9716,4958.6141,8.6912,0.0000,0.200461,0.200461;0.200565;0.199974,28.719341,34819.74,,14.53,0,6980,10,True,nid004845,59118635
SparseHNSW_Bloom2_30_b16_s0x0_p256,M=48 efC=1600 ef=400 alpha=0.85 beta=16 q=u8 pat=256 bloomH=2 bloomT=30 bloomSrc=pruned,64,0.9170630372,0.9860,4958.6141,8.6912,0.0000,0.422965,0.422728;0.423570;0.422965,60.596705,16502.55,,14.53,0,6980,10,True,nid004845,59118635
SparseHNSW_Bloom2_30_b16_s0x0_p256,M=48 efC=1600 ef=800 alpha=0.85 beta=16 q=u8 pat=256 bloomH=2 bloomT=30 bloomSrc=pruned,64,0.9537822350,0.9921,4958.6141,8.6912,0.0000,0.538636,0.538343;0.538636;0.539263,77.168481,12958.66,,14.53,0,6980,10,True,nid004845,59118635
SparseHNSW_Bloom2_30_b16_s0x0_p256,M=48 efC=1600 ef=1600 alpha=0.85 beta=16 q=u8 pat=256 bloomH=2 bloomT=30 bloomSrc=pruned,64,0.9790830946,0.9954,4958.6141,8.6912,0.0000,0.535418,0.535433;0.534819;0.535418,76.707450,13036.54,,14.53,0,6980,10,True,nid004845,59118635
SparseHNSW_Bloom2_30_b16_s0x0_p256,M=48 efC=1600 ef=3200 alpha=0.85 beta=16 q=u8 pat=256 bloomH=2 bloomT=30 bloomSrc=pruned,64,0.9897277937,0.9979,4958.6141,8.6912,0.0000,0.535468,0.534931;0.535468;0.536047,76.714613,13035.33,,14.53,0,6980,10,True,nid004845,59118635
SparseHNSW_Bloom2_30_b16_s0x0_p256,M=48 efC=1600 ef=6400 alpha=0.85 beta=16 q=u8 pat=256 bloomH=2 bloomT=30 bloomSrc=pruned,64,0.9951432665,0.9991,4958.6141,8.6912,0.0000,0.585497,0.585497;0.586226;0.585059,83.882092,11921.50,,14.53,0,6980,10,True,nid004845,59118635
SparseHNSW_Bloom2_30_b3_s8x4_p256,M=48 efC=1600 ef=10 alpha=0.85 beta=3 q=u8 seedT=8 seedH=8 seedS=4 pat=256 bloomH=2 bloomT=30 bloomSrc=pruned,64,0.8446991404,0.9683,4958.6141,8.6912,0.0000,0.055343,0.054352;0.055439;0.055343,7.928797,126122.54,,14.53,0,6980,10,True,nid004845,59118635
SparseHNSW_Bloom2_30_b3_s8x4_p256,M=48 efC=1600 ef=20 alpha=0.85 beta=3 q=u8 seedT=8 seedH=8 seedS=4 pat=256 bloomH=2 bloomT=30 bloomSrc=pruned,64,0.8446991404,0.9683,4958.6141,8.6912,0.0000,0.055601,0.055584;0.055601;0.055700,7.965759,125537.31,,14.53,0,6980,10,True,nid004845,59118635
SparseHNSW_Bloom2_30_b3_s8x4_p256,M=48 efC=1600 ef=50 alpha=0.85 beta=3 q=u8 seedT=8 seedH=8 seedS=4 pat=256 bloomH=2 bloomT=30 bloomSrc=pruned,64,0.8600859599,0.9765,4958.6141,8.6912,0.0000,0.075439,0.075344;0.075562;0.075439,10.807880,92525.09,,14.53,0,6980,10,True,nid004845,59118635
SparseHNSW_Bloom2_30_b3_s8x4_p256,M=48 efC=1600 ef=100 alpha=0.85 beta=3 q=u8 seedT=8 seedH=8 seedS=4 pat=256 bloomH=2 bloomT=30 bloomSrc=pruned,64,0.8771776504,0.9850,4958.6141,8.6912,0.0000,0.129759,0.129584;0.130014;0.129759,18.590115,53792.03,,14.53,0,6980,10,True,nid004845,59118635
SparseHNSW_Bloom2_30_b3_s8x4_p256,M=48 efC=1600 ef=400 alpha=0.85 beta=3 q=u8 seedT=8 seedH=8 seedS=4 pat=256 bloomH=2 bloomT=30 bloomSrc=pruned,64,0.9437679083,0.9964,4958.6141,8.6912,0.0000,0.326961,0.326676;0.326961;0.327037,46.842550,21348.11,,14.53,0,6980,10,True,nid004845,59118635
SparseHNSW_Bloom2_30_b3_s8x4_p256,M=48 efC=1600 ef=800 alpha=0.85 beta=3 q=u8 seedT=8 seedH=8 seedS=4 pat=256 bloomH=2 bloomT=30 bloomSrc=pruned,64,0.9736676218,0.9984,4958.6141,8.6912,0.0000,0.332071,0.332320;0.331415;0.332071,47.574642,21019.60,,14.53,0,6980,10,True,nid004845,59118635
SparseHNSW_Bloom2_30_b3_s8x4_p256,M=48 efC=1600 ef=1600 alpha=0.85 beta=3 q=u8 seedT=8 seedH=8 seedS=4 pat=256 bloomH=2 bloomT=30 bloomSrc=pruned,64,0.9870343840,0.9990,4958.6141,8.6912,0.0000,0.343754,0.343961;0.343587;0.343754,49.248424,20305.22,,14.53,0,6980,10,True,nid004845,59118635
SparseHNSW_Bloom2_30_b3_s8x4_p256,M=48 efC=1600 ef=3200 alpha=0.85 beta=3 q=u8 seedT=8 seedH=8 seedS=4 pat=256 bloomH=2 bloomT=30 bloomSrc=pruned,64,0.9922492837,0.9996,4958.6141,8.6912,0.0000,0.369672,0.369672;0.369196;0.369785,52.961605,18881.60,,14.53,0,6980,10,True,nid004845,59118635
SparseHNSW_Bloom2_30_b3_s8x4_p256,M=48 efC=1600 ef=6400 alpha=0.85 beta=3 q=u8 seedT=8 seedH=8 seedS=4 pat=256 bloomH=2 bloomT=30 bloomSrc=pruned,64,0.9947134670,0.9997,4958.6141,8.6912,0.0000,0.428442,0.427243;0.428465;0.428442,61.381375,16291.59,,14.53,0,6980,10,True,nid004845,59118635
SparseHNSW_Bloom2_30_b4_s8x4_p256,M=48 efC=1600 ef=10 alpha=0.85 beta=4 q=u8 seedT=8 seedH=8 seedS=4 pat=256 bloomH=2 bloomT=30 bloomSrc=pruned,64,0.8547994269,0.9745,4958.6141,8.6912,0.0000,0.064514,0.064319;0.065075;0.064514,9.242693,108193.57,,14.53,0,6980,10,True,nid004845,59118635
SparseHNSW_Bloom2_30_b4_s8x4_p256,M=48 efC=1600 ef=20 alpha=0.85 beta=4 q=u8 seedT=8 seedH=8 seedS=4 pat=256 bloomH=2 bloomT=30 bloomSrc=pruned,64,0.8547994269,0.9745,4958.6141,8.6912,0.0000,0.064474,0.064474;0.064547;0.064322,9.236963,108260.69,,14.53,0,6980,10,True,nid004845,59118635
SparseHNSW_Bloom2_30_b4_s8x4_p256,M=48 efC=1600 ef=50 alpha=0.85 beta=4 q=u8 seedT=8 seedH=8 seedS=4 pat=256 bloomH=2 bloomT=30 bloomSrc=pruned,64,0.8604871060,0.9765,4958.6141,8.6912,0.0000,0.076022,0.076022;0.076620;0.075959,10.891404,91815.53,,14.53,0,6980,10,True,nid004845,59118635
SparseHNSW_Bloom2_30_b4_s8x4_p256,M=48 efC=1600 ef=100 alpha=0.85 beta=4 q=u8 seedT=8 seedH=8 seedS=4 pat=256 bloomH=2 bloomT=30 bloomSrc=pruned,64,0.8776361032,0.9850,4958.6141,8.6912,0.0000,0.130335,0.130186;0.130335;0.130368,18.672636,53554.30,,14.53,0,6980,10,True,nid004845,59118635
SparseHNSW_Bloom2_30_b4_s8x4_p256,M=48 efC=1600 ef=400 alpha=0.85 beta=4 q=u8 seedT=8 seedH=8 seedS=4 pat=256 bloomH=2 bloomT=30 bloomSrc=pruned,64,0.9444412607,0.9964,4958.6141,8.6912,0.0000,0.339281,0.339281;0.339442;0.338402,48.607593,20572.92,,14.53,0,6980,10,True,nid004845,59118635
SparseHNSW_Bloom2_30_b4_s8x4_p256,M=48 efC=1600 ef=800 alpha=0.85 beta=4 q=u8 seedT=8 seedH=8 seedS=4 pat=256 bloomH=2 bloomT=30 bloomSrc=pruned,64,0.9743553009,0.9984,4958.6141,8.6912,0.0000,0.346831,0.346831;0.346181;0.347236,49.689255,20125.08,,14.53,0,6980,10,True,nid004845,59118635
SparseHNSW_Bloom2_30_b4_s8x4_p256,M=48 efC=1600 ef=1600 alpha=0.85 beta=4 q=u8 seedT=8 seedH=8 seedS=4 pat=256 bloomH=2 bloomT=30 bloomSrc=pruned,64,0.9876934097,0.9990,4958.6141,8.6912,0.0000,0.356553,0.356036;0.356553;0.356658,51.082092,19576.33,,14.53,0,6980,10,True,nid004845,59118635
SparseHNSW_Bloom2_30_b4_s8x4_p256,M=48 efC=1600 ef=3200 alpha=0.85 beta=4 q=u8 seedT=8 seedH=8 seedS=4 pat=256 bloomH=2 bloomT=30 bloomSrc=pruned,64,0.9929226361,0.9996,4958.6141,8.6912,0.0000,0.381542,0.381542;0.381929;0.381316,54.662178,18294.19,,14.53,0,6980,10,True,nid004845,59118635
SparseHNSW_Bloom2_30_b4_s8x4_p256,M=48 efC=1600 ef=6400 alpha=0.85 beta=4 q=u8 seedT=8 seedH=8 seedS=4 pat=256 bloomH=2 bloomT=30 bloomSrc=pruned,64,0.9953868195,0.9997,4958.6141,8.6912,0.0000,0.440485,0.440304;0.440814;0.440485,63.106734,15846.17,,14.53,0,6980,10,True,nid004845,59118635
SparseHNSW_Bloom2_30_b5_s8x4_p256,M=48 efC=1600 ef=10 alpha=0.85 beta=5 q=u8 seedT=8 seedH=8 seedS=4 pat=256 bloomH=2 bloomT=30 bloomSrc=pruned,64,0.8605730659,0.9765,4958.6141,8.6912,0.0000,0.076510,0.076269;0.076510;0.077053,10.961318,91229.90,,14.53,0,6980,10,True,nid004845,59118635
SparseHNSW_Bloom2_30_b5_s8x4_p256,M=48 efC=1600 ef=20 alpha=0.85 beta=5 q=u8 seedT=8 seedH=8 seedS=4 pat=256 bloomH=2 bloomT=30 bloomSrc=pruned,64,0.8605730659,0.9765,4958.6141,8.6912,0.0000,0.076880,0.076763;0.076880;0.077047,11.014327,90790.84,,14.53,0,6980,10,True,nid004845,59118635
SparseHNSW_Bloom2_30_b5_s8x4_p256,M=48 efC=1600 ef=50 alpha=0.85 beta=5 q=u8 seedT=8 seedH=8 seedS=4 pat=256 bloomH=2 bloomT=30 bloomSrc=pruned,64,0.8605730659,0.9765,4958.6141,8.6912,0.0000,0.076799,0.076968;0.076799;0.076714,11.002722,90886.60,,14.53,0,6980,10,True,nid004845,59118635
SparseHNSW_Bloom2_30_b5_s8x4_p256,M=48 efC=1600 ef=100 alpha=0.85 beta=5 q=u8 seedT=8 seedH=8 seedS=4 pat=256 bloomH=2 bloomT=30 bloomSrc=pruned,64,0.8777507163,0.9850,4958.6141,8.6912,0.0000,0.131431,0.131622;0.130692;0.131431,18.829656,53107.71,,14.53,0,6980,10,True,nid004845,59118635
SparseHNSW_Bloom2_30_b5_s8x4_p256,M=48 efC=1600 ef=400 alpha=0.85 beta=5 q=u8 seedT=8 seedH=8 seedS=4 pat=256 bloomH=2 bloomT=30 bloomSrc=pruned,64,0.9445988539,0.9964,4958.6141,8.6912,0.0000,0.350927,0.350727;0.351340;0.350927,50.276074,19890.18,,14.53,0,6980,10,True,nid004845,59118635
SparseHNSW_Bloom2_30_b5_s8x4_p256,M=48 efC=1600 ef=800 alpha=0.85 beta=5 q=u8 seedT=8 seedH=8 seedS=4 pat=256 bloomH=2 bloomT=30 bloomSrc=pruned,64,0.9745558739,0.9984,4958.6141,8.6912,0.0000,0.361500,0.361500;0.360523;0.361767,51.790831,19308.44,,14.53,0,6980,10,True,nid004845,59118635
SparseHNSW_Bloom2_30_b5_s8x4_p256,M=48 efC=1600 ef=1600 alpha=0.85 beta=5 q=u8 seedT=8 seedH=8 seedS=4 pat=256 bloomH=2 bloomT=30 bloomSrc=pruned,64,0.9879083095,0.9990,4958.6141,8.6912,0.0000,0.368635,0.367962;0.368635;0.369270,52.813037,18934.72,,14.53,0,6980,10,True,nid004845,59118635
SparseHNSW_Bloom2_30_b5_s8x4_p256,M=48 efC=1600 ef=3200 alpha=0.85 beta=5 q=u8 seedT=8 seedH=8 seedS=4 pat=256 bloomH=2 bloomT=30 bloomSrc=pruned,64,0.9931948424,0.9997,4958.6141,8.6912,0.0000,0.393554,0.393554;0.394498;0.392867,56.383095,17735.81,,14.53,0,6980,10,True,nid004845,59118635
SparseHNSW_Bloom2_30_b5_s8x4_p256,M=48 efC=1600 ef=6400 alpha=0.85 beta=5 q=u8 seedT=8 seedH=8 seedS=4 pat=256 bloomH=2 bloomT=30 bloomSrc=pruned,64,0.9956017192,0.9999,4958.6141,8.6912,0.0000,0.454156,0.454746;0.454099;0.454156,65.065330,15369.17,,14.53,0,6980,10,True,nid004845,59118635
SparseHNSW_Bloom2_30_b8_s8x4_p256,M=48 efC=1600 ef=10 alpha=0.85 beta=8 q=u8 seedT=8 seedH=8 seedS=4 pat=256 bloomH=2 bloomT=30 bloomSrc=pruned,64,0.8705587393,0.9825,4958.6141,8.6912,0.0000,0.112189,0.112099;0.112189;0.112618,16.072923,62216.44,,14.53,0,6980,10,True,nid004845,59118635
SparseHNSW_Bloom2_30_b8_s8x4_p256,M=48 efC=1600 ef=20 alpha=0.85 beta=8 q=u8 seedT=8 seedH=8 seedS=4 pat=256 bloomH=2 bloomT=30 bloomSrc=pruned,64,0.8705587393,0.9825,4958.6141,8.6912,0.0000,0.112281,0.112281;0.112424;0.111817,16.086103,62165.46,,14.53,0,6980,10,True,nid004845,59118635
SparseHNSW_Bloom2_30_b8_s8x4_p256,M=48 efC=1600 ef=50 alpha=0.85 beta=8 q=u8 seedT=8 seedH=8 seedS=4 pat=256 bloomH=2 bloomT=30 bloomSrc=pruned,64,0.8705587393,0.9825,4958.6141,8.6912,0.0000,0.112090,0.112369;0.111969;0.112090,16.058739,62271.39,,14.53,0,6980,10,True,nid004845,59118635
SparseHNSW_Bloom2_30_b8_s8x4_p256,M=48 efC=1600 ef=100 alpha=0.85 beta=8 q=u8 seedT=8 seedH=8 seedS=4 pat=256 bloomH=2 bloomT=30 bloomSrc=pruned,64,0.8778223496,0.9850,4958.6141,8.6912,0.0000,0.132838,0.132838;0.132184;0.133303,19.031232,52545.21,,14.53,0,6980,10,True,nid004845,59118635
SparseHNSW_Bloom2_30_b8_s8x4_p256,M=48 efC=1600 ef=400 alpha=0.85 beta=8 q=u8 seedT=8 seedH=8 seedS=4 pat=256 bloomH=2 bloomT=30 bloomSrc=pruned,64,0.9446991404,0.9966,4958.6141,8.6912,0.0000,0.382603,0.381819;0.382669;0.382603,54.814183,18243.45,,14.53,0,6980,10,True,nid004845,59118635
SparseHNSW_Bloom2_30_b8_s8x4_p256,M=48 efC=1600 ef=800 alpha=0.85 beta=8 q=u8 seedT=8 seedH=8 seedS=4 pat=256 bloomH=2 bloomT=30 bloomSrc=pruned,64,0.9747994269,0.9987,4958.6141,8.6912,0.0000,0.408030,0.408233;0.406966;0.408030,58.457020,17106.59,,14.53,0,6980,10,True,nid004845,59118635
SparseHNSW_Bloom2_30_b8_s8x4_p256,M=48 efC=1600 ef=1600 alpha=0.85 beta=8 q=u8 seedT=8 seedH=8 seedS=4 pat=256 bloomH=2 bloomT=30 bloomSrc=pruned,64,0.9881518625,0.9990,4958.6141,8.6912,0.0000,0.410169,0.409996;0.410169;0.411378,58.763467,17017.38,,14.53,0,6980,10,True,nid004845,59118635
SparseHNSW_Bloom2_30_b8_s8x4_p256,M=48 efC=1600 ef=3200 alpha=0.85 beta=8 q=u8 seedT=8 seedH=8 seedS=4 pat=256 bloomH=2 bloomT=30 bloomSrc=pruned,64,0.9933810888,0.9997,4958.6141,8.6912,0.0000,0.431822,0.430619;0.431911;0.431822,61.865616,16164.07,,14.53,0,6980,10,True,nid004845,59118635
SparseHNSW_Bloom2_30_b8_s8x4_p256,M=48 efC=1600 ef=6400 alpha=0.85 beta=8 q=u8 seedT=8 seedH=8 seedS=4 pat=256 bloomH=2 bloomT=30 bloomSrc=pruned,64,0.9957593123,0.9999,4958.6141,8.6912,0.0000,0.491397,0.491675;0.491003;0.491397,70.400716,14204.40,,14.53,0,6980,10,True,nid004845,59118635
SparseHNSW_Bloom2_30_b12_s8x4_p256,M=48 efC=1600 ef=10 alpha=0.85 beta=12 q=u8 seedT=8 seedH=8 seedS=4 pat=256 bloomH=2 bloomT=30 bloomSrc=pruned,64,0.8839111748,0.9878,4958.6141,8.6912,0.0000,0.155795,0.155795;0.155674;0.156109,22.320201,44802.46,,14.53,0,6980,10,True,nid004845,59118635
SparseHNSW_Bloom2_30_b12_s8x4_p256,M=48 efC=1600 ef=20 alpha=0.85 beta=12 q=u8 seedT=8 seedH=8 seedS=4 pat=256 bloomH=2 bloomT=30 bloomSrc=pruned,64,0.8839111748,0.9878,4958.6141,8.6912,0.0000,0.155287,0.155287;0.155288;0.155124,22.247421,44949.03,,14.53,0,6980,10,True,nid004845,59118635
SparseHNSW_Bloom2_30_b12_s8x4_p256,M=48 efC=1600 ef=50 alpha=0.85 beta=12 q=u8 seedT=8 seedH=8 seedS=4 pat=256 bloomH=2 bloomT=30 bloomSrc=pruned,64,0.8839111748,0.9878,4958.6141,8.6912,0.0000,0.156088,0.155997;0.156178;0.156088,22.362178,44718.36,,14.53,0,6980,10,True,nid004845,59118635
SparseHNSW_Bloom2_30_b12_s8x4_p256,M=48 efC=1600 ef=100 alpha=0.85 beta=12 q=u8 seedT=8 seedH=8 seedS=4 pat=256 bloomH=2 bloomT=30 bloomSrc=pruned,64,0.8839111748,0.9878,4958.6141,8.6912,0.0000,0.155713,0.155426;0.155713;0.156318,22.308453,44826.06,,14.53,0,6980,10,True,nid004845,59118635
SparseHNSW_Bloom2_30_b12_s8x4_p256,M=48 efC=1600 ef=400 alpha=0.85 beta=12 q=u8 seedT=8 seedH=8 seedS=4 pat=256 bloomH=2 bloomT=30 bloomSrc=pruned,64,0.9447277937,0.9966,4958.6141,8.6912,0.0000,0.409067,0.409837;0.408682;0.409067,58.605587,17063.22,,14.53,0,6980,10,True,nid004845,59118635
SparseHNSW_Bloom2_30_b12_s8x4_p256,M=48 efC=1600 ef=800 alpha=0.85 beta=12 q=u8 seedT=8 seedH=8 seedS=4 pat=256 bloomH=2 bloomT=30 bloomSrc=pruned,64,0.9748710602,0.9987,4958.6141,8.6912,0.0000,0.471223,0.471264;0.471091;0.471223,67.510458,14812.52,,14.53,0,6980,10,True,nid004845,59118635
SparseHNSW_Bloom2_30_b12_s8x4_p256,M=48 efC=1600 ef=1600 alpha=0.85 beta=12 q=u8 seedT=8 seedH=8 seedS=4 pat=256 bloomH=2 bloomT=30 bloomSrc=pruned,64,0.9882951289,0.9991,4958.6141,8.6912,0.0000,0.471401,0.472070;0.471401;0.470588,67.535960,14806.93,,14.53,0,6980,10,True,nid004845,59118635
SparseHNSW_Bloom2_30_b12_s8x4_p256,M=48 efC=1600 ef=3200 alpha=0.85 beta=12 q=u8 seedT=8 seedH=8 seedS=4 pat=256 bloomH=2 bloomT=30 bloomSrc=pruned,64,0.9935530086,0.9999,4958.6141,8.6912,0.0000,0.480147,0.479941;0.480147;0.480658,68.788968,14537.21,,14.53,0,6980,10,True,nid004845,59118635
SparseHNSW_Bloom2_30_b12_s8x4_p256,M=48 efC=1600 ef=6400 alpha=0.85 beta=12 q=u8 seedT=8 seedH=8 seedS=4 pat=256 bloomH=2 bloomT=30 bloomSrc=pruned,64,0.9958882521,0.9999,4958.6141,8.6912,0.0000,0.538483,0.538483;0.538625;0.536976,77.146562,12962.34,,14.53,0,6980,10,True,nid004845,59118635
SparseHNSW_Bloom2_30_b16_s8x4_p256,M=48 efC=1600 ef=10 alpha=0.85 beta=16 q=u8 seedT=8 seedH=8 seedS=4 pat=256 bloomH=2 bloomT=30 bloomSrc=pruned,64,0.8945558739,0.9897,4958.6141,8.6912,0.0000,0.198619,0.198619;0.198206;0.199170,28.455444,35142.66,,14.53,0,6980,10,True,nid004845,59118635
SparseHNSW_Bloom2_30_b16_s8x4_p256,M=48 efC=1600 ef=20 alpha=0.85 beta=16 q=u8 seedT=8 seedH=8 seedS=4 pat=256 bloomH=2 bloomT=30 bloomSrc=pruned,64,0.8945558739,0.9897,4958.6141,8.6912,0.0000,0.198554,0.199195;0.198517;0.198554,28.446132,35154.16,,14.53,0,6980,10,True,nid004845,59118635
SparseHNSW_Bloom2_30_b16_s8x4_p256,M=48 efC=1600 ef=50 alpha=0.85 beta=16 q=u8 seedT=8 seedH=8 seedS=4 pat=256 bloomH=2 bloomT=30 bloomSrc=pruned,64,0.8945558739,0.9897,4958.6141,8.6912,0.0000,0.198219,0.197759;0.198219;0.198638,28.398138,35213.58,,14.53,0,6980,10,True,nid004845,59118635
SparseHNSW_Bloom2_30_b16_s8x4_p256,M=48 efC=1600 ef=100 alpha=0.85 beta=16 q=u8 seedT=8 seedH=8 seedS=4 pat=256 bloomH=2 bloomT=30 bloomSrc=pruned,64,0.8945558739,0.9897,4958.6141,8.6912,0.0000,0.198336,0.198336;0.198730;0.198305,28.414900,35192.80,,14.53,0,6980,10,True,nid004845,59118635
SparseHNSW_Bloom2_30_b16_s8x4_p256,M=48 efC=1600 ef=400 alpha=0.85 beta=16 q=u8 seedT=8 seedH=8 seedS=4 pat=256 bloomH=2 bloomT=30 bloomSrc=pruned,64,0.9447277937,0.9966,4958.6141,8.6912,0.0000,0.422411,0.422411;0.422915;0.421248,60.517335,16524.19,,14.53,0,6980,10,True,nid004845,59118635
SparseHNSW_Bloom2_30_b16_s8x4_p256,M=48 efC=1600 ef=800 alpha=0.85 beta=16 q=u8 seedT=8 seedH=8 seedS=4 pat=256 bloomH=2 bloomT=30 bloomSrc=pruned,64,0.9748853868,0.9987,4958.6141,8.6912,0.0000,0.530665,0.530665;0.531847;0.529613,76.026504,13153.31,,14.53,0,6980,10,True,nid004845,59118635
SparseHNSW_Bloom2_30_b16_s8x4_p256,M=48 efC=1600 ef=1600 alpha=0.85 beta=16 q=u8 seedT=8 seedH=8 seedS=4 pat=256 bloomH=2 bloomT=30 bloomSrc=pruned,64,0.9883237822,0.9991,4958.6141,8.6912,0.0000,0.528444,0.527472;0.528480;0.528444,75.708309,13208.59,,14.53,0,6980,10,True,nid004845,59118635
SparseHNSW_Bloom2_30_b16_s8x4_p256,M=48 efC=1600 ef=3200 alpha=0.85 beta=16 q=u8 seedT=8 seedH=8 seedS=4 pat=256 bloomH=2 bloomT=30 bloomSrc=pruned,64,0.9936246418,1.0000,4958.6141,8.6912,0.0000,0.535335,0.535335;0.536072;0.534870,76.695559,13038.56,,14.53,0,6980,10,True,nid004845,59118635
SparseHNSW_Bloom2_30_b16_s8x4_p256,M=48 efC=1600 ef=6400 alpha=0.85 beta=16 q=u8 seedT=8 seedH=8 seedS=4 pat=256 bloomH=2 bloomT=30 bloomSrc=pruned,64,0.9959169054,0.9999,4958.6141,8.6912,0.0000,0.583680,0.584241;0.583680;0.583435,83.621777,11958.61,,14.53,0,6980,10,True,nid004845,59118635
SparseHNSW_Bloom2_30_b3_s0x0_p512,M=48 efC=1600 ef=10 alpha=0.85 beta=3 q=u8 pat=512 bloomH=2 bloomT=30 bloomSrc=pruned,64,0.8145558739,0.9246,4958.6141,8.6912,0.0000,0.054243,0.054193;0.054559;0.054243,7.771203,128680.20,,14.53,0,6980,10,True,nid004845,59118635
SparseHNSW_Bloom2_30_b3_s0x0_p512,M=48 efC=1600 ef=20 alpha=0.85 beta=3 q=u8 pat=512 bloomH=2 bloomT=30 bloomSrc=pruned,64,0.8145558739,0.9246,4958.6141,8.6912,0.0000,0.054756,0.054975;0.054756;0.054575,7.844699,127474.61,,14.53,0,6980,10,True,nid004845,59118635
SparseHNSW_Bloom2_30_b3_s0x0_p512,M=48 efC=1600 ef=50 alpha=0.85 beta=3 q=u8 pat=512 bloomH=2 bloomT=30 bloomSrc=pruned,64,0.8385816619,0.9450,4958.6141,8.6912,0.0000,0.078910,0.078235;0.078910;0.079064,11.305158,88455.20,,14.53,0,6980,10,True,nid004845,59118635
SparseHNSW_Bloom2_30_b3_s0x0_p512,M=48 efC=1600 ef=100 alpha=0.85 beta=3 q=u8 pat=512 bloomH=2 bloomT=30 bloomSrc=pruned,64,0.8607020057,0.9649,4958.6141,8.6912,0.0000,0.132042,0.132042;0.131288;0.132701,18.917192,52861.97,,14.53,0,6980,10,True,nid004845,59118635
SparseHNSW_Bloom2_30_b3_s0x0_p512,M=48 efC=1600 ef=400 alpha=0.85 beta=3 q=u8 pat=512 bloomH=2 bloomT=30 bloomSrc=pruned,64,0.9163610315,0.9861,4958.6141,8.6912,0.0000,0.416619,0.416592;0.416619;0.417036,59.687536,16753.92,,14.53,0,6980,10,True,nid004845,59118635
SparseHNSW_Bloom2_30_b3_s0x0_p512,M=48 efC=1600 ef=800 alpha=0.85 beta=3 q=u8 pat=512 bloomH=2 bloomT=30 bloomSrc=pruned,64,0.9532378223,0.9926,4958.6141,8.6912,0.0000,0.569262,0.569262;0.569309;0.569007,81.556160,12261.49,,14.53,0,6980,10,True,nid004845,59118635
SparseHNSW_Bloom2_30_b3_s0x0_p512,M=48 efC=1600 ef=1600 alpha=0.85 beta=3 q=u8 pat=512 bloomH=2 bloomT=30 bloomSrc=pruned,64,0.9787392550,0.9958,4958.6141,8.6912,0.0000,0.578999,0.578999;0.578939;0.579378,82.951146,12055.29,,14.53,0,6980,10,True,nid004845,59118635
SparseHNSW_Bloom2_30_b3_s0x0_p512,M=48 efC=1600 ef=3200 alpha=0.85 beta=3 q=u8 pat=512 bloomH=2 bloomT=30 bloomSrc=pruned,64,0.9891977077,0.9980,4958.6141,8.6912,0.0000,0.597963,0.597963;0.597480;0.598184,85.668052,11672.96,,14.53,0,6980,10,True,nid004845,59118635
SparseHNSW_Bloom2_30_b3_s0x0_p512,M=48 efC=1600 ef=6400 alpha=0.85 beta=3 q=u8 pat=512 bloomH=2 bloomT=30 bloomSrc=pruned,64,0.9946275072,0.9996,4958.6141,8.6912,0.0000,0.653497,0.653497;0.653403;0.653674,93.624212,10681.00,,14.53,0,6980,10,True,nid004845,59118635
SparseHNSW_Bloom2_30_b4_s0x0_p512,M=48 efC=1600 ef=10 alpha=0.85 beta=4 q=u8 pat=512 bloomH=2 bloomT=30 bloomSrc=pruned,64,0.8278510029,0.9354,4958.6141,8.6912,0.0000,0.067318,0.067339;0.067318;0.067208,9.644413,103686.98,,14.53,0,6980,10,True,nid004845,59118635
SparseHNSW_Bloom2_30_b4_s0x0_p512,M=48 efC=1600 ef=20 alpha=0.85 beta=4 q=u8 pat=512 bloomH=2 bloomT=30 bloomSrc=pruned,64,0.8278510029,0.9354,4958.6141,8.6912,0.0000,0.067279,0.067406;0.067196;0.067279,9.638825,103747.08,,14.53,0,6980,10,True,nid004845,59118635
SparseHNSW_Bloom2_30_b4_s0x0_p512,M=48 efC=1600 ef=50 alpha=0.85 beta=4 q=u8 pat=512 bloomH=2 bloomT=30 bloomSrc=pruned,64,0.8389684814,0.9450,4958.6141,8.6912,0.0000,0.079656,0.079656;0.079838;0.079272,11.412034,87626.80,,14.53,0,6980,10,True,nid004845,59118635
SparseHNSW_Bloom2_30_b4_s0x0_p512,M=48 efC=1600 ef=100 alpha=0.85 beta=4 q=u8 pat=512 bloomH=2 bloomT=30 bloomSrc=pruned,64,0.8611461318,0.9649,4958.6141,8.6912,0.0000,0.132675,0.132789;0.132195;0.132675,19.007880,52609.76,,14.53,0,6980,10,True,nid004845,59118635
SparseHNSW_Bloom2_30_b4_s0x0_p512,M=48 efC=1600 ef=400 alpha=0.85 beta=4 q=u8 pat=512 bloomH=2 bloomT=30 bloomSrc=pruned,64,0.9169054441,0.9861,4958.6141,8.6912,0.0000,0.417359,0.417359;0.417833;0.416335,59.793553,16724.21,,14.53,0,6980,10,True,nid004845,59118635
SparseHNSW_Bloom2_30_b4_s0x0_p512,M=48 efC=1600 ef=800 alpha=0.85 beta=4 q=u8 pat=512 bloomH=2 bloomT=30 bloomSrc=pruned,64,0.9538681948,0.9926,4958.6141,8.6912,0.0000,0.583375,0.583271;0.583375;0.584102,83.578080,11964.86,,14.53,0,6980,10,True,nid004845,59118635
SparseHNSW_Bloom2_30_b4_s0x0_p512,M=48 efC=1600 ef=1600 alpha=0.85 beta=4 q=u8 pat=512 bloomH=2 bloomT=30 bloomSrc=pruned,64,0.9793982808,0.9960,4958.6141,8.6912,0.0000,0.592964,0.592863;0.592964;0.593261,84.951862,11771.37,,14.53,0,6980,10,True,nid004845,59118635
SparseHNSW_Bloom2_30_b4_s0x0_p512,M=48 efC=1600 ef=3200 alpha=0.85 beta=4 q=u8 pat=512 bloomH=2 bloomT=30 bloomSrc=pruned,64,0.9898853868,0.9980,4958.6141,8.6912,0.0000,0.610625,0.610625;0.611866;0.610476,87.482092,11430.91,,14.53,0,6980,10,True,nid004845,59118635
SparseHNSW_Bloom2_30_b4_s0x0_p512,M=48 efC=1600 ef=6400 alpha=0.85 beta=4 q=u8 pat=512 bloomH=2 bloomT=30 bloomSrc=pruned,64,0.9953295129,0.9996,4958.6141,8.6912,0.0000,0.666435,0.666644;0.665202;0.666435,95.477794,10473.64,,14.53,0,6980,10,True,nid004845,59118635
SparseHNSW_Bloom2_30_b5_s0x0_p512,M=48 efC=1600 ef=10 alpha=0.85 beta=5 q=u8 pat=512 bloomH=2 bloomT=30 bloomSrc=pruned,64,0.8390401146,0.9450,4958.6141,8.6912,0.0000,0.079939,0.079617;0.079939;0.080167,11.452579,87316.58,,14.53,0,6980,10,True,nid004845,59118635
SparseHNSW_Bloom2_30_b5_s0x0_p512,M=48 efC=1600 ef=20 alpha=0.85 beta=5 q=u8 pat=512 bloomH=2 bloomT=30 bloomSrc=pruned,64,0.8390401146,0.9450,4958.6141,8.6912,0.0000,0.080134,0.079971;0.080484;0.080134,11.480516,87104.10,,14.53,0,6980,10,True,nid004845,59118635
SparseHNSW_Bloom2_30_b5_s0x0_p512,M=48 efC=1600 ef=50 alpha=0.85 beta=5 q=u8 pat=512 bloomH=2 bloomT=30 bloomSrc=pruned,64,0.8390401146,0.9450,4958.6141,8.6912,0.0000,0.079998,0.079998;0.080235;0.079954,11.461032,87252.18,,14.53,0,6980,10,True,nid004845,59118635
SparseHNSW_Bloom2_30_b5_s0x0_p512,M=48 efC=1600 ef=100 alpha=0.85 beta=5 q=u8 pat=512 bloomH=2 bloomT=30 bloomSrc=pruned,64,0.8612607450,0.9649,4958.6141,8.6912,0.0000,0.133119,0.133119;0.132968;0.133707,19.071490,52434.29,,14.53,0,6980,10,True,nid004845,59118635
SparseHNSW_Bloom2_30_b5_s0x0_p512,M=48 efC=1600 ef=400 alpha=0.85 beta=5 q=u8 pat=512 bloomH=2 bloomT=30 bloomSrc=pruned,64,0.9170343840,0.9861,4958.6141,8.6912,0.0000,0.418740,0.418872;0.418740;0.417478,59.991404,16669.05,,14.53,0,6980,10,True,nid004845,59118635
SparseHNSW_Bloom2_30_b5_s0x0_p512,M=48 efC=1600 ef=800 alpha=0.85 beta=5 q=u8 pat=512 bloomH=2 bloomT=30 bloomSrc=pruned,64,0.9540257880,0.9927,4958.6141,8.6912,0.0000,0.597286,0.597122;0.599183;0.597286,85.571060,11686.19,,14.53,0,6980,10,True,nid004845,59118635
SparseHNSW_Bloom2_30_b5_s0x0_p512,M=48 efC=1600 ef=1600 alpha=0.85 beta=5 q=u8 pat=512 bloomH=2 bloomT=30 bloomSrc=pruned,64,0.9796848138,0.9961,4958.6141,8.6912,0.0000,0.607278,0.607278;0.607691;0.606790,87.002579,11493.91,,14.53,0,6980,10,True,nid004845,59118635
SparseHNSW_Bloom2_30_b5_s0x0_p512,M=48 efC=1600 ef=3200 alpha=0.85 beta=5 q=u8 pat=512 bloomH=2 bloomT=30 bloomSrc=pruned,64,0.9900429799,0.9980,4958.6141,8.6912,0.0000,0.624418,0.624418;0.621931;0.625060,89.458166,11178.41,,14.53,0,6980,10,True,nid004845,59118635
SparseHNSW_Bloom2_30_b5_s0x0_p512,M=48 efC=1600 ef=6400 alpha=0.85 beta=5 q=u8 pat=512 bloomH=2 bloomT=30 bloomSrc=pruned,64,0.9955014327,0.9996,4958.6141,8.6912,0.0000,0.679533,0.681046;0.679533;0.679007,97.354298,10271.76,,14.53,0,6980,10,True,nid004845,59118635
SparseHNSW_Bloom2_30_b8_s0x0_p512,M=48 efC=1600 ef=10 alpha=0.85 beta=8 q=u8 pat=512 bloomH=2 bloomT=30 bloomSrc=pruned,64,0.8548853868,0.9597,4958.6141,8.6912,0.0000,0.114139,0.114035;0.114139;0.114625,16.352292,61153.51,,14.53,0,6980,10,True,nid004845,59118635
SparseHNSW_Bloom2_30_b8_s0x0_p512,M=48 efC=1600 ef=20 alpha=0.85 beta=8 q=u8 pat=512 bloomH=2 bloomT=30 bloomSrc=pruned,64,0.8548853868,0.9597,4958.6141,8.6912,0.0000,0.114165,0.114589;0.113751;0.114165,16.356017,61139.58,,14.53,0,6980,10,True,nid004845,59118635
SparseHNSW_Bloom2_30_b8_s0x0_p512,M=48 efC=1600 ef=50 alpha=0.85 beta=8 q=u8 pat=512 bloomH=2 bloomT=30 bloomSrc=pruned,64,0.8548853868,0.9597,4958.6141,8.6912,0.0000,0.114859,0.115212;0.114791;0.114859,16.455444,60770.16,,14.53,0,6980,10,True,nid004845,59118635
SparseHNSW_Bloom2_30_b8_s0x0_p512,M=48 efC=1600 ef=100 alpha=0.85 beta=8 q=u8 pat=512 bloomH=2 bloomT=30 bloomSrc=pruned,64,0.8613323782,0.9649,4958.6141,8.6912,0.0000,0.135552,0.135047;0.135552;0.135589,19.420057,51493.15,,14.53,0,6980,10,True,nid004845,59118635
SparseHNSW_Bloom2_30_b8_s0x0_p512,M=48 efC=1600 ef=400 alpha=0.85 beta=8 q=u8 pat=512 bloomH=2 bloomT=30 bloomSrc=pruned,64,0.9171203438,0.9861,4958.6141,8.6912,0.0000,0.420648,0.420648;0.421073;0.419848,60.264756,16593.45,,14.53,0,6980,10,True,nid004845,59118635
SparseHNSW_Bloom2_30_b8_s0x0_p512,M=48 efC=1600 ef=800 alpha=0.85 beta=8 q=u8 pat=512 bloomH=2 bloomT=30 bloomSrc=pruned,64,0.9542120344,0.9930,4958.6141,8.6912,0.0000,0.640856,0.640544;0.641568;0.640856,91.813181,10891.68,,14.53,0,6980,10,True,nid004845,59118635
SparseHNSW_Bloom2_30_b8_s0x0_p512,M=48 efC=1600 ef=1600 alpha=0.85 beta=8 q=u8 pat=512 bloomH=2 bloomT=30 bloomSrc=pruned,64,0.9798137536,0.9963,4958.6141,8.6912,0.0000,0.655920,0.656836;0.655913;0.655920,93.971347,10641.54,,14.53,0,6980,10,True,nid004845,59118635
SparseHNSW_Bloom2_30_b8_s0x0_p512,M=48 efC=1600 ef=3200 alpha=0.85 beta=8 q=u8 pat=512 bloomH=2 bloomT=30 bloomSrc=pruned,64,0.9902005731,0.9981,4958.6141,8.6912,0.0000,0.663380,0.663569;0.663380;0.662441,95.040115,10521.87,,14.53,0,6980,10,True,nid004845,59118635
SparseHNSW_Bloom2_30_b8_s0x0_p512,M=48 efC=1600 ef=6400 alpha=0.85 beta=8 q=u8 pat=512 bloomH=2 bloomT=30 bloomSrc=pruned,64,0.9956160458,0.9996,4958.6141,8.6912,0.0000,0.719883,0.719902;0.719883;0.719869,103.135100,9696.02,,14.53,0,6980,10,True,nid004845,59118635
SparseHNSW_Bloom2_30_b12_s0x0_p512,M=48 efC=1600 ef=10 alpha=0.85 beta=12 q=u8 pat=512 bloomH=2 bloomT=30 bloomSrc=pruned,64,0.8655444126,0.9672,4958.6141,8.6912,0.0000,0.158308,0.158308;0.158254;0.158457,22.680229,44091.27,,14.53,0,6980,10,True,nid004845,59118635
SparseHNSW_Bloom2_30_b12_s0x0_p512,M=48 efC=1600 ef=20 alpha=0.85 beta=12 q=u8 pat=512 bloomH=2 bloomT=30 bloomSrc=pruned,64,0.8655444126,0.9672,4958.6141,8.6912,0.0000,0.158236,0.158219;0.158603;0.158236,22.669914,44111.33,,14.53,0,6980,10,True,nid004845,59118635
SparseHNSW_Bloom2_30_b12_s0x0_p512,M=48 efC=1600 ef=50 alpha=0.85 beta=12 q=u8 pat=512 bloomH=2 bloomT=30 bloomSrc=pruned,64,0.8655444126,0.9672,4958.6141,8.6912,0.0000,0.158179,0.158179;0.158403;0.158029,22.661748,44127.22,,14.53,0,6980,10,True,nid004845,59118635
SparseHNSW_Bloom2_30_b12_s0x0_p512,M=48 efC=1600 ef=100 alpha=0.85 beta=12 q=u8 pat=512 bloomH=2 bloomT=30 bloomSrc=pruned,64,0.8655444126,0.9672,4958.6141,8.6912,0.0000,0.158171,0.157866;0.158439;0.158171,22.660602,44129.45,,14.53,0,6980,10,True,nid004845,59118635
SparseHNSW_Bloom2_30_b12_s0x0_p512,M=48 efC=1600 ef=400 alpha=0.85 beta=12 q=u8 pat=512 bloomH=2 bloomT=30 bloomSrc=pruned,64,0.9171489971,0.9861,4958.6141,8.6912,0.0000,0.423581,0.423852;0.423218;0.423581,60.684957,16478.55,,14.53,0,6980,10,True,nid004845,59118635
SparseHNSW_Bloom2_30_b12_s0x0_p512,M=48 efC=1600 ef=800 alpha=0.85 beta=12 q=u8 pat=512 bloomH=2 bloomT=30 bloomSrc=pruned,64,0.9542550143,0.9930,4958.6141,8.6912,0.0000,0.685400,0.685936;0.685400;0.685358,98.194842,10183.83,,14.53,0,6980,10,True,nid004845,59118635
SparseHNSW_Bloom2_30_b12_s0x0_p512,M=48 efC=1600 ef=1600 alpha=0.85 beta=12 q=u8 pat=512 bloomH=2 bloomT=30 bloomSrc=pruned,64,0.9798567335,0.9963,4958.6141,8.6912,0.0000,0.720154,0.720154;0.720392;0.719730,103.173926,9692.37,,14.53,0,6980,10,True,nid004845,59118635
SparseHNSW_Bloom2_30_b12_s0x0_p512,M=48 efC=1600 ef=3200 alpha=0.85 beta=12 q=u8 pat=512 bloomH=2 bloomT=30 bloomSrc=pruned,64,0.9902722063,0.9981,4958.6141,8.6912,0.0000,0.718650,0.718650;0.718298;0.718960,102.958453,9712.66,,14.53,0,6980,10,True,nid004845,59118635
SparseHNSW_Bloom2_30_b12_s0x0_p512,M=48 efC=1600 ef=6400 alpha=0.85 beta=12 q=u8 pat=512 bloomH=2 bloomT=30 bloomSrc=pruned,64,0.9957020057,0.9996,4958.6141,8.6912,0.0000,0.766836,0.768186;0.766836;0.766789,109.861891,9102.34,,14.53,0,6980,10,True,nid004845,59118635
SparseHNSW_Bloom2_30_b16_s0x0_p512,M=48 efC=1600 ef=10 alpha=0.85 beta=16 q=u8 pat=512 bloomH=2 bloomT=30 bloomSrc=pruned,64,0.8743553009,0.9716,4958.6141,8.6912,0.0000,0.200250,0.200092;0.200449;0.200250,28.689112,34856.43,,14.53,0,6980,10,True,nid004845,59118635
SparseHNSW_Bloom2_30_b16_s0x0_p512,M=48 efC=1600 ef=20 alpha=0.85 beta=16 q=u8 pat=512 bloomH=2 bloomT=30 bloomSrc=pruned,64,0.8743553009,0.9716,4958.6141,8.6912,0.0000,0.200526,0.200526;0.201149;0.200259,28.728653,34808.45,,14.53,0,6980,10,True,nid004845,59118635
SparseHNSW_Bloom2_30_b16_s0x0_p512,M=48 efC=1600 ef=50 alpha=0.85 beta=16 q=u8 pat=512 bloomH=2 bloomT=30 bloomSrc=pruned,64,0.8743553009,0.9716,4958.6141,8.6912,0.0000,0.200281,0.200093;0.200555;0.200281,28.693553,34851.03,,14.53,0,6980,10,True,nid004845,59118635
SparseHNSW_Bloom2_30_b16_s0x0_p512,M=48 efC=1600 ef=100 alpha=0.85 beta=16 q=u8 pat=512 bloomH=2 bloomT=30 bloomSrc=pruned,64,0.8743553009,0.9716,4958.6141,8.6912,0.0000,0.200165,0.199929;0.200402;0.200165,28.676934,34871.23,,14.53,0,6980,10,True,nid004845,59118635
SparseHNSW_Bloom2_30_b16_s0x0_p512,M=48 efC=1600 ef=400 alpha=0.85 beta=16 q=u8 pat=512 bloomH=2 bloomT=30 bloomSrc=pruned,64,0.9171489971,0.9861,4958.6141,8.6912,0.0000,0.425840,0.426269;0.425840;0.425708,61.008596,16391.13,,14.53,0,6980,10,True,nid004845,59118635
SparseHNSW_Bloom2_30_b16_s0x0_p512,M=48 efC=1600 ef=800 alpha=0.85 beta=16 q=u8 pat=512 bloomH=2 bloomT=30 bloomSrc=pruned,64,0.9542550143,0.9930,4958.6141,8.6912,0.0000,0.722209,0.723706;0.722056;0.722209,103.468338,9664.79,,14.53,0,6980,10,True,nid004845,59118635
SparseHNSW_Bloom2_30_b16_s0x0_p512,M=48 efC=1600 ef=1600 alpha=0.85 beta=16 q=u8 pat=512 bloomH=2 bloomT=30 bloomSrc=pruned,64,0.9800143266,0.9966,4958.6141,8.6912,0.0000,0.785322,0.785053;0.785322;0.786545,112.510315,8888.07,,14.53,0,6980,10,True,nid004845,59118635
SparseHNSW_Bloom2_30_b16_s0x0_p512,M=48 efC=1600 ef=3200 alpha=0.85 beta=16 q=u8 pat=512 bloomH=2 bloomT=30 bloomSrc=pruned,64,0.9902865330,0.9981,4958.6141,8.6912,0.0000,0.779817,0.779817;0.780685;0.779217,111.721633,8950.82,,14.53,0,6980,10,True,nid004845,59118635
SparseHNSW_Bloom2_30_b16_s0x0_p512,M=48 efC=1600 ef=6400 alpha=0.85 beta=16 q=u8 pat=512 bloomH=2 bloomT=30 bloomSrc=pruned,64,0.9957163324,0.9996,4958.6141,8.6912,0.0000,0.819675,0.818688;0.820221;0.819675,117.431948,8515.57,,14.53,0,6980,10,True,nid004845,59118635
SparseHNSW_Bloom2_30_b3_s8x4_p512,M=48 efC=1600 ef=10 alpha=0.85 beta=3 q=u8 seedT=8 seedH=8 seedS=4 pat=512 bloomH=2 bloomT=30 bloomSrc=pruned,64,0.8446991404,0.9683,4958.6141,8.6912,0.0000,0.055203,0.055028;0.055203;0.055458,7.908739,126442.40,,14.53,0,6980,10,True,nid004845,59118635
SparseHNSW_Bloom2_30_b3_s8x4_p512,M=48 efC=1600 ef=20 alpha=0.85 beta=3 q=u8 seedT=8 seedH=8 seedS=4 pat=512 bloomH=2 bloomT=30 bloomSrc=pruned,64,0.8446991404,0.9683,4958.6141,8.6912,0.0000,0.055628,0.055595;0.055733;0.055628,7.969628,125476.38,,14.53,0,6980,10,True,nid004845,59118635
SparseHNSW_Bloom2_30_b3_s8x4_p512,M=48 efC=1600 ef=50 alpha=0.85 beta=3 q=u8 seedT=8 seedH=8 seedS=4 pat=512 bloomH=2 bloomT=30 bloomSrc=pruned,64,0.8600859599,0.9765,4958.6141,8.6912,0.0000,0.075163,0.075163;0.075123;0.075533,10.768338,92864.84,,14.53,0,6980,10,True,nid004845,59118635
SparseHNSW_Bloom2_30_b3_s8x4_p512,M=48 efC=1600 ef=100 alpha=0.85 beta=3 q=u8 seedT=8 seedH=8 seedS=4 pat=512 bloomH=2 bloomT=30 bloomSrc=pruned,64,0.8771776504,0.9850,4958.6141,8.6912,0.0000,0.129724,0.129724;0.130204;0.129511,18.585100,53806.54,,14.53,0,6980,10,True,nid004845,59118635
SparseHNSW_Bloom2_30_b3_s8x4_p512,M=48 efC=1600 ef=400 alpha=0.85 beta=3 q=u8 seedT=8 seedH=8 seedS=4 pat=512 bloomH=2 bloomT=30 bloomSrc=pruned,64,0.9439398281,0.9966,4958.6141,8.6912,0.0000,0.416628,0.416131;0.416628;0.416673,59.688825,16753.55,,14.53,0,6980,10,True,nid004845,59118635
SparseHNSW_Bloom2_30_b3_s8x4_p512,M=48 efC=1600 ef=800 alpha=0.85 beta=3 q=u8 seedT=8 seedH=8 seedS=4 pat=512 bloomH=2 bloomT=30 bloomSrc=pruned,64,0.9742550143,0.9987,4958.6141,8.6912,0.0000,0.563596,0.563710;0.563088;0.563596,80.744413,12384.76,,14.53,0,6980,10,True,nid004845,59118635
SparseHNSW_Bloom2_30_b3_s8x4_p512,M=48 efC=1600 ef=1600 alpha=0.85 beta=3 q=u8 seedT=8 seedH=8 seedS=4 pat=512 bloomH=2 bloomT=30 bloomSrc=pruned,64,0.9877936963,0.9994,4958.6141,8.6912,0.0000,0.574880,0.575505;0.573068;0.574880,82.361032,12141.66,,14.53,0,6980,10,True,nid004845,59118635
SparseHNSW_Bloom2_30_b3_s8x4_p512,M=48 efC=1600 ef=3200 alpha=0.85 beta=3 q=u8 seedT=8 seedH=8 seedS=4 pat=512 bloomH=2 bloomT=30 bloomSrc=pruned,64,0.9928080229,0.9999,4958.6141,8.6912,0.0000,0.595050,0.595050;0.595216;0.594608,85.250716,11730.11,,14.53,0,6980,10,True,nid004845,59118635
SparseHNSW_Bloom2_30_b3_s8x4_p512,M=48 efC=1600 ef=6400 alpha=0.85 beta=3 q=u8 seedT=8 seedH=8 seedS=4 pat=512 bloomH=2 bloomT=30 bloomSrc=pruned,64,0.9951432665,1.0000,4958.6141,8.6912,0.0000,0.651419,0.650958;0.651419;0.651617,93.326504,10715.07,,14.53,0,6980,10,True,nid004845,59118635
SparseHNSW_Bloom2_30_b4_s8x4_p512,M=48 efC=1600 ef=10 alpha=0.85 beta=4 q=u8 seedT=8 seedH=8 seedS=4 pat=512 bloomH=2 bloomT=30 bloomSrc=pruned,64,0.8547994269,0.9745,4958.6141,8.6912,0.0000,0.064402,0.064046;0.064533;0.064402,9.226648,108381.73,,14.53,0,6980,10,True,nid004845,59118635
SparseHNSW_Bloom2_30_b4_s8x4_p512,M=48 efC=1600 ef=20 alpha=0.85 beta=4 q=u8 seedT=8 seedH=8 seedS=4 pat=512 bloomH=2 bloomT=30 bloomSrc=pruned,64,0.8547994269,0.9745,4958.6141,8.6912,0.0000,0.064457,0.064457;0.064067;0.064649,9.234527,108289.25,,14.53,0,6980,10,True,nid004845,59118635
SparseHNSW_Bloom2_30_b4_s8x4_p512,M=48 efC=1600 ef=50 alpha=0.85 beta=4 q=u8 seedT=8 seedH=8 seedS=4 pat=512 bloomH=2 bloomT=30 bloomSrc=pruned,64,0.8604871060,0.9765,4958.6141,8.6912,0.0000,0.076386,0.076308;0.076386;0.076519,10.943553,91378.00,,14.53,0,6980,10,True,nid004845,59118635
SparseHNSW_Bloom2_30_b4_s8x4_p512,M=48 efC=1600 ef=100 alpha=0.85 beta=4 q=u8 seedT=8 seedH=8 seedS=4 pat=512 bloomH=2 bloomT=30 bloomSrc=pruned,64,0.8776361032,0.9850,4958.6141,8.6912,0.0000,0.130566,0.130719;0.130229;0.130566,18.705731,53459.55,,14.53,0,6980,10,True,nid004845,59118635
SparseHNSW_Bloom2_30_b4_s8x4_p512,M=48 efC=1600 ef=400 alpha=0.85 beta=4 q=u8 seedT=8 seedH=8 seedS=4 pat=512 bloomH=2 bloomT=30 bloomSrc=pruned,64,0.9444842407,0.9966,4958.6141,8.6912,0.0000,0.417641,0.417641;0.418142;0.416977,59.833954,16712.92,,14.53,0,6980,10,True,nid004845,59118635
SparseHNSW_Bloom2_30_b4_s8x4_p512,M=48 efC=1600 ef=800 alpha=0.85 beta=4 q=u8 seedT=8 seedH=8 seedS=4 pat=512 bloomH=2 bloomT=30 bloomSrc=pruned,64,0.9748567335,0.9987,4958.6141,8.6912,0.0000,0.577873,0.576870;0.577873;0.578009,82.789828,12078.78,,14.53,0,6980,10,True,nid004845,59118635
SparseHNSW_Bloom2_30_b4_s8x4_p512,M=48 efC=1600 ef=1600 alpha=0.85 beta=4 q=u8 seedT=8 seedH=8 seedS=4 pat=512 bloomH=2 bloomT=30 bloomSrc=pruned,64,0.9884383954,0.9994,4958.6141,8.6912,0.0000,0.588223,0.588145;0.588706;0.588223,84.272636,11866.25,,14.53,0,6980,10,True,nid004845,59118635
SparseHNSW_Bloom2_30_b4_s8x4_p512,M=48 efC=1600 ef=3200 alpha=0.85 beta=4 q=u8 seedT=8 seedH=8 seedS=4 pat=512 bloomH=2 bloomT=30 bloomSrc=pruned,64,0.9934813754,0.9999,4958.6141,8.6912,0.0000,0.608816,0.608165;0.608998;0.608816,87.222923,11464.88,,14.53,0,6980,10,True,nid004845,59118635
SparseHNSW_Bloom2_30_b4_s8x4_p512,M=48 efC=1600 ef=6400 alpha=0.85 beta=4 q=u8 seedT=8 seedH=8 seedS=4 pat=512 bloomH=2 bloomT=30 bloomSrc=pruned,64,0.9958309456,1.0000,4958.6141,8.6912,0.0000,0.665714,0.665714;0.665819;0.664575,95.374499,10484.98,,14.53,0,6980,10,True,nid004845,59118635
SparseHNSW_Bloom2_30_b5_s8x4_p512,M=48 efC=1600 ef=10 alpha=0.85 beta=5 q=u8 seedT=8 seedH=8 seedS=4 pat=512 bloomH=2 bloomT=30 bloomSrc=pruned,64,0.8605730659,0.9765,4958.6141,8.6912,0.0000,0.076927,0.076700;0.077040;0.076927,11.021060,90735.37,,14.53,0,6980,10,True,nid004845,59118635
SparseHNSW_Bloom2_30_b5_s8x4_p512,M=48 efC=1600 ef=20 alpha=0.85 beta=5 q=u8 seedT=8 seedH=8 seedS=4 pat=512 bloomH=2 bloomT=30 bloomSrc=pruned,64,0.8605730659,0.9765,4958.6141,8.6912,0.0000,0.076894,0.077051;0.076894;0.076571,11.016332,90774.31,,14.53,0,6980,10,True,nid004845,59118635
SparseHNSW_Bloom2_30_b5_s8x4_p512,M=48 efC=1600 ef=50 alpha=0.85 beta=5 q=u8 seedT=8 seedH=8 seedS=4 pat=512 bloomH=2 bloomT=30 bloomSrc=pruned,64,0.8605730659,0.9765,4958.6141,8.6912,0.0000,0.076874,0.076762;0.076874;0.076980,11.013467,90797.93,,14.53,0,6980,10,True,nid004845,59118635
SparseHNSW_Bloom2_30_b5_s8x4_p512,M=48 efC=1600 ef=100 alpha=0.85 beta=5 q=u8 seedT=8 seedH=8 seedS=4 pat=512 bloomH=2 bloomT=30 bloomSrc=pruned,64,0.8777507163,0.9850,4958.6141,8.6912,0.0000,0.131126,0.131126;0.131567;0.131028,18.785960,53231.24,,14.53,0,6980,10,True,nid004845,59118635
SparseHNSW_Bloom2_30_b5_s8x4_p512,M=48 efC=1600 ef=400 alpha=0.85 beta=5 q=u8 seedT=8 seedH=8 seedS=4 pat=512 bloomH=2 bloomT=30 bloomSrc=pruned,64,0.9446275072,0.9966,4958.6141,8.6912,0.0000,0.418570,0.418330;0.418570;0.419546,59.967049,16675.82,,14.53,0,6980,10,True,nid004845,59118635
SparseHNSW_Bloom2_30_b5_s8x4_p512,M=48 efC=1600 ef=800 alpha=0.85 beta=5 q=u8 seedT=8 seedH=8 seedS=4 pat=512 bloomH=2 bloomT=30 bloomSrc=pruned,64,0.9750429799,0.9987,4958.6141,8.6912,0.0000,0.593088,0.593387;0.591994;0.593088,84.969628,11768.91,,14.53,0,6980,10,True,nid004845,59118635
SparseHNSW_Bloom2_30_b5_s8x4_p512,M=48 efC=1600 ef=1600 alpha=0.85 beta=5 q=u8 seedT=8 seedH=8 seedS=4 pat=512 bloomH=2 bloomT=30 bloomSrc=pruned,64,0.9886103152,0.9994,4958.6141,8.6912,0.0000,0.602155,0.602155;0.602486;0.601897,86.268625,11591.70,,14.53,0,6980,10,True,nid004845,59118635
SparseHNSW_Bloom2_30_b5_s8x4_p512,M=48 efC=1600 ef=3200 alpha=0.85 beta=5 q=u8 seedT=8 seedH=8 seedS=4 pat=512 bloomH=2 bloomT=30 bloomSrc=pruned,64,0.9936532951,0.9999,4958.6141,8.6912,0.0000,0.621148,0.621064;0.621428;0.621148,88.989685,11237.26,,14.53,0,6980,10,True,nid004845,59118635
SparseHNSW_Bloom2_30_b5_s8x4_p512,M=48 efC=1600 ef=6400 alpha=0.85 beta=5 q=u8 seedT=8 seedH=8 seedS=4 pat=512 bloomH=2 bloomT=30 bloomSrc=pruned,64,0.9960028653,1.0000,4958.6141,8.6912,0.0000,0.677704,0.678103;0.677564;0.677704,97.092264,10299.48,,14.53,0,6980,10,True,nid004845,59118635
SparseHNSW_Bloom2_30_b8_s8x4_p512,M=48 efC=1600 ef=10 alpha=0.85 beta=8 q=u8 seedT=8 seedH=8 seedS=4 pat=512 bloomH=2 bloomT=30 bloomSrc=pruned,64,0.8705587393,0.9825,4958.6141,8.6912,0.0000,0.112010,0.111953;0.112010;0.112320,16.047278,62315.86,,14.53,0,6980,10,True,nid004845,59118635
SparseHNSW_Bloom2_30_b8_s8x4_p512,M=48 efC=1600 ef=20 alpha=0.85 beta=8 q=u8 seedT=8 seedH=8 seedS=4 pat=512 bloomH=2 bloomT=30 bloomSrc=pruned,64,0.8705587393,0.9825,4958.6141,8.6912,0.0000,0.112210,0.112210;0.112591;0.112080,16.075931,62204.79,,14.53,0,6980,10,True,nid004845,59118635
SparseHNSW_Bloom2_30_b8_s8x4_p512,M=48 efC=1600 ef=50 alpha=0.85 beta=8 q=u8 seedT=8 seedH=8 seedS=4 pat=512 bloomH=2 bloomT=30 bloomSrc=pruned,64,0.8705587393,0.9825,4958.6141,8.6912,0.0000,0.112582,0.111854;0.112586;0.112582,16.129226,61999.25,,14.53,0,6980,10,True,nid004845,59118635
SparseHNSW_Bloom2_30_b8_s8x4_p512,M=48 efC=1600 ef=100 alpha=0.85 beta=8 q=u8 seedT=8 seedH=8 seedS=4 pat=512 bloomH=2 bloomT=30 bloomSrc=pruned,64,0.8778223496,0.9850,4958.6141,8.6912,0.0000,0.132853,0.132853;0.132825;0.133429,19.033381,52539.27,,14.53,0,6980,10,True,nid004845,59118635
SparseHNSW_Bloom2_30_b8_s8x4_p512,M=48 efC=1600 ef=400 alpha=0.85 beta=8 q=u8 seedT=8 seedH=8 seedS=4 pat=512 bloomH=2 bloomT=30 bloomSrc=pruned,64,0.9446991404,0.9966,4958.6141,8.6912,0.0000,0.420906,0.420134;0.420906;0.420909,60.301719,16583.28,,14.53,0,6980,10,True,nid004845,59118635
SparseHNSW_Bloom2_30_b8_s8x4_p512,M=48 efC=1600 ef=800 alpha=0.85 beta=8 q=u8 seedT=8 seedH=8 seedS=4 pat=512 bloomH=2 bloomT=30 bloomSrc=pruned,64,0.9751146132,0.9987,4958.6141,8.6912,0.0000,0.631979,0.633042;0.631869;0.631979,90.541404,11044.67,,14.53,0,6980,10,True,nid004845,59118635
SparseHNSW_Bloom2_30_b8_s8x4_p512,M=48 efC=1600 ef=1600 alpha=0.85 beta=8 q=u8 seedT=8 seedH=8 seedS=4 pat=512 bloomH=2 bloomT=30 bloomSrc=pruned,64,0.9887679083,0.9994,4958.6141,8.6912,0.0000,0.650308,0.650308;0.650728;0.650197,93.167335,10733.38,,14.53,0,6980,10,True,nid004845,59118635
SparseHNSW_Bloom2_30_b8_s8x4_p512,M=48 efC=1600 ef=3200 alpha=0.85 beta=8 q=u8 seedT=8 seedH=8 seedS=4 pat=512 bloomH=2 bloomT=30 bloomSrc=pruned,64,0.9937965616,1.0000,4958.6141,8.6912,0.0000,0.661383,0.661218;0.661383;0.661897,94.754011,10553.64,,14.53,0,6980,10,True,nid004845,59118635
SparseHNSW_Bloom2_30_b8_s8x4_p512,M=48 efC=1600 ef=6400 alpha=0.85 beta=8 q=u8 seedT=8 seedH=8 seedS=4 pat=512 bloomH=2 bloomT=30 bloomSrc=pruned,64,0.9961174785,1.0000,4958.6141,8.6912,0.0000,0.719800,0.719969;0.719800;0.718766,103.123209,9697.14,,14.53,0,6980,10,True,nid004845,59118635
SparseHNSW_Bloom2_30_b12_s8x4_p512,M=48 efC=1600 ef=10 alpha=0.85 beta=12 q=u8 seedT=8 seedH=8 seedS=4 pat=512 bloomH=2 bloomT=30 bloomSrc=pruned,64,0.8839111748,0.9878,4958.6141,8.6912,0.0000,0.155757,0.155655;0.155757;0.155876,22.314756,44813.40,,14.53,0,6980,10,True,nid004845,59118635
SparseHNSW_Bloom2_30_b12_s8x4_p512,M=48 efC=1600 ef=20 alpha=0.85 beta=12 q=u8 seedT=8 seedH=8 seedS=4 pat=512 bloomH=2 bloomT=30 bloomSrc=pruned,64,0.8839111748,0.9878,4958.6141,8.6912,0.0000,0.155869,0.155625;0.156028;0.155869,22.330802,44781.19,,14.53,0,6980,10,True,nid004845,59118635
SparseHNSW_Bloom2_30_b12_s8x4_p512,M=48 efC=1600 ef=50 alpha=0.85 beta=12 q=u8 seedT=8 seedH=8 seedS=4 pat=512 bloomH=2 bloomT=30 bloomSrc=pruned,64,0.8839111748,0.9878,4958.6141,8.6912,0.0000,0.155952,0.156332;0.155952;0.155853,22.342693,44757.36,,14.53,0,6980,10,True,nid004845,59118635
SparseHNSW_Bloom2_30_b12_s8x4_p512,M=48 efC=1600 ef=100 alpha=0.85 beta=12 q=u8 seedT=8 seedH=8 seedS=4 pat=512 bloomH=2 bloomT=30 bloomSrc=pruned,64,0.8839111748,0.9878,4958.6141,8.6912,0.0000,0.155643,0.155643;0.156371;0.155398,22.298424,44846.22,,14.53,0,6980,10,True,nid004845,59118635
SparseHNSW_Bloom2_30_b12_s8x4_p512,M=48 efC=1600 ef=400 alpha=0.85 beta=12 q=u8 seedT=8 seedH=8 seedS=4 pat=512 bloomH=2 bloomT=30 bloomSrc=pruned,64,0.9447277937,0.9966,4958.6141,8.6912,0.0000,0.423462,0.423537;0.423462;0.423134,60.667908,16483.18,,14.53,0,6980,10,True,nid004845,59118635
SparseHNSW_Bloom2_30_b12_s8x4_p512,M=48 efC=1600 ef=800 alpha=0.85 beta=12 q=u8 seedT=8 seedH=8 seedS=4 pat=512 bloomH=2 bloomT=30 bloomSrc=pruned,64,0.9751432665,0.9987,4958.6141,8.6912,0.0000,0.681949,0.681803;0.681949;0.682391,97.700430,10235.37,,14.53,0,6980,10,True,nid004845,59118635
SparseHNSW_Bloom2_30_b12_s8x4_p512,M=48 efC=1600 ef=1600 alpha=0.85 beta=12 q=u8 seedT=8 seedH=8 seedS=4 pat=512 bloomH=2 bloomT=30 bloomSrc=pruned,64,0.9888252149,0.9994,4958.6141,8.6912,0.0000,0.715988,0.716121;0.715988;0.715385,102.577077,9748.77,,14.53,0,6980,10,True,nid004845,59118635
SparseHNSW_Bloom2_30_b12_s8x4_p512,M=48 efC=1600 ef=3200 alpha=0.85 beta=12 q=u8 seedT=8 seedH=8 seedS=4 pat=512 bloomH=2 bloomT=30 bloomSrc=pruned,64,0.9938681948,1.0000,4958.6141,8.6912,0.0000,0.716336,0.717709;0.715600;0.716336,102.626934,9744.03,,14.53,0,6980,10,True,nid004845,59118635
SparseHNSW_Bloom2_30_b12_s8x4_p512,M=48 efC=1600 ef=6400 alpha=0.85 beta=12 q=u8 seedT=8 seedH=8 seedS=4 pat=512 bloomH=2 bloomT=30 bloomSrc=pruned,64,0.9962034384,1.0000,4958.6141,8.6912,0.0000,0.767045,0.767256;0.765331;0.767045,109.891834,9099.86,,14.53,0,6980,10,True,nid004845,59118635
SparseHNSW_Bloom2_30_b16_s8x4_p512,M=48 efC=1600 ef=10 alpha=0.85 beta=16 q=u8 seedT=8 seedH=8 seedS=4 pat=512 bloomH=2 bloomT=30 bloomSrc=pruned,64,0.8945558739,0.9897,4958.6141,8.6912,0.0000,0.198201,0.198313;0.197373;0.198201,28.395559,35216.77,,14.53,0,6980,10,True,nid004845,59118635
SparseHNSW_Bloom2_30_b16_s8x4_p512,M=48 efC=1600 ef=20 alpha=0.85 beta=16 q=u8 seedT=8 seedH=8 seedS=4 pat=512 bloomH=2 bloomT=30 bloomSrc=pruned,64,0.8945558739,0.9897,4958.6141,8.6912,0.0000,0.198472,0.198472;0.198380;0.198805,28.434384,35168.69,,14.53,0,6980,10,True,nid004845,59118635
SparseHNSW_Bloom2_30_b16_s8x4_p512,M=48 efC=1600 ef=50 alpha=0.85 beta=16 q=u8 seedT=8 seedH=8 seedS=4 pat=512 bloomH=2 bloomT=30 bloomSrc=pruned,64,0.8945558739,0.9897,4958.6141,8.6912,0.0000,0.198476,0.198158;0.198655;0.198476,28.434957,35167.98,,14.53,0,6980,10,True,nid004845,59118635
SparseHNSW_Bloom2_30_b16_s8x4_p512,M=48 efC=1600 ef=100 alpha=0.85 beta=16 q=u8 seedT=8 seedH=8 seedS=4 pat=512 bloomH=2 bloomT=30 bloomSrc=pruned,64,0.8945558739,0.9897,4958.6141,8.6912,0.0000,0.197982,0.197860;0.198067;0.197982,28.364183,35255.73,,14.53,0,6980,10,True,nid004845,59118635
SparseHNSW_Bloom2_30_b16_s8x4_p512,M=48 efC=1600 ef=400 alpha=0.85 beta=16 q=u8 seedT=8 seedH=8 seedS=4 pat=512 bloomH=2 bloomT=30 bloomSrc=pruned,64,0.9447277937,0.9966,4958.6141,8.6912,0.0000,0.425748,0.425748;0.425633;0.426206,60.995415,16394.67,,14.53,0,6980,10,True,nid004845,59118635
SparseHNSW_Bloom2_30_b16_s8x4_p512,M=48 efC=1600 ef=800 alpha=0.85 beta=16 q=u8 seedT=8 seedH=8 seedS=4 pat=512 bloomH=2 bloomT=30 bloomSrc=pruned,64,0.9751432665,0.9987,4958.6141,8.6912,0.0000,0.720175,0.720175;0.720118;0.720303,103.176934,9692.09,,14.53,0,6980,10,True,nid004845,59118635
SparseHNSW_Bloom2_30_b16_s8x4_p512,M=48 efC=1600 ef=1600 alpha=0.85 beta=16 q=u8 seedT=8 seedH=8 seedS=4 pat=512 bloomH=2 bloomT=30 bloomSrc=pruned,64,0.9888252149,0.9994,4958.6141,8.6912,0.0000,0.785403,0.785313;0.785817;0.785403,112.521920,8887.16,,14.53,0,6980,10,True,nid004845,59118635
SparseHNSW_Bloom2_30_b16_s8x4_p512,M=48 efC=1600 ef=3200 alpha=0.85 beta=16 q=u8 seedT=8 seedH=8 seedS=4 pat=512 bloomH=2 bloomT=30 bloomSrc=pruned,64,0.9939971347,1.0000,4958.6141,8.6912,0.0000,0.783805,0.782053;0.784118;0.783805,112.292980,8905.28,,14.53,0,6980,10,True,nid004845,59118635
SparseHNSW_Bloom2_30_b16_s8x4_p512,M=48 efC=1600 ef=6400 alpha=0.85 beta=16 q=u8 seedT=8 seedH=8 seedS=4 pat=512 bloomH=2 bloomT=30 bloomSrc=pruned,64,0.9962320917,1.0000,4958.6141,8.6912,0.0000,0.819273,0.817983;0.819273;0.819420,117.374355,8519.75,,14.53,0,6980,10,True,nid004845,59118635
SparseHNSW_Bloom2_30_b4_s0x0_p0,M=64 efC=1600 ef=10 alpha=0.85 beta=4 q=u8 bloomH=2 bloomT=30 bloomSrc=pruned,64,0.8373782235,0.9470,5844.5689,8.8168,0.0000,0.074777,0.074777;0.074949;0.074740,10.713037,93344.21,,15.34,0,6980,10,True,nid004173,59090050
SparseHNSW_Bloom2_30_b4_s0x0_p0,M=64 efC=1600 ef=50 alpha=0.85 beta=4 q=u8 bloomH=2 bloomT=30 bloomSrc=pruned,64,0.8455014327,0.9532,5844.5689,8.8168,0.0000,0.088486,0.088526;0.088252;0.088486,12.677077,78882.54,,15.34,0,6980,10,True,nid004173,59090050
SparseHNSW_Bloom2_30_b4_s0x0_p0,M=64 efC=1600 ef=100 alpha=0.85 beta=4 q=u8 bloomH=2 bloomT=30 bloomSrc=pruned,64,0.8628366762,0.9695,5844.5689,8.8168,0.0000,0.150666,0.150640;0.150666;0.150737,21.585387,46327.64,,15.34,0,6980,10,True,nid004173,59090050
SparseHNSW_Bloom2_30_b4_s0x0_p0,M=64 efC=1600 ef=400 alpha=0.85 beta=4 q=u8 bloomH=2 bloomT=30 bloomSrc=pruned,64,0.9119627507,0.9878,5844.5689,8.8168,0.0000,0.488948,0.488948;0.488603;0.489168,70.049857,14275.55,,15.35,0,6980,10,True,nid004173,59090050
SparseHNSW_Bloom2_30_b4_s0x0_p0,M=64 efC=1600 ef=800 alpha=0.85 beta=4 q=u8 bloomH=2 bloomT=30 bloomSrc=pruned,64,0.9522779370,0.9943,5844.5689,8.8168,0.0000,0.905071,0.904074;0.905071;0.905568,129.666332,7712.10,,15.37,0,6980,10,True,nid004173,59090050
SparseHNSW_Bloom2_30_b4_s0x0_p0,M=64 efC=1600 ef=1600 alpha=0.85 beta=4 q=u8 bloomH=2 bloomT=30 bloomSrc=pruned,64,0.9787392550,0.9974,5844.5689,8.8168,0.0000,1.664137,1.664137;1.664671;1.663092,238.415043,4194.37,,15.46,0,6980,10,True,nid004173,59090050
SparseHNSW_Bloom2_30_b4_s0x0_p0,M=64 efC=1600 ef=3200 alpha=0.85 beta=4 q=u8 bloomH=2 bloomT=30 bloomSrc=pruned,64,0.9898710602,0.9986,5844.5689,8.8168,0.0000,3.025983,3.023394;3.025983;3.026586,433.521920,2306.69,,15.47,0,6980,10,True,nid004173,59090050
SparseHNSW_Bloom2_30_b4_s0x0_p0,M=64 efC=1600 ef=6400 alpha=0.85 beta=4 q=u8 bloomH=2 bloomT=30 bloomSrc=pruned,64,0.9954297994,0.9999,5844.5689,8.8168,0.0000,5.455185,5.455185;5.459463;5.453097,781.545129,1279.52,,15.59,0,6980,10,True,nid004173,59090050
SparseHNSW_Bloom2_30_b5_s0x0_p0,M=64 efC=1600 ef=10 alpha=0.85 beta=5 q=u8 bloomH=2 bloomT=30 bloomSrc=pruned,64,0.8455873926,0.9532,5844.5689,8.8168,0.0000,0.088634,0.088531;0.088634;0.089150,12.698281,78750.82,,15.59,0,6980,10,True,nid004173,59090050
SparseHNSW_Bloom2_30_b5_s0x0_p0,M=64 efC=1600 ef=50 alpha=0.85 beta=5 q=u8 bloomH=2 bloomT=30 bloomSrc=pruned,64,0.8455873926,0.9532,5844.5689,8.8168,0.0000,0.089042,0.089042;0.088812;0.089486,12.756734,78389.97,,15.59,0,6980,10,True,nid004173,59090050
SparseHNSW_Bloom2_30_b5_s0x0_p0,M=64 efC=1600 ef=100 alpha=0.85 beta=5 q=u8 bloomH=2 bloomT=30 bloomSrc=pruned,64,0.8629512894,0.9695,5844.5689,8.8168,0.0000,0.151310,0.151118;0.151310;0.151902,21.677650,46130.46,,15.59,0,6980,10,True,nid004173,59090050
SparseHNSW_Bloom2_30_b5_s0x0_p0,M=64 efC=1600 ef=400 alpha=0.85 beta=5 q=u8 bloomH=2 bloomT=30 bloomSrc=pruned,64,0.9120916905,0.9878,5844.5689,8.8168,0.0000,0.491267,0.491267;0.491291;0.490477,70.382092,14208.16,,15.59,0,6980,10,True,nid004173,59090050
SparseHNSW_Bloom2_30_b5_s0x0_p0,M=64 efC=1600 ef=800 alpha=0.85 beta=5 q=u8 bloomH=2 bloomT=30 bloomSrc=pruned,64,0.9524498567,0.9943,5844.5689,8.8168,0.0000,0.907082,0.905188;0.907082;0.907541,129.954441,7695.00,,15.59,0,6980,10,True,nid004173,59090050
SparseHNSW_Bloom2_30_b5_s0x0_p0,M=64 efC=1600 ef=1600 alpha=0.85 beta=5 q=u8 bloomH=2 bloomT=30 bloomSrc=pruned,64,0.9788968481,0.9974,5844.5689,8.8168,0.0000,1.663680,1.663545;1.663680;1.665534,238.349570,4195.52,,15.59,0,6980,10,True,nid004173,59090050
SparseHNSW_Bloom2_30_b5_s0x0_p0,M=64 efC=1600 ef=3200 alpha=0.85 beta=5 q=u8 bloomH=2 bloomT=30 bloomSrc=pruned,64,0.9900286533,0.9986,5844.5689,8.8168,0.0000,3.024492,3.024258;3.029099;3.024492,433.308309,2307.83,,15.59,0,6980,10,True,nid004173,59090050
SparseHNSW_Bloom2_30_b5_s0x0_p0,M=64 efC=1600 ef=6400 alpha=0.85 beta=5 q=u8 bloomH=2 bloomT=30 bloomSrc=pruned,64,0.9956017192,0.9999,5844.5689,8.8168,0.0000,5.453523,5.453523;5.453066;5.456635,781.307020,1279.91,,15.59,0,6980,10,True,nid004173,59090050
SparseHNSW_Bloom2_30_b8_s0x0_p0,M=64 efC=1600 ef=10 alpha=0.85 beta=8 q=u8 bloomH=2 bloomT=30 bloomSrc=pruned,64,0.8570487106,0.9640,5844.5689,8.8168,0.0000,0.128357,0.128934;0.128357;0.128114,18.389255,54379.58,,15.59,0,6980,10,True,nid004173,59090050
SparseHNSW_Bloom2_30_b8_s0x0_p0,M=64 efC=1600 ef=50 alpha=0.85 beta=8 q=u8 bloomH=2 bloomT=30 bloomSrc=pruned,64,0.8570487106,0.9640,5844.5689,8.8168,0.0000,0.128177,0.128111;0.128561;0.128177,18.363467,54455.95,,15.59,0,6980,10,True,nid004173,59090050
SparseHNSW_Bloom2_30_b8_s0x0_p0,M=64 efC=1600 ef=100 alpha=0.85 beta=8 q=u8 bloomH=2 bloomT=30 bloomSrc=pruned,64,0.8630229226,0.9695,5844.5689,8.8168,0.0000,0.153358,0.153358;0.153352;0.153993,21.971060,45514.42,,15.59,0,6980,10,True,nid004173,59090050
SparseHNSW_Bloom2_30_b8_s0x0_p0,M=64 efC=1600 ef=400 alpha=0.85 beta=8 q=u8 bloomH=2 bloomT=30 bloomSrc=pruned,64,0.9121633238,0.9878,5844.5689,8.8168,0.0000,0.492018,0.490410;0.492050;0.492018,70.489685,14186.47,,15.59,0,6980,10,True,nid004173,59090050
SparseHNSW_Bloom2_30_b8_s0x0_p0,M=64 efC=1600 ef=800 alpha=0.85 beta=8 q=u8 bloomH=2 bloomT=30 bloomSrc=pruned,64,0.9525358166,0.9943,5844.5689,8.8168,0.0000,0.908329,0.906671;0.908329;0.908375,130.133095,7684.44,,15.59,0,6980,10,True,nid004173,59090050
SparseHNSW_Bloom2_30_b8_s0x0_p0,M=64 efC=1600 ef=1600 alpha=0.85 beta=8 q=u8 bloomH=2 bloomT=30 bloomSrc=pruned,64,0.9789971347,0.9974,5844.5689,8.8168,0.0000,1.667285,1.667285;1.667345;1.666022,238.866046,4186.45,,15.59,0,6980,10,True,nid004173,59090050
SparseHNSW_Bloom2_30_b8_s0x0_p0,M=64 efC=1600 ef=3200 alpha=0.85 beta=8 q=u8 bloomH=2 bloomT=30 bloomSrc=pruned,64,0.9901289398,0.9986,5844.5689,8.8168,0.0000,3.026743,3.026080;3.028491;3.026743,433.630802,2306.11,,15.59,0,6980,10,True,nid004173,59090050
SparseHNSW_Bloom2_30_b8_s0x0_p0,M=64 efC=1600 ef=6400 alpha=0.85 beta=8 q=u8 bloomH=2 bloomT=30 bloomSrc=pruned,64,0.9957020057,0.9999,5844.5689,8.8168,0.0000,5.461261,5.460449;5.461261;5.464513,782.415616,1278.09,,15.59,0,6980,10,True,nid004173,59090050
SparseHNSW_Bloom2_30_b12_s0x0_p0,M=64 efC=1600 ef=10 alpha=0.85 beta=12 q=u8 bloomH=2 bloomT=30 bloomSrc=pruned,64,0.8673638968,0.9726,5844.5689,8.8168,0.0000,0.180446,0.180566;0.180446;0.180044,25.851862,38681.93,,15.59,0,6980,10,True,nid004173,59090050
SparseHNSW_Bloom2_30_b12_s0x0_p0,M=64 efC=1600 ef=50 alpha=0.85 beta=12 q=u8 bloomH=2 bloomT=30 bloomSrc=pruned,64,0.8673638968,0.9726,5844.5689,8.8168,0.0000,0.180416,0.180000;0.180802;0.180416,25.847564,38688.36,,15.59,0,6980,10,True,nid004173,59090050
SparseHNSW_Bloom2_30_b12_s0x0_p0,M=64 efC=1600 ef=100 alpha=0.85 beta=12 q=u8 bloomH=2 bloomT=30 bloomSrc=pruned,64,0.8673638968,0.9726,5844.5689,8.8168,0.0000,0.180485,0.180485;0.180874;0.180244,25.857450,38673.57,,15.59,0,6980,10,True,nid004173,59090050
SparseHNSW_Bloom2_30_b12_s0x0_p0,M=64 efC=1600 ef=400 alpha=0.85 beta=12 q=u8 bloomH=2 bloomT=30 bloomSrc=pruned,64,0.9121919771,0.9878,5844.5689,8.8168,0.0000,0.494902,0.495245;0.494902;0.494730,70.902865,14103.80,,15.59,0,6980,10,True,nid004173,59090050
SparseHNSW_Bloom2_30_b12_s0x0_p0,M=64 efC=1600 ef=800 alpha=0.85 beta=12 q=u8 bloomH=2 bloomT=30 bloomSrc=pruned,64,0.9525644699,0.9943,5844.5689,8.8168,0.0000,0.909937,0.908982;0.909937;0.910675,130.363467,7670.86,,15.59,0,6980,10,True,nid004173,59090050
SparseHNSW_Bloom2_30_b12_s0x0_p0,M=64 efC=1600 ef=1600 alpha=0.85 beta=12 q=u8 bloomH=2 bloomT=30 bloomSrc=pruned,64,0.9790257880,0.9974,5844.5689,8.8168,0.0000,1.671910,1.671951;1.671910;1.671461,239.528653,4174.87,,15.59,0,6980,10,True,nid004173,59090050
SparseHNSW_Bloom2_30_b12_s0x0_p0,M=64 efC=1600 ef=3200 alpha=0.85 beta=12 q=u8 bloomH=2 bloomT=30 bloomSrc=pruned,64,0.9901719198,0.9986,5844.5689,8.8168,0.0000,3.031049,3.031049;3.033747;3.029947,434.247708,2302.83,,15.59,0,6980,10,True,nid004173,59090050
SparseHNSW_Bloom2_30_b12_s0x0_p0,M=64 efC=1600 ef=6400 alpha=0.85 beta=12 q=u8 bloomH=2 bloomT=30 bloomSrc=pruned,64,0.9957449857,0.9999,5844.5689,8.8168,0.0000,5.458764,5.462133;5.458764;5.458362,782.057880,1278.68,,15.59,0,6980,10,True,nid004173,59090050
SparseHNSW_Bloom2_30_b16_s0x0_p0,M=64 efC=1600 ef=10 alpha=0.85 beta=16 q=u8 bloomH=2 bloomT=30 bloomSrc=pruned,64,0.8751862464,0.9775,5844.5689,8.8168,0.0000,0.228615,0.228839;0.228287;0.228615,32.752865,30531.68,,15.59,0,6980,10,True,nid004173,59090050
SparseHNSW_Bloom2_30_b16_s0x0_p0,M=64 efC=1600 ef=50 alpha=0.85 beta=16 q=u8 bloomH=2 bloomT=30 bloomSrc=pruned,64,0.8751862464,0.9775,5844.5689,8.8168,0.0000,0.228550,0.228698;0.228416;0.228550,32.743553,30540.36,,15.59,0,6980,10,True,nid004173,59090050
SparseHNSW_Bloom2_30_b16_s0x0_p0,M=64 efC=1600 ef=100 alpha=0.85 beta=16 q=u8 bloomH=2 bloomT=30 bloomSrc=pruned,64,0.8751862464,0.9775,5844.5689,8.8168,0.0000,0.228570,0.228440;0.228570;0.228835,32.746418,30537.69,,15.59,0,6980,10,True,nid004173,59090050
SparseHNSW_Bloom2_30_b16_s0x0_p0,M=64 efC=1600 ef=400 alpha=0.85 beta=16 q=u8 bloomH=2 bloomT=30 bloomSrc=pruned,64,0.9121919771,0.9878,5844.5689,8.8168,0.0000,0.495386,0.494706;0.495842;0.495386,70.972206,14090.02,,15.59,0,6980,10,True,nid004173,59090050
SparseHNSW_Bloom2_30_b16_s0x0_p0,M=64 efC=1600 ef=800 alpha=0.85 beta=16 q=u8 bloomH=2 bloomT=30 bloomSrc=pruned,64,0.9525644699,0.9943,5844.5689,8.8168,0.0000,0.910427,0.910427;0.911358;0.910259,130.433668,7666.73,,15.59,0,6980,10,True,nid004173,59090050
SparseHNSW_Bloom2_30_b16_s0x0_p0,M=64 efC=1600 ef=1600 alpha=0.85 beta=16 q=u8 bloomH=2 bloomT=30 bloomSrc=pruned,64,0.9790257880,0.9974,5844.5689,8.8168,0.0000,1.670471,1.671105;1.669528;1.670471,239.322493,4178.46,,15.59,0,6980,10,True,nid004173,59090050
SparseHNSW_Bloom2_30_b16_s0x0_p0,M=64 efC=1600 ef=3200 alpha=0.85 beta=16 q=u8 bloomH=2 bloomT=30 bloomSrc=pruned,64,0.9901719198,0.9986,5844.5689,8.8168,0.0000,3.031820,3.032090;3.031820;3.029024,434.358166,2302.25,,15.59,0,6980,10,True,nid004173,59090050
SparseHNSW_Bloom2_30_b16_s0x0_p0,M=64 efC=1600 ef=6400 alpha=0.85 beta=16 q=u8 bloomH=2 bloomT=30 bloomSrc=pruned,64,0.9957449857,0.9999,5844.5689,8.8168,0.0000,5.462962,5.462930;5.462962;5.463045,782.659312,1277.70,,15.59,0,6980,10,True,nid004173,59090050
SparseHNSW_Bloom2_30_b4_s8x4_p0,M=64 efC=1600 ef=10 alpha=0.85 beta=4 q=u8 seedT=8 seedH=8 seedS=4 bloomH=2 bloomT=30 bloomSrc=pruned,64,0.8568051576,0.9765,5844.5689,8.8168,0.0000,0.071896,0.071210;0.072091;0.071896,10.300287,97084.68,,15.59,0,6980,10,True,nid004173,59090050
SparseHNSW_Bloom2_30_b4_s8x4_p0,M=64 efC=1600 ef=50 alpha=0.85 beta=4 q=u8 seedT=8 seedH=8 seedS=4 bloomH=2 bloomT=30 bloomSrc=pruned,64,0.8631088825,0.9801,5844.5689,8.8168,0.0000,0.085024,0.085245;0.085024;0.084939,12.181089,82094.47,,15.59,0,6980,10,True,nid004173,59090050
SparseHNSW_Bloom2_30_b4_s8x4_p0,M=64 efC=1600 ef=100 alpha=0.85 beta=4 q=u8 seedT=8 seedH=8 seedS=4 bloomH=2 bloomT=30 bloomSrc=pruned,64,0.8762464183,0.9867,5844.5689,8.8168,0.0000,0.148002,0.148002;0.147463;0.148047,21.203725,47161.52,,15.59,0,6980,10,True,nid004173,59090050
SparseHNSW_Bloom2_30_b4_s8x4_p0,M=64 efC=1600 ef=400 alpha=0.85 beta=4 q=u8 seedT=8 seedH=8 seedS=4 bloomH=2 bloomT=30 bloomSrc=pruned,64,0.9367048711,0.9960,5844.5689,8.8168,0.0000,0.490876,0.490876;0.489592;0.490983,70.326074,14219.48,,15.59,0,6980,10,True,nid004173,59090050
SparseHNSW_Bloom2_30_b4_s8x4_p0,M=64 efC=1600 ef=800 alpha=0.85 beta=4 q=u8 seedT=8 seedH=8 seedS=4 bloomH=2 bloomT=30 bloomSrc=pruned,64,0.9727936963,0.9980,5844.5689,8.8168,0.0000,0.907519,0.907373;0.909023;0.907519,130.017049,7691.30,,15.59,0,6980,10,True,nid004173,59090050
SparseHNSW_Bloom2_30_b4_s8x4_p0,M=64 efC=1600 ef=1600 alpha=0.85 beta=4 q=u8 seedT=8 seedH=8 seedS=4 bloomH=2 bloomT=30 bloomSrc=pruned,64,0.9884240688,0.9997,5844.5689,8.8168,0.0000,1.668628,1.668416;1.668628;1.669448,239.058453,4183.08,,15.59,0,6980,10,True,nid004173,59090050
SparseHNSW_Bloom2_30_b4_s8x4_p0,M=64 efC=1600 ef=3200 alpha=0.85 beta=4 q=u8 seedT=8 seedH=8 seedS=4 bloomH=2 bloomT=30 bloomSrc=pruned,64,0.9936819484,1.0000,5844.5689,8.8168,0.0000,3.029616,3.028277;3.029616;3.029710,434.042407,2303.92,,15.59,0,6980,10,True,nid004173,59090050
SparseHNSW_Bloom2_30_b4_s8x4_p0,M=64 efC=1600 ef=6400 alpha=0.85 beta=4 q=u8 seedT=8 seedH=8 seedS=4 bloomH=2 bloomT=30 bloomSrc=pruned,64,0.9961318052,1.0000,5844.5689,8.8168,0.0000,5.463557,5.463557;5.461353;5.465050,782.744556,1277.56,,15.60,0,6980,10,True,nid004173,59090050
SparseHNSW_Bloom2_30_b5_s8x4_p0,M=64 efC=1600 ef=10 alpha=0.85 beta=5 q=u8 seedT=8 seedH=8 seedS=4 bloomH=2 bloomT=30 bloomSrc=pruned,64,0.8631948424,0.9801,5844.5689,8.8168,0.0000,0.085530,0.085530;0.085798;0.085517,12.253582,81608.79,,15.60,0,6980,10,True,nid004173,59090050
SparseHNSW_Bloom2_30_b5_s8x4_p0,M=64 efC=1600 ef=50 alpha=0.85 beta=5 q=u8 seedT=8 seedH=8 seedS=4 bloomH=2 bloomT=30 bloomSrc=pruned,64,0.8631948424,0.9801,5844.5689,8.8168,0.0000,0.085930,0.085930;0.086221;0.085623,12.310888,81228.91,,15.60,0,6980,10,True,nid004173,59090050
SparseHNSW_Bloom2_30_b5_s8x4_p0,M=64 efC=1600 ef=100 alpha=0.85 beta=5 q=u8 seedT=8 seedH=8 seedS=4 bloomH=2 bloomT=30 bloomSrc=pruned,64,0.8763610315,0.9867,5844.5689,8.8168,0.0000,0.148469,0.148515;0.148326;0.148469,21.270630,47013.18,,15.60,0,6980,10,True,nid004173,59090050
SparseHNSW_Bloom2_30_b5_s8x4_p0,M=64 efC=1600 ef=400 alpha=0.85 beta=5 q=u8 seedT=8 seedH=8 seedS=4 bloomH=2 bloomT=30 bloomSrc=pruned,64,0.9368481375,0.9960,5844.5689,8.8168,0.0000,0.491397,0.491397;0.491113;0.491424,70.400716,14204.40,,15.60,0,6980,10,True,nid004173,59090050
SparseHNSW_Bloom2_30_b5_s8x4_p0,M=64 efC=1600 ef=800 alpha=0.85 beta=5 q=u8 seedT=8 seedH=8 seedS=4 bloomH=2 bloomT=30 bloomSrc=pruned,64,0.9729512894,0.9980,5844.5689,8.8168,0.0000,0.909478,0.909563;0.909478;0.908946,130.297708,7674.73,,15.60,0,6980,10,True,nid004173,59090050
SparseHNSW_Bloom2_30_b5_s8x4_p0,M=64 efC=1600 ef=1600 alpha=0.85 beta=5 q=u8 seedT=8 seedH=8 seedS=4 bloomH=2 bloomT=30 bloomSrc=pruned,64,0.9885959885,0.9997,5844.5689,8.8168,0.0000,1.671541,1.671366;1.671851;1.671541,239.475788,4175.79,,15.60,0,6980,10,True,nid004173,59090050
SparseHNSW_Bloom2_30_b5_s8x4_p0,M=64 efC=1600 ef=3200 alpha=0.85 beta=5 q=u8 seedT=8 seedH=8 seedS=4 bloomH=2 bloomT=30 bloomSrc=pruned,64,0.9938538682,1.0000,5844.5689,8.8168,0.0000,3.030787,3.029395;3.031278;3.030787,434.210172,2303.03,,15.60,0,6980,10,True,nid004173,59090050
SparseHNSW_Bloom2_30_b5_s8x4_p0,M=64 efC=1600 ef=6400 alpha=0.85 beta=5 q=u8 seedT=8 seedH=8 seedS=4 bloomH=2 bloomT=30 bloomSrc=pruned,64,0.9963037249,1.0000,5844.5689,8.8168,0.0000,5.462777,5.467587;5.462777;5.462755,782.632808,1277.74,,15.60,0,6980,10,True,nid004173,59090050
SparseHNSW_Bloom2_30_b8_s8x4_p0,M=64 efC=1600 ef=10 alpha=0.85 beta=8 q=u8 seedT=8 seedH=8 seedS=4 bloomH=2 bloomT=30 bloomSrc=pruned,64,0.8715902579,0.9847,5844.5689,8.8168,0.0000,0.126144,0.126144;0.126079;0.126424,18.072206,55333.59,,15.60,0,6980,10,True,nid004173,59090050
SparseHNSW_Bloom2_30_b8_s8x4_p0,M=64 efC=1600 ef=50 alpha=0.85 beta=8 q=u8 seedT=8 seedH=8 seedS=4 bloomH=2 bloomT=30 bloomSrc=pruned,64,0.8715902579,0.9847,5844.5689,8.8168,0.0000,0.126014,0.125891;0.126081;0.126014,18.053582,55390.67,,15.60,0,6980,10,True,nid004173,59090050
SparseHNSW_Bloom2_30_b8_s8x4_p0,M=64 efC=1600 ef=100 alpha=0.85 beta=8 q=u8 seedT=8 seedH=8 seedS=4 bloomH=2 bloomT=30 bloomSrc=pruned,64,0.8764326648,0.9867,5844.5689,8.8168,0.0000,0.150832,0.150965;0.150832;0.150782,21.609169,46276.65,,15.60,0,6980,10,True,nid004173,59090050
SparseHNSW_Bloom2_30_b8_s8x4_p0,M=64 efC=1600 ef=400 alpha=0.85 beta=8 q=u8 seedT=8 seedH=8 seedS=4 bloomH=2 bloomT=30 bloomSrc=pruned,64,0.9369197708,0.9960,5844.5689,8.8168,0.0000,0.491935,0.491301;0.491995;0.491935,70.477794,14188.87,,15.60,0,6980,10,True,nid004173,59090050
SparseHNSW_Bloom2_30_b8_s8x4_p0,M=64 efC=1600 ef=800 alpha=0.85 beta=8 q=u8 seedT=8 seedH=8 seedS=4 bloomH=2 bloomT=30 bloomSrc=pruned,64,0.9730229226,0.9980,5844.5689,8.8168,0.0000,0.910495,0.909480;0.910495;0.910719,130.443410,7666.16,,15.60,0,6980,10,True,nid004173,59090050
SparseHNSW_Bloom2_30_b8_s8x4_p0,M=64 efC=1600 ef=1600 alpha=0.85 beta=8 q=u8 seedT=8 seedH=8 seedS=4 bloomH=2 bloomT=30 bloomSrc=pruned,64,0.9886962751,0.9997,5844.5689,8.8168,0.0000,1.672527,1.672527;1.673925;1.670960,239.617049,4173.33,,15.60,0,6980,10,True,nid004173,59090050
SparseHNSW_Bloom2_30_b8_s8x4_p0,M=64 efC=1600 ef=3200 alpha=0.85 beta=8 q=u8 seedT=8 seedH=8 seedS=4 bloomH=2 bloomT=30 bloomSrc=pruned,64,0.9939541547,1.0000,5844.5689,8.8168,0.0000,3.034144,3.035913;3.034144;3.032399,434.691117,2300.48,,15.60,0,6980,10,True,nid004173,59090050
SparseHNSW_Bloom2_30_b8_s8x4_p0,M=64 efC=1600 ef=6400 alpha=0.85 beta=8 q=u8 seedT=8 seedH=8 seedS=4 bloomH=2 bloomT=30 bloomSrc=pruned,64,0.9964040115,1.0000,5844.5689,8.8168,0.0000,5.463823,5.463823;5.460574;5.464018,782.782665,1277.49,,15.60,0,6980,10,True,nid004173,59090050
SparseHNSW_Bloom2_30_b12_s8x4_p0,M=64 efC=1600 ef=10 alpha=0.85 beta=12 q=u8 seedT=8 seedH=8 seedS=4 bloomH=2 bloomT=30 bloomSrc=pruned,64,0.8820916905,0.9884,5844.5689,8.8168,0.0000,0.177789,0.177431;0.177789;0.177821,25.471203,39260.02,,15.60,0,6980,10,True,nid004173,59090050
SparseHNSW_Bloom2_30_b12_s8x4_p0,M=64 efC=1600 ef=50 alpha=0.85 beta=12 q=u8 seedT=8 seedH=8 seedS=4 bloomH=2 bloomT=30 bloomSrc=pruned,64,0.8820916905,0.9884,5844.5689,8.8168,0.0000,0.177604,0.177410;0.177604;0.177927,25.444699,39300.92,,15.60,0,6980,10,True,nid004173,59090050
SparseHNSW_Bloom2_30_b12_s8x4_p0,M=64 efC=1600 ef=100 alpha=0.85 beta=12 q=u8 seedT=8 seedH=8 seedS=4 bloomH=2 bloomT=30 bloomSrc=pruned,64,0.8820916905,0.9884,5844.5689,8.8168,0.0000,0.177165,0.177165;0.177787;0.177146,25.381805,39398.30,,15.60,0,6980,10,True,nid004173,59090050
SparseHNSW_Bloom2_30_b12_s8x4_p0,M=64 efC=1600 ef=400 alpha=0.85 beta=12 q=u8 seedT=8 seedH=8 seedS=4 bloomH=2 bloomT=30 bloomSrc=pruned,64,0.9369484241,0.9960,5844.5689,8.8168,0.0000,0.495425,0.495454;0.495425;0.494763,70.977794,14088.91,,15.60,0,6980,10,True,nid004173,59090050
SparseHNSW_Bloom2_30_b12_s8x4_p0,M=64 efC=1600 ef=800 alpha=0.85 beta=12 q=u8 seedT=8 seedH=8 seedS=4 bloomH=2 bloomT=30 bloomSrc=pruned,64,0.9730515759,0.9980,5844.5689,8.8168,0.0000,0.912348,0.911711;0.912348;0.912718,130.708883,7650.59,,15.60,0,6980,10,True,nid004173,59090050
SparseHNSW_Bloom2_30_b12_s8x4_p0,M=64 efC=1600 ef=1600 alpha=0.85 beta=12 q=u8 seedT=8 seedH=8 seedS=4 bloomH=2 bloomT=30 bloomSrc=pruned,64,0.9887249284,0.9997,5844.5689,8.8168,0.0000,1.675634,1.675634;1.676085;1.675152,240.062178,4165.59,,15.60,0,6980,10,True,nid004173,59090050
SparseHNSW_Bloom2_30_b12_s8x4_p0,M=64 efC=1600 ef=3200 alpha=0.85 beta=12 q=u8 seedT=8 seedH=8 seedS=4 bloomH=2 bloomT=30 bloomSrc=pruned,64,0.9939971347,1.0000,5844.5689,8.8168,0.0000,3.040107,3.040107;3.040251;3.036208,435.545415,2295.97,,15.60,0,6980,10,True,nid004173,59090050
SparseHNSW_Bloom2_30_b12_s8x4_p0,M=64 efC=1600 ef=6400 alpha=0.85 beta=12 q=u8 seedT=8 seedH=8 seedS=4 bloomH=2 bloomT=30 bloomSrc=pruned,64,0.9964469914,1.0000,5844.5689,8.8168,0.0000,5.466497,5.466497;5.467240;5.461435,783.165759,1276.87,,15.60,0,6980,10,True,nid004173,59090050
SparseHNSW_Bloom2_30_b16_s8x4_p0,M=64 efC=1600 ef=10 alpha=0.85 beta=16 q=u8 seedT=8 seedH=8 seedS=4 bloomH=2 bloomT=30 bloomSrc=pruned,64,0.8914613181,0.9907,5844.5689,8.8168,0.0000,0.227006,0.227006;0.227295;0.226645,32.522350,30748.09,,15.60,0,6980,10,True,nid004173,59090050
SparseHNSW_Bloom2_30_b16_s8x4_p0,M=64 efC=1600 ef=50 alpha=0.85 beta=16 q=u8 seedT=8 seedH=8 seedS=4 bloomH=2 bloomT=30 bloomSrc=pruned,64,0.8914613181,0.9907,5844.5689,8.8168,0.0000,0.227037,0.226673;0.227176;0.227037,32.526791,30743.89,,15.60,0,6980,10,True,nid004173,59090050
SparseHNSW_Bloom2_30_b16_s8x4_p0,M=64 efC=1600 ef=100 alpha=0.85 beta=16 q=u8 seedT=8 seedH=8 seedS=4 bloomH=2 bloomT=30 bloomSrc=pruned,64,0.8914613181,0.9907,5844.5689,8.8168,0.0000,0.226798,0.226798;0.226953;0.226603,32.492550,30776.29,,15.60,0,6980,10,True,nid004173,59090050
SparseHNSW_Bloom2_30_b16_s8x4_p0,M=64 efC=1600 ef=400 alpha=0.85 beta=16 q=u8 seedT=8 seedH=8 seedS=4 bloomH=2 bloomT=30 bloomSrc=pruned,64,0.9369484241,0.9960,5844.5689,8.8168,0.0000,0.496382,0.496382;0.496416;0.496165,71.114900,14061.75,,15.60,0,6980,10,True,nid004173,59090050
SparseHNSW_Bloom2_30_b16_s8x4_p0,M=64 efC=1600 ef=800 alpha=0.85 beta=16 q=u8 seedT=8 seedH=8 seedS=4 bloomH=2 bloomT=30 bloomSrc=pruned,64,0.9730515759,0.9980,5844.5689,8.8168,0.0000,0.912958,0.912958;0.911346;0.913733,130.796275,7645.48,,15.60,0,6980,10,True,nid004173,59090050
SparseHNSW_Bloom2_30_b16_s8x4_p0,M=64 efC=1600 ef=1600 alpha=0.85 beta=16 q=u8 seedT=8 seedH=8 seedS=4 bloomH=2 bloomT=30 bloomSrc=pruned,64,0.9887249284,0.9997,5844.5689,8.8168,0.0000,1.676040,1.675534;1.676040;1.676244,240.120344,4164.58,,15.60,0,6980,10,True,nid004173,59090050
SparseHNSW_Bloom2_30_b16_s8x4_p0,M=64 efC=1600 ef=3200 alpha=0.85 beta=16 q=u8 seedT=8 seedH=8 seedS=4 bloomH=2 bloomT=30 bloomSrc=pruned,64,0.9939971347,1.0000,5844.5689,8.8168,0.0000,3.038302,3.038806;3.036286;3.038302,435.286819,2297.34,,15.60,0,6980,10,True,nid004173,59090050
SparseHNSW_Bloom2_30_b16_s8x4_p0,M=64 efC=1600 ef=6400 alpha=0.85 beta=16 q=u8 seedT=8 seedH=8 seedS=4 bloomH=2 bloomT=30 bloomSrc=pruned,64,0.9964469914,1.0000,5844.5689,8.8168,0.0000,5.471893,5.473714;5.469998;5.471893,783.938825,1275.61,,15.60,0,6980,10,True,nid004173,59090050
SparseHNSW_Bloom2_30_b4_s0x0_p128,M=64 efC=1600 ef=10 alpha=0.85 beta=4 q=u8 pat=128 bloomH=2 bloomT=30 bloomSrc=pruned,64,0.8373782235,0.9470,5844.5689,8.8168,0.0000,0.075649,0.075353;0.075649;0.075910,10.837966,92268.24,,15.60,0,6980,10,True,nid004173,59090050
SparseHNSW_Bloom2_30_b4_s0x0_p128,M=64 efC=1600 ef=50 alpha=0.85 beta=4 q=u8 pat=128 bloomH=2 bloomT=30 bloomSrc=pruned,64,0.8455014327,0.9532,5844.5689,8.8168,0.0000,0.089311,0.089311;0.089336;0.088733,12.795272,78153.87,,15.60,0,6980,10,True,nid004173,59090050
SparseHNSW_Bloom2_30_b4_s0x0_p128,M=64 efC=1600 ef=100 alpha=0.85 beta=4 q=u8 pat=128 bloomH=2 bloomT=30 bloomSrc=pruned,64,0.8628366762,0.9695,5844.5689,8.8168,0.0000,0.151257,0.151670;0.150988;0.151257,21.670057,46146.62,,15.60,0,6980,10,True,nid004173,59090050
SparseHNSW_Bloom2_30_b4_s0x0_p128,M=64 efC=1600 ef=400 alpha=0.85 beta=4 q=u8 pat=128 bloomH=2 bloomT=30 bloomSrc=pruned,64,0.9104727794,0.9862,5844.5689,8.8168,0.0000,0.264452,0.264358;0.264452;0.264776,37.887106,26394.20,,15.60,0,6980,10,True,nid004173,59090050
SparseHNSW_Bloom2_30_b4_s0x0_p128,M=64 efC=1600 ef=800 alpha=0.85 beta=4 q=u8 pat=128 bloomH=2 bloomT=30 bloomSrc=pruned,64,0.9494699140,0.9904,5844.5689,8.8168,0.0000,0.258021,0.258021;0.257962;0.258234,36.965759,27052.06,,15.60,0,6980,10,True,nid004173,59090050
SparseHNSW_Bloom2_30_b4_s0x0_p128,M=64 efC=1600 ef=1600 alpha=0.85 beta=4 q=u8 pat=128 bloomH=2 bloomT=30 bloomSrc=pruned,64,0.9758739255,0.9940,5844.5689,8.8168,0.0000,0.265723,0.266154;0.265723;0.265074,38.069198,26267.96,,15.60,0,6980,10,True,nid004173,59090050
SparseHNSW_Bloom2_30_b4_s0x0_p128,M=64 efC=1600 ef=3200 alpha=0.85 beta=4 q=u8 pat=128 bloomH=2 bloomT=30 bloomSrc=pruned,64,0.9875787966,0.9967,5844.5689,8.8168,0.0000,0.291215,0.291151;0.291908;0.291215,41.721347,23968.55,,15.60,0,6980,10,True,nid004173,59090050
SparseHNSW_Bloom2_30_b4_s0x0_p128,M=64 efC=1600 ef=6400 alpha=0.85 beta=4 q=u8 pat=128 bloomH=2 bloomT=30 bloomSrc=pruned,64,0.9933810888,0.9984,5844.5689,8.8168,0.0000,0.347807,0.347976;0.347706;0.347807,49.829083,20068.60,,15.60,0,6980,10,True,nid004173,59090050
SparseHNSW_Bloom2_30_b5_s0x0_p128,M=64 efC=1600 ef=10 alpha=0.85 beta=5 q=u8 pat=128 bloomH=2 bloomT=30 bloomSrc=pruned,64,0.8455873926,0.9532,5844.5689,8.8168,0.0000,0.089825,0.089530;0.090007;0.089825,12.868911,77706.65,,15.60,0,6980,10,True,nid004173,59090050
SparseHNSW_Bloom2_30_b5_s0x0_p128,M=64 efC=1600 ef=50 alpha=0.85 beta=5 q=u8 pat=128 bloomH=2 bloomT=30 bloomSrc=pruned,64,0.8455873926,0.9532,5844.5689,8.8168,0.0000,0.089647,0.089647;0.089744;0.089132,12.843410,77860.94,,15.60,0,6980,10,True,nid004173,59090050
SparseHNSW_Bloom2_30_b5_s0x0_p128,M=64 efC=1600 ef=100 alpha=0.85 beta=5 q=u8 pat=128 bloomH=2 bloomT=30 bloomSrc=pruned,64,0.8629512894,0.9695,5844.5689,8.8168,0.0000,0.151971,0.151930;0.152148;0.151971,21.772350,45929.82,,15.60,0,6980,10,True,nid004173,59090050
SparseHNSW_Bloom2_30_b5_s0x0_p128,M=64 efC=1600 ef=400 alpha=0.85 beta=5 q=u8 pat=128 bloomH=2 bloomT=30 bloomSrc=pruned,64,0.9107879656,0.9862,5844.5689,8.8168,0.0000,0.279269,0.279149;0.279269;0.279322,40.009885,24993.82,,15.60,0,6980,10,True,nid004173,59090050
SparseHNSW_Bloom2_30_b5_s0x0_p128,M=64 efC=1600 ef=800 alpha=0.85 beta=5 q=u8 pat=128 bloomH=2 bloomT=30 bloomSrc=pruned,64,0.9498997135,0.9908,5844.5689,8.8168,0.0000,0.273640,0.273640;0.273634;0.273913,39.203438,25507.97,,15.60,0,6980,10,True,nid004173,59090050
SparseHNSW_Bloom2_30_b5_s0x0_p128,M=64 efC=1600 ef=1600 alpha=0.85 beta=5 q=u8 pat=128 bloomH=2 bloomT=30 bloomSrc=pruned,64,0.9761174785,0.9943,5844.5689,8.8168,0.0000,0.279749,0.279749;0.280006;0.279626,40.078653,24950.94,,15.60,0,6980,10,True,nid004173,59090050
SparseHNSW_Bloom2_30_b5_s0x0_p128,M=64 efC=1600 ef=3200 alpha=0.85 beta=5 q=u8 pat=128 bloomH=2 bloomT=30 bloomSrc=pruned,64,0.9877650430,0.9967,5844.5689,8.8168,0.0000,0.304262,0.304262;0.304139;0.304447,43.590544,22940.76,,15.60,0,6980,10,True,nid004173,59090050
SparseHNSW_Bloom2_30_b5_s0x0_p128,M=64 efC=1600 ef=6400 alpha=0.85 beta=5 q=u8 pat=128 bloomH=2 bloomT=30 bloomSrc=pruned,64,0.9936103152,0.9984,5844.5689,8.8168,0.0000,0.361206,0.361025;0.361206;0.361489,51.748711,19324.15,,15.60,0,6980,10,True,nid004173,59090050
SparseHNSW_Bloom2_30_b8_s0x0_p128,M=64 efC=1600 ef=10 alpha=0.85 beta=8 q=u8 pat=128 bloomH=2 bloomT=30 bloomSrc=pruned,64,0.8570487106,0.9640,5844.5689,8.8168,0.0000,0.129763,0.130392;0.129458;0.129763,18.590688,53790.37,,15.60,0,6980,10,True,nid004173,59090050
SparseHNSW_Bloom2_30_b8_s0x0_p128,M=64 efC=1600 ef=50 alpha=0.85 beta=8 q=u8 pat=128 bloomH=2 bloomT=30 bloomSrc=pruned,64,0.8570487106,0.9640,5844.5689,8.8168,0.0000,0.129753,0.129766;0.129700;0.129753,18.589255,53794.52,,15.60,0,6980,10,True,nid004173,59090050
SparseHNSW_Bloom2_30_b8_s0x0_p128,M=64 efC=1600 ef=100 alpha=0.85 beta=8 q=u8 pat=128 bloomH=2 bloomT=30 bloomSrc=pruned,64,0.8630229226,0.9695,5844.5689,8.8168,0.0000,0.154744,0.155016;0.154744;0.153806,22.169628,45106.76,,15.60,0,6980,10,True,nid004173,59090050
SparseHNSW_Bloom2_30_b8_s0x0_p128,M=64 efC=1600 ef=400 alpha=0.85 beta=8 q=u8 pat=128 bloomH=2 bloomT=30 bloomSrc=pruned,64,0.9110888252,0.9867,5844.5689,8.8168,0.0000,0.327174,0.327374;0.327060;0.327174,46.873066,21334.21,,15.60,0,6980,10,True,nid004173,59090050
SparseHNSW_Bloom2_30_b8_s0x0_p128,M=64 efC=1600 ef=800 alpha=0.85 beta=8 q=u8 pat=128 bloomH=2 bloomT=30 bloomSrc=pruned,64,0.9504584527,0.9915,5844.5689,8.8168,0.0000,0.320967,0.320967;0.321374;0.320833,45.983811,21746.78,,15.60,0,6980,10,True,nid004173,59090050
SparseHNSW_Bloom2_30_b8_s0x0_p128,M=64 efC=1600 ef=1600 alpha=0.85 beta=8 q=u8 pat=128 bloomH=2 bloomT=30 bloomSrc=pruned,64,0.9766618911,0.9948,5844.5689,8.8168,0.0000,0.321613,0.321352;0.322562;0.321613,46.076361,21703.10,,15.60,0,6980,10,True,nid004173,59090050
SparseHNSW_Bloom2_30_b8_s0x0_p128,M=64 efC=1600 ef=3200 alpha=0.85 beta=8 q=u8 pat=128 bloomH=2 bloomT=30 bloomSrc=pruned,64,0.9881375358,0.9970,5844.5689,8.8168,0.0000,0.341544,0.341747;0.340954;0.341544,48.931805,20436.61,,15.60,0,6980,10,True,nid004173,59090050
SparseHNSW_Bloom2_30_b8_s0x0_p128,M=64 efC=1600 ef=6400 alpha=0.85 beta=8 q=u8 pat=128 bloomH=2 bloomT=30 bloomSrc=pruned,64,0.9939255014,0.9986,5844.5689,8.8168,0.0000,0.400555,0.400555;0.400508;0.400825,57.386103,17425.82,,15.60,0,6980,10,True,nid004173,59090050
SparseHNSW_Bloom2_30_b12_s0x0_p128,M=64 efC=1600 ef=10 alpha=0.85 beta=12 q=u8 pat=128 bloomH=2 bloomT=30 bloomSrc=pruned,64,0.8673638968,0.9726,5844.5689,8.8168,0.0000,0.181830,0.181089;0.181830;0.181878,26.050143,38387.50,,15.60,0,6980,10,True,nid004173,59090050
SparseHNSW_Bloom2_30_b12_s0x0_p128,M=64 efC=1600 ef=50 alpha=0.85 beta=12 q=u8 pat=128 bloomH=2 bloomT=30 bloomSrc=pruned,64,0.8673638968,0.9726,5844.5689,8.8168,0.0000,0.181402,0.181402;0.181560;0.181246,25.988825,38478.08,,15.60,0,6980,10,True,nid004173,59090050
SparseHNSW_Bloom2_30_b12_s0x0_p128,M=64 efC=1600 ef=100 alpha=0.85 beta=12 q=u8 pat=128 bloomH=2 bloomT=30 bloomSrc=pruned,64,0.8673638968,0.9726,5844.5689,8.8168,0.0000,0.181668,0.182223;0.181668;0.181001,26.026934,38421.74,,15.60,0,6980,10,True,nid004173,59090050
SparseHNSW_Bloom2_30_b12_s0x0_p128,M=64 efC=1600 ef=400 alpha=0.85 beta=12 q=u8 pat=128 bloomH=2 bloomT=30 bloomSrc=pruned,64,0.9114899713,0.9871,5844.5689,8.8168,0.0000,0.386177,0.386177;0.386917;0.384535,55.326218,18074.61,,15.60,0,6980,10,True,nid004173,59090050
SparseHNSW_Bloom2_30_b12_s0x0_p128,M=64 efC=1600 ef=800 alpha=0.85 beta=12 q=u8 pat=128 bloomH=2 bloomT=30 bloomSrc=pruned,64,0.9508595989,0.9920,5844.5689,8.8168,0.0000,0.384282,0.384347;0.384282;0.384037,55.054728,18163.74,,15.60,0,6980,10,True,nid004173,59090050
SparseHNSW_Bloom2_30_b12_s0x0_p128,M=64 efC=1600 ef=1600 alpha=0.85 beta=12 q=u8 pat=128 bloomH=2 bloomT=30 bloomSrc=pruned,64,0.9771203438,0.9953,5844.5689,8.8168,0.0000,0.378815,0.379142;0.378691;0.378815,54.271490,18425.88,,15.60,0,6980,10,True,nid004173,59090050
SparseHNSW_Bloom2_30_b12_s0x0_p128,M=64 efC=1600 ef=3200 alpha=0.85 beta=12 q=u8 pat=128 bloomH=2 bloomT=30 bloomSrc=pruned,64,0.9883810888,0.9970,5844.5689,8.8168,0.0000,0.392172,0.392172;0.392000;0.392238,56.185100,17798.31,,15.60,0,6980,10,True,nid004173,59090050
SparseHNSW_Bloom2_30_b12_s0x0_p128,M=64 efC=1600 ef=6400 alpha=0.85 beta=12 q=u8 pat=128 bloomH=2 bloomT=30 bloomSrc=pruned,64,0.9943982808,0.9987,5844.5689,8.8168,0.0000,0.450206,0.450206;0.450149;0.451334,64.499427,15504.01,,15.60,0,6980,10,True,nid004173,59090050
SparseHNSW_Bloom2_30_b16_s0x0_p128,M=64 efC=1600 ef=10 alpha=0.85 beta=16 q=u8 pat=128 bloomH=2 bloomT=30 bloomSrc=pruned,64,0.8751862464,0.9775,5844.5689,8.8168,0.0000,0.230307,0.230217;0.230991;0.230307,32.995272,30307.37,,15.60,0,6980,10,True,nid004173,59090050
SparseHNSW_Bloom2_30_b16_s0x0_p128,M=64 efC=1600 ef=50 alpha=0.85 beta=16 q=u8 pat=128 bloomH=2 bloomT=30 bloomSrc=pruned,64,0.8751862464,0.9775,5844.5689,8.8168,0.0000,0.230136,0.229671;0.230136;0.230176,32.970774,30329.89,,15.60,0,6980,10,True,nid004173,59090050
SparseHNSW_Bloom2_30_b16_s0x0_p128,M=64 efC=1600 ef=100 alpha=0.85 beta=16 q=u8 pat=128 bloomH=2 bloomT=30 bloomSrc=pruned,64,0.8751862464,0.9775,5844.5689,8.8168,0.0000,0.230552,0.230552;0.229742;0.230682,33.030372,30275.17,,15.60,0,6980,10,True,nid004173,59090050
SparseHNSW_Bloom2_30_b16_s0x0_p128,M=64 efC=1600 ef=400 alpha=0.85 beta=16 q=u8 pat=128 bloomH=2 bloomT=30 bloomSrc=pruned,64,0.9115472779,0.9871,5844.5689,8.8168,0.0000,0.427649,0.427649;0.427941;0.427560,61.267765,16321.80,,15.60,0,6980,10,True,nid004173,59090050
SparseHNSW_Bloom2_30_b16_s0x0_p128,M=64 efC=1600 ef=800 alpha=0.85 beta=16 q=u8 pat=128 bloomH=2 bloomT=30 bloomSrc=pruned,64,0.9510744986,0.9924,5844.5689,8.8168,0.0000,0.451787,0.451902;0.451787;0.451411,64.725931,15449.76,,15.60,0,6980,10,True,nid004173,59090050
SparseHNSW_Bloom2_30_b16_s0x0_p128,M=64 efC=1600 ef=1600 alpha=0.85 beta=16 q=u8 pat=128 bloomH=2 bloomT=30 bloomSrc=pruned,64,0.9774355301,0.9958,5844.5689,8.8168,0.0000,0.438770,0.439253;0.438770;0.438545,62.861032,15908.11,,15.60,0,6980,10,True,nid004173,59090050
SparseHNSW_Bloom2_30_b16_s0x0_p128,M=64 efC=1600 ef=3200 alpha=0.85 beta=16 q=u8 pat=128 bloomH=2 bloomT=30 bloomSrc=pruned,64,0.9885816619,0.9973,5844.5689,8.8168,0.0000,0.442647,0.442647;0.442540;0.443098,63.416476,15768.77,,15.60,0,6980,10,True,nid004173,59090050
SparseHNSW_Bloom2_30_b16_s0x0_p128,M=64 efC=1600 ef=6400 alpha=0.85 beta=16 q=u8 pat=128 bloomH=2 bloomT=30 bloomSrc=pruned,64,0.9944555874,0.9989,5844.5689,8.8168,0.0000,0.495599,0.495599;0.495969;0.495046,71.002722,14083.97,,15.60,0,6980,10,True,nid004173,59090050
SparseHNSW_Bloom2_30_b4_s8x4_p128,M=64 efC=1600 ef=10 alpha=0.85 beta=4 q=u8 seedT=8 seedH=8 seedS=4 pat=128 bloomH=2 bloomT=30 bloomSrc=pruned,64,0.8568051576,0.9765,5844.5689,8.8168,0.0000,0.072428,0.072212;0.072428;0.072733,10.376504,96371.57,,15.60,0,6980,10,True,nid004173,59090050
SparseHNSW_Bloom2_30_b4_s8x4_p128,M=64 efC=1600 ef=50 alpha=0.85 beta=4 q=u8 seedT=8 seedH=8 seedS=4 pat=128 bloomH=2 bloomT=30 bloomSrc=pruned,64,0.8631088825,0.9801,5844.5689,8.8168,0.0000,0.085688,0.085805;0.085688;0.085529,12.276218,81458.31,,15.60,0,6980,10,True,nid004173,59090050
SparseHNSW_Bloom2_30_b4_s8x4_p128,M=64 efC=1600 ef=100 alpha=0.85 beta=4 q=u8 seedT=8 seedH=8 seedS=4 pat=128 bloomH=2 bloomT=30 bloomSrc=pruned,64,0.8762464183,0.9867,5844.5689,8.8168,0.0000,0.148897,0.148975;0.148897;0.148243,21.331948,46878.04,,15.60,0,6980,10,True,nid004173,59090050
SparseHNSW_Bloom2_30_b4_s8x4_p128,M=64 efC=1600 ef=400 alpha=0.85 beta=4 q=u8 seedT=8 seedH=8 seedS=4 pat=128 bloomH=2 bloomT=30 bloomSrc=pruned,64,0.9360315186,0.9957,5844.5689,8.8168,0.0000,0.252136,0.252251;0.252136;0.251457,36.122636,27683.47,,15.60,0,6980,10,True,nid004173,59090050
SparseHNSW_Bloom2_30_b4_s8x4_p128,M=64 efC=1600 ef=800 alpha=0.85 beta=4 q=u8 seedT=8 seedH=8 seedS=4 pat=128 bloomH=2 bloomT=30 bloomSrc=pruned,64,0.9713896848,0.9971,5844.5689,8.8168,0.0000,0.250479,0.250658;0.250479;0.250040,35.885244,27866.61,,15.60,0,6980,10,True,nid004173,59090050
SparseHNSW_Bloom2_30_b4_s8x4_p128,M=64 efC=1600 ef=1600 alpha=0.85 beta=4 q=u8 seedT=8 seedH=8 seedS=4 pat=128 bloomH=2 bloomT=30 bloomSrc=pruned,64,0.9870343840,0.9989,5844.5689,8.8168,0.0000,0.261964,0.261785;0.262767;0.261964,37.530659,26644.88,,15.60,0,6980,10,True,nid004173,59090050
SparseHNSW_Bloom2_30_b4_s8x4_p128,M=64 efC=1600 ef=3200 alpha=0.85 beta=4 q=u8 seedT=8 seedH=8 seedS=4 pat=128 bloomH=2 bloomT=30 bloomSrc=pruned,64,0.9925931232,0.9997,5844.5689,8.8168,0.0000,0.289273,0.289273;0.288870;0.289484,41.443123,24129.46,,15.60,0,6980,10,True,nid004173,59090050
SparseHNSW_Bloom2_30_b4_s8x4_p128,M=64 efC=1600 ef=6400 alpha=0.85 beta=4 q=u8 seedT=8 seedH=8 seedS=4 pat=128 bloomH=2 bloomT=30 bloomSrc=pruned,64,0.9950859599,0.9999,5844.5689,8.8168,0.0000,0.346214,0.346214;0.346601;0.345487,49.600860,20160.94,,15.60,0,6980,10,True,nid004173,59090050
SparseHNSW_Bloom2_30_b5_s8x4_p128,M=64 efC=1600 ef=10 alpha=0.85 beta=5 q=u8 seedT=8 seedH=8 seedS=4 pat=128 bloomH=2 bloomT=30 bloomSrc=pruned,64,0.8631948424,0.9801,5844.5689,8.8168,0.0000,0.086257,0.086257;0.086212;0.086940,12.357736,80920.97,,15.60,0,6980,10,True,nid004173,59090050
SparseHNSW_Bloom2_30_b5_s8x4_p128,M=64 efC=1600 ef=50 alpha=0.85 beta=5 q=u8 seedT=8 seedH=8 seedS=4 pat=128 bloomH=2 bloomT=30 bloomSrc=pruned,64,0.8631948424,0.9801,5844.5689,8.8168,0.0000,0.086481,0.086572;0.086481;0.086060,12.389828,80711.37,,15.60,0,6980,10,True,nid004173,59090050
SparseHNSW_Bloom2_30_b5_s8x4_p128,M=64 efC=1600 ef=100 alpha=0.85 beta=5 q=u8 seedT=8 seedH=8 seedS=4 pat=128 bloomH=2 bloomT=30 bloomSrc=pruned,64,0.8763610315,0.9867,5844.5689,8.8168,0.0000,0.150033,0.150033;0.150380;0.149684,21.494699,46523.10,,15.60,0,6980,10,True,nid004173,59090050
SparseHNSW_Bloom2_30_b5_s8x4_p128,M=64 efC=1600 ef=400 alpha=0.85 beta=5 q=u8 seedT=8 seedH=8 seedS=4 pat=128 bloomH=2 bloomT=30 bloomSrc=pruned,64,0.9362464183,0.9957,5844.5689,8.8168,0.0000,0.268284,0.268145;0.268284;0.268680,38.436103,26017.21,,15.60,0,6980,10,True,nid004173,59090050
SparseHNSW_Bloom2_30_b5_s8x4_p128,M=64 efC=1600 ef=800 alpha=0.85 beta=5 q=u8 seedT=8 seedH=8 seedS=4 pat=128 bloomH=2 bloomT=30 bloomSrc=pruned,64,0.9717191977,0.9974,5844.5689,8.8168,0.0000,0.264544,0.264544;0.264696;0.264364,37.900287,26385.02,,15.60,0,6980,10,True,nid004173,59090050
SparseHNSW_Bloom2_30_b5_s8x4_p128,M=64 efC=1600 ef=1600 alpha=0.85 beta=5 q=u8 seedT=8 seedH=8 seedS=4 pat=128 bloomH=2 bloomT=30 bloomSrc=pruned,64,0.9872922636,0.9990,5844.5689,8.8168,0.0000,0.275491,0.275521;0.274993;0.275491,39.468625,25336.58,,15.60,0,6980,10,True,nid004173,59090050
SparseHNSW_Bloom2_30_b5_s8x4_p128,M=64 efC=1600 ef=3200 alpha=0.85 beta=5 q=u8 seedT=8 seedH=8 seedS=4 pat=128 bloomH=2 bloomT=30 bloomSrc=pruned,64,0.9927650430,0.9997,5844.5689,8.8168,0.0000,0.301968,0.301968;0.302869;0.301765,43.261891,23115.03,,15.60,0,6980,10,True,nid004173,59090050
SparseHNSW_Bloom2_30_b5_s8x4_p128,M=64 efC=1600 ef=6400 alpha=0.85 beta=5 q=u8 seedT=8 seedH=8 seedS=4 pat=128 bloomH=2 bloomT=30 bloomSrc=pruned,64,0.9952722063,0.9999,5844.5689,8.8168,0.0000,0.359388,0.360267;0.359388;0.359227,51.488252,19421.91,,15.60,0,6980,10,True,nid004173,59090050
SparseHNSW_Bloom2_30_b8_s8x4_p128,M=64 efC=1600 ef=10 alpha=0.85 beta=8 q=u8 seedT=8 seedH=8 seedS=4 pat=128 bloomH=2 bloomT=30 bloomSrc=pruned,64,0.8715902579,0.9847,5844.5689,8.8168,0.0000,0.127400,0.127812;0.127167;0.127400,18.252149,54788.07,,15.60,0,6980,10,True,nid004173,59090050
SparseHNSW_Bloom2_30_b8_s8x4_p128,M=64 efC=1600 ef=50 alpha=0.85 beta=8 q=u8 seedT=8 seedH=8 seedS=4 pat=128 bloomH=2 bloomT=30 bloomSrc=pruned,64,0.8715902579,0.9847,5844.5689,8.8168,0.0000,0.126895,0.126839;0.126895;0.127627,18.179799,55006.11,,15.60,0,6980,10,True,nid004173,59090050
SparseHNSW_Bloom2_30_b8_s8x4_p128,M=64 efC=1600 ef=100 alpha=0.85 beta=8 q=u8 seedT=8 seedH=8 seedS=4 pat=128 bloomH=2 bloomT=30 bloomSrc=pruned,64,0.8764326648,0.9867,5844.5689,8.8168,0.0000,0.151583,0.151536;0.151583;0.151739,21.716762,46047.38,,15.60,0,6980,10,True,nid004173,59090050
SparseHNSW_Bloom2_30_b8_s8x4_p128,M=64 efC=1600 ef=400 alpha=0.85 beta=8 q=u8 seedT=8 seedH=8 seedS=4 pat=128 bloomH=2 bloomT=30 bloomSrc=pruned,64,0.9364326648,0.9957,5844.5689,8.8168,0.0000,0.316570,0.316521;0.316570;0.316967,45.353868,22048.84,,15.60,0,6980,10,True,nid004173,59090050
SparseHNSW_Bloom2_30_b8_s8x4_p128,M=64 efC=1600 ef=800 alpha=0.85 beta=8 q=u8 seedT=8 seedH=8 seedS=4 pat=128 bloomH=2 bloomT=30 bloomSrc=pruned,64,0.9721060172,0.9976,5844.5689,8.8168,0.0000,0.311692,0.310499;0.311723;0.311692,44.655014,22393.90,,15.60,0,6980,10,True,nid004173,59090050
SparseHNSW_Bloom2_30_b8_s8x4_p128,M=64 efC=1600 ef=1600 alpha=0.85 beta=8 q=u8 seedT=8 seedH=8 seedS=4 pat=128 bloomH=2 bloomT=30 bloomSrc=pruned,64,0.9875787966,0.9990,5844.5689,8.8168,0.0000,0.315895,0.315895;0.315876;0.316022,45.257163,22095.95,,15.60,0,6980,10,True,nid004173,59090050
SparseHNSW_Bloom2_30_b8_s8x4_p128,M=64 efC=1600 ef=3200 alpha=0.85 beta=8 q=u8 seedT=8 seedH=8 seedS=4 pat=128 bloomH=2 bloomT=30 bloomSrc=pruned,64,0.9930372493,0.9997,5844.5689,8.8168,0.0000,0.340404,0.340273;0.340404;0.340526,48.768481,20505.05,,15.60,0,6980,10,True,nid004173,59090050
SparseHNSW_Bloom2_30_b8_s8x4_p128,M=64 efC=1600 ef=6400 alpha=0.85 beta=8 q=u8 seedT=8 seedH=8 seedS=4 pat=128 bloomH=2 bloomT=30 bloomSrc=pruned,64,0.9955300860,0.9999,5844.5689,8.8168,0.0000,0.399611,0.398706;0.399849;0.399611,57.250860,17466.99,,15.60,0,6980,10,True,nid004173,59090050
SparseHNSW_Bloom2_30_b12_s8x4_p128,M=64 efC=1600 ef=10 alpha=0.85 beta=12 q=u8 seedT=8 seedH=8 seedS=4 pat=128 bloomH=2 bloomT=30 bloomSrc=pruned,64,0.8820916905,0.9884,5844.5689,8.8168,0.0000,0.178895,0.178892;0.179448;0.178895,25.629656,39017.30,,15.60,0,6980,10,True,nid004173,59090050
SparseHNSW_Bloom2_30_b12_s8x4_p128,M=64 efC=1600 ef=50 alpha=0.85 beta=12 q=u8 seedT=8 seedH=8 seedS=4 pat=128 bloomH=2 bloomT=30 bloomSrc=pruned,64,0.8820916905,0.9884,5844.5689,8.8168,0.0000,0.178695,0.178695;0.178670;0.179002,25.601003,39060.97,,15.60,0,6980,10,True,nid004173,59090050
SparseHNSW_Bloom2_30_b12_s8x4_p128,M=64 efC=1600 ef=100 alpha=0.85 beta=12 q=u8 seedT=8 seedH=8 seedS=4 pat=128 bloomH=2 bloomT=30 bloomSrc=pruned,64,0.8820916905,0.9884,5844.5689,8.8168,0.0000,0.179095,0.179348;0.179095;0.179093,25.658309,38973.73,,15.60,0,6980,10,True,nid004173,59090050
SparseHNSW_Bloom2_30_b12_s8x4_p128,M=64 efC=1600 ef=400 alpha=0.85 beta=12 q=u8 seedT=8 seedH=8 seedS=4 pat=128 bloomH=2 bloomT=30 bloomSrc=pruned,64,0.9367765043,0.9958,5844.5689,8.8168,0.0000,0.373767,0.373463;0.373767;0.373963,53.548281,18674.74,,15.60,0,6980,10,True,nid004173,59090050
SparseHNSW_Bloom2_30_b12_s8x4_p128,M=64 efC=1600 ef=800 alpha=0.85 beta=12 q=u8 seedT=8 seedH=8 seedS=4 pat=128 bloomH=2 bloomT=30 bloomSrc=pruned,64,0.9723925501,0.9977,5844.5689,8.8168,0.0000,0.376941,0.376941;0.376851;0.377274,54.003009,18517.49,,15.60,0,6980,10,True,nid004173,59090050
SparseHNSW_Bloom2_30_b12_s8x4_p128,M=64 efC=1600 ef=1600 alpha=0.85 beta=12 q=u8 seedT=8 seedH=8 seedS=4 pat=128 bloomH=2 bloomT=30 bloomSrc=pruned,64,0.9878653295,0.9991,5844.5689,8.8168,0.0000,0.373255,0.373255;0.373491;0.373060,53.474928,18700.35,,15.60,0,6980,10,True,nid004173,59090050
SparseHNSW_Bloom2_30_b12_s8x4_p128,M=64 efC=1600 ef=3200 alpha=0.85 beta=12 q=u8 seedT=8 seedH=8 seedS=4 pat=128 bloomH=2 bloomT=30 bloomSrc=pruned,64,0.9932521490,0.9997,5844.5689,8.8168,0.0000,0.390524,0.390920;0.390298;0.390524,55.948997,17873.42,,15.60,0,6980,10,True,nid004173,59090050
SparseHNSW_Bloom2_30_b12_s8x4_p128,M=64 efC=1600 ef=6400 alpha=0.85 beta=12 q=u8 seedT=8 seedH=8 seedS=4 pat=128 bloomH=2 bloomT=30 bloomSrc=pruned,64,0.9958739255,0.9999,5844.5689,8.8168,0.0000,0.449597,0.449597;0.449704;0.449289,64.412178,15525.01,,15.60,0,6980,10,True,nid004173,59090050
SparseHNSW_Bloom2_30_b16_s8x4_p128,M=64 efC=1600 ef=10 alpha=0.85 beta=16 q=u8 seedT=8 seedH=8 seedS=4 pat=128 bloomH=2 bloomT=30 bloomSrc=pruned,64,0.8914613181,0.9907,5844.5689,8.8168,0.0000,0.228483,0.228483;0.228447;0.228510,32.733954,30549.32,,15.60,0,6980,10,True,nid004173,59090050
SparseHNSW_Bloom2_30_b16_s8x4_p128,M=64 efC=1600 ef=50 alpha=0.85 beta=16 q=u8 seedT=8 seedH=8 seedS=4 pat=128 bloomH=2 bloomT=30 bloomSrc=pruned,64,0.8914613181,0.9907,5844.5689,8.8168,0.0000,0.228548,0.228762;0.228470;0.228548,32.743266,30540.63,,15.60,0,6980,10,True,nid004173,59090050
SparseHNSW_Bloom2_30_b16_s8x4_p128,M=64 efC=1600 ef=100 alpha=0.85 beta=16 q=u8 seedT=8 seedH=8 seedS=4 pat=128 bloomH=2 bloomT=30 bloomSrc=pruned,64,0.8914613181,0.9907,5844.5689,8.8168,0.0000,0.228219,0.229137;0.227709;0.228219,32.696132,30584.66,,15.60,0,6980,10,True,nid004173,59090050
SparseHNSW_Bloom2_30_b16_s8x4_p128,M=64 efC=1600 ef=400 alpha=0.85 beta=16 q=u8 seedT=8 seedH=8 seedS=4 pat=128 bloomH=2 bloomT=30 bloomSrc=pruned,64,0.9368767908,0.9960,5844.5689,8.8168,0.0000,0.422549,0.422570;0.422549;0.422458,60.537106,16518.79,,15.60,0,6980,10,True,nid004173,59090050
SparseHNSW_Bloom2_30_b16_s8x4_p128,M=64 efC=1600 ef=800 alpha=0.85 beta=16 q=u8 seedT=8 seedH=8 seedS=4 pat=128 bloomH=2 bloomT=30 bloomSrc=pruned,64,0.9724355301,0.9977,5844.5689,8.8168,0.0000,0.436448,0.436832;0.436448;0.436344,62.528367,15992.74,,15.60,0,6980,10,True,nid004173,59090050
SparseHNSW_Bloom2_30_b16_s8x4_p128,M=64 efC=1600 ef=1600 alpha=0.85 beta=16 q=u8 seedT=8 seedH=8 seedS=4 pat=128 bloomH=2 bloomT=30 bloomSrc=pruned,64,0.9879512894,0.9993,5844.5689,8.8168,0.0000,0.431131,0.431131;0.430956;0.431481,61.766619,16189.97,,15.60,0,6980,10,True,nid004173,59090050
SparseHNSW_Bloom2_30_b16_s8x4_p128,M=64 efC=1600 ef=3200 alpha=0.85 beta=16 q=u8 seedT=8 seedH=8 seedS=4 pat=128 bloomH=2 bloomT=30 bloomSrc=pruned,64,0.9933524355,0.9999,5844.5689,8.8168,0.0000,0.442163,0.443101;0.442163;0.441325,63.347135,15786.03,,15.60,0,6980,10,True,nid004173,59090050
SparseHNSW_Bloom2_30_b16_s8x4_p128,M=64 efC=1600 ef=6400 alpha=0.85 beta=16 q=u8 seedT=8 seedH=8 seedS=4 pat=128 bloomH=2 bloomT=30 bloomSrc=pruned,64,0.9959742120,1.0000,5844.5689,8.8168,0.0000,0.494819,0.494841;0.494632;0.494819,70.890974,14106.17,,15.60,0,6980,10,True,nid004173,59090050
SparseHNSW_Bloom2_30_b4_s0x0_p256,M=64 efC=1600 ef=10 alpha=0.85 beta=4 q=u8 pat=256 bloomH=2 bloomT=30 bloomSrc=pruned,64,0.8373782235,0.9470,5844.5689,8.8168,0.0000,0.075885,0.075068;0.075996;0.075885,10.871777,91981.29,,15.60,0,6980,10,True,nid004173,59090050
SparseHNSW_Bloom2_30_b4_s0x0_p256,M=64 efC=1600 ef=50 alpha=0.85 beta=4 q=u8 pat=256 bloomH=2 bloomT=30 bloomSrc=pruned,64,0.8455014327,0.9532,5844.5689,8.8168,0.0000,0.088829,0.088845;0.088706;0.088829,12.726218,78577.94,,15.60,0,6980,10,True,nid004173,59090050
SparseHNSW_Bloom2_30_b4_s0x0_p256,M=64 efC=1600 ef=100 alpha=0.85 beta=4 q=u8 pat=256 bloomH=2 bloomT=30 bloomSrc=pruned,64,0.8628366762,0.9695,5844.5689,8.8168,0.0000,0.151615,0.151615;0.151410;0.151799,21.721347,46037.66,,15.60,0,6980,10,True,nid004173,59090050
SparseHNSW_Bloom2_30_b4_s0x0_p256,M=64 efC=1600 ef=400 alpha=0.85 beta=4 q=u8 pat=256 bloomH=2 bloomT=30 bloomSrc=pruned,64,0.9117621777,0.9877,5844.5689,8.8168,0.0000,0.402353,0.401986;0.402394;0.402353,57.643696,17347.95,,15.60,0,6980,10,True,nid004173,59090050
SparseHNSW_Bloom2_30_b4_s0x0_p256,M=64 efC=1600 ef=800 alpha=0.85 beta=4 q=u8 pat=256 bloomH=2 bloomT=30 bloomSrc=pruned,64,0.9513467049,0.9933,5844.5689,8.8168,0.0000,0.410899,0.410531;0.410899;0.411260,58.868052,16987.14,,15.60,0,6980,10,True,nid004173,59090050
SparseHNSW_Bloom2_30_b4_s0x0_p256,M=64 efC=1600 ef=1600 alpha=0.85 beta=4 q=u8 pat=256 bloomH=2 bloomT=30 bloomSrc=pruned,64,0.9774355301,0.9963,5844.5689,8.8168,0.0000,0.412814,0.413987;0.412814;0.412789,59.142407,16908.34,,15.60,0,6980,10,True,nid004173,59090050
SparseHNSW_Bloom2_30_b4_s0x0_p256,M=64 efC=1600 ef=3200 alpha=0.85 beta=4 q=u8 pat=256 bloomH=2 bloomT=30 bloomSrc=pruned,64,0.9884383954,0.9974,5844.5689,8.8168,0.0000,0.434941,0.433997;0.435252;0.434941,62.312464,16048.15,,15.60,0,6980,10,True,nid004173,59090050
SparseHNSW_Bloom2_30_b4_s0x0_p256,M=64 efC=1600 ef=6400 alpha=0.85 beta=4 q=u8 pat=256 bloomH=2 bloomT=30 bloomSrc=pruned,64,0.9941404011,0.9989,5844.5689,8.8168,0.0000,0.495496,0.495604;0.495496;0.495212,70.987966,14086.89,,15.60,0,6980,10,True,nid004173,59090050
SparseHNSW_Bloom2_30_b5_s0x0_p256,M=64 efC=1600 ef=10 alpha=0.85 beta=5 q=u8 pat=256 bloomH=2 bloomT=30 bloomSrc=pruned,64,0.8455873926,0.9532,5844.5689,8.8168,0.0000,0.089667,0.088934;0.089835;0.089667,12.846275,77843.58,,15.60,0,6980,10,True,nid004173,59090050
SparseHNSW_Bloom2_30_b5_s0x0_p256,M=64 efC=1600 ef=50 alpha=0.85 beta=5 q=u8 pat=256 bloomH=2 bloomT=30 bloomSrc=pruned,64,0.8455873926,0.9532,5844.5689,8.8168,0.0000,0.089553,0.089765;0.089511;0.089553,12.829943,77942.67,,15.60,0,6980,10,True,nid004173,59090050
SparseHNSW_Bloom2_30_b5_s0x0_p256,M=64 efC=1600 ef=100 alpha=0.85 beta=5 q=u8 pat=256 bloomH=2 bloomT=30 bloomSrc=pruned,64,0.8629512894,0.9695,5844.5689,8.8168,0.0000,0.152611,0.152244;0.152611;0.152889,21.864040,45737.20,,15.60,0,6980,10,True,nid004173,59090050
SparseHNSW_Bloom2_30_b5_s0x0_p256,M=64 efC=1600 ef=400 alpha=0.85 beta=5 q=u8 pat=256 bloomH=2 bloomT=30 bloomSrc=pruned,64,0.9118911175,0.9877,5844.5689,8.8168,0.0000,0.416723,0.416723;0.417025;0.416464,59.702436,16749.74,,15.60,0,6980,10,True,nid004173,59090050
SparseHNSW_Bloom2_30_b5_s0x0_p256,M=64 efC=1600 ef=800 alpha=0.85 beta=5 q=u8 pat=256 bloomH=2 bloomT=30 bloomSrc=pruned,64,0.9516189112,0.9936,5844.5689,8.8168,0.0000,0.428293,0.427958;0.428293;0.428385,61.360029,16297.25,,15.60,0,6980,10,True,nid004173,59090050
SparseHNSW_Bloom2_30_b5_s0x0_p256,M=64 efC=1600 ef=1600 alpha=0.85 beta=5 q=u8 pat=256 bloomH=2 bloomT=30 bloomSrc=pruned,64,0.9776504298,0.9963,5844.5689,8.8168,0.0000,0.429323,0.428904;0.429422;0.429323,61.507593,16258.16,,15.60,0,6980,10,True,nid004173,59090050
SparseHNSW_Bloom2_30_b5_s0x0_p256,M=64 efC=1600 ef=3200 alpha=0.85 beta=5 q=u8 pat=256 bloomH=2 bloomT=30 bloomSrc=pruned,64,0.9886103152,0.9974,5844.5689,8.8168,0.0000,0.449016,0.449016;0.448353;0.449466,64.328940,15545.10,,15.60,0,6980,10,True,nid004173,59090050
SparseHNSW_Bloom2_30_b5_s0x0_p256,M=64 efC=1600 ef=6400 alpha=0.85 beta=5 q=u8 pat=256 bloomH=2 bloomT=30 bloomSrc=pruned,64,0.9943409742,0.9989,5844.5689,8.8168,0.0000,0.508933,0.508933;0.509286;0.508413,72.913037,13714.97,,15.60,0,6980,10,True,nid004173,59090050
SparseHNSW_Bloom2_30_b8_s0x0_p256,M=64 efC=1600 ef=10 alpha=0.85 beta=8 q=u8 pat=256 bloomH=2 bloomT=30 bloomSrc=pruned,64,0.8570487106,0.9640,5844.5689,8.8168,0.0000,0.129651,0.129651;0.129392;0.129921,18.574642,53836.84,,15.60,0,6980,10,True,nid004173,59090050
SparseHNSW_Bloom2_30_b8_s0x0_p256,M=64 efC=1600 ef=50 alpha=0.85 beta=8 q=u8 pat=256 bloomH=2 bloomT=30 bloomSrc=pruned,64,0.8570487106,0.9640,5844.5689,8.8168,0.0000,0.129770,0.129587;0.129915;0.129770,18.591691,53787.47,,15.60,0,6980,10,True,nid004173,59090050
SparseHNSW_Bloom2_30_b8_s0x0_p256,M=64 efC=1600 ef=100 alpha=0.85 beta=8 q=u8 pat=256 bloomH=2 bloomT=30 bloomSrc=pruned,64,0.8630229226,0.9695,5844.5689,8.8168,0.0000,0.154611,0.154938;0.154340;0.154611,22.150573,45145.56,,15.60,0,6980,10,True,nid004173,59090050
SparseHNSW_Bloom2_30_b8_s0x0_p256,M=64 efC=1600 ef=400 alpha=0.85 beta=8 q=u8 pat=256 bloomH=2 bloomT=30 bloomSrc=pruned,64,0.9119914040,0.9877,5844.5689,8.8168,0.0000,0.449632,0.448902;0.449728;0.449632,64.417192,15523.81,,15.60,0,6980,10,True,nid004173,59090050
SparseHNSW_Bloom2_30_b8_s0x0_p256,M=64 efC=1600 ef=800 alpha=0.85 beta=8 q=u8 pat=256 bloomH=2 bloomT=30 bloomSrc=pruned,64,0.9519197708,0.9937,5844.5689,8.8168,0.0000,0.481740,0.481766;0.481740;0.480857,69.017192,14489.14,,15.60,0,6980,10,True,nid004173,59090050
SparseHNSW_Bloom2_30_b8_s0x0_p256,M=64 efC=1600 ef=1600 alpha=0.85 beta=8 q=u8 pat=256 bloomH=2 bloomT=30 bloomSrc=pruned,64,0.9778796562,0.9964,5844.5689,8.8168,0.0000,0.478102,0.478090;0.478212;0.478102,68.495989,14599.40,,15.60,0,6980,10,True,nid004173,59090050
SparseHNSW_Bloom2_30_b8_s0x0_p256,M=64 efC=1600 ef=3200 alpha=0.85 beta=8 q=u8 pat=256 bloomH=2 bloomT=30 bloomSrc=pruned,64,0.9888108883,0.9974,5844.5689,8.8168,0.0000,0.490164,0.490164;0.490123;0.490197,70.224069,14240.13,,15.60,0,6980,10,True,nid004173,59090050
SparseHNSW_Bloom2_30_b8_s0x0_p256,M=64 efC=1600 ef=6400 alpha=0.85 beta=8 q=u8 pat=256 bloomH=2 bloomT=30 bloomSrc=pruned,64,0.9944985673,0.9989,5844.5689,8.8168,0.0000,0.547880,0.547880;0.547277;0.549153,78.492837,12740.02,,15.60,0,6980,10,True,nid004173,59090050
SparseHNSW_Bloom2_30_b12_s0x0_p256,M=64 efC=1600 ef=10 alpha=0.85 beta=12 q=u8 pat=256 bloomH=2 bloomT=30 bloomSrc=pruned,64,0.8673638968,0.9726,5844.5689,8.8168,0.0000,0.181221,0.181114;0.181221;0.181437,25.962894,38516.51,,15.60,0,6980,10,True,nid004173,59090050
SparseHNSW_Bloom2_30_b12_s0x0_p256,M=64 efC=1600 ef=50 alpha=0.85 beta=12 q=u8 pat=256 bloomH=2 bloomT=30 bloomSrc=pruned,64,0.8673638968,0.9726,5844.5689,8.8168,0.0000,0.181761,0.181449;0.181761;0.181969,26.040258,38402.08,,15.60,0,6980,10,True,nid004173,59090050
SparseHNSW_Bloom2_30_b12_s0x0_p256,M=64 efC=1600 ef=100 alpha=0.85 beta=12 q=u8 pat=256 bloomH=2 bloomT=30 bloomSrc=pruned,64,0.8673638968,0.9726,5844.5689,8.8168,0.0000,0.181773,0.182220;0.181773;0.181708,26.041977,38399.54,,15.60,0,6980,10,True,nid004173,59090050
SparseHNSW_Bloom2_30_b12_s0x0_p256,M=64 efC=1600 ef=400 alpha=0.85 beta=12 q=u8 pat=256 bloomH=2 bloomT=30 bloomSrc=pruned,64,0.9120630372,0.9877,5844.5689,8.8168,0.0000,0.480086,0.479525;0.480086;0.480391,68.780229,14539.06,,15.60,0,6980,10,True,nid004173,59090050
SparseHNSW_Bloom2_30_b12_s0x0_p256,M=64 efC=1600 ef=800 alpha=0.85 beta=12 q=u8 pat=256 bloomH=2 bloomT=30 bloomSrc=pruned,64,0.9520057307,0.9937,5844.5689,8.8168,0.0000,0.556102,0.556102;0.555563;0.556185,79.670774,12551.65,,15.60,0,6980,10,True,nid004173,59090050
SparseHNSW_Bloom2_30_b12_s0x0_p256,M=64 efC=1600 ef=1600 alpha=0.85 beta=12 q=u8 pat=256 bloomH=2 bloomT=30 bloomSrc=pruned,64,0.9780659026,0.9966,5844.5689,8.8168,0.0000,0.545572,0.545572;0.545651;0.545459,78.162178,12793.91,,15.60,0,6980,10,True,nid004173,59090050
SparseHNSW_Bloom2_30_b12_s0x0_p256,M=64 efC=1600 ef=3200 alpha=0.85 beta=12 q=u8 pat=256 bloomH=2 bloomT=30 bloomSrc=pruned,64,0.9889971347,0.9976,5844.5689,8.8168,0.0000,0.549132,0.549507;0.548876;0.549132,78.672206,12710.97,,15.60,0,6980,10,True,nid004173,59090050
SparseHNSW_Bloom2_30_b12_s0x0_p256,M=64 efC=1600 ef=6400 alpha=0.85 beta=12 q=u8 pat=256 bloomH=2 bloomT=30 bloomSrc=pruned,64,0.9945845272,0.9989,5844.5689,8.8168,0.0000,0.600331,0.599810;0.601042;0.600331,86.007307,11626.92,,15.60,0,6980,10,True,nid004173,59090050
SparseHNSW_Bloom2_30_b16_s0x0_p256,M=64 efC=1600 ef=10 alpha=0.85 beta=16 q=u8 pat=256 bloomH=2 bloomT=30 bloomSrc=pruned,64,0.8751862464,0.9775,5844.5689,8.8168,0.0000,0.230479,0.230479;0.230359;0.230486,33.019914,30284.75,,15.60,0,6980,10,True,nid004173,59090050
SparseHNSW_Bloom2_30_b16_s0x0_p256,M=64 efC=1600 ef=50 alpha=0.85 beta=16 q=u8 pat=256 bloomH=2 bloomT=30 bloomSrc=pruned,64,0.8751862464,0.9775,5844.5689,8.8168,0.0000,0.230360,0.230424;0.230360;0.229882,33.002865,30300.40,,15.60,0,6980,10,True,nid004173,59090050
SparseHNSW_Bloom2_30_b16_s0x0_p256,M=64 efC=1600 ef=100 alpha=0.85 beta=16 q=u8 pat=256 bloomH=2 bloomT=30 bloomSrc=pruned,64,0.8751862464,0.9775,5844.5689,8.8168,0.0000,0.230543,0.230543;0.230378;0.230673,33.029083,30276.35,,15.60,0,6980,10,True,nid004173,59090050
SparseHNSW_Bloom2_30_b16_s0x0_p256,M=64 efC=1600 ef=400 alpha=0.85 beta=16 q=u8 pat=256 bloomH=2 bloomT=30 bloomSrc=pruned,64,0.9120630372,0.9877,5844.5689,8.8168,0.0000,0.494075,0.494105;0.493708;0.494075,70.784384,14127.41,,15.60,0,6980,10,True,nid004173,59090050
SparseHNSW_Bloom2_30_b16_s0x0_p256,M=64 efC=1600 ef=800 alpha=0.85 beta=16 q=u8 pat=256 bloomH=2 bloomT=30 bloomSrc=pruned,64,0.9520343840,0.9937,5844.5689,8.8168,0.0000,0.620946,0.620706;0.620946;0.621229,88.960745,11240.91,,15.60,0,6980,10,True,nid004173,59090050
SparseHNSW_Bloom2_30_b16_s0x0_p256,M=64 efC=1600 ef=1600 alpha=0.85 beta=16 q=u8 pat=256 bloomH=2 bloomT=30 bloomSrc=pruned,64,0.9780802292,0.9966,5844.5689,8.8168,0.0000,0.610804,0.610804;0.610782;0.611263,87.507736,11427.56,,15.60,0,6980,10,True,nid004173,59090050
SparseHNSW_Bloom2_30_b16_s0x0_p256,M=64 efC=1600 ef=3200 alpha=0.85 beta=16 q=u8 pat=256 bloomH=2 bloomT=30 bloomSrc=pruned,64,0.9889971347,0.9976,5844.5689,8.8168,0.0000,0.605350,0.605666;0.605220;0.605350,86.726361,11530.52,,15.60,0,6980,10,True,nid004173,59090050
SparseHNSW_Bloom2_30_b16_s0x0_p256,M=64 efC=1600 ef=6400 alpha=0.85 beta=16 q=u8 pat=256 bloomH=2 bloomT=30 bloomSrc=pruned,64,0.9948137536,0.9991,5844.5689,8.8168,0.0000,0.650227,0.650771;0.650227;0.650068,93.155731,10734.71,,15.60,0,6980,10,True,nid004173,59090050
SparseHNSW_Bloom2_30_b4_s8x4_p256,M=64 efC=1600 ef=10 alpha=0.85 beta=4 q=u8 seedT=8 seedH=8 seedS=4 pat=256 bloomH=2 bloomT=30 bloomSrc=pruned,64,0.8568051576,0.9765,5844.5689,8.8168,0.0000,0.072637,0.072430;0.072637;0.072696,10.406447,96094.28,,15.60,0,6980,10,True,nid004173,59090050
SparseHNSW_Bloom2_30_b4_s8x4_p256,M=64 efC=1600 ef=50 alpha=0.85 beta=4 q=u8 seedT=8 seedH=8 seedS=4 pat=256 bloomH=2 bloomT=30 bloomSrc=pruned,64,0.8631088825,0.9801,5844.5689,8.8168,0.0000,0.085957,0.085547;0.085957;0.086040,12.314756,81203.39,,15.60,0,6980,10,True,nid004173,59090050
SparseHNSW_Bloom2_30_b4_s8x4_p256,M=64 efC=1600 ef=100 alpha=0.85 beta=4 q=u8 seedT=8 seedH=8 seedS=4 pat=256 bloomH=2 bloomT=30 bloomSrc=pruned,64,0.8762464183,0.9867,5844.5689,8.8168,0.0000,0.149111,0.148919;0.149180;0.149111,21.362607,46810.77,,15.60,0,6980,10,True,nid004173,59090050
SparseHNSW_Bloom2_30_b4_s8x4_p256,M=64 efC=1600 ef=400 alpha=0.85 beta=4 q=u8 seedT=8 seedH=8 seedS=4 pat=256 bloomH=2 bloomT=30 bloomSrc=pruned,64,0.9366618911,0.9960,5844.5689,8.8168,0.0000,0.394891,0.394548;0.395013;0.394891,56.574642,17675.76,,15.60,0,6980,10,True,nid004173,59090050
SparseHNSW_Bloom2_30_b4_s8x4_p256,M=64 efC=1600 ef=800 alpha=0.85 beta=4 q=u8 seedT=8 seedH=8 seedS=4 pat=256 bloomH=2 bloomT=30 bloomSrc=pruned,64,0.9722779370,0.9977,5844.5689,8.8168,0.0000,0.399808,0.399808;0.400447;0.399572,57.279083,17458.38,,15.60,0,6980,10,True,nid004173,59090050
SparseHNSW_Bloom2_30_b4_s8x4_p256,M=64 efC=1600 ef=1600 alpha=0.85 beta=4 q=u8 seedT=8 seedH=8 seedS=4 pat=256 bloomH=2 bloomT=30 bloomSrc=pruned,64,0.9877936963,0.9994,5844.5689,8.8168,0.0000,0.408281,0.408725;0.407312;0.408281,58.492980,17096.07,,15.60,0,6980,10,True,nid004173,59090050
SparseHNSW_Bloom2_30_b4_s8x4_p256,M=64 efC=1600 ef=3200 alpha=0.85 beta=4 q=u8 seedT=8 seedH=8 seedS=4 pat=256 bloomH=2 bloomT=30 bloomSrc=pruned,64,0.9930802292,0.9999,5844.5689,8.8168,0.0000,0.432908,0.432908;0.432704;0.433342,62.021203,16123.52,,15.60,0,6980,10,True,nid004173,59090050
SparseHNSW_Bloom2_30_b4_s8x4_p256,M=64 efC=1600 ef=6400 alpha=0.85 beta=4 q=u8 seedT=8 seedH=8 seedS=4 pat=256 bloomH=2 bloomT=30 bloomSrc=pruned,64,0.9956160458,1.0000,5844.5689,8.8168,0.0000,0.493515,0.493321;0.493515;0.493706,70.704155,14143.44,,15.60,0,6980,10,True,nid004173,59090050
SparseHNSW_Bloom2_30_b5_s8x4_p256,M=64 efC=1600 ef=10 alpha=0.85 beta=5 q=u8 seedT=8 seedH=8 seedS=4 pat=256 bloomH=2 bloomT=30 bloomSrc=pruned,64,0.8631948424,0.9801,5844.5689,8.8168,0.0000,0.086379,0.086493;0.086337;0.086379,12.375215,80806.68,,15.60,0,6980,10,True,nid004173,59090050
SparseHNSW_Bloom2_30_b5_s8x4_p256,M=64 efC=1600 ef=50 alpha=0.85 beta=5 q=u8 seedT=8 seedH=8 seedS=4 pat=256 bloomH=2 bloomT=30 bloomSrc=pruned,64,0.8631948424,0.9801,5844.5689,8.8168,0.0000,0.086308,0.086491;0.086235;0.086308,12.365043,80873.15,,15.60,0,6980,10,True,nid004173,59090050
SparseHNSW_Bloom2_30_b5_s8x4_p256,M=64 efC=1600 ef=100 alpha=0.85 beta=5 q=u8 seedT=8 seedH=8 seedS=4 pat=256 bloomH=2 bloomT=30 bloomSrc=pruned,64,0.8763610315,0.9867,5844.5689,8.8168,0.0000,0.149555,0.149555;0.149370;0.149933,21.426218,46671.79,,15.60,0,6980,10,True,nid004173,59090050
SparseHNSW_Bloom2_30_b5_s8x4_p256,M=64 efC=1600 ef=400 alpha=0.85 beta=5 q=u8 seedT=8 seedH=8 seedS=4 pat=256 bloomH=2 bloomT=30 bloomSrc=pruned,64,0.9368051576,0.9960,5844.5689,8.8168,0.0000,0.409703,0.409750;0.409330;0.409703,58.696705,17036.73,,15.60,0,6980,10,True,nid004173,59090050
SparseHNSW_Bloom2_30_b5_s8x4_p256,M=64 efC=1600 ef=800 alpha=0.85 beta=5 q=u8 seedT=8 seedH=8 seedS=4 pat=256 bloomH=2 bloomT=30 bloomSrc=pruned,64,0.9724641834,0.9977,5844.5689,8.8168,0.0000,0.416584,0.417404;0.416584;0.416449,59.682521,16755.32,,15.60,0,6980,10,True,nid004173,59090050
SparseHNSW_Bloom2_30_b5_s8x4_p256,M=64 efC=1600 ef=1600 alpha=0.85 beta=5 q=u8 seedT=8 seedH=8 seedS=4 pat=256 bloomH=2 bloomT=30 bloomSrc=pruned,64,0.9879799427,0.9994,5844.5689,8.8168,0.0000,0.422387,0.422387;0.422344;0.424295,60.513897,16525.13,,15.60,0,6980,10,True,nid004173,59090050
SparseHNSW_Bloom2_30_b5_s8x4_p256,M=64 efC=1600 ef=3200 alpha=0.85 beta=5 q=u8 seedT=8 seedH=8 seedS=4 pat=256 bloomH=2 bloomT=30 bloomSrc=pruned,64,0.9932808023,0.9999,5844.5689,8.8168,0.0000,0.446255,0.446255;0.445603;0.446705,63.933381,15641.28,,15.60,0,6980,10,True,nid004173,59090050
SparseHNSW_Bloom2_30_b5_s8x4_p256,M=64 efC=1600 ef=6400 alpha=0.85 beta=5 q=u8 seedT=8 seedH=8 seedS=4 pat=256 bloomH=2 bloomT=30 bloomSrc=pruned,64,0.9958166189,1.0000,5844.5689,8.8168,0.0000,0.506536,0.506536;0.506281;0.506701,72.569628,13779.87,,15.60,0,6980,10,True,nid004173,59090050
SparseHNSW_Bloom2_30_b8_s8x4_p256,M=64 efC=1600 ef=10 alpha=0.85 beta=8 q=u8 seedT=8 seedH=8 seedS=4 pat=256 bloomH=2 bloomT=30 bloomSrc=pruned,64,0.8715902579,0.9847,5844.5689,8.8168,0.0000,0.126882,0.127176;0.126826;0.126882,18.177937,55011.74,,15.60,0,6980,10,True,nid004173,59090050
SparseHNSW_Bloom2_30_b8_s8x4_p256,M=64 efC=1600 ef=50 alpha=0.85 beta=8 q=u8 seedT=8 seedH=8 seedS=4 pat=256 bloomH=2 bloomT=30 bloomSrc=pruned,64,0.8715902579,0.9847,5844.5689,8.8168,0.0000,0.127219,0.127117;0.127315;0.127219,18.226218,54866.02,,15.60,0,6980,10,True,nid004173,59090050
SparseHNSW_Bloom2_30_b8_s8x4_p256,M=64 efC=1600 ef=100 alpha=0.85 beta=8 q=u8 seedT=8 seedH=8 seedS=4 pat=256 bloomH=2 bloomT=30 bloomSrc=pruned,64,0.8764326648,0.9867,5844.5689,8.8168,0.0000,0.151579,0.151536;0.151579;0.152022,21.716189,46048.60,,15.60,0,6980,10,True,nid004173,59090050
SparseHNSW_Bloom2_30_b8_s8x4_p256,M=64 efC=1600 ef=400 alpha=0.85 beta=8 q=u8 seedT=8 seedH=8 seedS=4 pat=256 bloomH=2 bloomT=30 bloomSrc=pruned,64,0.9369054441,0.9960,5844.5689,8.8168,0.0000,0.445755,0.445855;0.445755;0.445107,63.861748,15658.83,,15.60,0,6980,10,True,nid004173,59090050
SparseHNSW_Bloom2_30_b8_s8x4_p256,M=64 efC=1600 ef=800 alpha=0.85 beta=8 q=u8 seedT=8 seedH=8 seedS=4 pat=256 bloomH=2 bloomT=30 bloomSrc=pruned,64,0.9726647564,0.9979,5844.5689,8.8168,0.0000,0.470127,0.470363;0.469451;0.470127,67.353438,14847.05,,15.60,0,6980,10,True,nid004173,59090050
SparseHNSW_Bloom2_30_b8_s8x4_p256,M=64 efC=1600 ef=1600 alpha=0.85 beta=8 q=u8 seedT=8 seedH=8 seedS=4 pat=256 bloomH=2 bloomT=30 bloomSrc=pruned,64,0.9882091691,0.9994,5844.5689,8.8168,0.0000,0.469936,0.469936;0.469952;0.469886,67.326074,14853.09,,15.60,0,6980,10,True,nid004173,59090050
SparseHNSW_Bloom2_30_b8_s8x4_p256,M=64 efC=1600 ef=3200 alpha=0.85 beta=8 q=u8 seedT=8 seedH=8 seedS=4 pat=256 bloomH=2 bloomT=30 bloomSrc=pruned,64,0.9934670487,0.9999,5844.5689,8.8168,0.0000,0.487659,0.486996;0.487659;0.487948,69.865186,14313.28,,15.60,0,6980,10,True,nid004173,59090050
SparseHNSW_Bloom2_30_b8_s8x4_p256,M=64 efC=1600 ef=6400 alpha=0.85 beta=8 q=u8 seedT=8 seedH=8 seedS=4 pat=256 bloomH=2 bloomT=30 bloomSrc=pruned,64,0.9959742120,1.0000,5844.5689,8.8168,0.0000,0.546239,0.547153;0.546052;0.546239,78.257736,12778.29,,15.60,0,6980,10,True,nid004173,59090050
SparseHNSW_Bloom2_30_b12_s8x4_p256,M=64 efC=1600 ef=10 alpha=0.85 beta=12 q=u8 seedT=8 seedH=8 seedS=4 pat=256 bloomH=2 bloomT=30 bloomSrc=pruned,64,0.8820916905,0.9884,5844.5689,8.8168,0.0000,0.178728,0.178728;0.179015;0.178400,25.605731,39053.76,,15.60,0,6980,10,True,nid004173,59090050
SparseHNSW_Bloom2_30_b12_s8x4_p256,M=64 efC=1600 ef=50 alpha=0.85 beta=12 q=u8 seedT=8 seedH=8 seedS=4 pat=256 bloomH=2 bloomT=30 bloomSrc=pruned,64,0.8820916905,0.9884,5844.5689,8.8168,0.0000,0.178936,0.178936;0.179415;0.178802,25.635530,39008.36,,15.60,0,6980,10,True,nid004173,59090050
SparseHNSW_Bloom2_30_b12_s8x4_p256,M=64 efC=1600 ef=100 alpha=0.85 beta=12 q=u8 seedT=8 seedH=8 seedS=4 pat=256 bloomH=2 bloomT=30 bloomSrc=pruned,64,0.8820916905,0.9884,5844.5689,8.8168,0.0000,0.178892,0.179124;0.178892;0.178415,25.629226,39017.95,,15.60,0,6980,10,True,nid004173,59090050
SparseHNSW_Bloom2_30_b12_s8x4_p256,M=64 efC=1600 ef=400 alpha=0.85 beta=12 q=u8 seedT=8 seedH=8 seedS=4 pat=256 bloomH=2 bloomT=30 bloomSrc=pruned,64,0.9369484241,0.9960,5844.5689,8.8168,0.0000,0.479339,0.478729;0.479339;0.480094,68.673209,14561.72,,15.60,0,6980,10,True,nid004173,59090050
SparseHNSW_Bloom2_30_b12_s8x4_p256,M=64 efC=1600 ef=800 alpha=0.85 beta=12 q=u8 seedT=8 seedH=8 seedS=4 pat=256 bloomH=2 bloomT=30 bloomSrc=pruned,64,0.9727220630,0.9979,5844.5689,8.8168,0.0000,0.539195,0.539908;0.539195;0.539081,77.248567,12945.22,,15.60,0,6980,10,True,nid004173,59090050
SparseHNSW_Bloom2_30_b12_s8x4_p256,M=64 efC=1600 ef=1600 alpha=0.85 beta=12 q=u8 seedT=8 seedH=8 seedS=4 pat=256 bloomH=2 bloomT=30 bloomSrc=pruned,64,0.9883094556,0.9994,5844.5689,8.8168,0.0000,0.538344,0.538344;0.537845;0.538420,77.126648,12965.69,,15.60,0,6980,10,True,nid004173,59090050
SparseHNSW_Bloom2_30_b12_s8x4_p256,M=64 efC=1600 ef=3200 alpha=0.85 beta=12 q=u8 seedT=8 seedH=8 seedS=4 pat=256 bloomH=2 bloomT=30 bloomSrc=pruned,64,0.9936246418,0.9999,5844.5689,8.8168,0.0000,0.548142,0.548286;0.548142;0.547987,78.530372,12733.93,,15.60,0,6980,10,True,nid004173,59090050
SparseHNSW_Bloom2_30_b12_s8x4_p256,M=64 efC=1600 ef=6400 alpha=0.85 beta=12 q=u8 seedT=8 seedH=8 seedS=4 pat=256 bloomH=2 bloomT=30 bloomSrc=pruned,64,0.9961031519,1.0000,5844.5689,8.8168,0.0000,0.599439,0.599043;0.599439;0.600364,85.879513,11644.22,,15.60,0,6980,10,True,nid004173,59090050
SparseHNSW_Bloom2_30_b16_s8x4_p256,M=64 efC=1600 ef=10 alpha=0.85 beta=16 q=u8 seedT=8 seedH=8 seedS=4 pat=256 bloomH=2 bloomT=30 bloomSrc=pruned,64,0.8914613181,0.9907,5844.5689,8.8168,0.0000,0.228206,0.228051;0.228385;0.228206,32.694269,30586.40,,15.60,0,6980,10,True,nid004173,59090050
SparseHNSW_Bloom2_30_b16_s8x4_p256,M=64 efC=1600 ef=50 alpha=0.85 beta=16 q=u8 seedT=8 seedH=8 seedS=4 pat=256 bloomH=2 bloomT=30 bloomSrc=pruned,64,0.8914613181,0.9907,5844.5689,8.8168,0.0000,0.228742,0.228742;0.228480;0.228904,32.771060,30514.73,,15.60,0,6980,10,True,nid004173,59090050
SparseHNSW_Bloom2_30_b16_s8x4_p256,M=64 efC=1600 ef=100 alpha=0.85 beta=16 q=u8 seedT=8 seedH=8 seedS=4 pat=256 bloomH=2 bloomT=30 bloomSrc=pruned,64,0.8914613181,0.9907,5844.5689,8.8168,0.0000,0.228312,0.228111;0.228562;0.228312,32.709456,30572.20,,15.60,0,6980,10,True,nid004173,59090050
SparseHNSW_Bloom2_30_b16_s8x4_p256,M=64 efC=1600 ef=400 alpha=0.85 beta=16 q=u8 seedT=8 seedH=8 seedS=4 pat=256 bloomH=2 bloomT=30 bloomSrc=pruned,64,0.9369484241,0.9960,5844.5689,8.8168,0.0000,0.493688,0.493351;0.493688;0.493909,70.728940,14138.48,,15.60,0,6980,10,True,nid004173,59090050
SparseHNSW_Bloom2_30_b16_s8x4_p256,M=64 efC=1600 ef=800 alpha=0.85 beta=16 q=u8 seedT=8 seedH=8 seedS=4 pat=256 bloomH=2 bloomT=30 bloomSrc=pruned,64,0.9727507163,0.9979,5844.5689,8.8168,0.0000,0.611185,0.611185;0.610263;0.611318,87.562321,11420.44,,15.60,0,6980,10,True,nid004173,59090050
SparseHNSW_Bloom2_30_b16_s8x4_p256,M=64 efC=1600 ef=1600 alpha=0.85 beta=16 q=u8 seedT=8 seedH=8 seedS=4 pat=256 bloomH=2 bloomT=30 bloomSrc=pruned,64,0.9883094556,0.9994,5844.5689,8.8168,0.0000,0.601602,0.601602;0.601732;0.601485,86.189398,11602.36,,15.60,0,6980,10,True,nid004173,59090050
SparseHNSW_Bloom2_30_b16_s8x4_p256,M=64 efC=1600 ef=3200 alpha=0.85 beta=16 q=u8 seedT=8 seedH=8 seedS=4 pat=256 bloomH=2 bloomT=30 bloomSrc=pruned,64,0.9936246418,0.9999,5844.5689,8.8168,0.0000,0.607003,0.607003;0.607330;0.606348,86.963181,11499.12,,15.60,0,6980,10,True,nid004173,59090050
SparseHNSW_Bloom2_30_b16_s8x4_p256,M=64 efC=1600 ef=6400 alpha=0.85 beta=16 q=u8 seedT=8 seedH=8 seedS=4 pat=256 bloomH=2 bloomT=30 bloomSrc=pruned,64,0.9961174785,1.0000,5844.5689,8.8168,0.0000,0.651050,0.651268;0.650443;0.651050,93.273639,10721.14,,15.60,0,6980,10,True,nid004173,59090050
SparseHNSW_Bloom2_30_b4_s0x0_p512,M=64 efC=1600 ef=10 alpha=0.85 beta=4 q=u8 pat=512 bloomH=2 bloomT=30 bloomSrc=pruned,64,0.8373782235,0.9470,5844.5689,8.8168,0.0000,0.075279,0.075279;0.075520;0.075230,10.784957,92721.74,,15.60,0,6980,10,True,nid004173,59090050
SparseHNSW_Bloom2_30_b4_s0x0_p512,M=64 efC=1600 ef=50 alpha=0.85 beta=4 q=u8 pat=512 bloomH=2 bloomT=30 bloomSrc=pruned,64,0.8455014327,0.9532,5844.5689,8.8168,0.0000,0.089072,0.088976;0.089072;0.089314,12.761032,78363.57,,15.60,0,6980,10,True,nid004173,59090050
SparseHNSW_Bloom2_30_b4_s0x0_p512,M=64 efC=1600 ef=100 alpha=0.85 beta=4 q=u8 pat=512 bloomH=2 bloomT=30 bloomSrc=pruned,64,0.8628366762,0.9695,5844.5689,8.8168,0.0000,0.151826,0.151359;0.151826;0.151948,21.751576,45973.68,,15.60,0,6980,10,True,nid004173,59090050
SparseHNSW_Bloom2_30_b4_s0x0_p512,M=64 efC=1600 ef=400 alpha=0.85 beta=4 q=u8 pat=512 bloomH=2 bloomT=30 bloomSrc=pruned,64,0.9119627507,0.9878,5844.5689,8.8168,0.0000,0.490624,0.490102;0.490624;0.490799,70.289971,14226.78,,15.60,0,6980,10,True,nid004173,59090050
SparseHNSW_Bloom2_30_b4_s0x0_p512,M=64 efC=1600 ef=800 alpha=0.85 beta=4 q=u8 pat=512 bloomH=2 bloomT=30 bloomSrc=pruned,64,0.9520773639,0.9941,5844.5689,8.8168,0.0000,0.682797,0.682797;0.682251;0.682824,97.821920,10222.66,,15.60,0,6980,10,True,nid004173,59090050
SparseHNSW_Bloom2_30_b4_s0x0_p512,M=64 efC=1600 ef=1600 alpha=0.85 beta=4 q=u8 pat=512 bloomH=2 bloomT=30 bloomSrc=pruned,64,0.9783954155,0.9971,5844.5689,8.8168,0.0000,0.689858,0.690138;0.689858;0.689503,98.833524,10118.02,,15.60,0,6980,10,True,nid004173,59090050
SparseHNSW_Bloom2_30_b4_s0x0_p512,M=64 efC=1600 ef=3200 alpha=0.85 beta=4 q=u8 pat=512 bloomH=2 bloomT=30 bloomSrc=pruned,64,0.9891404011,0.9979,5844.5689,8.8168,0.0000,0.707132,0.705856;0.707132;0.707627,101.308309,9870.86,,15.60,0,6980,10,True,nid004173,59090050
SparseHNSW_Bloom2_30_b4_s0x0_p512,M=64 efC=1600 ef=6400 alpha=0.85 beta=4 q=u8 pat=512 bloomH=2 bloomT=30 bloomSrc=pruned,64,0.9947994269,0.9993,5844.5689,8.8168,0.0000,0.760570,0.760463;0.760570;0.762127,108.964183,9177.33,,15.60,0,6980,10,True,nid004173,59090050
SparseHNSW_Bloom2_30_b5_s0x0_p512,M=64 efC=1600 ef=10 alpha=0.85 beta=5 q=u8 pat=512 bloomH=2 bloomT=30 bloomSrc=pruned,64,0.8455873926,0.9532,5844.5689,8.8168,0.0000,0.089555,0.089555;0.089454;0.089593,12.830229,77940.93,,15.60,0,6980,10,True,nid004173,59090050
SparseHNSW_Bloom2_30_b5_s0x0_p512,M=64 efC=1600 ef=50 alpha=0.85 beta=5 q=u8 pat=512 bloomH=2 bloomT=30 bloomSrc=pruned,64,0.8455873926,0.9532,5844.5689,8.8168,0.0000,0.089680,0.089873;0.089680;0.089372,12.848138,77832.29,,15.60,0,6980,10,True,nid004173,59090050
SparseHNSW_Bloom2_30_b5_s0x0_p512,M=64 efC=1600 ef=100 alpha=0.85 beta=5 q=u8 pat=512 bloomH=2 bloomT=30 bloomSrc=pruned,64,0.8629512894,0.9695,5844.5689,8.8168,0.0000,0.152426,0.152607;0.152426;0.152193,21.837536,45792.71,,15.60,0,6980,10,True,nid004173,59090050
SparseHNSW_Bloom2_30_b5_s0x0_p512,M=64 efC=1600 ef=400 alpha=0.85 beta=5 q=u8 pat=512 bloomH=2 bloomT=30 bloomSrc=pruned,64,0.9120916905,0.9878,5844.5689,8.8168,0.0000,0.491116,0.491286;0.490327;0.491116,70.360458,14212.53,,15.60,0,6980,10,True,nid004173,59090050
SparseHNSW_Bloom2_30_b5_s0x0_p512,M=64 efC=1600 ef=800 alpha=0.85 beta=5 q=u8 pat=512 bloomH=2 bloomT=30 bloomSrc=pruned,64,0.9522492837,0.9941,5844.5689,8.8168,0.0000,0.700021,0.699422;0.700021;0.700447,100.289542,9971.13,,15.60,0,6980,10,True,nid004173,59090050
SparseHNSW_Bloom2_30_b5_s0x0_p512,M=64 efC=1600 ef=1600 alpha=0.85 beta=5 q=u8 pat=512 bloomH=2 bloomT=30 bloomSrc=pruned,64,0.9785530086,0.9971,5844.5689,8.8168,0.0000,0.706673,0.706909;0.706059;0.706673,101.242550,9877.27,,15.60,0,6980,10,True,nid004173,59090050
SparseHNSW_Bloom2_30_b5_s0x0_p512,M=64 efC=1600 ef=3200 alpha=0.85 beta=5 q=u8 pat=512 bloomH=2 bloomT=30 bloomSrc=pruned,64,0.9893123209,0.9979,5844.5689,8.8168,0.0000,0.720593,0.720593;0.721960;0.719684,103.236819,9686.47,,15.60,0,6980,10,True,nid004173,59090050
SparseHNSW_Bloom2_30_b5_s0x0_p512,M=64 efC=1600 ef=6400 alpha=0.85 beta=5 q=u8 pat=512 bloomH=2 bloomT=30 bloomSrc=pruned,64,0.9950000000,0.9993,5844.5689,8.8168,0.0000,0.774374,0.774374;0.773857;0.775147,110.941834,9013.73,,15.60,0,6980,10,True,nid004173,59090050
SparseHNSW_Bloom2_30_b8_s0x0_p512,M=64 efC=1600 ef=10 alpha=0.85 beta=8 q=u8 pat=512 bloomH=2 bloomT=30 bloomSrc=pruned,64,0.8570487106,0.9640,5844.5689,8.8168,0.0000,0.129588,0.129792;0.129588;0.129360,18.565616,53863.01,,15.60,0,6980,10,True,nid004173,59090050
SparseHNSW_Bloom2_30_b8_s0x0_p512,M=64 efC=1600 ef=50 alpha=0.85 beta=8 q=u8 pat=512 bloomH=2 bloomT=30 bloomSrc=pruned,64,0.8570487106,0.9640,5844.5689,8.8168,0.0000,0.129585,0.129793;0.129585;0.129174,18.565186,53864.26,,15.60,0,6980,10,True,nid004173,59090050
SparseHNSW_Bloom2_30_b8_s0x0_p512,M=64 efC=1600 ef=100 alpha=0.85 beta=8 q=u8 pat=512 bloomH=2 bloomT=30 bloomSrc=pruned,64,0.8630229226,0.9695,5844.5689,8.8168,0.0000,0.154457,0.153993;0.154457;0.155146,22.128510,45190.57,,15.60,0,6980,10,True,nid004173,59090050
SparseHNSW_Bloom2_30_b8_s0x0_p512,M=64 efC=1600 ef=400 alpha=0.85 beta=8 q=u8 pat=512 bloomH=2 bloomT=30 bloomSrc=pruned,64,0.9121633238,0.9878,5844.5689,8.8168,0.0000,0.493047,0.492518;0.493047;0.493956,70.637106,14156.87,,15.60,0,6980,10,True,nid004173,59090050
SparseHNSW_Bloom2_30_b8_s0x0_p512,M=64 efC=1600 ef=800 alpha=0.85 beta=8 q=u8 pat=512 bloomH=2 bloomT=30 bloomSrc=pruned,64,0.9523352436,0.9941,5844.5689,8.8168,0.0000,0.745633,0.745500;0.745633;0.746248,106.824212,9361.17,,15.60,0,6980,10,True,nid004173,59090050
SparseHNSW_Bloom2_30_b8_s0x0_p512,M=64 efC=1600 ef=1600 alpha=0.85 beta=8 q=u8 pat=512 bloomH=2 bloomT=30 bloomSrc=pruned,64,0.9786532951,0.9971,5844.5689,8.8168,0.0000,0.760049,0.760381;0.760049;0.759910,108.889542,9183.62,,15.60,0,6980,10,True,nid004173,59090050
SparseHNSW_Bloom2_30_b8_s0x0_p512,M=64 efC=1600 ef=3200 alpha=0.85 beta=8 q=u8 pat=512 bloomH=2 bloomT=30 bloomSrc=pruned,64,0.9896848138,0.9981,5844.5689,8.8168,0.0000,0.765910,0.765942;0.765910;0.765377,109.729226,9113.34,,15.60,0,6980,10,True,nid004173,59090050
SparseHNSW_Bloom2_30_b8_s0x0_p512,M=64 efC=1600 ef=6400 alpha=0.85 beta=8 q=u8 pat=512 bloomH=2 bloomT=30 bloomSrc=pruned,64,0.9951002865,0.9993,5844.5689,8.8168,0.0000,0.816378,0.815322;0.816786;0.816378,116.959599,8549.96,,15.60,0,6980,10,True,nid004173,59090050
SparseHNSW_Bloom2_30_b12_s0x0_p512,M=64 efC=1600 ef=10 alpha=0.85 beta=12 q=u8 pat=512 bloomH=2 bloomT=30 bloomSrc=pruned,64,0.8673638968,0.9726,5844.5689,8.8168,0.0000,0.181508,0.181811;0.181123;0.181508,26.004011,38455.61,,15.60,0,6980,10,True,nid004173,59090050
SparseHNSW_Bloom2_30_b12_s0x0_p512,M=64 efC=1600 ef=50 alpha=0.85 beta=12 q=u8 pat=512 bloomH=2 bloomT=30 bloomSrc=pruned,64,0.8673638968,0.9726,5844.5689,8.8168,0.0000,0.181689,0.182141;0.181554;0.181689,26.029943,38417.30,,15.60,0,6980,10,True,nid004173,59090050
SparseHNSW_Bloom2_30_b12_s0x0_p512,M=64 efC=1600 ef=100 alpha=0.85 beta=12 q=u8 pat=512 bloomH=2 bloomT=30 bloomSrc=pruned,64,0.8673638968,0.9726,5844.5689,8.8168,0.0000,0.181266,0.181266;0.181319;0.180801,25.969341,38506.95,,15.60,0,6980,10,True,nid004173,59090050
SparseHNSW_Bloom2_30_b12_s0x0_p512,M=64 efC=1600 ef=400 alpha=0.85 beta=12 q=u8 pat=512 bloomH=2 bloomT=30 bloomSrc=pruned,64,0.9121919771,0.9878,5844.5689,8.8168,0.0000,0.496738,0.496738;0.496906;0.496710,71.165903,14051.67,,15.60,0,6980,10,True,nid004173,59090050
SparseHNSW_Bloom2_30_b12_s0x0_p512,M=64 efC=1600 ef=800 alpha=0.85 beta=12 q=u8 pat=512 bloomH=2 bloomT=30 bloomSrc=pruned,64,0.9525358166,0.9943,5844.5689,8.8168,0.0000,0.801806,0.801806;0.802839;0.801755,114.871920,8705.35,,15.60,0,6980,10,True,nid004173,59090050
SparseHNSW_Bloom2_30_b12_s0x0_p512,M=64 efC=1600 ef=1600 alpha=0.85 beta=12 q=u8 pat=512 bloomH=2 bloomT=30 bloomSrc=pruned,64,0.9787249284,0.9973,5844.5689,8.8168,0.0000,0.834649,0.834649;0.835412;0.833418,119.577221,8362.80,,15.60,0,6980,10,True,nid004173,59090050
SparseHNSW_Bloom2_30_b12_s0x0_p512,M=64 efC=1600 ef=3200 alpha=0.85 beta=12 q=u8 pat=512 bloomH=2 bloomT=30 bloomSrc=pruned,64,0.9897851003,0.9983,5844.5689,8.8168,0.0000,0.831150,0.831244;0.830630;0.831150,119.075931,8398.00,,15.60,0,6980,10,True,nid004173,59090050
SparseHNSW_Bloom2_30_b12_s0x0_p512,M=64 efC=1600 ef=6400 alpha=0.85 beta=12 q=u8 pat=512 bloomH=2 bloomT=30 bloomSrc=pruned,64,0.9951719198,0.9994,5844.5689,8.8168,0.0000,0.871734,0.872654;0.871734;0.871488,124.890258,8007.03,,15.60,0,6980,10,True,nid004173,59090050
SparseHNSW_Bloom2_30_b16_s0x0_p512,M=64 efC=1600 ef=10 alpha=0.85 beta=16 q=u8 pat=512 bloomH=2 bloomT=30 bloomSrc=pruned,64,0.8751862464,0.9775,5844.5689,8.8168,0.0000,0.229963,0.229963;0.230530;0.229893,32.945989,30352.71,,15.60,0,6980,10,True,nid004173,59090050
SparseHNSW_Bloom2_30_b16_s0x0_p512,M=64 efC=1600 ef=50 alpha=0.85 beta=16 q=u8 pat=512 bloomH=2 bloomT=30 bloomSrc=pruned,64,0.8751862464,0.9775,5844.5689,8.8168,0.0000,0.230130,0.230130;0.230215;0.229877,32.969914,30330.68,,15.60,0,6980,10,True,nid004173,59090050
SparseHNSW_Bloom2_30_b16_s0x0_p512,M=64 efC=1600 ef=100 alpha=0.85 beta=16 q=u8 pat=512 bloomH=2 bloomT=30 bloomSrc=pruned,64,0.8751862464,0.9775,5844.5689,8.8168,0.0000,0.230076,0.230076;0.229986;0.230627,32.962178,30337.80,,15.60,0,6980,10,True,nid004173,59090050
SparseHNSW_Bloom2_30_b16_s0x0_p512,M=64 efC=1600 ef=400 alpha=0.85 beta=16 q=u8 pat=512 bloomH=2 bloomT=30 bloomSrc=pruned,64,0.9121919771,0.9878,5844.5689,8.8168,0.0000,0.498131,0.498237;0.497805;0.498131,71.365473,14012.38,,15.60,0,6980,10,True,nid004173,59090050
SparseHNSW_Bloom2_30_b16_s0x0_p512,M=64 efC=1600 ef=800 alpha=0.85 beta=16 q=u8 pat=512 bloomH=2 bloomT=30 bloomSrc=pruned,64,0.9525501433,0.9943,5844.5689,8.8168,0.0000,0.842720,0.843898;0.842720;0.842028,120.733524,8282.70,,15.60,0,6980,10,True,nid004173,59090050
SparseHNSW_Bloom2_30_b16_s0x0_p512,M=64 efC=1600 ef=1600 alpha=0.85 beta=16 q=u8 pat=512 bloomH=2 bloomT=30 bloomSrc=pruned,64,0.9788252149,0.9974,5844.5689,8.8168,0.0000,0.916203,0.915237;0.917418;0.916203,131.261175,7618.40,,15.60,0,6980,10,True,nid004173,59090050
SparseHNSW_Bloom2_30_b16_s0x0_p512,M=64 efC=1600 ef=3200 alpha=0.85 beta=16 q=u8 pat=512 bloomH=2 bloomT=30 bloomSrc=pruned,64,0.9898137536,0.9983,5844.5689,8.8168,0.0000,0.898736,0.899218;0.898043;0.898736,128.758739,7766.46,,15.60,0,6980,10,True,nid004173,59090050
SparseHNSW_Bloom2_30_b16_s0x0_p512,M=64 efC=1600 ef=6400 alpha=0.85 beta=16 q=u8 pat=512 bloomH=2 bloomT=30 bloomSrc=pruned,64,0.9951862464,0.9994,5844.5689,8.8168,0.0000,0.925225,0.925225;0.924469;0.926016,132.553725,7544.11,,15.60,0,6980,10,True,nid004173,59090050
SparseHNSW_Bloom2_30_b4_s8x4_p512,M=64 efC=1600 ef=10 alpha=0.85 beta=4 q=u8 seedT=8 seedH=8 seedS=4 pat=512 bloomH=2 bloomT=30 bloomSrc=pruned,64,0.8568051576,0.9765,5844.5689,8.8168,0.0000,0.072263,0.072139;0.072263;0.072871,10.352865,96591.62,,15.60,0,6980,10,True,nid004173,59090050
SparseHNSW_Bloom2_30_b4_s8x4_p512,M=64 efC=1600 ef=50 alpha=0.85 beta=4 q=u8 seedT=8 seedH=8 seedS=4 pat=512 bloomH=2 bloomT=30 bloomSrc=pruned,64,0.8631088825,0.9801,5844.5689,8.8168,0.0000,0.085852,0.085852;0.086207;0.085709,12.299713,81302.71,,15.60,0,6980,10,True,nid004173,59090050
SparseHNSW_Bloom2_30_b4_s8x4_p512,M=64 efC=1600 ef=100 alpha=0.85 beta=4 q=u8 seedT=8 seedH=8 seedS=4 pat=512 bloomH=2 bloomT=30 bloomSrc=pruned,64,0.8762464183,0.9867,5844.5689,8.8168,0.0000,0.148914,0.148914;0.149267;0.148821,21.334384,46872.69,,15.60,0,6980,10,True,nid004173,59090050
SparseHNSW_Bloom2_30_b4_s8x4_p512,M=64 efC=1600 ef=400 alpha=0.85 beta=4 q=u8 seedT=8 seedH=8 seedS=4 pat=512 bloomH=2 bloomT=30 bloomSrc=pruned,64,0.9367048711,0.9960,5844.5689,8.8168,0.0000,0.491213,0.491213;0.490946;0.491256,70.374355,14209.72,,15.60,0,6980,10,True,nid004173,59090050
SparseHNSW_Bloom2_30_b4_s8x4_p512,M=64 efC=1600 ef=800 alpha=0.85 beta=4 q=u8 seedT=8 seedH=8 seedS=4 pat=512 bloomH=2 bloomT=30 bloomSrc=pruned,64,0.9727363897,0.9980,5844.5689,8.8168,0.0000,0.676264,0.676326;0.676264;0.675296,96.885960,10321.41,,15.60,0,6980,10,True,nid004173,59090050
SparseHNSW_Bloom2_30_b4_s8x4_p512,M=64 efC=1600 ef=1600 alpha=0.85 beta=4 q=u8 seedT=8 seedH=8 seedS=4 pat=512 bloomH=2 bloomT=30 bloomSrc=pruned,64,0.9883237822,0.9996,5844.5689,8.8168,0.0000,0.684754,0.684686;0.684754;0.684839,98.102292,10193.44,,15.60,0,6980,10,True,nid004173,59090050
SparseHNSW_Bloom2_30_b4_s8x4_p512,M=64 efC=1600 ef=3200 alpha=0.85 beta=4 q=u8 seedT=8 seedH=8 seedS=4 pat=512 bloomH=2 bloomT=30 bloomSrc=pruned,64,0.9934527221,0.9999,5844.5689,8.8168,0.0000,0.703553,0.703833;0.703553;0.702666,100.795559,9921.07,,15.60,0,6980,10,True,nid004173,59090050
SparseHNSW_Bloom2_30_b4_s8x4_p512,M=64 efC=1600 ef=6400 alpha=0.85 beta=4 q=u8 seedT=8 seedH=8 seedS=4 pat=512 bloomH=2 bloomT=30 bloomSrc=pruned,64,0.9959598854,1.0000,5844.5689,8.8168,0.0000,0.758693,0.759186;0.758693;0.757558,108.695272,9200.03,,15.60,0,6980,10,True,nid004173,59090050
SparseHNSW_Bloom2_30_b5_s8x4_p512,M=64 efC=1600 ef=10 alpha=0.85 beta=5 q=u8 seedT=8 seedH=8 seedS=4 pat=512 bloomH=2 bloomT=30 bloomSrc=pruned,64,0.8631948424,0.9801,5844.5689,8.8168,0.0000,0.086290,0.086290;0.086164;0.086304,12.362464,80890.02,,15.60,0,6980,10,True,nid004173,59090050
SparseHNSW_Bloom2_30_b5_s8x4_p512,M=64 efC=1600 ef=50 alpha=0.85 beta=5 q=u8 seedT=8 seedH=8 seedS=4 pat=512 bloomH=2 bloomT=30 bloomSrc=pruned,64,0.8631948424,0.9801,5844.5689,8.8168,0.0000,0.086716,0.086718;0.086716;0.086683,12.423496,80492.64,,15.60,0,6980,10,True,nid004173,59090050
SparseHNSW_Bloom2_30_b5_s8x4_p512,M=64 efC=1600 ef=100 alpha=0.85 beta=5 q=u8 seedT=8 seedH=8 seedS=4 pat=512 bloomH=2 bloomT=30 bloomSrc=pruned,64,0.8763610315,0.9867,5844.5689,8.8168,0.0000,0.149521,0.149042;0.149904;0.149521,21.421347,46682.41,,15.60,0,6980,10,True,nid004173,59090050
SparseHNSW_Bloom2_30_b5_s8x4_p512,M=64 efC=1600 ef=400 alpha=0.85 beta=5 q=u8 seedT=8 seedH=8 seedS=4 pat=512 bloomH=2 bloomT=30 bloomSrc=pruned,64,0.9368481375,0.9960,5844.5689,8.8168,0.0000,0.492558,0.492728;0.492558;0.491874,70.567049,14170.92,,15.60,0,6980,10,True,nid004173,59090050
SparseHNSW_Bloom2_30_b5_s8x4_p512,M=64 efC=1600 ef=800 alpha=0.85 beta=5 q=u8 seedT=8 seedH=8 seedS=4 pat=512 bloomH=2 bloomT=30 bloomSrc=pruned,64,0.9728939828,0.9980,5844.5689,8.8168,0.0000,0.692491,0.692376;0.692491;0.692670,99.210745,10079.55,,15.60,0,6980,10,True,nid004173,59090050
SparseHNSW_Bloom2_30_b5_s8x4_p512,M=64 efC=1600 ef=1600 alpha=0.85 beta=5 q=u8 seedT=8 seedH=8 seedS=4 pat=512 bloomH=2 bloomT=30 bloomSrc=pruned,64,0.9884957020,0.9996,5844.5689,8.8168,0.0000,0.701918,0.700629;0.701918;0.701989,100.561318,9944.18,,15.60,0,6980,10,True,nid004173,59090050
SparseHNSW_Bloom2_30_b5_s8x4_p512,M=64 efC=1600 ef=3200 alpha=0.85 beta=5 q=u8 seedT=8 seedH=8 seedS=4 pat=512 bloomH=2 bloomT=30 bloomSrc=pruned,64,0.9936389685,0.9999,5844.5689,8.8168,0.0000,0.717352,0.717352;0.717338;0.717896,102.772493,9730.23,,15.60,0,6980,10,True,nid004173,59090050
SparseHNSW_Bloom2_30_b5_s8x4_p512,M=64 efC=1600 ef=6400 alpha=0.85 beta=5 q=u8 seedT=8 seedH=8 seedS=4 pat=512 bloomH=2 bloomT=30 bloomSrc=pruned,64,0.9961461318,1.0000,5844.5689,8.8168,0.0000,0.772611,0.773128;0.771817;0.772611,110.689255,9034.30,,15.60,0,6980,10,True,nid004173,59090050
SparseHNSW_Bloom2_30_b8_s8x4_p512,M=64 efC=1600 ef=10 alpha=0.85 beta=8 q=u8 seedT=8 seedH=8 seedS=4 pat=512 bloomH=2 bloomT=30 bloomSrc=pruned,64,0.8715902579,0.9847,5844.5689,8.8168,0.0000,0.127125,0.127226;0.127125;0.126734,18.212751,54906.59,,15.60,0,6980,10,True,nid004173,59090050
SparseHNSW_Bloom2_30_b8_s8x4_p512,M=64 efC=1600 ef=50 alpha=0.85 beta=8 q=u8 seedT=8 seedH=8 seedS=4 pat=512 bloomH=2 bloomT=30 bloomSrc=pruned,64,0.8715902579,0.9847,5844.5689,8.8168,0.0000,0.126862,0.126979;0.126862;0.126008,18.175072,55020.42,,15.60,0,6980,10,True,nid004173,59090050
SparseHNSW_Bloom2_30_b8_s8x4_p512,M=64 efC=1600 ef=100 alpha=0.85 beta=8 q=u8 seedT=8 seedH=8 seedS=4 pat=512 bloomH=2 bloomT=30 bloomSrc=pruned,64,0.8764326648,0.9867,5844.5689,8.8168,0.0000,0.151759,0.151759;0.151609;0.151833,21.741977,45993.98,,15.60,0,6980,10,True,nid004173,59090050
SparseHNSW_Bloom2_30_b8_s8x4_p512,M=64 efC=1600 ef=400 alpha=0.85 beta=8 q=u8 seedT=8 seedH=8 seedS=4 pat=512 bloomH=2 bloomT=30 bloomSrc=pruned,64,0.9369197708,0.9960,5844.5689,8.8168,0.0000,0.493624,0.493624;0.494505;0.493586,70.719771,14140.32,,15.60,0,6980,10,True,nid004173,59090050
SparseHNSW_Bloom2_30_b8_s8x4_p512,M=64 efC=1600 ef=800 alpha=0.85 beta=8 q=u8 seedT=8 seedH=8 seedS=4 pat=512 bloomH=2 bloomT=30 bloomSrc=pruned,64,0.9729656160,0.9980,5844.5689,8.8168,0.0000,0.739881,0.739881;0.740656;0.739170,106.000143,9433.95,,15.60,0,6980,10,True,nid004173,59090050
SparseHNSW_Bloom2_30_b8_s8x4_p512,M=64 efC=1600 ef=1600 alpha=0.85 beta=8 q=u8 seedT=8 seedH=8 seedS=4 pat=512 bloomH=2 bloomT=30 bloomSrc=pruned,64,0.9886103152,0.9996,5844.5689,8.8168,0.0000,0.751924,0.751376;0.752027;0.751924,107.725501,9282.85,,15.60,0,6980,10,True,nid004173,59090050
SparseHNSW_Bloom2_30_b8_s8x4_p512,M=64 efC=1600 ef=3200 alpha=0.85 beta=8 q=u8 seedT=8 seedH=8 seedS=4 pat=512 bloomH=2 bloomT=30 bloomSrc=pruned,64,0.9937392550,0.9999,5844.5689,8.8168,0.0000,0.762786,0.762872;0.762535;0.762786,109.281662,9150.67,,15.60,0,6980,10,True,nid004173,59090050
SparseHNSW_Bloom2_30_b8_s8x4_p512,M=64 efC=1600 ef=6400 alpha=0.85 beta=8 q=u8 seedT=8 seedH=8 seedS=4 pat=512 bloomH=2 bloomT=30 bloomSrc=pruned,64,0.9962464183,1.0000,5844.5689,8.8168,0.0000,0.813250,0.813250;0.813030;0.813947,116.511461,8582.85,,15.60,0,6980,10,True,nid004173,59090050
SparseHNSW_Bloom2_30_b12_s8x4_p512,M=64 efC=1600 ef=10 alpha=0.85 beta=12 q=u8 seedT=8 seedH=8 seedS=4 pat=512 bloomH=2 bloomT=30 bloomSrc=pruned,64,0.8820916905,0.9884,5844.5689,8.8168,0.0000,0.178645,0.178586;0.178645;0.178725,25.593840,39071.90,,15.60,0,6980,10,True,nid004173,59090050
SparseHNSW_Bloom2_30_b12_s8x4_p512,M=64 efC=1600 ef=50 alpha=0.85 beta=12 q=u8 seedT=8 seedH=8 seedS=4 pat=512 bloomH=2 bloomT=30 bloomSrc=pruned,64,0.8820916905,0.9884,5844.5689,8.8168,0.0000,0.178586,0.178586;0.178947;0.178514,25.585387,39084.81,,15.60,0,6980,10,True,nid004173,59090050
SparseHNSW_Bloom2_30_b12_s8x4_p512,M=64 efC=1600 ef=100 alpha=0.85 beta=12 q=u8 seedT=8 seedH=8 seedS=4 pat=512 bloomH=2 bloomT=30 bloomSrc=pruned,64,0.8820916905,0.9884,5844.5689,8.8168,0.0000,0.178563,0.178563;0.179163;0.178181,25.582092,39089.85,,15.60,0,6980,10,True,nid004173,59090050
SparseHNSW_Bloom2_30_b12_s8x4_p512,M=64 efC=1600 ef=400 alpha=0.85 beta=12 q=u8 seedT=8 seedH=8 seedS=4 pat=512 bloomH=2 bloomT=30 bloomSrc=pruned,64,0.9369484241,0.9960,5844.5689,8.8168,0.0000,0.497300,0.497300;0.497671;0.497042,71.246418,14035.79,,15.60,0,6980,10,True,nid004173,59090050
SparseHNSW_Bloom2_30_b12_s8x4_p512,M=64 efC=1600 ef=800 alpha=0.85 beta=12 q=u8 seedT=8 seedH=8 seedS=4 pat=512 bloomH=2 bloomT=30 bloomSrc=pruned,64,0.9729942693,0.9980,5844.5689,8.8168,0.0000,0.796736,0.795528;0.796736;0.797334,114.145559,8760.74,,15.60,0,6980,10,True,nid004173,59090050
SparseHNSW_Bloom2_30_b12_s8x4_p512,M=64 efC=1600 ef=1600 alpha=0.85 beta=12 q=u8 seedT=8 seedH=8 seedS=4 pat=512 bloomH=2 bloomT=30 bloomSrc=pruned,64,0.9886389685,0.9996,5844.5689,8.8168,0.0000,0.831625,0.832398;0.831565;0.831625,119.143983,8393.21,,15.60,0,6980,10,True,nid004173,59090050
SparseHNSW_Bloom2_30_b12_s8x4_p512,M=64 efC=1600 ef=3200 alpha=0.85 beta=12 q=u8 seedT=8 seedH=8 seedS=4 pat=512 bloomH=2 bloomT=30 bloomSrc=pruned,64,0.9937965616,0.9999,5844.5689,8.8168,0.0000,0.826355,0.826355;0.826405;0.825474,118.388968,8446.73,,15.60,0,6980,10,True,nid004173,59090050
SparseHNSW_Bloom2_30_b12_s8x4_p512,M=64 efC=1600 ef=6400 alpha=0.85 beta=12 q=u8 seedT=8 seedH=8 seedS=4 pat=512 bloomH=2 bloomT=30 bloomSrc=pruned,64,0.9963037249,1.0000,5844.5689,8.8168,0.0000,0.870731,0.870898;0.870716;0.870731,124.746562,8016.25,,15.60,0,6980,10,True,nid004173,59090050
SparseHNSW_Bloom2_30_b16_s8x4_p512,M=64 efC=1600 ef=10 alpha=0.85 beta=16 q=u8 seedT=8 seedH=8 seedS=4 pat=512 bloomH=2 bloomT=30 bloomSrc=pruned,64,0.8914613181,0.9907,5844.5689,8.8168,0.0000,0.228223,0.228635;0.227948;0.228223,32.696705,30584.12,,15.60,0,6980,10,True,nid004173,59090050
SparseHNSW_Bloom2_30_b16_s8x4_p512,M=64 efC=1600 ef=50 alpha=0.85 beta=16 q=u8 seedT=8 seedH=8 seedS=4 pat=512 bloomH=2 bloomT=30 bloomSrc=pruned,64,0.8914613181,0.9907,5844.5689,8.8168,0.0000,0.228407,0.227906;0.228407;0.228845,32.723066,30559.48,,15.60,0,6980,10,True,nid004173,59090050
SparseHNSW_Bloom2_30_b16_s8x4_p512,M=64 efC=1600 ef=100 alpha=0.85 beta=16 q=u8 seedT=8 seedH=8 seedS=4 pat=512 bloomH=2 bloomT=30 bloomSrc=pruned,64,0.8914613181,0.9907,5844.5689,8.8168,0.0000,0.228191,0.228148;0.229397;0.228191,32.692120,30588.41,,15.60,0,6980,10,True,nid004173,59090050
SparseHNSW_Bloom2_30_b16_s8x4_p512,M=64 efC=1600 ef=400 alpha=0.85 beta=16 q=u8 seedT=8 seedH=8 seedS=4 pat=512 bloomH=2 bloomT=30 bloomSrc=pruned,64,0.9369484241,0.9960,5844.5689,8.8168,0.0000,0.498239,0.498239;0.498139;0.498879,71.380946,14009.34,,15.60,0,6980,10,True,nid004173,59090050
SparseHNSW_Bloom2_30_b16_s8x4_p512,M=64 efC=1600 ef=800 alpha=0.85 beta=16 q=u8 seedT=8 seedH=8 seedS=4 pat=512 bloomH=2 bloomT=30 bloomSrc=pruned,64,0.9730085960,0.9980,5844.5689,8.8168,0.0000,0.840996,0.840996;0.841232;0.839682,120.486533,8299.68,,15.60,0,6980,10,True,nid004173,59090050
SparseHNSW_Bloom2_30_b16_s8x4_p512,M=64 efC=1600 ef=1600 alpha=0.85 beta=16 q=u8 seedT=8 seedH=8 seedS=4 pat=512 bloomH=2 bloomT=30 bloomSrc=pruned,64,0.9886532951,0.9996,5844.5689,8.8168,0.0000,0.905506,0.905253;0.905870;0.905506,129.728653,7708.40,,15.60,0,6980,10,True,nid004173,59090050
SparseHNSW_Bloom2_30_b16_s8x4_p512,M=64 efC=1600 ef=3200 alpha=0.85 beta=16 q=u8 seedT=8 seedH=8 seedS=4 pat=512 bloomH=2 bloomT=30 bloomSrc=pruned,64,0.9938108883,0.9999,5844.5689,8.8168,0.0000,0.892245,0.892245;0.893361;0.891763,127.828797,7822.96,,15.60,0,6980,10,True,nid004173,59090050
SparseHNSW_Bloom2_30_b16_s8x4_p512,M=64 efC=1600 ef=6400 alpha=0.85 beta=16 q=u8 seedT=8 seedH=8 seedS=4 pat=512 bloomH=2 bloomT=30 bloomSrc=pruned,64,0.9963180516,1.0000,5844.5689,8.8168,0.0000,0.922332,0.921876;0.922832;0.922332,132.139255,7567.77,,15.60,0,6980,10,True,nid004173,59090050
SparseHNSW_Bloom2_30_b4_s0x0_p2048,M=64 efC=1600 ef=10 alpha=0.85 beta=4 q=u8 pat=2048 bloomH=2 bloomT=30 bloomSrc=pruned,64,0.8373782235,0.9470,5844.5689,8.8168,0.0000,0.075886,0.075369;0.075886;0.075933,10.871920,91980.08,,15.60,0,6980,10,True,nid004173,59090050
SparseHNSW_Bloom2_30_b4_s0x0_p2048,M=64 efC=1600 ef=50 alpha=0.85 beta=4 q=u8 pat=2048 bloomH=2 bloomT=30 bloomSrc=pruned,64,0.8455014327,0.9532,5844.5689,8.8168,0.0000,0.089026,0.089026;0.088998;0.089234,12.754441,78404.06,,15.60,0,6980,10,True,nid004173,59090050
SparseHNSW_Bloom2_30_b4_s0x0_p2048,M=64 efC=1600 ef=100 alpha=0.85 beta=4 q=u8 pat=2048 bloomH=2 bloomT=30 bloomSrc=pruned,64,0.8628366762,0.9695,5844.5689,8.8168,0.0000,0.151753,0.152073;0.151753;0.151607,21.741117,45995.80,,15.60,0,6980,10,True,nid004173,59090050
SparseHNSW_Bloom2_30_b4_s0x0_p2048,M=64 efC=1600 ef=400 alpha=0.85 beta=4 q=u8 pat=2048 bloomH=2 bloomT=30 bloomSrc=pruned,64,0.9119627507,0.9878,5844.5689,8.8168,0.0000,0.489629,0.490494;0.489629;0.489382,70.147421,14255.69,,15.60,0,6980,10,True,nid004173,59090050
SparseHNSW_Bloom2_30_b4_s0x0_p2048,M=64 efC=1600 ef=800 alpha=0.85 beta=4 q=u8 pat=2048 bloomH=2 bloomT=30 bloomSrc=pruned,64,0.9522779370,0.9943,5844.5689,8.8168,0.0000,0.907204,0.905611;0.907252;0.907204,129.971920,7693.97,,15.60,0,6980,10,True,nid004173,59090050
SparseHNSW_Bloom2_30_b4_s0x0_p2048,M=64 efC=1600 ef=1600 alpha=0.85 beta=4 q=u8 pat=2048 bloomH=2 bloomT=30 bloomSrc=pruned,64,0.9787392550,0.9974,5844.5689,8.8168,0.0000,1.665896,1.665896;1.665556;1.666581,238.667049,4189.94,,15.60,0,6980,10,True,nid004173,59090050
SparseHNSW_Bloom2_30_b4_s0x0_p2048,M=64 efC=1600 ef=3200 alpha=0.85 beta=4 q=u8 pat=2048 bloomH=2 bloomT=30 bloomSrc=pruned,64,0.9897994269,0.9984,5844.5689,8.8168,0.0000,2.132531,2.132196;2.133889;2.132531,305.520201,3273.11,,15.60,0,6980,10,True,nid004173,59090050
SparseHNSW_Bloom2_30_b4_s0x0_p2048,M=64 efC=1600 ef=6400 alpha=0.85 beta=4 q=u8 pat=2048 bloomH=2 bloomT=30 bloomSrc=pruned,64,0.9954011461,0.9999,5844.5689,8.8168,0.0000,2.164566,2.164219;2.164566;2.165385,310.109742,3224.66,,15.60,0,6980,10,True,nid004173,59090050
SparseHNSW_Bloom2_30_b5_s0x0_p2048,M=64 efC=1600 ef=10 alpha=0.85 beta=5 q=u8 pat=2048 bloomH=2 bloomT=30 bloomSrc=pruned,64,0.8455873926,0.9532,5844.5689,8.8168,0.0000,0.089314,0.089314;0.089257;0.089542,12.795702,78151.24,,15.60,0,6980,10,True,nid004173,59090050
SparseHNSW_Bloom2_30_b5_s0x0_p2048,M=64 efC=1600 ef=50 alpha=0.85 beta=5 q=u8 pat=2048 bloomH=2 bloomT=30 bloomSrc=pruned,64,0.8455873926,0.9532,5844.5689,8.8168,0.0000,0.089739,0.089917;0.089739;0.089562,12.856590,77781.12,,15.60,0,6980,10,True,nid004173,59090050
SparseHNSW_Bloom2_30_b5_s0x0_p2048,M=64 efC=1600 ef=100 alpha=0.85 beta=5 q=u8 pat=2048 bloomH=2 bloomT=30 bloomSrc=pruned,64,0.8629512894,0.9695,5844.5689,8.8168,0.0000,0.152333,0.152482;0.152333;0.152054,21.824212,45820.67,,15.60,0,6980,10,True,nid004173,59090050
SparseHNSW_Bloom2_30_b5_s0x0_p2048,M=64 efC=1600 ef=400 alpha=0.85 beta=5 q=u8 pat=2048 bloomH=2 bloomT=30 bloomSrc=pruned,64,0.9120916905,0.9878,5844.5689,8.8168,0.0000,0.492202,0.491393;0.492367;0.492202,70.516046,14181.17,,15.60,0,6980,10,True,nid004173,59090050
SparseHNSW_Bloom2_30_b5_s0x0_p2048,M=64 efC=1600 ef=800 alpha=0.85 beta=5 q=u8 pat=2048 bloomH=2 bloomT=30 bloomSrc=pruned,64,0.9524498567,0.9943,5844.5689,8.8168,0.0000,0.907471,0.907471;0.907127;0.907816,130.010172,7691.71,,15.60,0,6980,10,True,nid004173,59090050
SparseHNSW_Bloom2_30_b5_s0x0_p2048,M=64 efC=1600 ef=1600 alpha=0.85 beta=5 q=u8 pat=2048 bloomH=2 bloomT=30 bloomSrc=pruned,64,0.9788968481,0.9974,5844.5689,8.8168,0.0000,1.667196,1.666496;1.667477;1.667196,238.853295,4186.67,,15.60,0,6980,10,True,nid004173,59090050
SparseHNSW_Bloom2_30_b5_s0x0_p2048,M=64 efC=1600 ef=3200 alpha=0.85 beta=5 q=u8 pat=2048 bloomH=2 bloomT=30 bloomSrc=pruned,64,0.9899856734,0.9986,5844.5689,8.8168,0.0000,2.146928,2.148087;2.146928;2.146783,307.582808,3251.16,,15.60,0,6980,10,True,nid004173,59090050
SparseHNSW_Bloom2_30_b5_s0x0_p2048,M=64 efC=1600 ef=6400 alpha=0.85 beta=5 q=u8 pat=2048 bloomH=2 bloomT=30 bloomSrc=pruned,64,0.9955730659,0.9999,5844.5689,8.8168,0.0000,2.182074,2.182074;2.182502;2.178633,312.618052,3198.79,,15.60,0,6980,10,True,nid004173,59090050
SparseHNSW_Bloom2_30_b8_s0x0_p2048,M=64 efC=1600 ef=10 alpha=0.85 beta=8 q=u8 pat=2048 bloomH=2 bloomT=30 bloomSrc=pruned,64,0.8570487106,0.9640,5844.5689,8.8168,0.0000,0.129680,0.129680;0.129758;0.129463,18.578797,53824.80,,15.60,0,6980,10,True,nid004173,59090050
SparseHNSW_Bloom2_30_b8_s0x0_p2048,M=64 efC=1600 ef=50 alpha=0.85 beta=8 q=u8 pat=2048 bloomH=2 bloomT=30 bloomSrc=pruned,64,0.8570487106,0.9640,5844.5689,8.8168,0.0000,0.129770,0.129729;0.129877;0.129770,18.591691,53787.47,,15.60,0,6980,10,True,nid004173,59090050
SparseHNSW_Bloom2_30_b8_s0x0_p2048,M=64 efC=1600 ef=100 alpha=0.85 beta=8 q=u8 pat=2048 bloomH=2 bloomT=30 bloomSrc=pruned,64,0.8630229226,0.9695,5844.5689,8.8168,0.0000,0.154702,0.154702;0.154975;0.154377,22.163610,45119.00,,15.60,0,6980,10,True,nid004173,59090050
SparseHNSW_Bloom2_30_b8_s0x0_p2048,M=64 efC=1600 ef=400 alpha=0.85 beta=8 q=u8 pat=2048 bloomH=2 bloomT=30 bloomSrc=pruned,64,0.9121633238,0.9878,5844.5689,8.8168,0.0000,0.493685,0.493824;0.493233;0.493685,70.728510,14138.57,,15.60,0,6980,10,True,nid004173,59090050
SparseHNSW_Bloom2_30_b8_s0x0_p2048,M=64 efC=1600 ef=800 alpha=0.85 beta=8 q=u8 pat=2048 bloomH=2 bloomT=30 bloomSrc=pruned,64,0.9525358166,0.9943,5844.5689,8.8168,0.0000,0.909025,0.909003;0.909382;0.909025,130.232808,7678.56,,15.60,0,6980,10,True,nid004173,59090050
SparseHNSW_Bloom2_30_b8_s0x0_p2048,M=64 efC=1600 ef=1600 alpha=0.85 beta=8 q=u8 pat=2048 bloomH=2 bloomT=30 bloomSrc=pruned,64,0.9789971347,0.9974,5844.5689,8.8168,0.0000,1.669507,1.669507;1.670899;1.667801,239.184384,4180.87,,15.60,0,6980,10,True,nid004173,59090050
SparseHNSW_Bloom2_30_b8_s0x0_p2048,M=64 efC=1600 ef=3200 alpha=0.85 beta=8 q=u8 pat=2048 bloomH=2 bloomT=30 bloomSrc=pruned,64,0.9900859599,0.9986,5844.5689,8.8168,0.0000,2.193124,2.192288;2.194460;2.193124,314.201146,3182.67,,15.60,0,6980,10,True,nid004173,59090050
SparseHNSW_Bloom2_30_b8_s0x0_p2048,M=64 efC=1600 ef=6400 alpha=0.85 beta=8 q=u8 pat=2048 bloomH=2 bloomT=30 bloomSrc=pruned,64,0.9956733524,0.9999,5844.5689,8.8168,0.0000,2.221312,2.223735;2.221081;2.221312,318.239542,3142.29,,15.60,0,6980,10,True,nid004173,59090050
SparseHNSW_Bloom2_30_b12_s0x0_p2048,M=64 efC=1600 ef=10 alpha=0.85 beta=12 q=u8 pat=2048 bloomH=2 bloomT=30 bloomSrc=pruned,64,0.8673638968,0.9726,5844.5689,8.8168,0.0000,0.181475,0.181475;0.180808;0.182138,25.999284,38462.60,,15.60,0,6980,10,True,nid004173,59090050
SparseHNSW_Bloom2_30_b12_s0x0_p2048,M=64 efC=1600 ef=50 alpha=0.85 beta=12 q=u8 pat=2048 bloomH=2 bloomT=30 bloomSrc=pruned,64,0.8673638968,0.9726,5844.5689,8.8168,0.0000,0.181478,0.181287;0.181478;0.181536,25.999713,38461.96,,15.60,0,6980,10,True,nid004173,59090050
SparseHNSW_Bloom2_30_b12_s0x0_p2048,M=64 efC=1600 ef=100 alpha=0.85 beta=12 q=u8 pat=2048 bloomH=2 bloomT=30 bloomSrc=pruned,64,0.8673638968,0.9726,5844.5689,8.8168,0.0000,0.181529,0.181412;0.181529;0.181545,26.007020,38451.16,,15.60,0,6980,10,True,nid004173,59090050
SparseHNSW_Bloom2_30_b12_s0x0_p2048,M=64 efC=1600 ef=400 alpha=0.85 beta=12 q=u8 pat=2048 bloomH=2 bloomT=30 bloomSrc=pruned,64,0.9121919771,0.9878,5844.5689,8.8168,0.0000,0.496647,0.496647;0.496236;0.497184,71.152865,14054.25,,15.60,0,6980,10,True,nid004173,59090050
SparseHNSW_Bloom2_30_b12_s0x0_p2048,M=64 efC=1600 ef=800 alpha=0.85 beta=12 q=u8 pat=2048 bloomH=2 bloomT=30 bloomSrc=pruned,64,0.9525644699,0.9943,5844.5689,8.8168,0.0000,0.912179,0.912179;0.911239;0.912355,130.684670,7652.01,,15.60,0,6980,10,True,nid004173,59090050
SparseHNSW_Bloom2_30_b12_s0x0_p2048,M=64 efC=1600 ef=1600 alpha=0.85 beta=12 q=u8 pat=2048 bloomH=2 bloomT=30 bloomSrc=pruned,64,0.9790257880,0.9974,5844.5689,8.8168,0.0000,1.672638,1.672638;1.673322;1.671560,239.632951,4173.05,,15.60,0,6980,10,True,nid004173,59090050
SparseHNSW_Bloom2_30_b12_s0x0_p2048,M=64 efC=1600 ef=3200 alpha=0.85 beta=12 q=u8 pat=2048 bloomH=2 bloomT=30 bloomSrc=pruned,64,0.9901289398,0.9986,5844.5689,8.8168,0.0000,2.256459,2.256995;2.255884;2.256459,323.274928,3093.34,,15.60,0,6980,10,True,nid004173,59090050
SparseHNSW_Bloom2_30_b12_s0x0_p2048,M=64 efC=1600 ef=6400 alpha=0.85 beta=12 q=u8 pat=2048 bloomH=2 bloomT=30 bloomSrc=pruned,64,0.9957306590,0.9999,5844.5689,8.8168,0.0000,2.281363,2.279945;2.284318;2.281363,326.842837,3059.57,,15.60,0,6980,10,True,nid004173,59090050
SparseHNSW_Bloom2_30_b16_s0x0_p2048,M=64 efC=1600 ef=10 alpha=0.85 beta=16 q=u8 pat=2048 bloomH=2 bloomT=30 bloomSrc=pruned,64,0.8751862464,0.9775,5844.5689,8.8168,0.0000,0.230219,0.229694;0.230493;0.230219,32.982665,30318.96,,15.60,0,6980,10,True,nid004173,59090050
SparseHNSW_Bloom2_30_b16_s0x0_p2048,M=64 efC=1600 ef=50 alpha=0.85 beta=16 q=u8 pat=2048 bloomH=2 bloomT=30 bloomSrc=pruned,64,0.8751862464,0.9775,5844.5689,8.8168,0.0000,0.230303,0.230636;0.230155;0.230303,32.994699,30307.90,,15.60,0,6980,10,True,nid004173,59090050
SparseHNSW_Bloom2_30_b16_s0x0_p2048,M=64 efC=1600 ef=100 alpha=0.85 beta=16 q=u8 pat=2048 bloomH=2 bloomT=30 bloomSrc=pruned,64,0.8751862464,0.9775,5844.5689,8.8168,0.0000,0.230228,0.230228;0.230120;0.230287,32.983954,30317.77,,15.60,0,6980,10,True,nid004173,59090050
SparseHNSW_Bloom2_30_b16_s0x0_p2048,M=64 efC=1600 ef=400 alpha=0.85 beta=16 q=u8 pat=2048 bloomH=2 bloomT=30 bloomSrc=pruned,64,0.9121919771,0.9878,5844.5689,8.8168,0.0000,0.497969,0.497969;0.498150;0.497819,71.342264,14016.94,,15.60,0,6980,10,True,nid004173,59090050
SparseHNSW_Bloom2_30_b16_s0x0_p2048,M=64 efC=1600 ef=800 alpha=0.85 beta=16 q=u8 pat=2048 bloomH=2 bloomT=30 bloomSrc=pruned,64,0.9525644699,0.9943,5844.5689,8.8168,0.0000,0.912999,0.913438;0.912776;0.912999,130.802149,7645.13,,15.60,0,6980,10,True,nid004173,59090050
SparseHNSW_Bloom2_30_b16_s0x0_p2048,M=64 efC=1600 ef=1600 alpha=0.85 beta=16 q=u8 pat=2048 bloomH=2 bloomT=30 bloomSrc=pruned,64,0.9790257880,0.9974,5844.5689,8.8168,0.0000,1.672628,1.672628;1.672105;1.673678,239.631519,4173.07,,15.60,0,6980,10,True,nid004173,59090050
SparseHNSW_Bloom2_30_b16_s0x0_p2048,M=64 efC=1600 ef=3200 alpha=0.85 beta=16 q=u8 pat=2048 bloomH=2 bloomT=30 bloomSrc=pruned,64,0.9901289398,0.9986,5844.5689,8.8168,0.0000,2.317282,2.317282;2.317903;2.316222,331.988825,3012.15,,15.60,0,6980,10,True,nid004173,59090050
SparseHNSW_Bloom2_30_b16_s0x0_p2048,M=64 efC=1600 ef=6400 alpha=0.85 beta=16 q=u8 pat=2048 bloomH=2 bloomT=30 bloomSrc=pruned,64,0.9957306590,0.9999,5844.5689,8.8168,0.0000,2.341992,2.342951;2.341992;2.341811,335.528940,2980.37,,15.60,0,6980,10,True,nid004173,59090050
SparseHNSW_Bloom2_30_b4_s8x4_p2048,M=64 efC=1600 ef=10 alpha=0.85 beta=4 q=u8 seedT=8 seedH=8 seedS=4 pat=2048 bloomH=2 bloomT=30 bloomSrc=pruned,64,0.8568051576,0.9765,5844.5689,8.8168,0.0000,0.072259,0.071901;0.072259;0.072920,10.352292,96596.96,,15.60,0,6980,10,True,nid004173,59090050
SparseHNSW_Bloom2_30_b4_s8x4_p2048,M=64 efC=1600 ef=50 alpha=0.85 beta=4 q=u8 seedT=8 seedH=8 seedS=4 pat=2048 bloomH=2 bloomT=30 bloomSrc=pruned,64,0.8631088825,0.9801,5844.5689,8.8168,0.0000,0.085959,0.086253;0.085959;0.085237,12.315043,81201.50,,15.60,0,6980,10,True,nid004173,59090050
SparseHNSW_Bloom2_30_b4_s8x4_p2048,M=64 efC=1600 ef=100 alpha=0.85 beta=4 q=u8 seedT=8 seedH=8 seedS=4 pat=2048 bloomH=2 bloomT=30 bloomSrc=pruned,64,0.8762464183,0.9867,5844.5689,8.8168,0.0000,0.149063,0.149363;0.148539;0.149063,21.355731,46825.84,,15.60,0,6980,10,True,nid004173,59090050
SparseHNSW_Bloom2_30_b4_s8x4_p2048,M=64 efC=1600 ef=400 alpha=0.85 beta=4 q=u8 seedT=8 seedH=8 seedS=4 pat=2048 bloomH=2 bloomT=30 bloomSrc=pruned,64,0.9367048711,0.9960,5844.5689,8.8168,0.0000,0.490595,0.491083;0.490595;0.490526,70.285817,14227.62,,15.60,0,6980,10,True,nid004173,59090050
SparseHNSW_Bloom2_30_b4_s8x4_p2048,M=64 efC=1600 ef=800 alpha=0.85 beta=4 q=u8 seedT=8 seedH=8 seedS=4 pat=2048 bloomH=2 bloomT=30 bloomSrc=pruned,64,0.9727936963,0.9980,5844.5689,8.8168,0.0000,0.908750,0.907985;0.908893;0.908750,130.193410,7680.88,,15.60,0,6980,10,True,nid004173,59090050
SparseHNSW_Bloom2_30_b4_s8x4_p2048,M=64 efC=1600 ef=1600 alpha=0.85 beta=4 q=u8 seedT=8 seedH=8 seedS=4 pat=2048 bloomH=2 bloomT=30 bloomSrc=pruned,64,0.9884240688,0.9997,5844.5689,8.8168,0.0000,1.669512,1.669512;1.669123;1.670411,239.185100,4180.86,,15.60,0,6980,10,True,nid004173,59090050
SparseHNSW_Bloom2_30_b4_s8x4_p2048,M=64 efC=1600 ef=3200 alpha=0.85 beta=4 q=u8 seedT=8 seedH=8 seedS=4 pat=2048 bloomH=2 bloomT=30 bloomSrc=pruned,64,0.9936676218,1.0000,5844.5689,8.8168,0.0000,2.133693,2.133815;2.133693;2.132099,305.686676,3271.32,,15.60,0,6980,10,True,nid004173,59090050
SparseHNSW_Bloom2_30_b4_s8x4_p2048,M=64 efC=1600 ef=6400 alpha=0.85 beta=4 q=u8 seedT=8 seedH=8 seedS=4 pat=2048 bloomH=2 bloomT=30 bloomSrc=pruned,64,0.9961031519,1.0000,5844.5689,8.8168,0.0000,2.160948,2.159749;2.164146;2.160948,309.591404,3230.06,,15.60,0,6980,10,True,nid004173,59090050
SparseHNSW_Bloom2_30_b5_s8x4_p2048,M=64 efC=1600 ef=10 alpha=0.85 beta=5 q=u8 seedT=8 seedH=8 seedS=4 pat=2048 bloomH=2 bloomT=30 bloomSrc=pruned,64,0.8631948424,0.9801,5844.5689,8.8168,0.0000,0.086641,0.086143;0.086641;0.086648,12.412751,80562.32,,15.60,0,6980,10,True,nid004173,59090050
SparseHNSW_Bloom2_30_b5_s8x4_p2048,M=64 efC=1600 ef=50 alpha=0.85 beta=5 q=u8 seedT=8 seedH=8 seedS=4 pat=2048 bloomH=2 bloomT=30 bloomSrc=pruned,64,0.8631948424,0.9801,5844.5689,8.8168,0.0000,0.086152,0.086500;0.086046;0.086152,12.342693,81019.59,,15.60,0,6980,10,True,nid004173,59090050
SparseHNSW_Bloom2_30_b5_s8x4_p2048,M=64 efC=1600 ef=100 alpha=0.85 beta=5 q=u8 seedT=8 seedH=8 seedS=4 pat=2048 bloomH=2 bloomT=30 bloomSrc=pruned,64,0.8763610315,0.9867,5844.5689,8.8168,0.0000,0.149757,0.149677;0.149983;0.149757,21.455158,46608.84,,15.60,0,6980,10,True,nid004173,59090050
SparseHNSW_Bloom2_30_b5_s8x4_p2048,M=64 efC=1600 ef=400 alpha=0.85 beta=5 q=u8 seedT=8 seedH=8 seedS=4 pat=2048 bloomH=2 bloomT=30 bloomSrc=pruned,64,0.9368481375,0.9960,5844.5689,8.8168,0.0000,0.491701,0.491099;0.492097;0.491701,70.444269,14195.62,,15.60,0,6980,10,True,nid004173,59090050
SparseHNSW_Bloom2_30_b5_s8x4_p2048,M=64 efC=1600 ef=800 alpha=0.85 beta=5 q=u8 seedT=8 seedH=8 seedS=4 pat=2048 bloomH=2 bloomT=30 bloomSrc=pruned,64,0.9729512894,0.9980,5844.5689,8.8168,0.0000,0.910218,0.909152;0.910218;0.911591,130.403725,7668.49,,15.60,0,6980,10,True,nid004173,59090050
SparseHNSW_Bloom2_30_b5_s8x4_p2048,M=64 efC=1600 ef=1600 alpha=0.85 beta=5 q=u8 seedT=8 seedH=8 seedS=4 pat=2048 bloomH=2 bloomT=30 bloomSrc=pruned,64,0.9885959885,0.9997,5844.5689,8.8168,0.0000,1.671545,1.672009;1.669705;1.671545,239.476361,4175.78,,15.60,0,6980,10,True,nid004173,59090050
SparseHNSW_Bloom2_30_b5_s8x4_p2048,M=64 efC=1600 ef=3200 alpha=0.85 beta=5 q=u8 seedT=8 seedH=8 seedS=4 pat=2048 bloomH=2 bloomT=30 bloomSrc=pruned,64,0.9938538682,1.0000,5844.5689,8.8168,0.0000,2.146325,2.146325;2.146307;2.148495,307.496418,3252.07,,15.60,0,6980,10,True,nid004173,59090050
SparseHNSW_Bloom2_30_b5_s8x4_p2048,M=64 efC=1600 ef=6400 alpha=0.85 beta=5 q=u8 seedT=8 seedH=8 seedS=4 pat=2048 bloomH=2 bloomT=30 bloomSrc=pruned,64,0.9962750716,1.0000,5844.5689,8.8168,0.0000,2.178766,2.178576;2.179257;2.178766,312.144126,3203.65,,15.60,0,6980,10,True,nid004173,59090050
SparseHNSW_Bloom2_30_b8_s8x4_p2048,M=64 efC=1600 ef=10 alpha=0.85 beta=8 q=u8 seedT=8 seedH=8 seedS=4 pat=2048 bloomH=2 bloomT=30 bloomSrc=pruned,64,0.8715902579,0.9847,5844.5689,8.8168,0.0000,0.126612,0.127007;0.126522;0.126612,18.139255,55129.06,,15.60,0,6980,10,True,nid004173,59090050
SparseHNSW_Bloom2_30_b8_s8x4_p2048,M=64 efC=1600 ef=50 alpha=0.85 beta=8 q=u8 seedT=8 seedH=8 seedS=4 pat=2048 bloomH=2 bloomT=30 bloomSrc=pruned,64,0.8715902579,0.9847,5844.5689,8.8168,0.0000,0.127254,0.127254;0.126857;0.127373,18.231232,54850.93,,15.60,0,6980,10,True,nid004173,59090050
SparseHNSW_Bloom2_30_b8_s8x4_p2048,M=64 efC=1600 ef=100 alpha=0.85 beta=8 q=u8 seedT=8 seedH=8 seedS=4 pat=2048 bloomH=2 bloomT=30 bloomSrc=pruned,64,0.8764326648,0.9867,5844.5689,8.8168,0.0000,0.151663,0.151580;0.151663;0.151805,21.728223,46023.09,,15.60,0,6980,10,True,nid004173,59090050
SparseHNSW_Bloom2_30_b8_s8x4_p2048,M=64 efC=1600 ef=400 alpha=0.85 beta=8 q=u8 seedT=8 seedH=8 seedS=4 pat=2048 bloomH=2 bloomT=30 bloomSrc=pruned,64,0.9369197708,0.9960,5844.5689,8.8168,0.0000,0.493867,0.493708;0.494094;0.493867,70.754585,14133.36,,15.60,0,6980,10,True,nid004173,59090050
SparseHNSW_Bloom2_30_b8_s8x4_p2048,M=64 efC=1600 ef=800 alpha=0.85 beta=8 q=u8 seedT=8 seedH=8 seedS=4 pat=2048 bloomH=2 bloomT=30 bloomSrc=pruned,64,0.9730229226,0.9980,5844.5689,8.8168,0.0000,0.911991,0.911859;0.911991;0.912077,130.657736,7653.58,,15.60,0,6980,10,True,nid004173,59090050
SparseHNSW_Bloom2_30_b8_s8x4_p2048,M=64 efC=1600 ef=1600 alpha=0.85 beta=8 q=u8 seedT=8 seedH=8 seedS=4 pat=2048 bloomH=2 bloomT=30 bloomSrc=pruned,64,0.9886962751,0.9997,5844.5689,8.8168,0.0000,1.673587,1.673110;1.673587;1.674327,239.768911,4170.68,,15.60,0,6980,10,True,nid004173,59090050
SparseHNSW_Bloom2_30_b8_s8x4_p2048,M=64 efC=1600 ef=3200 alpha=0.85 beta=8 q=u8 seedT=8 seedH=8 seedS=4 pat=2048 bloomH=2 bloomT=30 bloomSrc=pruned,64,0.9939541547,1.0000,5844.5689,8.8168,0.0000,2.192610,2.192183;2.192610;2.196554,314.127507,3183.42,,15.60,0,6980,10,True,nid004173,59090050
SparseHNSW_Bloom2_30_b8_s8x4_p2048,M=64 efC=1600 ef=6400 alpha=0.85 beta=8 q=u8 seedT=8 seedH=8 seedS=4 pat=2048 bloomH=2 bloomT=30 bloomSrc=pruned,64,0.9963753582,1.0000,5844.5689,8.8168,0.0000,2.220368,2.222597;2.220368;2.218690,318.104298,3143.62,,15.60,0,6980,10,True,nid004173,59090050
SparseHNSW_Bloom2_30_b12_s8x4_p2048,M=64 efC=1600 ef=10 alpha=0.85 beta=12 q=u8 seedT=8 seedH=8 seedS=4 pat=2048 bloomH=2 bloomT=30 bloomSrc=pruned,64,0.8820916905,0.9884,5844.5689,8.8168,0.0000,0.178868,0.179289;0.178580;0.178868,25.625788,39023.19,,15.60,0,6980,10,True,nid004173,59090050
SparseHNSW_Bloom2_30_b12_s8x4_p2048,M=64 efC=1600 ef=50 alpha=0.85 beta=12 q=u8 seedT=8 seedH=8 seedS=4 pat=2048 bloomH=2 bloomT=30 bloomSrc=pruned,64,0.8820916905,0.9884,5844.5689,8.8168,0.0000,0.178871,0.178871;0.178708;0.179244,25.626218,39022.54,,15.60,0,6980,10,True,nid004173,59090050
SparseHNSW_Bloom2_30_b12_s8x4_p2048,M=64 efC=1600 ef=100 alpha=0.85 beta=12 q=u8 seedT=8 seedH=8 seedS=4 pat=2048 bloomH=2 bloomT=30 bloomSrc=pruned,64,0.8820916905,0.9884,5844.5689,8.8168,0.0000,0.179077,0.179077;0.178986;0.179257,25.655731,38977.65,,15.60,0,6980,10,True,nid004173,59090050
SparseHNSW_Bloom2_30_b12_s8x4_p2048,M=64 efC=1600 ef=400 alpha=0.85 beta=12 q=u8 seedT=8 seedH=8 seedS=4 pat=2048 bloomH=2 bloomT=30 bloomSrc=pruned,64,0.9369484241,0.9960,5844.5689,8.8168,0.0000,0.497200,0.497096;0.497200;0.497209,71.232092,14038.62,,15.60,0,6980,10,True,nid004173,59090050
SparseHNSW_Bloom2_30_b12_s8x4_p2048,M=64 efC=1600 ef=800 alpha=0.85 beta=12 q=u8 seedT=8 seedH=8 seedS=4 pat=2048 bloomH=2 bloomT=30 bloomSrc=pruned,64,0.9730515759,0.9980,5844.5689,8.8168,0.0000,0.915557,0.915207;0.915557;0.915807,131.168625,7623.77,,15.60,0,6980,10,True,nid004173,59090050
SparseHNSW_Bloom2_30_b12_s8x4_p2048,M=64 efC=1600 ef=1600 alpha=0.85 beta=12 q=u8 seedT=8 seedH=8 seedS=4 pat=2048 bloomH=2 bloomT=30 bloomSrc=pruned,64,0.9887249284,0.9997,5844.5689,8.8168,0.0000,1.676258,1.675573;1.677943;1.676258,240.151576,4164.04,,15.60,0,6980,10,True,nid004173,59090050
SparseHNSW_Bloom2_30_b12_s8x4_p2048,M=64 efC=1600 ef=3200 alpha=0.85 beta=12 q=u8 seedT=8 seedH=8 seedS=4 pat=2048 bloomH=2 bloomT=30 bloomSrc=pruned,64,0.9939971347,1.0000,5844.5689,8.8168,0.0000,2.266781,2.267005;2.266781;2.266191,324.753725,3079.26,,15.60,0,6980,10,True,nid004173,59090050
SparseHNSW_Bloom2_30_b12_s8x4_p2048,M=64 efC=1600 ef=6400 alpha=0.85 beta=12 q=u8 seedT=8 seedH=8 seedS=4 pat=2048 bloomH=2 bloomT=30 bloomSrc=pruned,64,0.9964326648,1.0000,5844.5689,8.8168,0.0000,2.281456,2.281456;2.279877;2.281653,326.856160,3059.45,,15.60,0,6980,10,True,nid004173,59090050
SparseHNSW_Bloom2_30_b16_s8x4_p2048,M=64 efC=1600 ef=10 alpha=0.85 beta=16 q=u8 seedT=8 seedH=8 seedS=4 pat=2048 bloomH=2 bloomT=30 bloomSrc=pruned,64,0.8914613181,0.9907,5844.5689,8.8168,0.0000,0.228293,0.228203;0.228293;0.229176,32.706734,30574.74,,15.60,0,6980,10,True,nid004173,59090050
SparseHNSW_Bloom2_30_b16_s8x4_p2048,M=64 efC=1600 ef=50 alpha=0.85 beta=16 q=u8 seedT=8 seedH=8 seedS=4 pat=2048 bloomH=2 bloomT=30 bloomSrc=pruned,64,0.8914613181,0.9907,5844.5689,8.8168,0.0000,0.228545,0.228581;0.228545;0.228285,32.742837,30541.03,,15.60,0,6980,10,True,nid004173,59090050
SparseHNSW_Bloom2_30_b16_s8x4_p2048,M=64 efC=1600 ef=100 alpha=0.85 beta=16 q=u8 seedT=8 seedH=8 seedS=4 pat=2048 bloomH=2 bloomT=30 bloomSrc=pruned,64,0.8914613181,0.9907,5844.5689,8.8168,0.0000,0.228295,0.228479;0.228129;0.228295,32.707020,30574.48,,15.60,0,6980,10,True,nid004173,59090050
SparseHNSW_Bloom2_30_b16_s8x4_p2048,M=64 efC=1600 ef=400 alpha=0.85 beta=16 q=u8 seedT=8 seedH=8 seedS=4 pat=2048 bloomH=2 bloomT=30 bloomSrc=pruned,64,0.9369484241,0.9960,5844.5689,8.8168,0.0000,0.498053,0.498026;0.498053;0.498858,71.354298,14014.57,,15.60,0,6980,10,True,nid004173,59090050
SparseHNSW_Bloom2_30_b16_s8x4_p2048,M=64 efC=1600 ef=800 alpha=0.85 beta=16 q=u8 seedT=8 seedH=8 seedS=4 pat=2048 bloomH=2 bloomT=30 bloomSrc=pruned,64,0.9730515759,0.9980,5844.5689,8.8168,0.0000,0.916742,0.916742;0.917015;0.915836,131.338395,7613.92,,15.60,0,6980,10,True,nid004173,59090050
SparseHNSW_Bloom2_30_b16_s8x4_p2048,M=64 efC=1600 ef=1600 alpha=0.85 beta=16 q=u8 seedT=8 seedH=8 seedS=4 pat=2048 bloomH=2 bloomT=30 bloomSrc=pruned,64,0.9887249284,0.9997,5844.5689,8.8168,0.0000,1.677898,1.677488;1.678888;1.677898,240.386533,4159.97,,15.60,0,6980,10,True,nid004173,59090050
SparseHNSW_Bloom2_30_b16_s8x4_p2048,M=64 efC=1600 ef=3200 alpha=0.85 beta=16 q=u8 seedT=8 seedH=8 seedS=4 pat=2048 bloomH=2 bloomT=30 bloomSrc=pruned,64,0.9939971347,1.0000,5844.5689,8.8168,0.0000,2.330960,2.330556;2.332228;2.330960,333.948424,2994.47,,15.60,0,6980,10,True,nid004173,59090050
SparseHNSW_Bloom2_30_b16_s8x4_p2048,M=64 efC=1600 ef=6400 alpha=0.85 beta=16 q=u8 seedT=8 seedH=8 seedS=4 pat=2048 bloomH=2 bloomT=30 bloomSrc=pruned,64,0.9964326648,1.0000,5844.5689,8.8168,0.0000,2.342521,2.342521;2.340455;2.343155,335.604728,2979.70,,15.60,0,6980,10,True,nid004173,59090050
