Model,Params,Threads,Recall,RR@10,IndexSec,LoadSec,ConvertSec,SearchSecMedian,SearchSecRuns,AmortizedUsPerQuery,QPS,LatencyUsSingleThread,PeakRSSGB,IndexBytes,NumQueries,K,ResultsOrdered,Host,JobID
SparseHNSW_Bloom2_30_b2_s0x0_p0,"M=32 efC=800 ef=20 alpha=0.85 beta=2 q=u8 bloomH=2 bloomT=30 bloomSrc=pruned",64,0.7446991404,0.8550,1961.8445,8.8400,0.0000,0.029361,"0.028765;0.029361;0.030030",4.206447,237730.32,,13.23,0,6980,10,True,nid005385,59113888
SparseHNSW_Bloom2_30_b2_s0x0_p0,"M=32 efC=800 ef=50 alpha=0.85 beta=2 q=u8 bloomH=2 bloomT=30 bloomSrc=pruned",64,0.8092550143,0.9116,1961.8445,8.8400,0.0000,0.055302,"0.055302;0.055138;0.055468",7.922923,126216.05,,13.23,0,6980,10,True,nid005385,59113888
SparseHNSW_Bloom2_30_b2_s0x0_p0,"M=32 efC=800 ef=100 alpha=0.85 beta=2 q=u8 bloomH=2 bloomT=30 bloomSrc=pruned",64,0.8438825215,0.9443,1961.8445,8.8400,0.0000,0.092230,"0.092230;0.092551;0.092074",13.213467,75680.36,,13.23,0,6980,10,True,nid005385,59113888
SparseHNSW_Bloom2_30_b2_s0x0_p0,"M=32 efC=800 ef=200 alpha=0.85 beta=2 q=u8 bloomH=2 bloomT=30 bloomSrc=pruned",64,0.8766189112,0.9675,1961.8445,8.8400,0.0000,0.158814,"0.159035;0.158814;0.158162",22.752722,43950.79,,13.23,0,6980,10,True,nid005385,59113888
SparseHNSW_Bloom2_30_b2_s0x0_p0,"M=32 efC=800 ef=400 alpha=0.85 beta=2 q=u8 bloomH=2 bloomT=30 bloomSrc=pruned",64,0.9166189112,0.9815,1961.8445,8.8400,0.0000,0.285497,"0.285541;0.285142;0.285497",40.902149,24448.59,,13.23,0,6980,10,True,nid005385,59113888
SparseHNSW_Bloom2_30_b2_s0x0_p0,"M=32 efC=800 ef=800 alpha=0.85 beta=2 q=u8 bloomH=2 bloomT=30 bloomSrc=pruned",64,0.9527220630,0.9917,1961.8445,8.8400,0.0000,0.524565,"0.524504;0.525005;0.524565",75.152579,13306.26,,13.23,0,6980,10,True,nid005385,59113888
SparseHNSW_Bloom2_30_b2_s0x0_p0,"M=32 efC=800 ef=1600 alpha=0.85 beta=2 q=u8 bloomH=2 bloomT=30 bloomSrc=pruned",64,0.9735243553,0.9963,1961.8445,8.8400,0.0000,0.973468,"0.973746;0.973468;0.973241",139.465330,7170.24,,13.24,0,6980,10,True,nid005385,59113888
SparseHNSW_Bloom2_30_b3_s0x0_p0,"M=32 efC=800 ef=20 alpha=0.85 beta=3 q=u8 bloomH=2 bloomT=30 bloomSrc=pruned",64,0.7816618911,0.8854,1961.8445,8.8400,0.0000,0.039444,"0.038881;0.039444;0.039472",5.651003,176959.74,,13.24,0,6980,10,True,nid005385,59113888
SparseHNSW_Bloom2_30_b3_s0x0_p0,"M=32 efC=800 ef=50 alpha=0.85 beta=3 q=u8 bloomH=2 bloomT=30 bloomSrc=pruned",64,0.8113037249,0.9116,1961.8445,8.8400,0.0000,0.055976,"0.056098;0.055976;0.055617",8.019484,124696.30,,13.24,0,6980,10,True,nid005385,59113888
SparseHNSW_Bloom2_30_b3_s0x0_p0,"M=32 efC=800 ef=100 alpha=0.85 beta=3 q=u8 bloomH=2 bloomT=30 bloomSrc=pruned",64,0.8461318052,0.9443,1961.8445,8.8400,0.0000,0.092936,"0.092936;0.093106;0.092685",13.314613,75105.45,,13.24,0,6980,10,True,nid005385,59113888
SparseHNSW_Bloom2_30_b3_s0x0_p0,"M=32 efC=800 ef=200 alpha=0.85 beta=3 q=u8 bloomH=2 bloomT=30 bloomSrc=pruned",64,0.8789971347,0.9675,1961.8445,8.8400,0.0000,0.159245,"0.159207;0.159245;0.159387",22.814470,43831.83,,13.24,0,6980,10,True,nid005385,59113888
SparseHNSW_Bloom2_30_b3_s0x0_p0,"M=32 efC=800 ef=400 alpha=0.85 beta=3 q=u8 bloomH=2 bloomT=30 bloomSrc=pruned",64,0.9191690544,0.9815,1961.8445,8.8400,0.0000,0.286354,"0.286647;0.286179;0.286354",41.024928,24375.42,,13.24,0,6980,10,True,nid005385,59113888
SparseHNSW_Bloom2_30_b3_s0x0_p0,"M=32 efC=800 ef=800 alpha=0.85 beta=3 q=u8 bloomH=2 bloomT=30 bloomSrc=pruned",64,0.9555730659,0.9917,1961.8445,8.8400,0.0000,0.526714,"0.525441;0.527127;0.526714",75.460458,13251.97,,13.24,0,6980,10,True,nid005385,59113888
SparseHNSW_Bloom2_30_b3_s0x0_p0,"M=32 efC=800 ef=1600 alpha=0.85 beta=3 q=u8 bloomH=2 bloomT=30 bloomSrc=pruned",64,0.9767191977,0.9963,1961.8445,8.8400,0.0000,0.974822,"0.974822;0.974341;0.974863",139.659312,7160.28,,13.25,0,6980,10,True,nid005385,59113888
SparseHNSW_Bloom2_30_b4_s0x0_p0,"M=32 efC=800 ef=20 alpha=0.85 beta=4 q=u8 bloomH=2 bloomT=30 bloomSrc=pruned",64,0.7984240688,0.9001,1961.8445,8.8400,0.0000,0.048031,"0.047691;0.048031;0.048529",6.881232,145322.81,,13.26,0,6980,10,True,nid005385,59113888
SparseHNSW_Bloom2_30_b4_s0x0_p0,"M=32 efC=800 ef=50 alpha=0.85 beta=4 q=u8 bloomH=2 bloomT=30 bloomSrc=pruned",64,0.8116762178,0.9116,1961.8445,8.8400,0.0000,0.056498,"0.056435;0.056498;0.056642",8.094269,123544.20,,13.26,0,6980,10,True,nid005385,59113888
SparseHNSW_Bloom2_30_b4_s0x0_p0,"M=32 efC=800 ef=100 alpha=0.85 beta=4 q=u8 bloomH=2 bloomT=30 bloomSrc=pruned",64,0.8465472779,0.9443,1961.8445,8.8400,0.0000,0.092925,"0.092677;0.092925;0.093802",13.313037,75114.34,,13.26,0,6980,10,True,nid005385,59113888
SparseHNSW_Bloom2_30_b4_s0x0_p0,"M=32 efC=800 ef=200 alpha=0.85 beta=4 q=u8 bloomH=2 bloomT=30 bloomSrc=pruned",64,0.8795128940,0.9675,1961.8445,8.8400,0.0000,0.159515,"0.159670;0.159320;0.159515",22.853152,43757.64,,13.26,0,6980,10,True,nid005385,59113888
SparseHNSW_Bloom2_30_b4_s0x0_p0,"M=32 efC=800 ef=400 alpha=0.85 beta=4 q=u8 bloomH=2 bloomT=30 bloomSrc=pruned",64,0.9197277937,0.9815,1961.8445,8.8400,0.0000,0.286587,"0.286685;0.286587;0.286372",41.058309,24355.61,,13.26,0,6980,10,True,nid005385,59113888
SparseHNSW_Bloom2_30_b4_s0x0_p0,"M=32 efC=800 ef=800 alpha=0.85 beta=4 q=u8 bloomH=2 bloomT=30 bloomSrc=pruned",64,0.9561604585,0.9917,1961.8445,8.8400,0.0000,0.526512,"0.526512;0.527824;0.526491",75.431519,13257.06,,13.26,0,6980,10,True,nid005385,59113888
SparseHNSW_Bloom2_30_b4_s0x0_p0,"M=32 efC=800 ef=1600 alpha=0.85 beta=4 q=u8 bloomH=2 bloomT=30 bloomSrc=pruned",64,0.9773638968,0.9963,1961.8445,8.8400,0.0000,0.975275,"0.975275;0.975093;0.975706",139.724212,7156.96,,13.26,0,6980,10,True,nid005385,59113888
SparseHNSW_Bloom2_30_b5_s0x0_p0,"M=32 efC=800 ef=20 alpha=0.85 beta=5 q=u8 bloomH=2 bloomT=30 bloomSrc=pruned",64,0.8117478510,0.9116,1961.8445,8.8400,0.0000,0.056661,"0.056198;0.056661;0.056761",8.117622,123188.79,,13.26,0,6980,10,True,nid005385,59113888
SparseHNSW_Bloom2_30_b5_s0x0_p0,"M=32 efC=800 ef=50 alpha=0.85 beta=5 q=u8 bloomH=2 bloomT=30 bloomSrc=pruned",64,0.8117478510,0.9116,1961.8445,8.8400,0.0000,0.056793,"0.056771;0.056793;0.056994",8.136533,122902.47,,13.26,0,6980,10,True,nid005385,59113888
SparseHNSW_Bloom2_30_b5_s0x0_p0,"M=32 efC=800 ef=100 alpha=0.85 beta=5 q=u8 bloomH=2 bloomT=30 bloomSrc=pruned",64,0.8466618911,0.9443,1961.8445,8.8400,0.0000,0.093855,"0.093837;0.094380;0.093855",13.446275,74370.04,,13.26,0,6980,10,True,nid005385,59113888
SparseHNSW_Bloom2_30_b5_s0x0_p0,"M=32 efC=800 ef=200 alpha=0.85 beta=5 q=u8 bloomH=2 bloomT=30 bloomSrc=pruned",64,0.8796275072,0.9675,1961.8445,8.8400,0.0000,0.160547,"0.159506;0.160547;0.160572",23.001003,43476.37,,13.26,0,6980,10,True,nid005385,59113888
SparseHNSW_Bloom2_30_b5_s0x0_p0,"M=32 efC=800 ef=400 alpha=0.85 beta=5 q=u8 bloomH=2 bloomT=30 bloomSrc=pruned",64,0.9198567335,0.9815,1961.8445,8.8400,0.0000,0.286898,"0.288189;0.285900;0.286898",41.102865,24329.20,,13.26,0,6980,10,True,nid005385,59113888
SparseHNSW_Bloom2_30_b5_s0x0_p0,"M=32 efC=800 ef=800 alpha=0.85 beta=5 q=u8 bloomH=2 bloomT=30 bloomSrc=pruned",64,0.9563037249,0.9917,1961.8445,8.8400,0.0000,0.526963,"0.526986;0.526963;0.526780",75.496132,13245.71,,13.26,0,6980,10,True,nid005385,59113888
SparseHNSW_Bloom2_30_b5_s0x0_p0,"M=32 efC=800 ef=1600 alpha=0.85 beta=5 q=u8 bloomH=2 bloomT=30 bloomSrc=pruned",64,0.9775071633,0.9963,1961.8445,8.8400,0.0000,0.975648,"0.975088;0.975648;0.976732",139.777650,7154.22,,13.27,0,6980,10,True,nid005385,59113888
SparseHNSW_Bloom2_30_b8_s0x0_p0,"M=32 efC=800 ef=20 alpha=0.85 beta=8 q=u8 bloomH=2 bloomT=30 bloomSrc=pruned",64,0.8357736390,0.9332,1961.8445,8.8400,0.0000,0.081811,"0.082677;0.081811;0.081483",11.720774,85318.60,,13.27,0,6980,10,True,nid005385,59113888
SparseHNSW_Bloom2_30_b8_s0x0_p0,"M=32 efC=800 ef=50 alpha=0.85 beta=8 q=u8 bloomH=2 bloomT=30 bloomSrc=pruned",64,0.8357736390,0.9332,1961.8445,8.8400,0.0000,0.081664,"0.081473;0.081664;0.081792",11.699713,85472.18,,13.27,0,6980,10,True,nid005385,59113888
SparseHNSW_Bloom2_30_b8_s0x0_p0,"M=32 efC=800 ef=100 alpha=0.85 beta=8 q=u8 bloomH=2 bloomT=30 bloomSrc=pruned",64,0.8467191977,0.9443,1961.8445,8.8400,0.0000,0.096104,"0.095709;0.096153;0.096104",13.768481,72629.65,,13.27,0,6980,10,True,nid005385,59113888
SparseHNSW_Bloom2_30_b8_s0x0_p0,"M=32 efC=800 ef=200 alpha=0.85 beta=8 q=u8 bloomH=2 bloomT=30 bloomSrc=pruned",64,0.8796991404,0.9675,1961.8445,8.8400,0.0000,0.162277,"0.162185;0.162277;0.162655",23.248854,43012.87,,13.27,0,6980,10,True,nid005385,59113888
SparseHNSW_Bloom2_30_b8_s0x0_p0,"M=32 efC=800 ef=400 alpha=0.85 beta=8 q=u8 bloomH=2 bloomT=30 bloomSrc=pruned",64,0.9199283668,0.9815,1961.8445,8.8400,0.0000,0.289281,"0.289281;0.289425;0.289044",41.444269,24128.79,,13.27,0,6980,10,True,nid005385,59113888
SparseHNSW_Bloom2_30_b8_s0x0_p0,"M=32 efC=800 ef=800 alpha=0.85 beta=8 q=u8 bloomH=2 bloomT=30 bloomSrc=pruned",64,0.9563896848,0.9917,1961.8445,8.8400,0.0000,0.528449,"0.528449;0.528386;0.528783",75.709026,13208.46,,13.27,0,6980,10,True,nid005385,59113888
SparseHNSW_Bloom2_30_b8_s0x0_p0,"M=32 efC=800 ef=1600 alpha=0.85 beta=8 q=u8 bloomH=2 bloomT=30 bloomSrc=pruned",64,0.9775931232,0.9963,1961.8445,8.8400,0.0000,0.977984,"0.978101;0.977391;0.977984",140.112321,7137.13,,13.28,0,6980,10,True,nid005385,59113888
SparseHNSW_Bloom2_30_b12_s0x0_p0,"M=32 efC=800 ef=20 alpha=0.85 beta=12 q=u8 bloomH=2 bloomT=30 bloomSrc=pruned",64,0.8554727794,0.9501,1961.8445,8.8400,0.0000,0.113309,"0.113490;0.113309;0.111926",16.233381,61601.46,,13.28,0,6980,10,True,nid005385,59113888
SparseHNSW_Bloom2_30_b12_s0x0_p0,"M=32 efC=800 ef=50 alpha=0.85 beta=12 q=u8 bloomH=2 bloomT=30 bloomSrc=pruned",64,0.8554727794,0.9501,1961.8445,8.8400,0.0000,0.112030,"0.112308;0.111881;0.112030",16.050143,62304.74,,13.28,0,6980,10,True,nid005385,59113888
SparseHNSW_Bloom2_30_b12_s0x0_p0,"M=32 efC=800 ef=100 alpha=0.85 beta=12 q=u8 bloomH=2 bloomT=30 bloomSrc=pruned",64,0.8554727794,0.9501,1961.8445,8.8400,0.0000,0.111551,"0.111442;0.111551;0.111710",15.981519,62572.28,,13.28,0,6980,10,True,nid005385,59113888
SparseHNSW_Bloom2_30_b12_s0x0_p0,"M=32 efC=800 ef=200 alpha=0.85 beta=12 q=u8 bloomH=2 bloomT=30 bloomSrc=pruned",64,0.8797277937,0.9675,1961.8445,8.8400,0.0000,0.165243,"0.165554;0.165243;0.165205",23.673782,42240.82,,13.28,0,6980,10,True,nid005385,59113888
SparseHNSW_Bloom2_30_b12_s0x0_p0,"M=32 efC=800 ef=400 alpha=0.85 beta=12 q=u8 bloomH=2 bloomT=30 bloomSrc=pruned",64,0.9199570201,0.9815,1961.8445,8.8400,0.0000,0.292400,"0.292125;0.292650;0.292400",41.891117,23871.41,,13.28,0,6980,10,True,nid005385,59113888
SparseHNSW_Bloom2_30_b12_s0x0_p0,"M=32 efC=800 ef=800 alpha=0.85 beta=12 q=u8 bloomH=2 bloomT=30 bloomSrc=pruned",64,0.9564183381,0.9917,1961.8445,8.8400,0.0000,0.530959,"0.530959;0.530841;0.531373",76.068625,13146.02,,13.28,0,6980,10,True,nid005385,59113888
SparseHNSW_Bloom2_30_b12_s0x0_p0,"M=32 efC=800 ef=1600 alpha=0.85 beta=12 q=u8 bloomH=2 bloomT=30 bloomSrc=pruned",64,0.9776361032,0.9963,1961.8445,8.8400,0.0000,0.980310,"0.980310;0.980330;0.979924",140.445559,7120.20,,13.29,0,6980,10,True,nid005385,59113888
SparseHNSW_Bloom2_30_b2_s8x4_p0,"M=32 efC=800 ef=20 alpha=0.85 beta=2 q=u8 seedT=8 seedH=8 seedS=4 bloomH=2 bloomT=30 bloomSrc=pruned",64,0.8305014327,0.9567,1961.8445,8.8400,0.0000,0.039386,"0.038886;0.039386;0.039470",5.642693,177220.33,,13.29,0,6980,10,True,nid005385,59113888
SparseHNSW_Bloom2_30_b2_s8x4_p0,"M=32 efC=800 ef=50 alpha=0.85 beta=2 q=u8 seedT=8 seedH=8 seedS=4 bloomH=2 bloomT=30 bloomSrc=pruned",64,0.8483381089,0.9678,1961.8445,8.8400,0.0000,0.053463,"0.053463;0.053299;0.053490",7.659456,130557.58,,13.29,0,6980,10,True,nid005385,59113888
SparseHNSW_Bloom2_30_b2_s8x4_p0,"M=32 efC=800 ef=100 alpha=0.85 beta=2 q=u8 seedT=8 seedH=8 seedS=4 bloomH=2 bloomT=30 bloomSrc=pruned",64,0.8730945559,0.9784,1961.8445,8.8400,0.0000,0.090196,"0.090330;0.090013;0.090196",12.922063,77387.02,,13.29,0,6980,10,True,nid005385,59113888
SparseHNSW_Bloom2_30_b2_s8x4_p0,"M=32 efC=800 ef=200 alpha=0.85 beta=2 q=u8 seedT=8 seedH=8 seedS=4 bloomH=2 bloomT=30 bloomSrc=pruned",64,0.9082951289,0.9875,1961.8445,8.8400,0.0000,0.157043,"0.157600;0.156888;0.157043",22.498997,44446.43,,13.29,0,6980,10,True,nid005385,59113888
SparseHNSW_Bloom2_30_b2_s8x4_p0,"M=32 efC=800 ef=400 alpha=0.85 beta=2 q=u8 seedT=8 seedH=8 seedS=4 bloomH=2 bloomT=30 bloomSrc=pruned",64,0.9455873926,0.9938,1961.8445,8.8400,0.0000,0.285249,"0.285264;0.285159;0.285249",40.866619,24469.85,,13.29,0,6980,10,True,nid005385,59113888
SparseHNSW_Bloom2_30_b2_s8x4_p0,"M=32 efC=800 ef=800 alpha=0.85 beta=2 q=u8 seedT=8 seedH=8 seedS=4 bloomH=2 bloomT=30 bloomSrc=pruned",64,0.9707736390,0.9980,1961.8445,8.8400,0.0000,0.527454,"0.526898;0.527454;0.527956",75.566476,13233.38,,13.29,0,6980,10,True,nid005385,59113888
SparseHNSW_Bloom2_30_b2_s8x4_p0,"M=32 efC=800 ef=1600 alpha=0.85 beta=2 q=u8 seedT=8 seedH=8 seedS=4 bloomH=2 bloomT=30 bloomSrc=pruned",64,0.9820916905,0.9993,1961.8445,8.8400,0.0000,0.977306,"0.976859;0.977306;0.977810",140.015186,7142.08,,13.30,0,6980,10,True,nid005385,59113888
SparseHNSW_Bloom2_30_b3_s8x4_p0,"M=32 efC=800 ef=20 alpha=0.85 beta=3 q=u8 seedT=8 seedH=8 seedS=4 bloomH=2 bloomT=30 bloomSrc=pruned",64,0.8323495702,0.9567,1961.8445,8.8400,0.0000,0.040125,"0.039389;0.040125;0.040326",5.748567,173956.39,,13.30,0,6980,10,True,nid005385,59113888
SparseHNSW_Bloom2_30_b3_s8x4_p0,"M=32 efC=800 ef=50 alpha=0.85 beta=3 q=u8 seedT=8 seedH=8 seedS=4 bloomH=2 bloomT=30 bloomSrc=pruned",64,0.8504441261,0.9678,1961.8445,8.8400,0.0000,0.053770,"0.053505;0.053876;0.053770",7.703438,129812.16,,13.30,0,6980,10,True,nid005385,59113888
SparseHNSW_Bloom2_30_b3_s8x4_p0,"M=32 efC=800 ef=100 alpha=0.85 beta=3 q=u8 seedT=8 seedH=8 seedS=4 bloomH=2 bloomT=30 bloomSrc=pruned",64,0.8753581662,0.9784,1961.8445,8.8400,0.0000,0.090694,"0.090694;0.090685;0.090870",12.993410,76962.09,,13.30,0,6980,10,True,nid005385,59113888
SparseHNSW_Bloom2_30_b3_s8x4_p0,"M=32 efC=800 ef=200 alpha=0.85 beta=3 q=u8 seedT=8 seedH=8 seedS=4 bloomH=2 bloomT=30 bloomSrc=pruned",64,0.9107163324,0.9875,1961.8445,8.8400,0.0000,0.157293,"0.157256;0.157293;0.157588",22.534814,44375.78,,13.30,0,6980,10,True,nid005385,59113888
SparseHNSW_Bloom2_30_b3_s8x4_p0,"M=32 efC=800 ef=400 alpha=0.85 beta=3 q=u8 seedT=8 seedH=8 seedS=4 bloomH=2 bloomT=30 bloomSrc=pruned",64,0.9482234957,0.9938,1961.8445,8.8400,0.0000,0.285649,"0.286094;0.285649;0.285588",40.923926,24435.58,,13.30,0,6980,10,True,nid005385,59113888
SparseHNSW_Bloom2_30_b3_s8x4_p0,"M=32 efC=800 ef=800 alpha=0.85 beta=3 q=u8 seedT=8 seedH=8 seedS=4 bloomH=2 bloomT=30 bloomSrc=pruned",64,0.9737679083,0.9980,1961.8445,8.8400,0.0000,0.528629,"0.528629;0.528872;0.528606",75.734814,13203.97,,13.30,0,6980,10,True,nid005385,59113888
SparseHNSW_Bloom2_30_b3_s8x4_p0,"M=32 efC=800 ef=1600 alpha=0.85 beta=3 q=u8 seedT=8 seedH=8 seedS=4 bloomH=2 bloomT=30 bloomSrc=pruned",64,0.9852865330,0.9993,1961.8445,8.8400,0.0000,0.978230,"0.977809;0.978230;0.978304",140.147564,7135.34,,13.31,0,6980,10,True,nid005385,59113888
SparseHNSW_Bloom2_30_b4_s8x4_p0,"M=32 efC=800 ef=20 alpha=0.85 beta=4 q=u8 seedT=8 seedH=8 seedS=4 bloomH=2 bloomT=30 bloomSrc=pruned",64,0.8439684814,0.9645,1961.8445,8.8400,0.0000,0.046253,"0.046043;0.046253;0.046736",6.626504,150909.13,,13.31,0,6980,10,True,nid005385,59113888
SparseHNSW_Bloom2_30_b4_s8x4_p0,"M=32 efC=800 ef=50 alpha=0.85 beta=4 q=u8 seedT=8 seedH=8 seedS=4 bloomH=2 bloomT=30 bloomSrc=pruned",64,0.8508452722,0.9678,1961.8445,8.8400,0.0000,0.054413,"0.054207;0.054413;0.054681",7.795559,128278.17,,13.31,0,6980,10,True,nid005385,59113888
SparseHNSW_Bloom2_30_b4_s8x4_p0,"M=32 efC=800 ef=100 alpha=0.85 beta=4 q=u8 seedT=8 seedH=8 seedS=4 bloomH=2 bloomT=30 bloomSrc=pruned",64,0.8758022923,0.9784,1961.8445,8.8400,0.0000,0.090775,"0.091103;0.090775;0.090751",13.005014,76893.42,,13.31,0,6980,10,True,nid005385,59113888
SparseHNSW_Bloom2_30_b4_s8x4_p0,"M=32 efC=800 ef=200 alpha=0.85 beta=4 q=u8 seedT=8 seedH=8 seedS=4 bloomH=2 bloomT=30 bloomSrc=pruned",64,0.9112177650,0.9875,1961.8445,8.8400,0.0000,0.158002,"0.157753;0.158002;0.158280",22.636390,44176.66,,13.31,0,6980,10,True,nid005385,59113888
SparseHNSW_Bloom2_30_b4_s8x4_p0,"M=32 efC=800 ef=400 alpha=0.85 beta=4 q=u8 seedT=8 seedH=8 seedS=4 bloomH=2 bloomT=30 bloomSrc=pruned",64,0.9487679083,0.9938,1961.8445,8.8400,0.0000,0.286555,"0.286555;0.285962;0.286620",41.053725,24358.33,,13.31,0,6980,10,True,nid005385,59113888
SparseHNSW_Bloom2_30_b4_s8x4_p0,"M=32 efC=800 ef=800 alpha=0.85 beta=4 q=u8 seedT=8 seedH=8 seedS=4 bloomH=2 bloomT=30 bloomSrc=pruned",64,0.9743696275,0.9980,1961.8445,8.8400,0.0000,0.528213,"0.527891;0.528883;0.528213",75.675215,13214.37,,13.31,0,6980,10,True,nid005385,59113888
SparseHNSW_Bloom2_30_b4_s8x4_p0,"M=32 efC=800 ef=1600 alpha=0.85 beta=4 q=u8 seedT=8 seedH=8 seedS=4 bloomH=2 bloomT=30 bloomSrc=pruned",64,0.9859455587,0.9993,1961.8445,8.8400,0.0000,0.977982,"0.978549;0.977772;0.977982",140.112034,7137.15,,13.31,0,6980,10,True,nid005385,59113888
SparseHNSW_Bloom2_30_b5_s8x4_p0,"M=32 efC=800 ef=20 alpha=0.85 beta=5 q=u8 seedT=8 seedH=8 seedS=4 bloomH=2 bloomT=30 bloomSrc=pruned",64,0.8509169054,0.9678,1961.8445,8.8400,0.0000,0.054717,"0.054123;0.054717;0.054957",7.839112,127565.47,,13.31,0,6980,10,True,nid005385,59113888
SparseHNSW_Bloom2_30_b5_s8x4_p0,"M=32 efC=800 ef=50 alpha=0.85 beta=5 q=u8 seedT=8 seedH=8 seedS=4 bloomH=2 bloomT=30 bloomSrc=pruned",64,0.8509169054,0.9678,1961.8445,8.8400,0.0000,0.054818,"0.054818;0.054895;0.054712",7.853582,127330.44,,13.31,0,6980,10,True,nid005385,59113888
SparseHNSW_Bloom2_30_b5_s8x4_p0,"M=32 efC=800 ef=100 alpha=0.85 beta=5 q=u8 seedT=8 seedH=8 seedS=4 bloomH=2 bloomT=30 bloomSrc=pruned",64,0.8759169054,0.9784,1961.8445,8.8400,0.0000,0.091744,"0.091572;0.091744;0.091764",13.143840,76081.27,,13.31,0,6980,10,True,nid005385,59113888
SparseHNSW_Bloom2_30_b5_s8x4_p0,"M=32 efC=800 ef=200 alpha=0.85 beta=5 q=u8 seedT=8 seedH=8 seedS=4 bloomH=2 bloomT=30 bloomSrc=pruned",64,0.9113467049,0.9875,1961.8445,8.8400,0.0000,0.158620,"0.158307;0.158811;0.158620",22.724928,44004.54,,13.31,0,6980,10,True,nid005385,59113888
SparseHNSW_Bloom2_30_b5_s8x4_p0,"M=32 efC=800 ef=400 alpha=0.85 beta=5 q=u8 seedT=8 seedH=8 seedS=4 bloomH=2 bloomT=30 bloomSrc=pruned",64,0.9489111748,0.9938,1961.8445,8.8400,0.0000,0.286903,"0.286903;0.286768;0.287398",41.103582,24328.78,,13.31,0,6980,10,True,nid005385,59113888
SparseHNSW_Bloom2_30_b5_s8x4_p0,"M=32 efC=800 ef=800 alpha=0.85 beta=5 q=u8 seedT=8 seedH=8 seedS=4 bloomH=2 bloomT=30 bloomSrc=pruned",64,0.9745272206,0.9980,1961.8445,8.8400,0.0000,0.529143,"0.529143;0.529768;0.528511",75.808453,13191.14,,13.31,0,6980,10,True,nid005385,59113888
SparseHNSW_Bloom2_30_b5_s8x4_p0,"M=32 efC=800 ef=1600 alpha=0.85 beta=5 q=u8 seedT=8 seedH=8 seedS=4 bloomH=2 bloomT=30 bloomSrc=pruned",64,0.9861174785,0.9993,1961.8445,8.8400,0.0000,0.978767,"0.977852;0.978767;0.978954",140.224499,7131.42,,13.31,0,6980,10,True,nid005385,59113888
SparseHNSW_Bloom2_30_b8_s8x4_p0,"M=32 efC=800 ef=20 alpha=0.85 beta=8 q=u8 seedT=8 seedH=8 seedS=4 bloomH=2 bloomT=30 bloomSrc=pruned",64,0.8674641834,0.9752,1961.8445,8.8400,0.0000,0.079156,"0.079063;0.079156;0.079284",11.340401,88180.30,,13.31,0,6980,10,True,nid005385,59113888
SparseHNSW_Bloom2_30_b8_s8x4_p0,"M=32 efC=800 ef=50 alpha=0.85 beta=8 q=u8 seedT=8 seedH=8 seedS=4 bloomH=2 bloomT=30 bloomSrc=pruned",64,0.8674641834,0.9752,1961.8445,8.8400,0.0000,0.079294,"0.079710;0.079278;0.079294",11.360172,88026.84,,13.31,0,6980,10,True,nid005385,59113888
SparseHNSW_Bloom2_30_b8_s8x4_p0,"M=32 efC=800 ef=100 alpha=0.85 beta=8 q=u8 seedT=8 seedH=8 seedS=4 bloomH=2 bloomT=30 bloomSrc=pruned",64,0.8759885387,0.9784,1961.8445,8.8400,0.0000,0.093285,"0.093430;0.093228;0.093285",13.364613,74824.46,,13.31,0,6980,10,True,nid005385,59113888
SparseHNSW_Bloom2_30_b8_s8x4_p0,"M=32 efC=800 ef=200 alpha=0.85 beta=8 q=u8 seedT=8 seedH=8 seedS=4 bloomH=2 bloomT=30 bloomSrc=pruned",64,0.9114183381,0.9875,1961.8445,8.8400,0.0000,0.160889,"0.160694;0.161036;0.160889",23.050000,43383.95,,13.31,0,6980,10,True,nid005385,59113888
SparseHNSW_Bloom2_30_b8_s8x4_p0,"M=32 efC=800 ef=400 alpha=0.85 beta=8 q=u8 seedT=8 seedH=8 seedS=4 bloomH=2 bloomT=30 bloomSrc=pruned",64,0.9489828080,0.9938,1961.8445,8.8400,0.0000,0.288755,"0.288809;0.288485;0.288755",41.368911,24172.74,,13.31,0,6980,10,True,nid005385,59113888
SparseHNSW_Bloom2_30_b8_s8x4_p0,"M=32 efC=800 ef=800 alpha=0.85 beta=8 q=u8 seedT=8 seedH=8 seedS=4 bloomH=2 bloomT=30 bloomSrc=pruned",64,0.9746131805,0.9980,1961.8445,8.8400,0.0000,0.531049,"0.531223;0.530048;0.531049",76.081519,13143.80,,13.31,0,6980,10,True,nid005385,59113888
SparseHNSW_Bloom2_30_b8_s8x4_p0,"M=32 efC=800 ef=1600 alpha=0.85 beta=8 q=u8 seedT=8 seedH=8 seedS=4 bloomH=2 bloomT=30 bloomSrc=pruned",64,0.9862034384,0.9993,1961.8445,8.8400,0.0000,0.980286,"0.980205;0.980857;0.980286",140.442120,7120.37,,13.31,0,6980,10,True,nid005385,59113888
SparseHNSW_Bloom2_30_b12_s8x4_p0,"M=32 efC=800 ef=20 alpha=0.85 beta=12 q=u8 seedT=8 seedH=8 seedS=4 bloomH=2 bloomT=30 bloomSrc=pruned",64,0.8836103152,0.9817,1961.8445,8.8400,0.0000,0.109736,"0.109736;0.109775;0.109710",15.721490,63607.20,,13.31,0,6980,10,True,nid005385,59113888
SparseHNSW_Bloom2_30_b12_s8x4_p0,"M=32 efC=800 ef=50 alpha=0.85 beta=12 q=u8 seedT=8 seedH=8 seedS=4 bloomH=2 bloomT=30 bloomSrc=pruned",64,0.8836103152,0.9817,1961.8445,8.8400,0.0000,0.109699,"0.110144;0.109699;0.109647",15.716189,63628.66,,13.31,0,6980,10,True,nid005385,59113888
SparseHNSW_Bloom2_30_b12_s8x4_p0,"M=32 efC=800 ef=100 alpha=0.85 beta=12 q=u8 seedT=8 seedH=8 seedS=4 bloomH=2 bloomT=30 bloomSrc=pruned",64,0.8836103152,0.9817,1961.8445,8.8400,0.0000,0.109276,"0.109240;0.109276;0.109421",15.655587,63874.96,,13.31,0,6980,10,True,nid005385,59113888
SparseHNSW_Bloom2_30_b12_s8x4_p0,"M=32 efC=800 ef=200 alpha=0.85 beta=12 q=u8 seedT=8 seedH=8 seedS=4 bloomH=2 bloomT=30 bloomSrc=pruned",64,0.9114469914,0.9875,1961.8445,8.8400,0.0000,0.163518,"0.163226;0.163533;0.163518",23.426648,42686.43,,13.31,0,6980,10,True,nid005385,59113888
SparseHNSW_Bloom2_30_b12_s8x4_p0,"M=32 efC=800 ef=400 alpha=0.85 beta=12 q=u8 seedT=8 seedH=8 seedS=4 bloomH=2 bloomT=30 bloomSrc=pruned",64,0.9490114613,0.9938,1961.8445,8.8400,0.0000,0.291556,"0.291556;0.291895;0.291136",41.770201,23940.51,,13.31,0,6980,10,True,nid005385,59113888
SparseHNSW_Bloom2_30_b12_s8x4_p0,"M=32 efC=800 ef=800 alpha=0.85 beta=12 q=u8 seedT=8 seedH=8 seedS=4 bloomH=2 bloomT=30 bloomSrc=pruned",64,0.9746418338,0.9980,1961.8445,8.8400,0.0000,0.532705,"0.532705;0.533572;0.532648",76.318768,13102.94,,13.31,0,6980,10,True,nid005385,59113888
SparseHNSW_Bloom2_30_b12_s8x4_p0,"M=32 efC=800 ef=1600 alpha=0.85 beta=12 q=u8 seedT=8 seedH=8 seedS=4 bloomH=2 bloomT=30 bloomSrc=pruned",64,0.9862464183,0.9993,1961.8445,8.8400,0.0000,0.982693,"0.982693;0.982976;0.981646",140.786963,7102.93,,13.31,0,6980,10,True,nid005385,59113888
SparseHNSW_Bloom2_30_b2_s0x0_p128,"M=32 efC=800 ef=20 alpha=0.85 beta=2 q=u8 pat=128 bloomH=2 bloomT=30 bloomSrc=pruned",64,0.7446991404,0.8550,1961.8445,8.8400,0.0000,0.029913,"0.029359;0.029913;0.030199",4.285530,233343.36,,13.31,0,6980,10,True,nid005385,59113888
SparseHNSW_Bloom2_30_b2_s0x0_p128,"M=32 efC=800 ef=50 alpha=0.85 beta=2 q=u8 pat=128 bloomH=2 bloomT=30 bloomSrc=pruned",64,0.8092550143,0.9116,1961.8445,8.8400,0.0000,0.055538,"0.055498;0.055538;0.055843",7.956734,125679.71,,13.31,0,6980,10,True,nid005385,59113888
SparseHNSW_Bloom2_30_b2_s0x0_p128,"M=32 efC=800 ef=100 alpha=0.85 beta=2 q=u8 pat=128 bloomH=2 bloomT=30 bloomSrc=pruned",64,0.8438825215,0.9443,1961.8445,8.8400,0.0000,0.092794,"0.092593;0.092794;0.092799",13.294269,75220.38,,13.31,0,6980,10,True,nid005385,59113888
SparseHNSW_Bloom2_30_b2_s0x0_p128,"M=32 efC=800 ef=200 alpha=0.85 beta=2 q=u8 pat=128 bloomH=2 bloomT=30 bloomSrc=pruned",64,0.8752722063,0.9659,1961.8445,8.8400,0.0000,0.134198,"0.134312;0.134198;0.134047",19.226074,52012.70,,13.31,0,6980,10,True,nid005385,59113888
SparseHNSW_Bloom2_30_b2_s0x0_p128,"M=32 efC=800 ef=400 alpha=0.85 beta=2 q=u8 pat=128 bloomH=2 bloomT=30 bloomSrc=pruned",64,0.9118624642,0.9754,1961.8445,8.8400,0.0000,0.141133,"0.141189;0.141133;0.141071",20.219628,49456.90,,13.31,0,6980,10,True,nid005385,59113888
SparseHNSW_Bloom2_30_b2_s0x0_p128,"M=32 efC=800 ef=800 alpha=0.85 beta=2 q=u8 pat=128 bloomH=2 bloomT=30 bloomSrc=pruned",64,0.9455444126,0.9828,1961.8445,8.8400,0.0000,0.141416,"0.141416;0.141285;0.141789",20.260172,49357.92,,13.31,0,6980,10,True,nid005385,59113888
SparseHNSW_Bloom2_30_b2_s0x0_p128,"M=32 efC=800 ef=1600 alpha=0.85 beta=2 q=u8 pat=128 bloomH=2 bloomT=30 bloomSrc=pruned",64,0.9670916905,0.9897,1961.8445,8.8400,0.0000,0.152376,"0.152318;0.152376;0.152640",21.830372,45807.74,,13.31,0,6980,10,True,nid005385,59113888
SparseHNSW_Bloom2_30_b3_s0x0_p128,"M=32 efC=800 ef=20 alpha=0.85 beta=3 q=u8 pat=128 bloomH=2 bloomT=30 bloomSrc=pruned",64,0.7816618911,0.8854,1961.8445,8.8400,0.0000,0.039588,"0.039055;0.039588;0.040008",5.671633,176316.06,,13.31,0,6980,10,True,nid005385,59113888
SparseHNSW_Bloom2_30_b3_s0x0_p128,"M=32 efC=800 ef=50 alpha=0.85 beta=3 q=u8 pat=128 bloomH=2 bloomT=30 bloomSrc=pruned",64,0.8113037249,0.9116,1961.8445,8.8400,0.0000,0.056501,"0.056384;0.056501;0.056568",8.094699,123537.64,,13.31,0,6980,10,True,nid005385,59113888
SparseHNSW_Bloom2_30_b3_s0x0_p128,"M=32 efC=800 ef=100 alpha=0.85 beta=3 q=u8 pat=128 bloomH=2 bloomT=30 bloomSrc=pruned",64,0.8461318052,0.9443,1961.8445,8.8400,0.0000,0.093401,"0.093894;0.093401;0.092933",13.381232,74731.53,,13.31,0,6980,10,True,nid005385,59113888
SparseHNSW_Bloom2_30_b3_s0x0_p128,"M=32 efC=800 ef=200 alpha=0.85 beta=3 q=u8 pat=128 bloomH=2 bloomT=30 bloomSrc=pruned",64,0.8780085960,0.9662,1961.8445,8.8400,0.0000,0.141717,"0.141717;0.141505;0.141750",20.303295,49253.09,,13.31,0,6980,10,True,nid005385,59113888
SparseHNSW_Bloom2_30_b3_s0x0_p128,"M=32 efC=800 ef=400 alpha=0.85 beta=3 q=u8 pat=128 bloomH=2 bloomT=30 bloomSrc=pruned",64,0.9155157593,0.9768,1961.8445,8.8400,0.0000,0.152224,"0.152224;0.151634;0.152544",21.808596,45853.48,,13.31,0,6980,10,True,nid005385,59113888
SparseHNSW_Bloom2_30_b3_s0x0_p128,"M=32 efC=800 ef=800 alpha=0.85 beta=3 q=u8 pat=128 bloomH=2 bloomT=30 bloomSrc=pruned",64,0.9491547278,0.9835,1961.8445,8.8400,0.0000,0.151562,"0.151343;0.151665;0.151562",21.713754,46053.76,,13.31,0,6980,10,True,nid005385,59113888
SparseHNSW_Bloom2_30_b3_s0x0_p128,"M=32 efC=800 ef=1600 alpha=0.85 beta=3 q=u8 pat=128 bloomH=2 bloomT=30 bloomSrc=pruned",64,0.9709025788,0.9903,1961.8445,8.8400,0.0000,0.161615,"0.161815;0.161615;0.161440",23.154011,43189.06,,13.31,0,6980,10,True,nid005385,59113888
SparseHNSW_Bloom2_30_b4_s0x0_p128,"M=32 efC=800 ef=20 alpha=0.85 beta=4 q=u8 pat=128 bloomH=2 bloomT=30 bloomSrc=pruned",64,0.7984240688,0.9001,1961.8445,8.8400,0.0000,0.048796,"0.048543;0.048880;0.048796",6.990831,143044.51,,13.31,0,6980,10,True,nid005385,59113888
SparseHNSW_Bloom2_30_b4_s0x0_p128,"M=32 efC=800 ef=50 alpha=0.85 beta=4 q=u8 pat=128 bloomH=2 bloomT=30 bloomSrc=pruned",64,0.8116762178,0.9116,1961.8445,8.8400,0.0000,0.056938,"0.056945;0.056804;0.056938",8.157307,122589.48,,13.31,0,6980,10,True,nid005385,59113888
SparseHNSW_Bloom2_30_b4_s0x0_p128,"M=32 efC=800 ef=100 alpha=0.85 beta=4 q=u8 pat=128 bloomH=2 bloomT=30 bloomSrc=pruned",64,0.8465472779,0.9443,1961.8445,8.8400,0.0000,0.093721,"0.093800;0.093721;0.093670",13.427077,74476.37,,13.31,0,6980,10,True,nid005385,59113888
SparseHNSW_Bloom2_30_b4_s0x0_p128,"M=32 efC=800 ef=200 alpha=0.85 beta=4 q=u8 pat=128 bloomH=2 bloomT=30 bloomSrc=pruned",64,0.8787679083,0.9666,1961.8445,8.8400,0.0000,0.147773,"0.147683;0.147773;0.148050",21.170917,47234.61,,13.31,0,6980,10,True,nid005385,59113888
SparseHNSW_Bloom2_30_b4_s0x0_p128,"M=32 efC=800 ef=400 alpha=0.85 beta=4 q=u8 pat=128 bloomH=2 bloomT=30 bloomSrc=pruned",64,0.9165472779,0.9775,1961.8445,8.8400,0.0000,0.162107,"0.162215;0.162107;0.161125",23.224499,43057.98,,13.31,0,6980,10,True,nid005385,59113888
SparseHNSW_Bloom2_30_b4_s0x0_p128,"M=32 efC=800 ef=800 alpha=0.85 beta=4 q=u8 pat=128 bloomH=2 bloomT=30 bloomSrc=pruned",64,0.9502292264,0.9844,1961.8445,8.8400,0.0000,0.161753,"0.161753;0.161672;0.162042",23.173782,43152.21,,13.31,0,6980,10,True,nid005385,59113888
SparseHNSW_Bloom2_30_b4_s0x0_p128,"M=32 efC=800 ef=1600 alpha=0.85 beta=4 q=u8 pat=128 bloomH=2 bloomT=30 bloomSrc=pruned",64,0.9720057307,0.9908,1961.8445,8.8400,0.0000,0.170831,"0.170929;0.170601;0.170831",24.474355,40859.09,,13.31,0,6980,10,True,nid005385,59113888
SparseHNSW_Bloom2_30_b5_s0x0_p128,"M=32 efC=800 ef=20 alpha=0.85 beta=5 q=u8 pat=128 bloomH=2 bloomT=30 bloomSrc=pruned",64,0.8117478510,0.9116,1961.8445,8.8400,0.0000,0.057622,"0.057341;0.057622;0.057717",8.255301,121134.29,,13.31,0,6980,10,True,nid005385,59113888
SparseHNSW_Bloom2_30_b5_s0x0_p128,"M=32 efC=800 ef=50 alpha=0.85 beta=5 q=u8 pat=128 bloomH=2 bloomT=30 bloomSrc=pruned",64,0.8117478510,0.9116,1961.8445,8.8400,0.0000,0.057592,"0.057725;0.057592;0.057476",8.251003,121197.39,,13.31,0,6980,10,True,nid005385,59113888
SparseHNSW_Bloom2_30_b5_s0x0_p128,"M=32 efC=800 ef=100 alpha=0.85 beta=5 q=u8 pat=128 bloomH=2 bloomT=30 bloomSrc=pruned",64,0.8466618911,0.9443,1961.8445,8.8400,0.0000,0.094672,"0.094672;0.094760;0.094395",13.563324,73728.24,,13.31,0,6980,10,True,nid005385,59113888
SparseHNSW_Bloom2_30_b5_s0x0_p128,"M=32 efC=800 ef=200 alpha=0.85 beta=5 q=u8 pat=128 bloomH=2 bloomT=30 bloomSrc=pruned",64,0.8790257880,0.9668,1961.8445,8.8400,0.0000,0.152884,"0.152783;0.153198;0.152884",21.903152,45655.53,,13.31,0,6980,10,True,nid005385,59113888
SparseHNSW_Bloom2_30_b5_s0x0_p128,"M=32 efC=800 ef=400 alpha=0.85 beta=5 q=u8 pat=128 bloomH=2 bloomT=30 bloomSrc=pruned",64,0.9168194842,0.9777,1961.8445,8.8400,0.0000,0.172834,"0.172771;0.172834;0.172923",24.761318,40385.57,,13.31,0,6980,10,True,nid005385,59113888
SparseHNSW_Bloom2_30_b5_s0x0_p128,"M=32 efC=800 ef=800 alpha=0.85 beta=5 q=u8 pat=128 bloomH=2 bloomT=30 bloomSrc=pruned",64,0.9510315186,0.9851,1961.8445,8.8400,0.0000,0.171228,"0.171567;0.171121;0.171228",24.531232,40764.36,,13.31,0,6980,10,True,nid005385,59113888
SparseHNSW_Bloom2_30_b5_s0x0_p128,"M=32 efC=800 ef=1600 alpha=0.85 beta=5 q=u8 pat=128 bloomH=2 bloomT=30 bloomSrc=pruned",64,0.9725358166,0.9914,1961.8445,8.8400,0.0000,0.179747,"0.179535;0.179747;0.179820",25.751719,38832.36,,13.31,0,6980,10,True,nid005385,59113888
SparseHNSW_Bloom2_30_b8_s0x0_p128,"M=32 efC=800 ef=20 alpha=0.85 beta=8 q=u8 pat=128 bloomH=2 bloomT=30 bloomSrc=pruned",64,0.8357736390,0.9332,1961.8445,8.8400,0.0000,0.082128,"0.081990;0.082128;0.082633",11.766189,84989.29,,13.31,0,6980,10,True,nid005385,59113888
SparseHNSW_Bloom2_30_b8_s0x0_p128,"M=32 efC=800 ef=50 alpha=0.85 beta=8 q=u8 pat=128 bloomH=2 bloomT=30 bloomSrc=pruned",64,0.8357736390,0.9332,1961.8445,8.8400,0.0000,0.082135,"0.082135;0.082371;0.081999",11.767192,84982.04,,13.31,0,6980,10,True,nid005385,59113888
SparseHNSW_Bloom2_30_b8_s0x0_p128,"M=32 efC=800 ef=100 alpha=0.85 beta=8 q=u8 pat=128 bloomH=2 bloomT=30 bloomSrc=pruned",64,0.8467191977,0.9443,1961.8445,8.8400,0.0000,0.096853,"0.096853;0.096473;0.097061",13.875788,72067.98,,13.31,0,6980,10,True,nid005385,59113888
SparseHNSW_Bloom2_30_b8_s0x0_p128,"M=32 efC=800 ef=200 alpha=0.85 beta=8 q=u8 pat=128 bloomH=2 bloomT=30 bloomSrc=pruned",64,0.8793982808,0.9670,1961.8445,8.8400,0.0000,0.161688,"0.161688;0.161613;0.162208",23.164470,43169.56,,13.31,0,6980,10,True,nid005385,59113888
SparseHNSW_Bloom2_30_b8_s0x0_p128,"M=32 efC=800 ef=400 alpha=0.85 beta=8 q=u8 pat=128 bloomH=2 bloomT=30 bloomSrc=pruned",64,0.9177507163,0.9785,1961.8445,8.8400,0.0000,0.202446,"0.202446;0.202211;0.202512",29.003725,34478.33,,13.31,0,6980,10,True,nid005385,59113888
SparseHNSW_Bloom2_30_b8_s0x0_p128,"M=32 efC=800 ef=800 alpha=0.85 beta=8 q=u8 pat=128 bloomH=2 bloomT=30 bloomSrc=pruned",64,0.9520057307,0.9862,1961.8445,8.8400,0.0000,0.202096,"0.202371;0.202096;0.201997",28.953582,34538.04,,13.31,0,6980,10,True,nid005385,59113888
SparseHNSW_Bloom2_30_b8_s0x0_p128,"M=32 efC=800 ef=1600 alpha=0.85 beta=8 q=u8 pat=128 bloomH=2 bloomT=30 bloomSrc=pruned",64,0.9732521490,0.9920,1961.8445,8.8400,0.0000,0.206306,"0.206340;0.206306;0.205976",29.556734,33833.24,,13.31,0,6980,10,True,nid005385,59113888
SparseHNSW_Bloom2_30_b12_s0x0_p128,"M=32 efC=800 ef=20 alpha=0.85 beta=12 q=u8 pat=128 bloomH=2 bloomT=30 bloomSrc=pruned",64,0.8554727794,0.9501,1961.8445,8.8400,0.0000,0.112987,"0.112758;0.112987;0.113386",16.187249,61777.02,,13.31,0,6980,10,True,nid005385,59113888
SparseHNSW_Bloom2_30_b12_s0x0_p128,"M=32 efC=800 ef=50 alpha=0.85 beta=12 q=u8 pat=128 bloomH=2 bloomT=30 bloomSrc=pruned",64,0.8554727794,0.9501,1961.8445,8.8400,0.0000,0.113076,"0.113076;0.113005;0.113230",16.200000,61728.40,,13.31,0,6980,10,True,nid005385,59113888
SparseHNSW_Bloom2_30_b12_s0x0_p128,"M=32 efC=800 ef=100 alpha=0.85 beta=12 q=u8 pat=128 bloomH=2 bloomT=30 bloomSrc=pruned",64,0.8554727794,0.9501,1961.8445,8.8400,0.0000,0.112873,"0.112873;0.112564;0.112907",16.170917,61839.41,,13.31,0,6980,10,True,nid005385,59113888
SparseHNSW_Bloom2_30_b12_s0x0_p128,"M=32 efC=800 ef=200 alpha=0.85 beta=12 q=u8 pat=128 bloomH=2 bloomT=30 bloomSrc=pruned",64,0.8794269341,0.9670,1961.8445,8.8400,0.0000,0.166236,"0.166002;0.166504;0.166236",23.816046,41988.50,,13.31,0,6980,10,True,nid005385,59113888
SparseHNSW_Bloom2_30_b12_s0x0_p128,"M=32 efC=800 ef=400 alpha=0.85 beta=12 q=u8 pat=128 bloomH=2 bloomT=30 bloomSrc=pruned",64,0.9184240688,0.9794,1961.8445,8.8400,0.0000,0.236977,"0.237438;0.236977;0.236872",33.950860,29454.34,,13.31,0,6980,10,True,nid005385,59113888
SparseHNSW_Bloom2_30_b12_s0x0_p128,"M=32 efC=800 ef=800 alpha=0.85 beta=12 q=u8 pat=128 bloomH=2 bloomT=30 bloomSrc=pruned",64,0.9527936963,0.9870,1961.8445,8.8400,0.0000,0.243090,"0.242973;0.243572;0.243090",34.826648,28713.65,,13.31,0,6980,10,True,nid005385,59113888
SparseHNSW_Bloom2_30_b12_s0x0_p128,"M=32 efC=800 ef=1600 alpha=0.85 beta=12 q=u8 pat=128 bloomH=2 bloomT=30 bloomSrc=pruned",64,0.9736532951,0.9921,1961.8445,8.8400,0.0000,0.242872,"0.242872;0.242875;0.242213",34.795415,28739.42,,13.31,0,6980,10,True,nid005385,59113888
SparseHNSW_Bloom2_30_b2_s8x4_p128,"M=32 efC=800 ef=20 alpha=0.85 beta=2 q=u8 seedT=8 seedH=8 seedS=4 pat=128 bloomH=2 bloomT=30 bloomSrc=pruned",64,0.8305014327,0.9567,1961.8445,8.8400,0.0000,0.039651,"0.038966;0.039651;0.039717",5.680659,176035.91,,13.31,0,6980,10,True,nid005385,59113888
SparseHNSW_Bloom2_30_b2_s8x4_p128,"M=32 efC=800 ef=50 alpha=0.85 beta=2 q=u8 seedT=8 seedH=8 seedS=4 pat=128 bloomH=2 bloomT=30 bloomSrc=pruned",64,0.8483381089,0.9678,1961.8445,8.8400,0.0000,0.053912,"0.053944;0.053912;0.053347",7.723782,129470.25,,13.31,0,6980,10,True,nid005385,59113888
SparseHNSW_Bloom2_30_b2_s8x4_p128,"M=32 efC=800 ef=100 alpha=0.85 beta=2 q=u8 seedT=8 seedH=8 seedS=4 pat=128 bloomH=2 bloomT=30 bloomSrc=pruned",64,0.8730945559,0.9784,1961.8445,8.8400,0.0000,0.090214,"0.090342;0.090164;0.090214",12.924642,77371.58,,13.31,0,6980,10,True,nid005385,59113888
SparseHNSW_Bloom2_30_b2_s8x4_p128,"M=32 efC=800 ef=200 alpha=0.85 beta=2 q=u8 seedT=8 seedH=8 seedS=4 pat=128 bloomH=2 bloomT=30 bloomSrc=pruned",64,0.9079512894,0.9874,1961.8445,8.8400,0.0000,0.130529,"0.131314;0.130269;0.130529",18.700430,53474.71,,13.31,0,6980,10,True,nid005385,59113888
SparseHNSW_Bloom2_30_b2_s8x4_p128,"M=32 efC=800 ef=400 alpha=0.85 beta=2 q=u8 seedT=8 seedH=8 seedS=4 pat=128 bloomH=2 bloomT=30 bloomSrc=pruned",64,0.9436389685,0.9915,1961.8445,8.8400,0.0000,0.134567,"0.134850;0.134404;0.134567",19.278940,51870.07,,13.31,0,6980,10,True,nid005385,59113888
SparseHNSW_Bloom2_30_b2_s8x4_p128,"M=32 efC=800 ef=800 alpha=0.85 beta=2 q=u8 seedT=8 seedH=8 seedS=4 pat=128 bloomH=2 bloomT=30 bloomSrc=pruned",64,0.9676790831,0.9957,1961.8445,8.8400,0.0000,0.137384,"0.137264;0.137384;0.137962",19.682521,50806.50,,13.31,0,6980,10,True,nid005385,59113888
SparseHNSW_Bloom2_30_b2_s8x4_p128,"M=32 efC=800 ef=1600 alpha=0.85 beta=2 q=u8 seedT=8 seedH=8 seedS=4 pat=128 bloomH=2 bloomT=30 bloomSrc=pruned",64,0.9788395415,0.9973,1961.8445,8.8400,0.0000,0.150506,"0.150852;0.150506;0.150439",21.562464,46376.89,,13.31,0,6980,10,True,nid005385,59113888
SparseHNSW_Bloom2_30_b3_s8x4_p128,"M=32 efC=800 ef=20 alpha=0.85 beta=3 q=u8 seedT=8 seedH=8 seedS=4 pat=128 bloomH=2 bloomT=30 bloomSrc=pruned",64,0.8323495702,0.9567,1961.8445,8.8400,0.0000,0.040244,"0.039771;0.040391;0.040244",5.765616,173442.00,,13.31,0,6980,10,True,nid005385,59113888
SparseHNSW_Bloom2_30_b3_s8x4_p128,"M=32 efC=800 ef=50 alpha=0.85 beta=3 q=u8 seedT=8 seedH=8 seedS=4 pat=128 bloomH=2 bloomT=30 bloomSrc=pruned",64,0.8504441261,0.9678,1961.8445,8.8400,0.0000,0.054584,"0.054616;0.054584;0.054375",7.820057,127876.30,,13.31,0,6980,10,True,nid005385,59113888
SparseHNSW_Bloom2_30_b3_s8x4_p128,"M=32 efC=800 ef=100 alpha=0.85 beta=3 q=u8 seedT=8 seedH=8 seedS=4 pat=128 bloomH=2 bloomT=30 bloomSrc=pruned",64,0.8753581662,0.9784,1961.8445,8.8400,0.0000,0.091311,"0.091185;0.091620;0.091311",13.081805,76442.05,,13.31,0,6980,10,True,nid005385,59113888
SparseHNSW_Bloom2_30_b3_s8x4_p128,"M=32 efC=800 ef=200 alpha=0.85 beta=3 q=u8 seedT=8 seedH=8 seedS=4 pat=128 bloomH=2 bloomT=30 bloomSrc=pruned",64,0.9106303725,0.9875,1961.8445,8.8400,0.0000,0.138309,"0.137961;0.138309;0.138363",19.815043,50466.71,,13.31,0,6980,10,True,nid005385,59113888
SparseHNSW_Bloom2_30_b3_s8x4_p128,"M=32 efC=800 ef=400 alpha=0.85 beta=3 q=u8 seedT=8 seedH=8 seedS=4 pat=128 bloomH=2 bloomT=30 bloomSrc=pruned",64,0.9468624642,0.9921,1961.8445,8.8400,0.0000,0.144733,"0.144840;0.144733;0.144682",20.735387,48226.73,,13.31,0,6980,10,True,nid005385,59113888
SparseHNSW_Bloom2_30_b3_s8x4_p128,"M=32 efC=800 ef=800 alpha=0.85 beta=3 q=u8 seedT=8 seedH=8 seedS=4 pat=128 bloomH=2 bloomT=30 bloomSrc=pruned",64,0.9712320917,0.9961,1961.8445,8.8400,0.0000,0.147438,"0.147417;0.147894;0.147438",21.122923,47341.93,,13.31,0,6980,10,True,nid005385,59113888
SparseHNSW_Bloom2_30_b3_s8x4_p128,"M=32 efC=800 ef=1600 alpha=0.85 beta=3 q=u8 seedT=8 seedH=8 seedS=4 pat=128 bloomH=2 bloomT=30 bloomSrc=pruned",64,0.9827077364,0.9980,1961.8445,8.8400,0.0000,0.159664,"0.159664;0.159249;0.159789",22.874499,43716.81,,13.31,0,6980,10,True,nid005385,59113888
SparseHNSW_Bloom2_30_b4_s8x4_p128,"M=32 efC=800 ef=20 alpha=0.85 beta=4 q=u8 seedT=8 seedH=8 seedS=4 pat=128 bloomH=2 bloomT=30 bloomSrc=pruned",64,0.8439684814,0.9645,1961.8445,8.8400,0.0000,0.047061,"0.046411;0.047140;0.047061",6.742264,148318.14,,13.31,0,6980,10,True,nid005385,59113888
SparseHNSW_Bloom2_30_b4_s8x4_p128,"M=32 efC=800 ef=50 alpha=0.85 beta=4 q=u8 seedT=8 seedH=8 seedS=4 pat=128 bloomH=2 bloomT=30 bloomSrc=pruned",64,0.8508452722,0.9678,1961.8445,8.8400,0.0000,0.054426,"0.054569;0.054400;0.054426",7.797421,128247.53,,13.31,0,6980,10,True,nid005385,59113888
SparseHNSW_Bloom2_30_b4_s8x4_p128,"M=32 efC=800 ef=100 alpha=0.85 beta=4 q=u8 seedT=8 seedH=8 seedS=4 pat=128 bloomH=2 bloomT=30 bloomSrc=pruned",64,0.8758022923,0.9784,1961.8445,8.8400,0.0000,0.091378,"0.091885;0.091372;0.091378",13.091404,76386.00,,13.31,0,6980,10,True,nid005385,59113888
SparseHNSW_Bloom2_30_b4_s8x4_p128,"M=32 efC=800 ef=200 alpha=0.85 beta=4 q=u8 seedT=8 seedH=8 seedS=4 pat=128 bloomH=2 bloomT=30 bloomSrc=pruned",64,0.9111891117,0.9875,1961.8445,8.8400,0.0000,0.144755,"0.144755;0.144502;0.144910",20.738539,48219.41,,13.31,0,6980,10,True,nid005385,59113888
SparseHNSW_Bloom2_30_b4_s8x4_p128,"M=32 efC=800 ef=400 alpha=0.85 beta=4 q=u8 seedT=8 seedH=8 seedS=4 pat=128 bloomH=2 bloomT=30 bloomSrc=pruned",64,0.9475931232,0.9923,1961.8445,8.8400,0.0000,0.155338,"0.155763;0.155338;0.155282",22.254728,44934.27,,13.31,0,6980,10,True,nid005385,59113888
SparseHNSW_Bloom2_30_b4_s8x4_p128,"M=32 efC=800 ef=800 alpha=0.85 beta=4 q=u8 seedT=8 seedH=8 seedS=4 pat=128 bloomH=2 bloomT=30 bloomSrc=pruned",64,0.9719627507,0.9961,1961.8445,8.8400,0.0000,0.156873,"0.156829;0.157385;0.156873",22.474642,44494.59,,13.31,0,6980,10,True,nid005385,59113888
SparseHNSW_Bloom2_30_b4_s8x4_p128,"M=32 efC=800 ef=1600 alpha=0.85 beta=4 q=u8 seedT=8 seedH=8 seedS=4 pat=128 bloomH=2 bloomT=30 bloomSrc=pruned",64,0.9835386819,0.9980,1961.8445,8.8400,0.0000,0.168742,"0.168351;0.168990;0.168742",24.175072,41364.92,,13.31,0,6980,10,True,nid005385,59113888
SparseHNSW_Bloom2_30_b5_s8x4_p128,"M=32 efC=800 ef=20 alpha=0.85 beta=5 q=u8 seedT=8 seedH=8 seedS=4 pat=128 bloomH=2 bloomT=30 bloomSrc=pruned",64,0.8509169054,0.9678,1961.8445,8.8400,0.0000,0.055086,"0.054953;0.055285;0.055086",7.891977,126710.96,,13.31,0,6980,10,True,nid005385,59113888
SparseHNSW_Bloom2_30_b5_s8x4_p128,"M=32 efC=800 ef=50 alpha=0.85 beta=5 q=u8 seedT=8 seedH=8 seedS=4 pat=128 bloomH=2 bloomT=30 bloomSrc=pruned",64,0.8509169054,0.9678,1961.8445,8.8400,0.0000,0.055499,"0.055534;0.055499;0.054979",7.951146,125768.03,,13.31,0,6980,10,True,nid005385,59113888
SparseHNSW_Bloom2_30_b5_s8x4_p128,"M=32 efC=800 ef=100 alpha=0.85 beta=5 q=u8 seedT=8 seedH=8 seedS=4 pat=128 bloomH=2 bloomT=30 bloomSrc=pruned",64,0.8759169054,0.9784,1961.8445,8.8400,0.0000,0.092517,"0.092479;0.092766;0.092517",13.254585,75445.59,,13.31,0,6980,10,True,nid005385,59113888
SparseHNSW_Bloom2_30_b5_s8x4_p128,"M=32 efC=800 ef=200 alpha=0.85 beta=5 q=u8 seedT=8 seedH=8 seedS=4 pat=128 bloomH=2 bloomT=30 bloomSrc=pruned",64,0.9113180516,0.9875,1961.8445,8.8400,0.0000,0.150190,"0.150268;0.150190;0.150062",21.517192,46474.47,,13.31,0,6980,10,True,nid005385,59113888
SparseHNSW_Bloom2_30_b5_s8x4_p128,"M=32 efC=800 ef=400 alpha=0.85 beta=5 q=u8 seedT=8 seedH=8 seedS=4 pat=128 bloomH=2 bloomT=30 bloomSrc=pruned",64,0.9479226361,0.9924,1961.8445,8.8400,0.0000,0.165723,"0.165560;0.165723;0.165806",23.742550,42118.47,,13.31,0,6980,10,True,nid005385,59113888
SparseHNSW_Bloom2_30_b5_s8x4_p128,"M=32 efC=800 ef=800 alpha=0.85 beta=5 q=u8 seedT=8 seedH=8 seedS=4 pat=128 bloomH=2 bloomT=30 bloomSrc=pruned",64,0.9723925501,0.9964,1961.8445,8.8400,0.0000,0.166364,"0.166415;0.166294;0.166364",23.834384,41956.19,,13.31,0,6980,10,True,nid005385,59113888
SparseHNSW_Bloom2_30_b5_s8x4_p128,"M=32 efC=800 ef=1600 alpha=0.85 beta=5 q=u8 seedT=8 seedH=8 seedS=4 pat=128 bloomH=2 bloomT=30 bloomSrc=pruned",64,0.9837965616,0.9980,1961.8445,8.8400,0.0000,0.177165,"0.177356;0.176807;0.177165",25.381805,39398.30,,13.31,0,6980,10,True,nid005385,59113888
SparseHNSW_Bloom2_30_b8_s8x4_p128,"M=32 efC=800 ef=20 alpha=0.85 beta=8 q=u8 seedT=8 seedH=8 seedS=4 pat=128 bloomH=2 bloomT=30 bloomSrc=pruned",64,0.8674641834,0.9752,1961.8445,8.8400,0.0000,0.080218,"0.080315;0.080218;0.080034",11.492550,87012.89,,13.31,0,6980,10,True,nid005385,59113888
SparseHNSW_Bloom2_30_b8_s8x4_p128,"M=32 efC=800 ef=50 alpha=0.85 beta=8 q=u8 seedT=8 seedH=8 seedS=4 pat=128 bloomH=2 bloomT=30 bloomSrc=pruned",64,0.8674641834,0.9752,1961.8445,8.8400,0.0000,0.080095,"0.079722;0.080095;0.080178",11.474928,87146.51,,13.31,0,6980,10,True,nid005385,59113888
SparseHNSW_Bloom2_30_b8_s8x4_p128,"M=32 efC=800 ef=100 alpha=0.85 beta=8 q=u8 seedT=8 seedH=8 seedS=4 pat=128 bloomH=2 bloomT=30 bloomSrc=pruned",64,0.8759885387,0.9784,1961.8445,8.8400,0.0000,0.094243,"0.094243;0.093960;0.094243",13.501862,74063.86,,13.31,0,6980,10,True,nid005385,59113888
SparseHNSW_Bloom2_30_b8_s8x4_p128,"M=32 efC=800 ef=200 alpha=0.85 beta=8 q=u8 seedT=8 seedH=8 seedS=4 pat=128 bloomH=2 bloomT=30 bloomSrc=pruned",64,0.9114183381,0.9875,1961.8445,8.8400,0.0000,0.159984,"0.160187;0.159653;0.159984",22.920344,43629.36,,13.31,0,6980,10,True,nid005385,59113888
SparseHNSW_Bloom2_30_b8_s8x4_p128,"M=32 efC=800 ef=400 alpha=0.85 beta=8 q=u8 seedT=8 seedH=8 seedS=4 pat=128 bloomH=2 bloomT=30 bloomSrc=pruned",64,0.9483667622,0.9927,1961.8445,8.8400,0.0000,0.195687,"0.195925;0.195687;0.195526",28.035387,35669.21,,13.31,0,6980,10,True,nid005385,59113888
SparseHNSW_Bloom2_30_b8_s8x4_p128,"M=32 efC=800 ef=800 alpha=0.85 beta=8 q=u8 seedT=8 seedH=8 seedS=4 pat=128 bloomH=2 bloomT=30 bloomSrc=pruned",64,0.9730229226,0.9967,1961.8445,8.8400,0.0000,0.196005,"0.195950;0.196005;0.196217",28.080946,35611.34,,13.31,0,6980,10,True,nid005385,59113888
SparseHNSW_Bloom2_30_b8_s8x4_p128,"M=32 efC=800 ef=1600 alpha=0.85 beta=8 q=u8 seedT=8 seedH=8 seedS=4 pat=128 bloomH=2 bloomT=30 bloomSrc=pruned",64,0.9842120344,0.9981,1961.8445,8.8400,0.0000,0.202597,"0.202597;0.202007;0.202615",29.025358,34452.63,,13.31,0,6980,10,True,nid005385,59113888
SparseHNSW_Bloom2_30_b12_s8x4_p128,"M=32 efC=800 ef=20 alpha=0.85 beta=12 q=u8 seedT=8 seedH=8 seedS=4 pat=128 bloomH=2 bloomT=30 bloomSrc=pruned",64,0.8836103152,0.9817,1961.8445,8.8400,0.0000,0.110839,"0.110839;0.111169;0.110747",15.879513,62974.22,,13.31,0,6980,10,True,nid005385,59113888
SparseHNSW_Bloom2_30_b12_s8x4_p128,"M=32 efC=800 ef=50 alpha=0.85 beta=12 q=u8 seedT=8 seedH=8 seedS=4 pat=128 bloomH=2 bloomT=30 bloomSrc=pruned",64,0.8836103152,0.9817,1961.8445,8.8400,0.0000,0.110769,"0.110751;0.110769;0.110887",15.869484,63014.02,,13.31,0,6980,10,True,nid005385,59113888
SparseHNSW_Bloom2_30_b12_s8x4_p128,"M=32 efC=800 ef=100 alpha=0.85 beta=12 q=u8 seedT=8 seedH=8 seedS=4 pat=128 bloomH=2 bloomT=30 bloomSrc=pruned",64,0.8836103152,0.9817,1961.8445,8.8400,0.0000,0.110702,"0.111006;0.110557;0.110702",15.859885,63052.16,,13.31,0,6980,10,True,nid005385,59113888
SparseHNSW_Bloom2_30_b12_s8x4_p128,"M=32 efC=800 ef=200 alpha=0.85 beta=12 q=u8 seedT=8 seedH=8 seedS=4 pat=128 bloomH=2 bloomT=30 bloomSrc=pruned",64,0.9114469914,0.9875,1961.8445,8.8400,0.0000,0.164557,"0.164557;0.164253;0.164610",23.575501,42416.91,,13.31,0,6980,10,True,nid005385,59113888
SparseHNSW_Bloom2_30_b12_s8x4_p128,"M=32 efC=800 ef=400 alpha=0.85 beta=12 q=u8 seedT=8 seedH=8 seedS=4 pat=128 bloomH=2 bloomT=30 bloomSrc=pruned",64,0.9486962751,0.9933,1961.8445,8.8400,0.0000,0.231649,"0.231638;0.231649;0.231774",33.187536,30131.79,,13.31,0,6980,10,True,nid005385,59113888
SparseHNSW_Bloom2_30_b12_s8x4_p128,"M=32 efC=800 ef=800 alpha=0.85 beta=12 q=u8 seedT=8 seedH=8 seedS=4 pat=128 bloomH=2 bloomT=30 bloomSrc=pruned",64,0.9734670487,0.9970,1961.8445,8.8400,0.0000,0.237769,"0.237806;0.237762;0.237769",34.064327,29356.22,,13.31,0,6980,10,True,nid005385,59113888
SparseHNSW_Bloom2_30_b12_s8x4_p128,"M=32 efC=800 ef=1600 alpha=0.85 beta=12 q=u8 seedT=8 seedH=8 seedS=4 pat=128 bloomH=2 bloomT=30 bloomSrc=pruned",64,0.9845272206,0.9981,1961.8445,8.8400,0.0000,0.239739,"0.239380;0.240041;0.239739",34.346562,29115.00,,13.31,0,6980,10,True,nid005385,59113888
SparseHNSW_Bloom2_30_b2_s0x0_p256,"M=32 efC=800 ef=20 alpha=0.85 beta=2 q=u8 pat=256 bloomH=2 bloomT=30 bloomSrc=pruned",64,0.7446991404,0.8550,1961.8445,8.8400,0.0000,0.029769,"0.029279;0.029769;0.030020",4.264900,234472.10,,13.31,0,6980,10,True,nid005385,59113888
SparseHNSW_Bloom2_30_b2_s0x0_p256,"M=32 efC=800 ef=50 alpha=0.85 beta=2 q=u8 pat=256 bloomH=2 bloomT=30 bloomSrc=pruned",64,0.8092550143,0.9116,1961.8445,8.8400,0.0000,0.055735,"0.055727;0.055981;0.055735",7.984957,125235.49,,13.31,0,6980,10,True,nid005385,59113888
SparseHNSW_Bloom2_30_b2_s0x0_p256,"M=32 efC=800 ef=100 alpha=0.85 beta=2 q=u8 pat=256 bloomH=2 bloomT=30 bloomSrc=pruned",64,0.8438825215,0.9443,1961.8445,8.8400,0.0000,0.092817,"0.092901;0.092759;0.092817",13.297564,75201.74,,13.31,0,6980,10,True,nid005385,59113888
SparseHNSW_Bloom2_30_b2_s0x0_p256,"M=32 efC=800 ef=200 alpha=0.85 beta=2 q=u8 pat=256 bloomH=2 bloomT=30 bloomSrc=pruned",64,0.8766189112,0.9675,1961.8445,8.8400,0.0000,0.159339,"0.159339;0.159246;0.159564",22.827937,43805.97,,13.31,0,6980,10,True,nid005385,59113888
SparseHNSW_Bloom2_30_b2_s0x0_p256,"M=32 efC=800 ef=400 alpha=0.85 beta=2 q=u8 pat=256 bloomH=2 bloomT=30 bloomSrc=pruned",64,0.9152722063,0.9795,1961.8445,8.8400,0.0000,0.222204,"0.222222;0.222204;0.222062",31.834384,31412.58,,13.31,0,6980,10,True,nid005385,59113888
SparseHNSW_Bloom2_30_b2_s0x0_p256,"M=32 efC=800 ef=800 alpha=0.85 beta=2 q=u8 pat=256 bloomH=2 bloomT=30 bloomSrc=pruned",64,0.9494842407,0.9877,1961.8445,8.8400,0.0000,0.228149,"0.228257;0.228101;0.228149",32.686103,30594.04,,13.31,0,6980,10,True,nid005385,59113888
SparseHNSW_Bloom2_30_b2_s0x0_p256,"M=32 efC=800 ef=1600 alpha=0.85 beta=2 q=u8 pat=256 bloomH=2 bloomT=30 bloomSrc=pruned",64,0.9702435530,0.9930,1961.8445,8.8400,0.0000,0.236401,"0.236358;0.236622;0.236401",33.868338,29526.10,,13.31,0,6980,10,True,nid005385,59113888
SparseHNSW_Bloom2_30_b3_s0x0_p256,"M=32 efC=800 ef=20 alpha=0.85 beta=3 q=u8 pat=256 bloomH=2 bloomT=30 bloomSrc=pruned",64,0.7816618911,0.8854,1961.8445,8.8400,0.0000,0.039726,"0.039061;0.039726;0.039774",5.691404,175703.57,,13.31,0,6980,10,True,nid005385,59113888
SparseHNSW_Bloom2_30_b3_s0x0_p256,"M=32 efC=800 ef=50 alpha=0.85 beta=3 q=u8 pat=256 bloomH=2 bloomT=30 bloomSrc=pruned",64,0.8113037249,0.9116,1961.8445,8.8400,0.0000,0.056327,"0.056327;0.056586;0.056166",8.069771,123919.26,,13.31,0,6980,10,True,nid005385,59113888
SparseHNSW_Bloom2_30_b3_s0x0_p256,"M=32 efC=800 ef=100 alpha=0.85 beta=3 q=u8 pat=256 bloomH=2 bloomT=30 bloomSrc=pruned",64,0.8461318052,0.9443,1961.8445,8.8400,0.0000,0.093584,"0.093710;0.093477;0.093584",13.407450,74585.40,,13.31,0,6980,10,True,nid005385,59113888
SparseHNSW_Bloom2_30_b3_s0x0_p256,"M=32 efC=800 ef=200 alpha=0.85 beta=3 q=u8 pat=256 bloomH=2 bloomT=30 bloomSrc=pruned",64,0.8789971347,0.9675,1961.8445,8.8400,0.0000,0.159753,"0.160396;0.159753;0.159530",22.887249,43692.45,,13.31,0,6980,10,True,nid005385,59113888
SparseHNSW_Bloom2_30_b3_s0x0_p256,"M=32 efC=800 ef=400 alpha=0.85 beta=3 q=u8 pat=256 bloomH=2 bloomT=30 bloomSrc=pruned",64,0.9182521490,0.9801,1961.8445,8.8400,0.0000,0.232468,"0.231793;0.232844;0.232468",33.304871,30025.64,,13.31,0,6980,10,True,nid005385,59113888
SparseHNSW_Bloom2_30_b3_s0x0_p256,"M=32 efC=800 ef=800 alpha=0.85 beta=3 q=u8 pat=256 bloomH=2 bloomT=30 bloomSrc=pruned",64,0.9526217765,0.9878,1961.8445,8.8400,0.0000,0.239622,"0.239441;0.239720;0.239622",34.329799,29129.21,,13.31,0,6980,10,True,nid005385,59113888
SparseHNSW_Bloom2_30_b3_s0x0_p256,"M=32 efC=800 ef=1600 alpha=0.85 beta=3 q=u8 pat=256 bloomH=2 bloomT=30 bloomSrc=pruned",64,0.9735386819,0.9931,1961.8445,8.8400,0.0000,0.246082,"0.246082;0.246504;0.245834",35.255301,28364.53,,13.31,0,6980,10,True,nid005385,59113888
SparseHNSW_Bloom2_30_b4_s0x0_p256,"M=32 efC=800 ef=20 alpha=0.85 beta=4 q=u8 pat=256 bloomH=2 bloomT=30 bloomSrc=pruned",64,0.7984240688,0.9001,1961.8445,8.8400,0.0000,0.048627,"0.047972;0.048627;0.049024",6.966619,143541.65,,13.31,0,6980,10,True,nid005385,59113888
SparseHNSW_Bloom2_30_b4_s0x0_p256,"M=32 efC=800 ef=50 alpha=0.85 beta=4 q=u8 pat=256 bloomH=2 bloomT=30 bloomSrc=pruned",64,0.8116762178,0.9116,1961.8445,8.8400,0.0000,0.056941,"0.056834;0.056941;0.057122",8.157736,122583.02,,13.31,0,6980,10,True,nid005385,59113888
SparseHNSW_Bloom2_30_b4_s0x0_p256,"M=32 efC=800 ef=100 alpha=0.85 beta=4 q=u8 pat=256 bloomH=2 bloomT=30 bloomSrc=pruned",64,0.8465472779,0.9443,1961.8445,8.8400,0.0000,0.093973,"0.094092;0.093973;0.093713",13.463181,74276.65,,13.31,0,6980,10,True,nid005385,59113888
SparseHNSW_Bloom2_30_b4_s0x0_p256,"M=32 efC=800 ef=200 alpha=0.85 beta=4 q=u8 pat=256 bloomH=2 bloomT=30 bloomSrc=pruned",64,0.8795128940,0.9675,1961.8445,8.8400,0.0000,0.160799,"0.160799;0.161093;0.160727",23.037106,43408.23,,13.31,0,6980,10,True,nid005385,59113888
SparseHNSW_Bloom2_30_b4_s0x0_p256,"M=32 efC=800 ef=400 alpha=0.85 beta=4 q=u8 pat=256 bloomH=2 bloomT=30 bloomSrc=pruned",64,0.9189398281,0.9802,1961.8445,8.8400,0.0000,0.240844,"0.240844;0.240879;0.240669",34.504871,28981.42,,13.31,0,6980,10,True,nid005385,59113888
SparseHNSW_Bloom2_30_b4_s0x0_p256,"M=32 efC=800 ef=800 alpha=0.85 beta=4 q=u8 pat=256 bloomH=2 bloomT=30 bloomSrc=pruned",64,0.9535959885,0.9883,1961.8445,8.8400,0.0000,0.251021,"0.251242;0.251021;0.250565",35.962894,27806.44,,13.31,0,6980,10,True,nid005385,59113888
SparseHNSW_Bloom2_30_b4_s0x0_p256,"M=32 efC=800 ef=1600 alpha=0.85 beta=4 q=u8 pat=256 bloomH=2 bloomT=30 bloomSrc=pruned",64,0.9744126074,0.9933,1961.8445,8.8400,0.0000,0.256159,"0.256159;0.255670;0.256556",36.698997,27248.70,,13.31,0,6980,10,True,nid005385,59113888
SparseHNSW_Bloom2_30_b5_s0x0_p256,"M=32 efC=800 ef=20 alpha=0.85 beta=5 q=u8 pat=256 bloomH=2 bloomT=30 bloomSrc=pruned",64,0.8117478510,0.9116,1961.8445,8.8400,0.0000,0.057116,"0.057094;0.057116;0.057382",8.182808,122207.44,,13.31,0,6980,10,True,nid005385,59113888
SparseHNSW_Bloom2_30_b5_s0x0_p256,"M=32 efC=800 ef=50 alpha=0.85 beta=5 q=u8 pat=256 bloomH=2 bloomT=30 bloomSrc=pruned",64,0.8117478510,0.9116,1961.8445,8.8400,0.0000,0.057090,"0.057028;0.057090;0.057654",8.179083,122263.09,,13.31,0,6980,10,True,nid005385,59113888
SparseHNSW_Bloom2_30_b5_s0x0_p256,"M=32 efC=800 ef=100 alpha=0.85 beta=5 q=u8 pat=256 bloomH=2 bloomT=30 bloomSrc=pruned",64,0.8466618911,0.9443,1961.8445,8.8400,0.0000,0.094829,"0.095203;0.094468;0.094829",13.585817,73606.18,,13.31,0,6980,10,True,nid005385,59113888
SparseHNSW_Bloom2_30_b5_s0x0_p256,"M=32 efC=800 ef=200 alpha=0.85 beta=5 q=u8 pat=256 bloomH=2 bloomT=30 bloomSrc=pruned",64,0.8796275072,0.9675,1961.8445,8.8400,0.0000,0.161347,"0.161347;0.161208;0.161610",23.115616,43260.80,,13.31,0,6980,10,True,nid005385,59113888
SparseHNSW_Bloom2_30_b5_s0x0_p256,"M=32 efC=800 ef=400 alpha=0.85 beta=5 q=u8 pat=256 bloomH=2 bloomT=30 bloomSrc=pruned",64,0.9192693410,0.9805,1961.8445,8.8400,0.0000,0.248692,"0.248692;0.248124;0.248784",35.629226,28066.85,,13.31,0,6980,10,True,nid005385,59113888
SparseHNSW_Bloom2_30_b5_s0x0_p256,"M=32 efC=800 ef=800 alpha=0.85 beta=5 q=u8 pat=256 bloomH=2 bloomT=30 bloomSrc=pruned",64,0.9543123209,0.9888,1961.8445,8.8400,0.0000,0.262430,"0.262460;0.261678;0.262430",37.597421,26597.57,,13.31,0,6980,10,True,nid005385,59113888
SparseHNSW_Bloom2_30_b5_s0x0_p256,"M=32 efC=800 ef=1600 alpha=0.85 beta=5 q=u8 pat=256 bloomH=2 bloomT=30 bloomSrc=pruned",64,0.9745988539,0.9933,1961.8445,8.8400,0.0000,0.266114,"0.266014;0.266114;0.266511",38.125215,26229.36,,13.31,0,6980,10,True,nid005385,59113888
SparseHNSW_Bloom2_30_b8_s0x0_p256,"M=32 efC=800 ef=20 alpha=0.85 beta=8 q=u8 pat=256 bloomH=2 bloomT=30 bloomSrc=pruned",64,0.8357736390,0.9332,1961.8445,8.8400,0.0000,0.082282,"0.082360;0.082118;0.082282",11.788252,84830.22,,13.31,0,6980,10,True,nid005385,59113888
SparseHNSW_Bloom2_30_b8_s0x0_p256,"M=32 efC=800 ef=50 alpha=0.85 beta=8 q=u8 pat=256 bloomH=2 bloomT=30 bloomSrc=pruned",64,0.8357736390,0.9332,1961.8445,8.8400,0.0000,0.082570,"0.082005;0.082570;0.082895",11.829513,84534.33,,13.31,0,6980,10,True,nid005385,59113888
SparseHNSW_Bloom2_30_b8_s0x0_p256,"M=32 efC=800 ef=100 alpha=0.85 beta=8 q=u8 pat=256 bloomH=2 bloomT=30 bloomSrc=pruned",64,0.8467191977,0.9443,1961.8445,8.8400,0.0000,0.096617,"0.096239;0.096682;0.096617",13.841977,72244.02,,13.31,0,6980,10,True,nid005385,59113888
SparseHNSW_Bloom2_30_b8_s0x0_p256,"M=32 efC=800 ef=200 alpha=0.85 beta=8 q=u8 pat=256 bloomH=2 bloomT=30 bloomSrc=pruned",64,0.8796991404,0.9675,1961.8445,8.8400,0.0000,0.164009,"0.163609;0.164009;0.164062",23.496991,42558.64,,13.31,0,6980,10,True,nid005385,59113888
SparseHNSW_Bloom2_30_b8_s0x0_p256,"M=32 efC=800 ef=400 alpha=0.85 beta=8 q=u8 pat=256 bloomH=2 bloomT=30 bloomSrc=pruned",64,0.9194412607,0.9808,1961.8445,8.8400,0.0000,0.269046,"0.269458;0.269046;0.268578",38.545272,25943.52,,13.31,0,6980,10,True,nid005385,59113888
SparseHNSW_Bloom2_30_b8_s0x0_p256,"M=32 efC=800 ef=800 alpha=0.85 beta=8 q=u8 pat=256 bloomH=2 bloomT=30 bloomSrc=pruned",64,0.9549856734,0.9894,1961.8445,8.8400,0.0000,0.297859,"0.297930;0.297859;0.297800",42.673209,23433.91,,13.31,0,6980,10,True,nid005385,59113888
SparseHNSW_Bloom2_30_b8_s0x0_p256,"M=32 efC=800 ef=1600 alpha=0.85 beta=8 q=u8 pat=256 bloomH=2 bloomT=30 bloomSrc=pruned",64,0.9749856734,0.9934,1961.8445,8.8400,0.0000,0.299050,"0.299050;0.298855;0.299066",42.843840,23340.58,,13.31,0,6980,10,True,nid005385,59113888
SparseHNSW_Bloom2_30_b12_s0x0_p256,"M=32 efC=800 ef=20 alpha=0.85 beta=12 q=u8 pat=256 bloomH=2 bloomT=30 bloomSrc=pruned",64,0.8554727794,0.9501,1961.8445,8.8400,0.0000,0.113486,"0.113594;0.113486;0.112982",16.258739,61505.38,,13.31,0,6980,10,True,nid005385,59113888
SparseHNSW_Bloom2_30_b12_s0x0_p256,"M=32 efC=800 ef=50 alpha=0.85 beta=12 q=u8 pat=256 bloomH=2 bloomT=30 bloomSrc=pruned",64,0.8554727794,0.9501,1961.8445,8.8400,0.0000,0.112763,"0.112763;0.112432;0.113055",16.155158,61899.74,,13.31,0,6980,10,True,nid005385,59113888
SparseHNSW_Bloom2_30_b12_s0x0_p256,"M=32 efC=800 ef=100 alpha=0.85 beta=12 q=u8 pat=256 bloomH=2 bloomT=30 bloomSrc=pruned",64,0.8554727794,0.9501,1961.8445,8.8400,0.0000,0.113237,"0.113258;0.112792;0.113237",16.223066,61640.63,,13.31,0,6980,10,True,nid005385,59113888
SparseHNSW_Bloom2_30_b12_s0x0_p256,"M=32 efC=800 ef=200 alpha=0.85 beta=12 q=u8 pat=256 bloomH=2 bloomT=30 bloomSrc=pruned",64,0.8797277937,0.9675,1961.8445,8.8400,0.0000,0.166299,"0.166213;0.166517;0.166299",23.825072,41972.59,,13.31,0,6980,10,True,nid005385,59113888
SparseHNSW_Bloom2_30_b12_s0x0_p256,"M=32 efC=800 ef=400 alpha=0.85 beta=12 q=u8 pat=256 bloomH=2 bloomT=30 bloomSrc=pruned",64,0.9195272206,0.9809,1961.8445,8.8400,0.0000,0.286102,"0.285852;0.286102;0.286249",40.988825,24396.89,,13.31,0,6980,10,True,nid005385,59113888
SparseHNSW_Bloom2_30_b12_s0x0_p256,"M=32 efC=800 ef=800 alpha=0.85 beta=12 q=u8 pat=256 bloomH=2 bloomT=30 bloomSrc=pruned",64,0.9553008596,0.9901,1961.8445,8.8400,0.0000,0.344014,"0.343709;0.344014;0.344383",49.285673,20289.87,,13.31,0,6980,10,True,nid005385,59113888
SparseHNSW_Bloom2_30_b12_s0x0_p256,"M=32 efC=800 ef=1600 alpha=0.85 beta=12 q=u8 pat=256 bloomH=2 bloomT=30 bloomSrc=pruned",64,0.9752578797,0.9937,1961.8445,8.8400,0.0000,0.344165,"0.343594;0.344165;0.344287",49.307307,20280.97,,13.31,0,6980,10,True,nid005385,59113888
SparseHNSW_Bloom2_30_b2_s8x4_p256,"M=32 efC=800 ef=20 alpha=0.85 beta=2 q=u8 seedT=8 seedH=8 seedS=4 pat=256 bloomH=2 bloomT=30 bloomSrc=pruned",64,0.8305014327,0.9567,1961.8445,8.8400,0.0000,0.039755,"0.039138;0.039755;0.039772",5.695559,175575.40,,13.31,0,6980,10,True,nid005385,59113888
SparseHNSW_Bloom2_30_b2_s8x4_p256,"M=32 efC=800 ef=50 alpha=0.85 beta=2 q=u8 seedT=8 seedH=8 seedS=4 pat=256 bloomH=2 bloomT=30 bloomSrc=pruned",64,0.8483381089,0.9678,1961.8445,8.8400,0.0000,0.053705,"0.054036;0.053703;0.053705",7.694126,129969.28,,13.31,0,6980,10,True,nid005385,59113888
SparseHNSW_Bloom2_30_b2_s8x4_p256,"M=32 efC=800 ef=100 alpha=0.85 beta=2 q=u8 seedT=8 seedH=8 seedS=4 pat=256 bloomH=2 bloomT=30 bloomSrc=pruned",64,0.8730945559,0.9784,1961.8445,8.8400,0.0000,0.090480,"0.090959;0.090480;0.090129",12.962751,77144.12,,13.31,0,6980,10,True,nid005385,59113888
SparseHNSW_Bloom2_30_b2_s8x4_p256,"M=32 efC=800 ef=200 alpha=0.85 beta=2 q=u8 seedT=8 seedH=8 seedS=4 pat=256 bloomH=2 bloomT=30 bloomSrc=pruned",64,0.9082951289,0.9875,1961.8445,8.8400,0.0000,0.157366,"0.156868;0.157366;0.157392",22.545272,44355.20,,13.31,0,6980,10,True,nid005385,59113888
SparseHNSW_Bloom2_30_b2_s8x4_p256,"M=32 efC=800 ef=400 alpha=0.85 beta=2 q=u8 seedT=8 seedH=8 seedS=4 pat=256 bloomH=2 bloomT=30 bloomSrc=pruned",64,0.9453008596,0.9934,1961.8445,8.8400,0.0000,0.217765,"0.217738;0.217804;0.217765",31.198424,32052.90,,13.31,0,6980,10,True,nid005385,59113888
SparseHNSW_Bloom2_30_b2_s8x4_p256,"M=32 efC=800 ef=800 alpha=0.85 beta=2 q=u8 seedT=8 seedH=8 seedS=4 pat=256 bloomH=2 bloomT=30 bloomSrc=pruned",64,0.9694412607,0.9968,1961.8445,8.8400,0.0000,0.221768,"0.222183;0.221768;0.221684",31.771920,31474.33,,13.31,0,6980,10,True,nid005385,59113888
SparseHNSW_Bloom2_30_b2_s8x4_p256,"M=32 efC=800 ef=1600 alpha=0.85 beta=2 q=u8 seedT=8 seedH=8 seedS=4 pat=256 bloomH=2 bloomT=30 bloomSrc=pruned",64,0.9803295129,0.9983,1961.8445,8.8400,0.0000,0.232654,"0.232217;0.232654;0.232792",33.331519,30001.63,,13.31,0,6980,10,True,nid005385,59113888
SparseHNSW_Bloom2_30_b3_s8x4_p256,"M=32 efC=800 ef=20 alpha=0.85 beta=3 q=u8 seedT=8 seedH=8 seedS=4 pat=256 bloomH=2 bloomT=30 bloomSrc=pruned",64,0.8323495702,0.9567,1961.8445,8.8400,0.0000,0.040184,"0.039678;0.040184;0.040519",5.757020,173700.98,,13.31,0,6980,10,True,nid005385,59113888
SparseHNSW_Bloom2_30_b3_s8x4_p256,"M=32 efC=800 ef=50 alpha=0.85 beta=3 q=u8 seedT=8 seedH=8 seedS=4 pat=256 bloomH=2 bloomT=30 bloomSrc=pruned",64,0.8504441261,0.9678,1961.8445,8.8400,0.0000,0.054330,"0.054396;0.054277;0.054330",7.783668,128474.14,,13.31,0,6980,10,True,nid005385,59113888
SparseHNSW_Bloom2_30_b3_s8x4_p256,"M=32 efC=800 ef=100 alpha=0.85 beta=3 q=u8 seedT=8 seedH=8 seedS=4 pat=256 bloomH=2 bloomT=30 bloomSrc=pruned",64,0.8753581662,0.9784,1961.8445,8.8400,0.0000,0.090937,"0.091673;0.090702;0.090937",13.028223,76756.44,,13.31,0,6980,10,True,nid005385,59113888
SparseHNSW_Bloom2_30_b3_s8x4_p256,"M=32 efC=800 ef=200 alpha=0.85 beta=3 q=u8 seedT=8 seedH=8 seedS=4 pat=256 bloomH=2 bloomT=30 bloomSrc=pruned",64,0.9107163324,0.9875,1961.8445,8.8400,0.0000,0.158292,"0.158373;0.158168;0.158292",22.677937,44095.72,,13.31,0,6980,10,True,nid005385,59113888
SparseHNSW_Bloom2_30_b3_s8x4_p256,"M=32 efC=800 ef=400 alpha=0.85 beta=3 q=u8 seedT=8 seedH=8 seedS=4 pat=256 bloomH=2 bloomT=30 bloomSrc=pruned",64,0.9480515759,0.9936,1961.8445,8.8400,0.0000,0.226764,"0.226603;0.226936;0.226764",32.487679,30780.90,,13.31,0,6980,10,True,nid005385,59113888
SparseHNSW_Bloom2_30_b3_s8x4_p256,"M=32 efC=800 ef=800 alpha=0.85 beta=3 q=u8 seedT=8 seedH=8 seedS=4 pat=256 bloomH=2 bloomT=30 bloomSrc=pruned",64,0.9726217765,0.9968,1961.8445,8.8400,0.0000,0.232755,"0.232680;0.232755;0.233060",33.345989,29988.61,,13.31,0,6980,10,True,nid005385,59113888
SparseHNSW_Bloom2_30_b3_s8x4_p256,"M=32 efC=800 ef=1600 alpha=0.85 beta=3 q=u8 seedT=8 seedH=8 seedS=4 pat=256 bloomH=2 bloomT=30 bloomSrc=pruned",64,0.9836676218,0.9984,1961.8445,8.8400,0.0000,0.243023,"0.243023;0.243158;0.242622",34.817049,28721.56,,13.31,0,6980,10,True,nid005385,59113888
SparseHNSW_Bloom2_30_b4_s8x4_p256,"M=32 efC=800 ef=20 alpha=0.85 beta=4 q=u8 seedT=8 seedH=8 seedS=4 pat=256 bloomH=2 bloomT=30 bloomSrc=pruned",64,0.8439684814,0.9645,1961.8445,8.8400,0.0000,0.046673,"0.046346;0.046673;0.046821",6.686676,149551.13,,13.31,0,6980,10,True,nid005385,59113888
SparseHNSW_Bloom2_30_b4_s8x4_p256,"M=32 efC=800 ef=50 alpha=0.85 beta=4 q=u8 seedT=8 seedH=8 seedS=4 pat=256 bloomH=2 bloomT=30 bloomSrc=pruned",64,0.8508452722,0.9678,1961.8445,8.8400,0.0000,0.055026,"0.055026;0.054709;0.055042",7.883381,126849.13,,13.31,0,6980,10,True,nid005385,59113888
SparseHNSW_Bloom2_30_b4_s8x4_p256,"M=32 efC=800 ef=100 alpha=0.85 beta=4 q=u8 seedT=8 seedH=8 seedS=4 pat=256 bloomH=2 bloomT=30 bloomSrc=pruned",64,0.8758022923,0.9784,1961.8445,8.8400,0.0000,0.091470,"0.091475;0.091215;0.091470",13.104585,76309.17,,13.31,0,6980,10,True,nid005385,59113888
SparseHNSW_Bloom2_30_b4_s8x4_p256,"M=32 efC=800 ef=200 alpha=0.85 beta=4 q=u8 seedT=8 seedH=8 seedS=4 pat=256 bloomH=2 bloomT=30 bloomSrc=pruned",64,0.9112177650,0.9875,1961.8445,8.8400,0.0000,0.158642,"0.158642;0.158628;0.158820",22.728080,43998.44,,13.31,0,6980,10,True,nid005385,59113888
SparseHNSW_Bloom2_30_b4_s8x4_p256,"M=32 efC=800 ef=400 alpha=0.85 beta=4 q=u8 seedT=8 seedH=8 seedS=4 pat=256 bloomH=2 bloomT=30 bloomSrc=pruned",64,0.9485959885,0.9936,1961.8445,8.8400,0.0000,0.235797,"0.235797;0.235456;0.235907",33.781805,29601.73,,13.31,0,6980,10,True,nid005385,59113888
SparseHNSW_Bloom2_30_b4_s8x4_p256,"M=32 efC=800 ef=800 alpha=0.85 beta=4 q=u8 seedT=8 seedH=8 seedS=4 pat=256 bloomH=2 bloomT=30 bloomSrc=pruned",64,0.9732951289,0.9968,1961.8445,8.8400,0.0000,0.243480,"0.243480;0.243359;0.243803",34.882521,28667.65,,13.31,0,6980,10,True,nid005385,59113888
SparseHNSW_Bloom2_30_b4_s8x4_p256,"M=32 efC=800 ef=1600 alpha=0.85 beta=4 q=u8 seedT=8 seedH=8 seedS=4 pat=256 bloomH=2 bloomT=30 bloomSrc=pruned",64,0.9844699140,0.9984,1961.8445,8.8400,0.0000,0.252483,"0.252509;0.252483;0.252476",36.172350,27645.43,,13.31,0,6980,10,True,nid005385,59113888
SparseHNSW_Bloom2_30_b5_s8x4_p256,"M=32 efC=800 ef=20 alpha=0.85 beta=5 q=u8 seedT=8 seedH=8 seedS=4 pat=256 bloomH=2 bloomT=30 bloomSrc=pruned",64,0.8509169054,0.9678,1961.8445,8.8400,0.0000,0.055277,"0.054768;0.055545;0.055277",7.919341,126273.13,,13.31,0,6980,10,True,nid005385,59113888
SparseHNSW_Bloom2_30_b5_s8x4_p256,"M=32 efC=800 ef=50 alpha=0.85 beta=5 q=u8 seedT=8 seedH=8 seedS=4 pat=256 bloomH=2 bloomT=30 bloomSrc=pruned",64,0.8509169054,0.9678,1961.8445,8.8400,0.0000,0.055304,"0.055499;0.055214;0.055304",7.923209,126211.49,,13.31,0,6980,10,True,nid005385,59113888
SparseHNSW_Bloom2_30_b5_s8x4_p256,"M=32 efC=800 ef=100 alpha=0.85 beta=5 q=u8 seedT=8 seedH=8 seedS=4 pat=256 bloomH=2 bloomT=30 bloomSrc=pruned",64,0.8759169054,0.9784,1961.8445,8.8400,0.0000,0.092437,"0.093053;0.092388;0.092437",13.243123,75510.89,,13.31,0,6980,10,True,nid005385,59113888
SparseHNSW_Bloom2_30_b5_s8x4_p256,"M=32 efC=800 ef=200 alpha=0.85 beta=5 q=u8 seedT=8 seedH=8 seedS=4 pat=256 bloomH=2 bloomT=30 bloomSrc=pruned",64,0.9113467049,0.9875,1961.8445,8.8400,0.0000,0.159423,"0.159423;0.159663;0.159232",22.839971,43782.89,,13.31,0,6980,10,True,nid005385,59113888
SparseHNSW_Bloom2_30_b5_s8x4_p256,"M=32 efC=800 ef=400 alpha=0.85 beta=5 q=u8 seedT=8 seedH=8 seedS=4 pat=256 bloomH=2 bloomT=30 bloomSrc=pruned",64,0.9487965616,0.9936,1961.8445,8.8400,0.0000,0.244550,"0.244650;0.243798;0.244550",35.035817,28542.22,,13.31,0,6980,10,True,nid005385,59113888
SparseHNSW_Bloom2_30_b5_s8x4_p256,"M=32 efC=800 ef=800 alpha=0.85 beta=5 q=u8 seedT=8 seedH=8 seedS=4 pat=256 bloomH=2 bloomT=30 bloomSrc=pruned",64,0.9735386819,0.9968,1961.8445,8.8400,0.0000,0.254457,"0.254083;0.254457;0.254614",36.455158,27430.96,,13.31,0,6980,10,True,nid005385,59113888
SparseHNSW_Bloom2_30_b5_s8x4_p256,"M=32 efC=800 ef=1600 alpha=0.85 beta=5 q=u8 seedT=8 seedH=8 seedS=4 pat=256 bloomH=2 bloomT=30 bloomSrc=pruned",64,0.9847134670,0.9984,1961.8445,8.8400,0.0000,0.262524,"0.262348;0.262738;0.262524",37.610888,26588.05,,13.31,0,6980,10,True,nid005385,59113888
SparseHNSW_Bloom2_30_b8_s8x4_p256,"M=32 efC=800 ef=20 alpha=0.85 beta=8 q=u8 seedT=8 seedH=8 seedS=4 pat=256 bloomH=2 bloomT=30 bloomSrc=pruned",64,0.8674641834,0.9752,1961.8445,8.8400,0.0000,0.080239,"0.079636;0.080321;0.080239",11.495559,86990.12,,13.31,0,6980,10,True,nid005385,59113888
SparseHNSW_Bloom2_30_b8_s8x4_p256,"M=32 efC=800 ef=50 alpha=0.85 beta=8 q=u8 seedT=8 seedH=8 seedS=4 pat=256 bloomH=2 bloomT=30 bloomSrc=pruned",64,0.8674641834,0.9752,1961.8445,8.8400,0.0000,0.080470,"0.080603;0.080409;0.080470",11.528653,86740.40,,13.31,0,6980,10,True,nid005385,59113888
SparseHNSW_Bloom2_30_b8_s8x4_p256,"M=32 efC=800 ef=100 alpha=0.85 beta=8 q=u8 seedT=8 seedH=8 seedS=4 pat=256 bloomH=2 bloomT=30 bloomSrc=pruned",64,0.8759885387,0.9784,1961.8445,8.8400,0.0000,0.094391,"0.094520;0.094391;0.094382",13.523066,73947.73,,13.31,0,6980,10,True,nid005385,59113888
SparseHNSW_Bloom2_30_b8_s8x4_p256,"M=32 efC=800 ef=200 alpha=0.85 beta=8 q=u8 seedT=8 seedH=8 seedS=4 pat=256 bloomH=2 bloomT=30 bloomSrc=pruned",64,0.9114183381,0.9875,1961.8445,8.8400,0.0000,0.161767,"0.161611;0.162244;0.161767",23.175788,43148.48,,13.31,0,6980,10,True,nid005385,59113888
SparseHNSW_Bloom2_30_b8_s8x4_p256,"M=32 efC=800 ef=400 alpha=0.85 beta=8 q=u8 seedT=8 seedH=8 seedS=4 pat=256 bloomH=2 bloomT=30 bloomSrc=pruned",64,0.9489255014,0.9937,1961.8445,8.8400,0.0000,0.265617,"0.265617;0.265124;0.266017",38.054011,26278.44,,13.31,0,6980,10,True,nid005385,59113888
SparseHNSW_Bloom2_30_b8_s8x4_p256,"M=32 efC=800 ef=800 alpha=0.85 beta=8 q=u8 seedT=8 seedH=8 seedS=4 pat=256 bloomH=2 bloomT=30 bloomSrc=pruned",64,0.9738968481,0.9973,1961.8445,8.8400,0.0000,0.288618,"0.289600;0.288618;0.288203",41.349284,24184.22,,13.31,0,6980,10,True,nid005385,59113888
SparseHNSW_Bloom2_30_b8_s8x4_p256,"M=32 efC=800 ef=1600 alpha=0.85 beta=8 q=u8 seedT=8 seedH=8 seedS=4 pat=256 bloomH=2 bloomT=30 bloomSrc=pruned",64,0.9850429799,0.9984,1961.8445,8.8400,0.0000,0.293542,"0.293150;0.293576;0.293542",42.054728,23778.54,,13.31,0,6980,10,True,nid005385,59113888
SparseHNSW_Bloom2_30_b12_s8x4_p256,"M=32 efC=800 ef=20 alpha=0.85 beta=12 q=u8 seedT=8 seedH=8 seedS=4 pat=256 bloomH=2 bloomT=30 bloomSrc=pruned",64,0.8836103152,0.9817,1961.8445,8.8400,0.0000,0.110798,"0.110798;0.110526;0.110926",15.873639,62997.53,,13.31,0,6980,10,True,nid005385,59113888
SparseHNSW_Bloom2_30_b12_s8x4_p256,"M=32 efC=800 ef=50 alpha=0.85 beta=12 q=u8 seedT=8 seedH=8 seedS=4 pat=256 bloomH=2 bloomT=30 bloomSrc=pruned",64,0.8836103152,0.9817,1961.8445,8.8400,0.0000,0.110435,"0.111160;0.110435;0.110371",15.821633,63204.60,,13.31,0,6980,10,True,nid005385,59113888
SparseHNSW_Bloom2_30_b12_s8x4_p256,"M=32 efC=800 ef=100 alpha=0.85 beta=12 q=u8 seedT=8 seedH=8 seedS=4 pat=256 bloomH=2 bloomT=30 bloomSrc=pruned",64,0.8836103152,0.9817,1961.8445,8.8400,0.0000,0.110809,"0.110890;0.110760;0.110809",15.875215,62991.27,,13.31,0,6980,10,True,nid005385,59113888
SparseHNSW_Bloom2_30_b12_s8x4_p256,"M=32 efC=800 ef=200 alpha=0.85 beta=12 q=u8 seedT=8 seedH=8 seedS=4 pat=256 bloomH=2 bloomT=30 bloomSrc=pruned",64,0.9114469914,0.9875,1961.8445,8.8400,0.0000,0.164553,"0.164377;0.164553;0.164701",23.574928,42417.94,,13.31,0,6980,10,True,nid005385,59113888
SparseHNSW_Bloom2_30_b12_s8x4_p256,"M=32 efC=800 ef=400 alpha=0.85 beta=12 q=u8 seedT=8 seedH=8 seedS=4 pat=256 bloomH=2 bloomT=30 bloomSrc=pruned",64,0.9490114613,0.9938,1961.8445,8.8400,0.0000,0.284940,"0.284739;0.285274;0.284940",40.822350,24496.39,,13.31,0,6980,10,True,nid005385,59113888
SparseHNSW_Bloom2_30_b12_s8x4_p256,"M=32 efC=800 ef=800 alpha=0.85 beta=12 q=u8 seedT=8 seedH=8 seedS=4 pat=256 bloomH=2 bloomT=30 bloomSrc=pruned",64,0.9740257880,0.9974,1961.8445,8.8400,0.0000,0.335890,"0.335890;0.335987;0.335376",48.121777,20780.61,,13.31,0,6980,10,True,nid005385,59113888
SparseHNSW_Bloom2_30_b12_s8x4_p256,"M=32 efC=800 ef=1600 alpha=0.85 beta=12 q=u8 seedT=8 seedH=8 seedS=4 pat=256 bloomH=2 bloomT=30 bloomSrc=pruned",64,0.9851719198,0.9986,1961.8445,8.8400,0.0000,0.338500,"0.338524;0.338267;0.338500",48.495702,20620.38,,13.31,0,6980,10,True,nid005385,59113888
SparseHNSW_Bloom2_30_b2_s0x0_p512,"M=32 efC=800 ef=20 alpha=0.85 beta=2 q=u8 pat=512 bloomH=2 bloomT=30 bloomSrc=pruned",64,0.7446991404,0.8550,1961.8445,8.8400,0.0000,0.030087,"0.029421;0.030087;0.030329",4.310458,231993.88,,13.31,0,6980,10,True,nid005385,59113888
SparseHNSW_Bloom2_30_b2_s0x0_p512,"M=32 efC=800 ef=50 alpha=0.85 beta=2 q=u8 pat=512 bloomH=2 bloomT=30 bloomSrc=pruned",64,0.8092550143,0.9116,1961.8445,8.8400,0.0000,0.055753,"0.055845;0.055557;0.055753",7.987536,125195.06,,13.31,0,6980,10,True,nid005385,59113888
SparseHNSW_Bloom2_30_b2_s0x0_p512,"M=32 efC=800 ef=100 alpha=0.85 beta=2 q=u8 pat=512 bloomH=2 bloomT=30 bloomSrc=pruned",64,0.8438825215,0.9443,1961.8445,8.8400,0.0000,0.092548,"0.092851;0.092548;0.092442",13.259026,75420.32,,13.31,0,6980,10,True,nid005385,59113888
SparseHNSW_Bloom2_30_b2_s0x0_p512,"M=32 efC=800 ef=200 alpha=0.85 beta=2 q=u8 pat=512 bloomH=2 bloomT=30 bloomSrc=pruned",64,0.8766189112,0.9675,1961.8445,8.8400,0.0000,0.159544,"0.158860;0.159544;0.159726",22.857307,43749.69,,13.31,0,6980,10,True,nid005385,59113888
SparseHNSW_Bloom2_30_b2_s0x0_p512,"M=32 efC=800 ef=400 alpha=0.85 beta=2 q=u8 pat=512 bloomH=2 bloomT=30 bloomSrc=pruned",64,0.9166189112,0.9815,1961.8445,8.8400,0.0000,0.286201,"0.286069;0.286711;0.286201",41.003009,24388.45,,13.31,0,6980,10,True,nid005385,59113888
SparseHNSW_Bloom2_30_b2_s0x0_p512,"M=32 efC=800 ef=800 alpha=0.85 beta=2 q=u8 pat=512 bloomH=2 bloomT=30 bloomSrc=pruned",64,0.9519914040,0.9908,1961.8445,8.8400,0.0000,0.384160,"0.384160;0.384176;0.383790",55.037249,18169.51,,13.31,0,6980,10,True,nid005385,59113888
SparseHNSW_Bloom2_30_b2_s0x0_p512,"M=32 efC=800 ef=1600 alpha=0.85 beta=2 q=u8 pat=512 bloomH=2 bloomT=30 bloomSrc=pruned",64,0.9719054441,0.9944,1961.8445,8.8400,0.0000,0.393592,"0.393281;0.394066;0.393592",56.388539,17734.10,,13.31,0,6980,10,True,nid005385,59113888
SparseHNSW_Bloom2_30_b3_s0x0_p512,"M=32 efC=800 ef=20 alpha=0.85 beta=3 q=u8 pat=512 bloomH=2 bloomT=30 bloomSrc=pruned",64,0.7816618911,0.8854,1961.8445,8.8400,0.0000,0.039843,"0.039294;0.039843;0.040045",5.708166,175187.61,,13.31,0,6980,10,True,nid005385,59113888
SparseHNSW_Bloom2_30_b3_s0x0_p512,"M=32 efC=800 ef=50 alpha=0.85 beta=3 q=u8 pat=512 bloomH=2 bloomT=30 bloomSrc=pruned",64,0.8113037249,0.9116,1961.8445,8.8400,0.0000,0.056253,"0.056253;0.056378;0.056111",8.059169,124082.27,,13.31,0,6980,10,True,nid005385,59113888
SparseHNSW_Bloom2_30_b3_s0x0_p512,"M=32 efC=800 ef=100 alpha=0.85 beta=3 q=u8 pat=512 bloomH=2 bloomT=30 bloomSrc=pruned",64,0.8461318052,0.9443,1961.8445,8.8400,0.0000,0.093211,"0.093337;0.093211;0.092954",13.354011,74883.87,,13.31,0,6980,10,True,nid005385,59113888
SparseHNSW_Bloom2_30_b3_s0x0_p512,"M=32 efC=800 ef=200 alpha=0.85 beta=3 q=u8 pat=512 bloomH=2 bloomT=30 bloomSrc=pruned",64,0.8789971347,0.9675,1961.8445,8.8400,0.0000,0.160332,"0.159543;0.160332;0.160539",22.970201,43534.67,,13.31,0,6980,10,True,nid005385,59113888
SparseHNSW_Bloom2_30_b3_s0x0_p512,"M=32 efC=800 ef=400 alpha=0.85 beta=3 q=u8 pat=512 bloomH=2 bloomT=30 bloomSrc=pruned",64,0.9191690544,0.9815,1961.8445,8.8400,0.0000,0.286750,"0.286750;0.287046;0.286692",41.081662,24341.76,,13.31,0,6980,10,True,nid005385,59113888
SparseHNSW_Bloom2_30_b3_s0x0_p512,"M=32 efC=800 ef=800 alpha=0.85 beta=3 q=u8 pat=512 bloomH=2 bloomT=30 bloomSrc=pruned",64,0.9548567335,0.9908,1961.8445,8.8400,0.0000,0.394155,"0.394042;0.394587;0.394155",56.469198,17708.77,,13.31,0,6980,10,True,nid005385,59113888
SparseHNSW_Bloom2_30_b3_s0x0_p512,"M=32 efC=800 ef=1600 alpha=0.85 beta=3 q=u8 pat=512 bloomH=2 bloomT=30 bloomSrc=pruned",64,0.9751289398,0.9944,1961.8445,8.8400,0.0000,0.405980,"0.406661;0.405292;0.405980",58.163324,17192.97,,13.31,0,6980,10,True,nid005385,59113888
SparseHNSW_Bloom2_30_b4_s0x0_p512,"M=32 efC=800 ef=20 alpha=0.85 beta=4 q=u8 pat=512 bloomH=2 bloomT=30 bloomSrc=pruned",64,0.7984240688,0.9001,1961.8445,8.8400,0.0000,0.048754,"0.048032;0.048754;0.049025",6.984814,143167.74,,13.31,0,6980,10,True,nid005385,59113888
SparseHNSW_Bloom2_30_b4_s0x0_p512,"M=32 efC=800 ef=50 alpha=0.85 beta=4 q=u8 pat=512 bloomH=2 bloomT=30 bloomSrc=pruned",64,0.8116762178,0.9116,1961.8445,8.8400,0.0000,0.056667,"0.056621;0.056667;0.056870",8.118481,123175.75,,13.31,0,6980,10,True,nid005385,59113888
SparseHNSW_Bloom2_30_b4_s0x0_p512,"M=32 efC=800 ef=100 alpha=0.85 beta=4 q=u8 pat=512 bloomH=2 bloomT=30 bloomSrc=pruned",64,0.8465472779,0.9443,1961.8445,8.8400,0.0000,0.093831,"0.093755;0.093967;0.093831",13.442837,74389.06,,13.31,0,6980,10,True,nid005385,59113888
SparseHNSW_Bloom2_30_b4_s0x0_p512,"M=32 efC=800 ef=200 alpha=0.85 beta=4 q=u8 pat=512 bloomH=2 bloomT=30 bloomSrc=pruned",64,0.8795128940,0.9675,1961.8445,8.8400,0.0000,0.160866,"0.160651;0.160866;0.161282",23.046705,43390.15,,13.31,0,6980,10,True,nid005385,59113888
SparseHNSW_Bloom2_30_b4_s0x0_p512,"M=32 efC=800 ef=400 alpha=0.85 beta=4 q=u8 pat=512 bloomH=2 bloomT=30 bloomSrc=pruned",64,0.9197277937,0.9815,1961.8445,8.8400,0.0000,0.287911,"0.287619;0.288035;0.287911",41.247994,24243.60,,13.31,0,6980,10,True,nid005385,59113888
SparseHNSW_Bloom2_30_b4_s0x0_p512,"M=32 efC=800 ef=800 alpha=0.85 beta=4 q=u8 pat=512 bloomH=2 bloomT=30 bloomSrc=pruned",64,0.9556876791,0.9911,1961.8445,8.8400,0.0000,0.405210,"0.404423;0.405210;0.405246",58.053009,17225.64,,13.31,0,6980,10,True,nid005385,59113888
SparseHNSW_Bloom2_30_b4_s0x0_p512,"M=32 efC=800 ef=1600 alpha=0.85 beta=4 q=u8 pat=512 bloomH=2 bloomT=30 bloomSrc=pruned",64,0.9758166189,0.9944,1961.8445,8.8400,0.0000,0.416966,"0.416966;0.417153;0.416141",59.737249,16739.97,,13.31,0,6980,10,True,nid005385,59113888
SparseHNSW_Bloom2_30_b5_s0x0_p512,"M=32 efC=800 ef=20 alpha=0.85 beta=5 q=u8 pat=512 bloomH=2 bloomT=30 bloomSrc=pruned",64,0.8117478510,0.9116,1961.8445,8.8400,0.0000,0.057347,"0.057017;0.057397;0.057347",8.215903,121715.17,,13.31,0,6980,10,True,nid005385,59113888
SparseHNSW_Bloom2_30_b5_s0x0_p512,"M=32 efC=800 ef=50 alpha=0.85 beta=5 q=u8 pat=512 bloomH=2 bloomT=30 bloomSrc=pruned",64,0.8117478510,0.9116,1961.8445,8.8400,0.0000,0.057501,"0.057400;0.057512;0.057501",8.237966,121389.19,,13.31,0,6980,10,True,nid005385,59113888
SparseHNSW_Bloom2_30_b5_s0x0_p512,"M=32 efC=800 ef=100 alpha=0.85 beta=5 q=u8 pat=512 bloomH=2 bloomT=30 bloomSrc=pruned",64,0.8466618911,0.9443,1961.8445,8.8400,0.0000,0.094445,"0.094445;0.093972;0.094542",13.530802,73905.45,,13.31,0,6980,10,True,nid005385,59113888
SparseHNSW_Bloom2_30_b5_s0x0_p512,"M=32 efC=800 ef=200 alpha=0.85 beta=5 q=u8 pat=512 bloomH=2 bloomT=30 bloomSrc=pruned",64,0.8796275072,0.9675,1961.8445,8.8400,0.0000,0.161811,"0.161739;0.161811;0.161827",23.182092,43136.75,,13.31,0,6980,10,True,nid005385,59113888
SparseHNSW_Bloom2_30_b5_s0x0_p512,"M=32 efC=800 ef=400 alpha=0.85 beta=5 q=u8 pat=512 bloomH=2 bloomT=30 bloomSrc=pruned",64,0.9198567335,0.9815,1961.8445,8.8400,0.0000,0.288282,"0.287805;0.288282;0.288699",41.301146,24212.40,,13.31,0,6980,10,True,nid005385,59113888
SparseHNSW_Bloom2_30_b5_s0x0_p512,"M=32 efC=800 ef=800 alpha=0.85 beta=5 q=u8 pat=512 bloomH=2 bloomT=30 bloomSrc=pruned",64,0.9559169054,0.9913,1961.8445,8.8400,0.0000,0.414076,"0.415826;0.413836;0.414076",59.323209,16856.81,,13.31,0,6980,10,True,nid005385,59113888
SparseHNSW_Bloom2_30_b5_s0x0_p512,"M=32 efC=800 ef=1600 alpha=0.85 beta=5 q=u8 pat=512 bloomH=2 bloomT=30 bloomSrc=pruned",64,0.9759885387,0.9944,1961.8445,8.8400,0.0000,0.427815,"0.427815;0.428706;0.427532",61.291547,16315.46,,13.31,0,6980,10,True,nid005385,59113888
SparseHNSW_Bloom2_30_b8_s0x0_p512,"M=32 efC=800 ef=20 alpha=0.85 beta=8 q=u8 pat=512 bloomH=2 bloomT=30 bloomSrc=pruned",64,0.8357736390,0.9332,1961.8445,8.8400,0.0000,0.082233,"0.082233;0.082209;0.082459",11.781232,84880.77,,13.31,0,6980,10,True,nid005385,59113888
SparseHNSW_Bloom2_30_b8_s0x0_p512,"M=32 efC=800 ef=50 alpha=0.85 beta=8 q=u8 pat=512 bloomH=2 bloomT=30 bloomSrc=pruned",64,0.8357736390,0.9332,1961.8445,8.8400,0.0000,0.082234,"0.082445;0.082234;0.082173",11.781375,84879.73,,13.31,0,6980,10,True,nid005385,59113888
SparseHNSW_Bloom2_30_b8_s0x0_p512,"M=32 efC=800 ef=100 alpha=0.85 beta=8 q=u8 pat=512 bloomH=2 bloomT=30 bloomSrc=pruned",64,0.8467191977,0.9443,1961.8445,8.8400,0.0000,0.096717,"0.096256;0.096717;0.097015",13.856304,72169.32,,13.31,0,6980,10,True,nid005385,59113888
SparseHNSW_Bloom2_30_b8_s0x0_p512,"M=32 efC=800 ef=200 alpha=0.85 beta=8 q=u8 pat=512 bloomH=2 bloomT=30 bloomSrc=pruned",64,0.8796991404,0.9675,1961.8445,8.8400,0.0000,0.163945,"0.163945;0.164598;0.163875",23.487822,42575.25,,13.31,0,6980,10,True,nid005385,59113888
SparseHNSW_Bloom2_30_b8_s0x0_p512,"M=32 efC=800 ef=400 alpha=0.85 beta=8 q=u8 pat=512 bloomH=2 bloomT=30 bloomSrc=pruned",64,0.9199283668,0.9815,1961.8445,8.8400,0.0000,0.290555,"0.290555;0.290403;0.290987",41.626791,24022.99,,13.31,0,6980,10,True,nid005385,59113888
SparseHNSW_Bloom2_30_b8_s0x0_p512,"M=32 efC=800 ef=800 alpha=0.85 beta=8 q=u8 pat=512 bloomH=2 bloomT=30 bloomSrc=pruned",64,0.9560744986,0.9915,1961.8445,8.8400,0.0000,0.444963,"0.445705;0.444963;0.444407",63.748281,15686.70,,13.31,0,6980,10,True,nid005385,59113888
SparseHNSW_Bloom2_30_b8_s0x0_p512,"M=32 efC=800 ef=1600 alpha=0.85 beta=8 q=u8 pat=512 bloomH=2 bloomT=30 bloomSrc=pruned",64,0.9762607450,0.9946,1961.8445,8.8400,0.0000,0.465919,"0.465709;0.466354;0.465919",66.750573,14981.14,,13.31,0,6980,10,True,nid005385,59113888
SparseHNSW_Bloom2_30_b12_s0x0_p512,"M=32 efC=800 ef=20 alpha=0.85 beta=12 q=u8 pat=512 bloomH=2 bloomT=30 bloomSrc=pruned",64,0.8554727794,0.9501,1961.8445,8.8400,0.0000,0.112941,"0.112941;0.112910;0.113083",16.180659,61802.18,,13.31,0,6980,10,True,nid005385,59113888
SparseHNSW_Bloom2_30_b12_s0x0_p512,"M=32 efC=800 ef=50 alpha=0.85 beta=12 q=u8 pat=512 bloomH=2 bloomT=30 bloomSrc=pruned",64,0.8554727794,0.9501,1961.8445,8.8400,0.0000,0.112921,"0.112745;0.113196;0.112921",16.177794,61813.13,,13.31,0,6980,10,True,nid005385,59113888
SparseHNSW_Bloom2_30_b12_s0x0_p512,"M=32 efC=800 ef=100 alpha=0.85 beta=12 q=u8 pat=512 bloomH=2 bloomT=30 bloomSrc=pruned",64,0.8554727794,0.9501,1961.8445,8.8400,0.0000,0.112852,"0.112852;0.112683;0.113118",16.167908,61850.92,,13.31,0,6980,10,True,nid005385,59113888
SparseHNSW_Bloom2_30_b12_s0x0_p512,"M=32 efC=800 ef=200 alpha=0.85 beta=12 q=u8 pat=512 bloomH=2 bloomT=30 bloomSrc=pruned",64,0.8797277937,0.9675,1961.8445,8.8400,0.0000,0.166512,"0.166396;0.166512;0.166926",23.855587,41918.90,,13.31,0,6980,10,True,nid005385,59113888
SparseHNSW_Bloom2_30_b12_s0x0_p512,"M=32 efC=800 ef=400 alpha=0.85 beta=12 q=u8 pat=512 bloomH=2 bloomT=30 bloomSrc=pruned",64,0.9199570201,0.9815,1961.8445,8.8400,0.0000,0.293651,"0.293651;0.293495;0.294194",42.070344,23769.71,,13.31,0,6980,10,True,nid005385,59113888
SparseHNSW_Bloom2_30_b12_s0x0_p512,"M=32 efC=800 ef=800 alpha=0.85 beta=12 q=u8 pat=512 bloomH=2 bloomT=30 bloomSrc=pruned",64,0.9561174785,0.9915,1961.8445,8.8400,0.0000,0.478780,"0.478780;0.478812;0.478034",68.593123,14578.72,,13.31,0,6980,10,True,nid005385,59113888
SparseHNSW_Bloom2_30_b12_s0x0_p512,"M=32 efC=800 ef=1600 alpha=0.85 beta=12 q=u8 pat=512 bloomH=2 bloomT=30 bloomSrc=pruned",64,0.9764469914,0.9946,1961.8445,8.8400,0.0000,0.516384,"0.516384;0.516168;0.517179",73.980516,13517.07,,13.31,0,6980,10,True,nid005385,59113888
SparseHNSW_Bloom2_30_b2_s8x4_p512,"M=32 efC=800 ef=20 alpha=0.85 beta=2 q=u8 seedT=8 seedH=8 seedS=4 pat=512 bloomH=2 bloomT=30 bloomSrc=pruned",64,0.8305014327,0.9567,1961.8445,8.8400,0.0000,0.039726,"0.039039;0.039726;0.039930",5.691404,175703.57,,13.31,0,6980,10,True,nid005385,59113888
SparseHNSW_Bloom2_30_b2_s8x4_p512,"M=32 efC=800 ef=50 alpha=0.85 beta=2 q=u8 seedT=8 seedH=8 seedS=4 pat=512 bloomH=2 bloomT=30 bloomSrc=pruned",64,0.8483381089,0.9678,1961.8445,8.8400,0.0000,0.053540,"0.053637;0.053540;0.053376",7.670487,130369.82,,13.31,0,6980,10,True,nid005385,59113888
SparseHNSW_Bloom2_30_b2_s8x4_p512,"M=32 efC=800 ef=100 alpha=0.85 beta=2 q=u8 seedT=8 seedH=8 seedS=4 pat=512 bloomH=2 bloomT=30 bloomSrc=pruned",64,0.8730945559,0.9784,1961.8445,8.8400,0.0000,0.090472,"0.090472;0.090603;0.090317",12.961605,77150.94,,13.31,0,6980,10,True,nid005385,59113888
SparseHNSW_Bloom2_30_b2_s8x4_p512,"M=32 efC=800 ef=200 alpha=0.85 beta=2 q=u8 seedT=8 seedH=8 seedS=4 pat=512 bloomH=2 bloomT=30 bloomSrc=pruned",64,0.9082951289,0.9875,1961.8445,8.8400,0.0000,0.157572,"0.157572;0.157188;0.157693",22.574785,44297.21,,13.31,0,6980,10,True,nid005385,59113888
SparseHNSW_Bloom2_30_b2_s8x4_p512,"M=32 efC=800 ef=400 alpha=0.85 beta=2 q=u8 seedT=8 seedH=8 seedS=4 pat=512 bloomH=2 bloomT=30 bloomSrc=pruned",64,0.9455873926,0.9938,1961.8445,8.8400,0.0000,0.286044,"0.285929;0.286044;0.286274",40.980516,24401.84,,13.31,0,6980,10,True,nid005385,59113888
SparseHNSW_Bloom2_30_b2_s8x4_p512,"M=32 efC=800 ef=800 alpha=0.85 beta=2 q=u8 seedT=8 seedH=8 seedS=4 pat=512 bloomH=2 bloomT=30 bloomSrc=pruned",64,0.9703008596,0.9977,1961.8445,8.8400,0.0000,0.379963,"0.379963;0.379912;0.380278",54.435960,18370.21,,13.31,0,6980,10,True,nid005385,59113888
SparseHNSW_Bloom2_30_b2_s8x4_p512,"M=32 efC=800 ef=1600 alpha=0.85 beta=2 q=u8 seedT=8 seedH=8 seedS=4 pat=512 bloomH=2 bloomT=30 bloomSrc=pruned",64,0.9812464183,0.9989,1961.8445,8.8400,0.0000,0.389130,"0.389234;0.389130;0.389081",55.749284,17937.45,,13.31,0,6980,10,True,nid005385,59113888
SparseHNSW_Bloom2_30_b3_s8x4_p512,"M=32 efC=800 ef=20 alpha=0.85 beta=3 q=u8 seedT=8 seedH=8 seedS=4 pat=512 bloomH=2 bloomT=30 bloomSrc=pruned",64,0.8323495702,0.9567,1961.8445,8.8400,0.0000,0.040025,"0.039659;0.040025;0.040650",5.734241,174391.01,,13.31,0,6980,10,True,nid005385,59113888
SparseHNSW_Bloom2_30_b3_s8x4_p512,"M=32 efC=800 ef=50 alpha=0.85 beta=3 q=u8 seedT=8 seedH=8 seedS=4 pat=512 bloomH=2 bloomT=30 bloomSrc=pruned",64,0.8504441261,0.9678,1961.8445,8.8400,0.0000,0.054357,"0.054357;0.054468;0.054167",7.787536,128410.32,,13.31,0,6980,10,True,nid005385,59113888
SparseHNSW_Bloom2_30_b3_s8x4_p512,"M=32 efC=800 ef=100 alpha=0.85 beta=3 q=u8 seedT=8 seedH=8 seedS=4 pat=512 bloomH=2 bloomT=30 bloomSrc=pruned",64,0.8753581662,0.9784,1961.8445,8.8400,0.0000,0.091068,"0.091011;0.091068;0.091214",13.046991,76646.02,,13.31,0,6980,10,True,nid005385,59113888
SparseHNSW_Bloom2_30_b3_s8x4_p512,"M=32 efC=800 ef=200 alpha=0.85 beta=3 q=u8 seedT=8 seedH=8 seedS=4 pat=512 bloomH=2 bloomT=30 bloomSrc=pruned",64,0.9107163324,0.9875,1961.8445,8.8400,0.0000,0.157517,"0.158063;0.157517;0.156828",22.566905,44312.68,,13.31,0,6980,10,True,nid005385,59113888
SparseHNSW_Bloom2_30_b3_s8x4_p512,"M=32 efC=800 ef=400 alpha=0.85 beta=3 q=u8 seedT=8 seedH=8 seedS=4 pat=512 bloomH=2 bloomT=30 bloomSrc=pruned",64,0.9482234957,0.9938,1961.8445,8.8400,0.0000,0.286147,"0.286473;0.286126;0.286147",40.995272,24393.06,,13.31,0,6980,10,True,nid005385,59113888
SparseHNSW_Bloom2_30_b3_s8x4_p512,"M=32 efC=800 ef=800 alpha=0.85 beta=3 q=u8 seedT=8 seedH=8 seedS=4 pat=512 bloomH=2 bloomT=30 bloomSrc=pruned",64,0.9733810888,0.9979,1961.8445,8.8400,0.0000,0.389880,"0.390057;0.389703;0.389880",55.856734,17902.94,,13.31,0,6980,10,True,nid005385,59113888
SparseHNSW_Bloom2_30_b3_s8x4_p512,"M=32 efC=800 ef=1600 alpha=0.85 beta=3 q=u8 seedT=8 seedH=8 seedS=4 pat=512 bloomH=2 bloomT=30 bloomSrc=pruned",64,0.9844699140,0.9989,1961.8445,8.8400,0.0000,0.400735,"0.400735;0.400586;0.401418",57.411891,17417.99,,13.31,0,6980,10,True,nid005385,59113888
SparseHNSW_Bloom2_30_b4_s8x4_p512,"M=32 efC=800 ef=20 alpha=0.85 beta=4 q=u8 seedT=8 seedH=8 seedS=4 pat=512 bloomH=2 bloomT=30 bloomSrc=pruned",64,0.8439684814,0.9645,1961.8445,8.8400,0.0000,0.046776,"0.046188;0.046776;0.047061",6.701433,149221.82,,13.31,0,6980,10,True,nid005385,59113888
SparseHNSW_Bloom2_30_b4_s8x4_p512,"M=32 efC=800 ef=50 alpha=0.85 beta=4 q=u8 seedT=8 seedH=8 seedS=4 pat=512 bloomH=2 bloomT=30 bloomSrc=pruned",64,0.8508452722,0.9678,1961.8445,8.8400,0.0000,0.054906,"0.054906;0.054464;0.054934",7.866189,127126.36,,13.31,0,6980,10,True,nid005385,59113888
SparseHNSW_Bloom2_30_b4_s8x4_p512,"M=32 efC=800 ef=100 alpha=0.85 beta=4 q=u8 seedT=8 seedH=8 seedS=4 pat=512 bloomH=2 bloomT=30 bloomSrc=pruned",64,0.8758022923,0.9784,1961.8445,8.8400,0.0000,0.092169,"0.092738;0.092169;0.091679",13.204728,75730.45,,13.31,0,6980,10,True,nid005385,59113888
SparseHNSW_Bloom2_30_b4_s8x4_p512,"M=32 efC=800 ef=200 alpha=0.85 beta=4 q=u8 seedT=8 seedH=8 seedS=4 pat=512 bloomH=2 bloomT=30 bloomSrc=pruned",64,0.9112177650,0.9875,1961.8445,8.8400,0.0000,0.158547,"0.158547;0.158760;0.158419",22.714470,44024.80,,13.31,0,6980,10,True,nid005385,59113888
SparseHNSW_Bloom2_30_b4_s8x4_p512,"M=32 efC=800 ef=400 alpha=0.85 beta=4 q=u8 seedT=8 seedH=8 seedS=4 pat=512 bloomH=2 bloomT=30 bloomSrc=pruned",64,0.9487679083,0.9938,1961.8445,8.8400,0.0000,0.287173,"0.287512;0.287173;0.286967",41.142264,24305.91,,13.31,0,6980,10,True,nid005385,59113888
SparseHNSW_Bloom2_30_b4_s8x4_p512,"M=32 efC=800 ef=800 alpha=0.85 beta=4 q=u8 seedT=8 seedH=8 seedS=4 pat=512 bloomH=2 bloomT=30 bloomSrc=pruned",64,0.9740687679,0.9980,1961.8445,8.8400,0.0000,0.400476,"0.400429;0.400476;0.400501",57.374785,17429.26,,13.31,0,6980,10,True,nid005385,59113888
SparseHNSW_Bloom2_30_b4_s8x4_p512,"M=32 efC=800 ef=1600 alpha=0.85 beta=4 q=u8 seedT=8 seedH=8 seedS=4 pat=512 bloomH=2 bloomT=30 bloomSrc=pruned",64,0.9851575931,0.9989,1961.8445,8.8400,0.0000,0.411714,"0.411133;0.411714;0.412012",58.984814,16953.52,,13.31,0,6980,10,True,nid005385,59113888
SparseHNSW_Bloom2_30_b5_s8x4_p512,"M=32 efC=800 ef=20 alpha=0.85 beta=5 q=u8 seedT=8 seedH=8 seedS=4 pat=512 bloomH=2 bloomT=30 bloomSrc=pruned",64,0.8509169054,0.9678,1961.8445,8.8400,0.0000,0.055073,"0.054963;0.055073;0.055360",7.890115,126740.87,,13.31,0,6980,10,True,nid005385,59113888
SparseHNSW_Bloom2_30_b5_s8x4_p512,"M=32 efC=800 ef=50 alpha=0.85 beta=5 q=u8 seedT=8 seedH=8 seedS=4 pat=512 bloomH=2 bloomT=30 bloomSrc=pruned",64,0.8509169054,0.9678,1961.8445,8.8400,0.0000,0.055271,"0.055357;0.054960;0.055271",7.918481,126286.84,,13.31,0,6980,10,True,nid005385,59113888
SparseHNSW_Bloom2_30_b5_s8x4_p512,"M=32 efC=800 ef=100 alpha=0.85 beta=5 q=u8 seedT=8 seedH=8 seedS=4 pat=512 bloomH=2 bloomT=30 bloomSrc=pruned",64,0.8759169054,0.9784,1961.8445,8.8400,0.0000,0.092472,"0.092455;0.092472;0.092837",13.248138,75482.31,,13.31,0,6980,10,True,nid005385,59113888
SparseHNSW_Bloom2_30_b5_s8x4_p512,"M=32 efC=800 ef=200 alpha=0.85 beta=5 q=u8 seedT=8 seedH=8 seedS=4 pat=512 bloomH=2 bloomT=30 bloomSrc=pruned",64,0.9113467049,0.9875,1961.8445,8.8400,0.0000,0.159826,"0.159634;0.159826;0.159986",22.897708,43672.49,,13.31,0,6980,10,True,nid005385,59113888
SparseHNSW_Bloom2_30_b5_s8x4_p512,"M=32 efC=800 ef=400 alpha=0.85 beta=5 q=u8 seedT=8 seedH=8 seedS=4 pat=512 bloomH=2 bloomT=30 bloomSrc=pruned",64,0.9489111748,0.9938,1961.8445,8.8400,0.0000,0.287771,"0.287771;0.287426;0.287888",41.227937,24255.40,,13.31,0,6980,10,True,nid005385,59113888
SparseHNSW_Bloom2_30_b5_s8x4_p512,"M=32 efC=800 ef=800 alpha=0.85 beta=5 q=u8 seedT=8 seedH=8 seedS=4 pat=512 bloomH=2 bloomT=30 bloomSrc=pruned",64,0.9742550143,0.9980,1961.8445,8.8400,0.0000,0.410687,"0.410650;0.410687;0.410910",58.837679,16995.91,,13.31,0,6980,10,True,nid005385,59113888
SparseHNSW_Bloom2_30_b5_s8x4_p512,"M=32 efC=800 ef=1600 alpha=0.85 beta=5 q=u8 seedT=8 seedH=8 seedS=4 pat=512 bloomH=2 bloomT=30 bloomSrc=pruned",64,0.9853868195,0.9989,1961.8445,8.8400,0.0000,0.423118,"0.422990;0.423547;0.423118",60.618625,16496.58,,13.31,0,6980,10,True,nid005385,59113888
SparseHNSW_Bloom2_30_b8_s8x4_p512,"M=32 efC=800 ef=20 alpha=0.85 beta=8 q=u8 seedT=8 seedH=8 seedS=4 pat=512 bloomH=2 bloomT=30 bloomSrc=pruned",64,0.8674641834,0.9752,1961.8445,8.8400,0.0000,0.080037,"0.080296;0.079804;0.080037",11.466619,87209.67,,13.31,0,6980,10,True,nid005385,59113888
SparseHNSW_Bloom2_30_b8_s8x4_p512,"M=32 efC=800 ef=50 alpha=0.85 beta=8 q=u8 seedT=8 seedH=8 seedS=4 pat=512 bloomH=2 bloomT=30 bloomSrc=pruned",64,0.8674641834,0.9752,1961.8445,8.8400,0.0000,0.080213,"0.079882;0.080213;0.080250",11.491834,87018.31,,13.31,0,6980,10,True,nid005385,59113888
SparseHNSW_Bloom2_30_b8_s8x4_p512,"M=32 efC=800 ef=100 alpha=0.85 beta=8 q=u8 seedT=8 seedH=8 seedS=4 pat=512 bloomH=2 bloomT=30 bloomSrc=pruned",64,0.8759885387,0.9784,1961.8445,8.8400,0.0000,0.094387,"0.094588;0.094387;0.094260",13.522493,73950.86,,13.31,0,6980,10,True,nid005385,59113888
SparseHNSW_Bloom2_30_b8_s8x4_p512,"M=32 efC=800 ef=200 alpha=0.85 beta=8 q=u8 seedT=8 seedH=8 seedS=4 pat=512 bloomH=2 bloomT=30 bloomSrc=pruned",64,0.9114183381,0.9875,1961.8445,8.8400,0.0000,0.161826,"0.161990;0.161826;0.161777",23.184241,43132.75,,13.31,0,6980,10,True,nid005385,59113888
SparseHNSW_Bloom2_30_b8_s8x4_p512,"M=32 efC=800 ef=400 alpha=0.85 beta=8 q=u8 seedT=8 seedH=8 seedS=4 pat=512 bloomH=2 bloomT=30 bloomSrc=pruned",64,0.9489828080,0.9938,1961.8445,8.8400,0.0000,0.290606,"0.290606;0.290859;0.289772",41.634097,24018.77,,13.31,0,6980,10,True,nid005385,59113888
SparseHNSW_Bloom2_30_b8_s8x4_p512,"M=32 efC=800 ef=800 alpha=0.85 beta=8 q=u8 seedT=8 seedH=8 seedS=4 pat=512 bloomH=2 bloomT=30 bloomSrc=pruned",64,0.9743982808,0.9980,1961.8445,8.8400,0.0000,0.439531,"0.440068;0.439444;0.439531",62.970057,15880.56,,13.31,0,6980,10,True,nid005385,59113888
SparseHNSW_Bloom2_30_b8_s8x4_p512,"M=32 efC=800 ef=1600 alpha=0.85 beta=8 q=u8 seedT=8 seedH=8 seedS=4 pat=512 bloomH=2 bloomT=30 bloomSrc=pruned",64,0.9855587393,0.9989,1961.8445,8.8400,0.0000,0.460315,"0.460555;0.460315;0.459494",65.947708,15163.53,,13.31,0,6980,10,True,nid005385,59113888
SparseHNSW_Bloom2_30_b12_s8x4_p512,"M=32 efC=800 ef=20 alpha=0.85 beta=12 q=u8 seedT=8 seedH=8 seedS=4 pat=512 bloomH=2 bloomT=30 bloomSrc=pruned",64,0.8836103152,0.9817,1961.8445,8.8400,0.0000,0.110766,"0.110577;0.110766;0.111249",15.869054,63015.73,,13.31,0,6980,10,True,nid005385,59113888
SparseHNSW_Bloom2_30_b12_s8x4_p512,"M=32 efC=800 ef=50 alpha=0.85 beta=12 q=u8 seedT=8 seedH=8 seedS=4 pat=512 bloomH=2 bloomT=30 bloomSrc=pruned",64,0.8836103152,0.9817,1961.8445,8.8400,0.0000,0.110815,"0.110815;0.111116;0.110670",15.876074,62987.86,,13.31,0,6980,10,True,nid005385,59113888
SparseHNSW_Bloom2_30_b12_s8x4_p512,"M=32 efC=800 ef=100 alpha=0.85 beta=12 q=u8 seedT=8 seedH=8 seedS=4 pat=512 bloomH=2 bloomT=30 bloomSrc=pruned",64,0.8836103152,0.9817,1961.8445,8.8400,0.0000,0.110467,"0.110467;0.110622;0.110369",15.826218,63186.29,,13.31,0,6980,10,True,nid005385,59113888
SparseHNSW_Bloom2_30_b12_s8x4_p512,"M=32 efC=800 ef=200 alpha=0.85 beta=12 q=u8 seedT=8 seedH=8 seedS=4 pat=512 bloomH=2 bloomT=30 bloomSrc=pruned",64,0.9114469914,0.9875,1961.8445,8.8400,0.0000,0.164798,"0.164615;0.164798;0.165619",23.610029,42354.88,,13.31,0,6980,10,True,nid005385,59113888
SparseHNSW_Bloom2_30_b12_s8x4_p512,"M=32 efC=800 ef=400 alpha=0.85 beta=12 q=u8 seedT=8 seedH=8 seedS=4 pat=512 bloomH=2 bloomT=30 bloomSrc=pruned",64,0.9490114613,0.9938,1961.8445,8.8400,0.0000,0.293235,"0.293229;0.293235;0.293893",42.010745,23803.43,,13.31,0,6980,10,True,nid005385,59113888
SparseHNSW_Bloom2_30_b12_s8x4_p512,"M=32 efC=800 ef=800 alpha=0.85 beta=12 q=u8 seedT=8 seedH=8 seedS=4 pat=512 bloomH=2 bloomT=30 bloomSrc=pruned",64,0.9744412607,0.9980,1961.8445,8.8400,0.0000,0.476164,"0.476164;0.475519;0.476165",68.218338,14658.82,,13.31,0,6980,10,True,nid005385,59113888
SparseHNSW_Bloom2_30_b12_s8x4_p512,"M=32 efC=800 ef=1600 alpha=0.85 beta=12 q=u8 seedT=8 seedH=8 seedS=4 pat=512 bloomH=2 bloomT=30 bloomSrc=pruned",64,0.9857306590,0.9989,1961.8445,8.8400,0.0000,0.513816,"0.513057;0.514739;0.513816",73.612607,13584.63,,13.31,0,6980,10,True,nid005385,59113888
SparseHNSW_Bloom2_30_b2_s0x0_p2048,"M=32 efC=800 ef=20 alpha=0.85 beta=2 q=u8 pat=2048 bloomH=2 bloomT=30 bloomSrc=pruned",64,0.7446991404,0.8550,1961.8445,8.8400,0.0000,0.029896,"0.029419;0.029896;0.030032",4.283095,233476.05,,13.31,0,6980,10,True,nid005385,59113888
SparseHNSW_Bloom2_30_b2_s0x0_p2048,"M=32 efC=800 ef=50 alpha=0.85 beta=2 q=u8 pat=2048 bloomH=2 bloomT=30 bloomSrc=pruned",64,0.8092550143,0.9116,1961.8445,8.8400,0.0000,0.056164,"0.056271;0.056164;0.055630",8.046418,124278.90,,13.31,0,6980,10,True,nid005385,59113888
SparseHNSW_Bloom2_30_b2_s0x0_p2048,"M=32 efC=800 ef=100 alpha=0.85 beta=2 q=u8 pat=2048 bloomH=2 bloomT=30 bloomSrc=pruned",64,0.8438825215,0.9443,1961.8445,8.8400,0.0000,0.092644,"0.092869;0.092286;0.092644",13.272779,75342.17,,13.31,0,6980,10,True,nid005385,59113888
SparseHNSW_Bloom2_30_b2_s0x0_p2048,"M=32 efC=800 ef=200 alpha=0.85 beta=2 q=u8 pat=2048 bloomH=2 bloomT=30 bloomSrc=pruned",64,0.8766189112,0.9675,1961.8445,8.8400,0.0000,0.159222,"0.159086;0.159222;0.159257",22.811175,43838.16,,13.31,0,6980,10,True,nid005385,59113888
SparseHNSW_Bloom2_30_b2_s0x0_p2048,"M=32 efC=800 ef=400 alpha=0.85 beta=2 q=u8 pat=2048 bloomH=2 bloomT=30 bloomSrc=pruned",64,0.9166189112,0.9815,1961.8445,8.8400,0.0000,0.286178,"0.285895;0.286352;0.286178",40.999713,24390.41,,13.31,0,6980,10,True,nid005385,59113888
SparseHNSW_Bloom2_30_b2_s0x0_p2048,"M=32 efC=800 ef=800 alpha=0.85 beta=2 q=u8 pat=2048 bloomH=2 bloomT=30 bloomSrc=pruned",64,0.9527220630,0.9917,1961.8445,8.8400,0.0000,0.526098,"0.526650;0.525857;0.526098",75.372206,13267.49,,13.31,0,6980,10,True,nid005385,59113888
SparseHNSW_Bloom2_30_b2_s0x0_p2048,"M=32 efC=800 ef=1600 alpha=0.85 beta=2 q=u8 pat=2048 bloomH=2 bloomT=30 bloomSrc=pruned",64,0.9735243553,0.9963,1961.8445,8.8400,0.0000,0.975974,"0.976787;0.975974;0.975665",139.824355,7151.83,,13.31,0,6980,10,True,nid005385,59113888
SparseHNSW_Bloom2_30_b3_s0x0_p2048,"M=32 efC=800 ef=20 alpha=0.85 beta=3 q=u8 pat=2048 bloomH=2 bloomT=30 bloomSrc=pruned",64,0.7816618911,0.8854,1961.8445,8.8400,0.0000,0.039677,"0.039022;0.039677;0.039879",5.684384,175920.56,,13.31,0,6980,10,True,nid005385,59113888
SparseHNSW_Bloom2_30_b3_s0x0_p2048,"M=32 efC=800 ef=50 alpha=0.85 beta=3 q=u8 pat=2048 bloomH=2 bloomT=30 bloomSrc=pruned",64,0.8113037249,0.9116,1961.8445,8.8400,0.0000,0.056180,"0.056180;0.056460;0.055845",8.048711,124243.50,,13.31,0,6980,10,True,nid005385,59113888
SparseHNSW_Bloom2_30_b3_s0x0_p2048,"M=32 efC=800 ef=100 alpha=0.85 beta=3 q=u8 pat=2048 bloomH=2 bloomT=30 bloomSrc=pruned",64,0.8461318052,0.9443,1961.8445,8.8400,0.0000,0.093295,"0.093102;0.093316;0.093295",13.366046,74816.44,,13.31,0,6980,10,True,nid005385,59113888
SparseHNSW_Bloom2_30_b3_s0x0_p2048,"M=32 efC=800 ef=200 alpha=0.85 beta=3 q=u8 pat=2048 bloomH=2 bloomT=30 bloomSrc=pruned",64,0.8789971347,0.9675,1961.8445,8.8400,0.0000,0.159573,"0.159573;0.159515;0.160005",22.861461,43741.74,,13.31,0,6980,10,True,nid005385,59113888
SparseHNSW_Bloom2_30_b3_s0x0_p2048,"M=32 efC=800 ef=400 alpha=0.85 beta=3 q=u8 pat=2048 bloomH=2 bloomT=30 bloomSrc=pruned",64,0.9191690544,0.9815,1961.8445,8.8400,0.0000,0.286600,"0.286600;0.286574;0.286932",41.060172,24354.50,,13.31,0,6980,10,True,nid005385,59113888
SparseHNSW_Bloom2_30_b3_s0x0_p2048,"M=32 efC=800 ef=800 alpha=0.85 beta=3 q=u8 pat=2048 bloomH=2 bloomT=30 bloomSrc=pruned",64,0.9555730659,0.9917,1961.8445,8.8400,0.0000,0.527055,"0.526260;0.527287;0.527055",75.509312,13243.40,,13.31,0,6980,10,True,nid005385,59113888
SparseHNSW_Bloom2_30_b3_s0x0_p2048,"M=32 efC=800 ef=1600 alpha=0.85 beta=3 q=u8 pat=2048 bloomH=2 bloomT=30 bloomSrc=pruned",64,0.9767191977,0.9963,1961.8445,8.8400,0.0000,0.975542,"0.974862;0.975619;0.975542",139.762464,7155.00,,13.31,0,6980,10,True,nid005385,59113888
SparseHNSW_Bloom2_30_b4_s0x0_p2048,"M=32 efC=800 ef=20 alpha=0.85 beta=4 q=u8 pat=2048 bloomH=2 bloomT=30 bloomSrc=pruned",64,0.7984240688,0.9001,1961.8445,8.8400,0.0000,0.048592,"0.048318;0.048592;0.048734",6.961605,143645.04,,13.31,0,6980,10,True,nid005385,59113888
SparseHNSW_Bloom2_30_b4_s0x0_p2048,"M=32 efC=800 ef=50 alpha=0.85 beta=4 q=u8 pat=2048 bloomH=2 bloomT=30 bloomSrc=pruned",64,0.8116762178,0.9116,1961.8445,8.8400,0.0000,0.056701,"0.056701;0.057115;0.056694",8.123352,123101.89,,13.31,0,6980,10,True,nid005385,59113888
SparseHNSW_Bloom2_30_b4_s0x0_p2048,"M=32 efC=800 ef=100 alpha=0.85 beta=4 q=u8 pat=2048 bloomH=2 bloomT=30 bloomSrc=pruned",64,0.8465472779,0.9443,1961.8445,8.8400,0.0000,0.094022,"0.093935;0.094077;0.094022",13.470201,74237.94,,13.31,0,6980,10,True,nid005385,59113888
SparseHNSW_Bloom2_30_b4_s0x0_p2048,"M=32 efC=800 ef=200 alpha=0.85 beta=4 q=u8 pat=2048 bloomH=2 bloomT=30 bloomSrc=pruned",64,0.8795128940,0.9675,1961.8445,8.8400,0.0000,0.160411,"0.160395;0.160411;0.160911",22.981519,43513.23,,13.31,0,6980,10,True,nid005385,59113888
SparseHNSW_Bloom2_30_b4_s0x0_p2048,"M=32 efC=800 ef=400 alpha=0.85 beta=4 q=u8 pat=2048 bloomH=2 bloomT=30 bloomSrc=pruned",64,0.9197277937,0.9815,1961.8445,8.8400,0.0000,0.287583,"0.287800;0.287583;0.287383",41.201003,24271.25,,13.31,0,6980,10,True,nid005385,59113888
SparseHNSW_Bloom2_30_b4_s0x0_p2048,"M=32 efC=800 ef=800 alpha=0.85 beta=4 q=u8 pat=2048 bloomH=2 bloomT=30 bloomSrc=pruned",64,0.9561604585,0.9917,1961.8445,8.8400,0.0000,0.527377,"0.528109;0.527377;0.526626",75.555444,13235.31,,13.31,0,6980,10,True,nid005385,59113888
SparseHNSW_Bloom2_30_b4_s0x0_p2048,"M=32 efC=800 ef=1600 alpha=0.85 beta=4 q=u8 pat=2048 bloomH=2 bloomT=30 bloomSrc=pruned",64,0.9773638968,0.9963,1961.8445,8.8400,0.0000,0.975291,"0.975470;0.974750;0.975291",139.726504,7156.84,,13.31,0,6980,10,True,nid005385,59113888
SparseHNSW_Bloom2_30_b5_s0x0_p2048,"M=32 efC=800 ef=20 alpha=0.85 beta=5 q=u8 pat=2048 bloomH=2 bloomT=30 bloomSrc=pruned",64,0.8117478510,0.9116,1961.8445,8.8400,0.0000,0.057094,"0.056972;0.057094;0.057414",8.179656,122254.53,,13.31,0,6980,10,True,nid005385,59113888
SparseHNSW_Bloom2_30_b5_s0x0_p2048,"M=32 efC=800 ef=50 alpha=0.85 beta=5 q=u8 pat=2048 bloomH=2 bloomT=30 bloomSrc=pruned",64,0.8117478510,0.9116,1961.8445,8.8400,0.0000,0.057458,"0.057407;0.057458;0.057508",8.231805,121480.04,,13.31,0,6980,10,True,nid005385,59113888
SparseHNSW_Bloom2_30_b5_s0x0_p2048,"M=32 efC=800 ef=100 alpha=0.85 beta=5 q=u8 pat=2048 bloomH=2 bloomT=30 bloomSrc=pruned",64,0.8466618911,0.9443,1961.8445,8.8400,0.0000,0.094280,"0.094233;0.094280;0.094664",13.507163,74034.79,,13.31,0,6980,10,True,nid005385,59113888
SparseHNSW_Bloom2_30_b5_s0x0_p2048,"M=32 efC=800 ef=200 alpha=0.85 beta=5 q=u8 pat=2048 bloomH=2 bloomT=30 bloomSrc=pruned",64,0.8796275072,0.9675,1961.8445,8.8400,0.0000,0.161142,"0.161142;0.161064;0.161228",23.086246,43315.83,,13.31,0,6980,10,True,nid005385,59113888
SparseHNSW_Bloom2_30_b5_s0x0_p2048,"M=32 efC=800 ef=400 alpha=0.85 beta=5 q=u8 pat=2048 bloomH=2 bloomT=30 bloomSrc=pruned",64,0.9198567335,0.9815,1961.8445,8.8400,0.0000,0.288068,"0.288603;0.287891;0.288068",41.270487,24230.39,,13.31,0,6980,10,True,nid005385,59113888
SparseHNSW_Bloom2_30_b5_s0x0_p2048,"M=32 efC=800 ef=800 alpha=0.85 beta=5 q=u8 pat=2048 bloomH=2 bloomT=30 bloomSrc=pruned",64,0.9563037249,0.9917,1961.8445,8.8400,0.0000,0.528568,"0.528611;0.528568;0.528367",75.726074,13205.49,,13.31,0,6980,10,True,nid005385,59113888
SparseHNSW_Bloom2_30_b5_s0x0_p2048,"M=32 efC=800 ef=1600 alpha=0.85 beta=5 q=u8 pat=2048 bloomH=2 bloomT=30 bloomSrc=pruned",64,0.9775071633,0.9963,1961.8445,8.8400,0.0000,0.976286,"0.976286;0.979014;0.975711",139.869054,7149.54,,13.31,0,6980,10,True,nid005385,59113888
SparseHNSW_Bloom2_30_b8_s0x0_p2048,"M=32 efC=800 ef=20 alpha=0.85 beta=8 q=u8 pat=2048 bloomH=2 bloomT=30 bloomSrc=pruned",64,0.8357736390,0.9332,1961.8445,8.8400,0.0000,0.082146,"0.081667;0.082146;0.082205",11.768768,84970.66,,13.31,0,6980,10,True,nid005385,59113888
SparseHNSW_Bloom2_30_b8_s0x0_p2048,"M=32 efC=800 ef=50 alpha=0.85 beta=8 q=u8 pat=2048 bloomH=2 bloomT=30 bloomSrc=pruned",64,0.8357736390,0.9332,1961.8445,8.8400,0.0000,0.082123,"0.082123;0.081916;0.082562",11.765473,84994.46,,13.31,0,6980,10,True,nid005385,59113888
SparseHNSW_Bloom2_30_b8_s0x0_p2048,"M=32 efC=800 ef=100 alpha=0.85 beta=8 q=u8 pat=2048 bloomH=2 bloomT=30 bloomSrc=pruned",64,0.8467191977,0.9443,1961.8445,8.8400,0.0000,0.096614,"0.096614;0.096694;0.096241",13.841547,72246.26,,13.31,0,6980,10,True,nid005385,59113888
SparseHNSW_Bloom2_30_b8_s0x0_p2048,"M=32 efC=800 ef=200 alpha=0.85 beta=8 q=u8 pat=2048 bloomH=2 bloomT=30 bloomSrc=pruned",64,0.8796991404,0.9675,1961.8445,8.8400,0.0000,0.163919,"0.163919;0.163690;0.164042",23.484097,42582.01,,13.31,0,6980,10,True,nid005385,59113888
SparseHNSW_Bloom2_30_b8_s0x0_p2048,"M=32 efC=800 ef=400 alpha=0.85 beta=8 q=u8 pat=2048 bloomH=2 bloomT=30 bloomSrc=pruned",64,0.9199283668,0.9815,1961.8445,8.8400,0.0000,0.290900,"0.290900;0.291025;0.290710",41.676218,23994.50,,13.31,0,6980,10,True,nid005385,59113888
SparseHNSW_Bloom2_30_b8_s0x0_p2048,"M=32 efC=800 ef=800 alpha=0.85 beta=8 q=u8 pat=2048 bloomH=2 bloomT=30 bloomSrc=pruned",64,0.9563896848,0.9917,1961.8445,8.8400,0.0000,0.530666,"0.530666;0.530483;0.530981",76.026648,13153.28,,13.31,0,6980,10,True,nid005385,59113888
SparseHNSW_Bloom2_30_b8_s0x0_p2048,"M=32 efC=800 ef=1600 alpha=0.85 beta=8 q=u8 pat=2048 bloomH=2 bloomT=30 bloomSrc=pruned",64,0.9775931232,0.9963,1961.8445,8.8400,0.0000,0.979703,"0.979703;0.981610;0.979291",140.358596,7124.61,,13.31,0,6980,10,True,nid005385,59113888
SparseHNSW_Bloom2_30_b12_s0x0_p2048,"M=32 efC=800 ef=20 alpha=0.85 beta=12 q=u8 pat=2048 bloomH=2 bloomT=30 bloomSrc=pruned",64,0.8554727794,0.9501,1961.8445,8.8400,0.0000,0.113061,"0.112807;0.113210;0.113061",16.197851,61736.58,,13.31,0,6980,10,True,nid005385,59113888
SparseHNSW_Bloom2_30_b12_s0x0_p2048,"M=32 efC=800 ef=50 alpha=0.85 beta=12 q=u8 pat=2048 bloomH=2 bloomT=30 bloomSrc=pruned",64,0.8554727794,0.9501,1961.8445,8.8400,0.0000,0.113098,"0.113384;0.113098;0.112728",16.203152,61716.39,,13.31,0,6980,10,True,nid005385,59113888
SparseHNSW_Bloom2_30_b12_s0x0_p2048,"M=32 efC=800 ef=100 alpha=0.85 beta=12 q=u8 pat=2048 bloomH=2 bloomT=30 bloomSrc=pruned",64,0.8554727794,0.9501,1961.8445,8.8400,0.0000,0.112892,"0.112391;0.112913;0.112892",16.173639,61829.00,,13.31,0,6980,10,True,nid005385,59113888
SparseHNSW_Bloom2_30_b12_s0x0_p2048,"M=32 efC=800 ef=200 alpha=0.85 beta=12 q=u8 pat=2048 bloomH=2 bloomT=30 bloomSrc=pruned",64,0.8797277937,0.9675,1961.8445,8.8400,0.0000,0.166857,"0.166857;0.166513;0.166958",23.905014,41832.23,,13.31,0,6980,10,True,nid005385,59113888
SparseHNSW_Bloom2_30_b12_s0x0_p2048,"M=32 efC=800 ef=400 alpha=0.85 beta=12 q=u8 pat=2048 bloomH=2 bloomT=30 bloomSrc=pruned",64,0.9199570201,0.9815,1961.8445,8.8400,0.0000,0.293405,"0.294010;0.293405;0.293361",42.035100,23789.64,,13.31,0,6980,10,True,nid005385,59113888
SparseHNSW_Bloom2_30_b12_s0x0_p2048,"M=32 efC=800 ef=800 alpha=0.85 beta=12 q=u8 pat=2048 bloomH=2 bloomT=30 bloomSrc=pruned",64,0.9564183381,0.9917,1961.8445,8.8400,0.0000,0.533708,"0.533122;0.533708;0.534551",76.462464,13078.31,,13.31,0,6980,10,True,nid005385,59113888
SparseHNSW_Bloom2_30_b12_s0x0_p2048,"M=32 efC=800 ef=1600 alpha=0.85 beta=12 q=u8 pat=2048 bloomH=2 bloomT=30 bloomSrc=pruned",64,0.9776361032,0.9963,1961.8445,8.8400,0.0000,0.983173,"0.983173;0.983416;0.982982",140.855731,7099.46,,13.31,0,6980,10,True,nid005385,59113888
SparseHNSW_Bloom2_30_b2_s8x4_p2048,"M=32 efC=800 ef=20 alpha=0.85 beta=2 q=u8 seedT=8 seedH=8 seedS=4 pat=2048 bloomH=2 bloomT=30 bloomSrc=pruned",64,0.8305014327,0.9567,1961.8445,8.8400,0.0000,0.039830,"0.039139;0.039830;0.040075",5.706304,175244.79,,13.31,0,6980,10,True,nid005385,59113888
SparseHNSW_Bloom2_30_b2_s8x4_p2048,"M=32 efC=800 ef=50 alpha=0.85 beta=2 q=u8 seedT=8 seedH=8 seedS=4 pat=2048 bloomH=2 bloomT=30 bloomSrc=pruned",64,0.8483381089,0.9678,1961.8445,8.8400,0.0000,0.053517,"0.053752;0.053492;0.053517",7.667192,130425.85,,13.31,0,6980,10,True,nid005385,59113888
SparseHNSW_Bloom2_30_b2_s8x4_p2048,"M=32 efC=800 ef=100 alpha=0.85 beta=2 q=u8 seedT=8 seedH=8 seedS=4 pat=2048 bloomH=2 bloomT=30 bloomSrc=pruned",64,0.8730945559,0.9784,1961.8445,8.8400,0.0000,0.090982,"0.091050;0.090982;0.090875",13.034670,76718.47,,13.31,0,6980,10,True,nid005385,59113888
SparseHNSW_Bloom2_30_b2_s8x4_p2048,"M=32 efC=800 ef=200 alpha=0.85 beta=2 q=u8 seedT=8 seedH=8 seedS=4 pat=2048 bloomH=2 bloomT=30 bloomSrc=pruned",64,0.9082951289,0.9875,1961.8445,8.8400,0.0000,0.157457,"0.157473;0.157447;0.157457",22.558309,44329.56,,13.31,0,6980,10,True,nid005385,59113888
SparseHNSW_Bloom2_30_b2_s8x4_p2048,"M=32 efC=800 ef=400 alpha=0.85 beta=2 q=u8 seedT=8 seedH=8 seedS=4 pat=2048 bloomH=2 bloomT=30 bloomSrc=pruned",64,0.9455873926,0.9938,1961.8445,8.8400,0.0000,0.285802,"0.285802;0.285500;0.285911",40.945845,24422.50,,13.31,0,6980,10,True,nid005385,59113888
SparseHNSW_Bloom2_30_b2_s8x4_p2048,"M=32 efC=800 ef=800 alpha=0.85 beta=2 q=u8 seedT=8 seedH=8 seedS=4 pat=2048 bloomH=2 bloomT=30 bloomSrc=pruned",64,0.9707736390,0.9980,1961.8445,8.8400,0.0000,0.528368,"0.528368;0.528499;0.527846",75.697421,13210.49,,13.31,0,6980,10,True,nid005385,59113888
SparseHNSW_Bloom2_30_b2_s8x4_p2048,"M=32 efC=800 ef=1600 alpha=0.85 beta=2 q=u8 seedT=8 seedH=8 seedS=4 pat=2048 bloomH=2 bloomT=30 bloomSrc=pruned",64,0.9820916905,0.9993,1961.8445,8.8400,0.0000,0.978394,"0.977701;0.978926;0.978394",140.171060,7134.14,,13.32,0,6980,10,True,nid005385,59113888
SparseHNSW_Bloom2_30_b3_s8x4_p2048,"M=32 efC=800 ef=20 alpha=0.85 beta=3 q=u8 seedT=8 seedH=8 seedS=4 pat=2048 bloomH=2 bloomT=30 bloomSrc=pruned",64,0.8323495702,0.9567,1961.8445,8.8400,0.0000,0.040090,"0.039688;0.040090;0.040365",5.743553,174108.26,,13.32,0,6980,10,True,nid005385,59113888
SparseHNSW_Bloom2_30_b3_s8x4_p2048,"M=32 efC=800 ef=50 alpha=0.85 beta=3 q=u8 seedT=8 seedH=8 seedS=4 pat=2048 bloomH=2 bloomT=30 bloomSrc=pruned",64,0.8504441261,0.9678,1961.8445,8.8400,0.0000,0.054162,"0.054072;0.054162;0.054447",7.759599,128872.64,,13.32,0,6980,10,True,nid005385,59113888
SparseHNSW_Bloom2_30_b3_s8x4_p2048,"M=32 efC=800 ef=100 alpha=0.85 beta=3 q=u8 seedT=8 seedH=8 seedS=4 pat=2048 bloomH=2 bloomT=30 bloomSrc=pruned",64,0.8753581662,0.9784,1961.8445,8.8400,0.0000,0.091038,"0.091054;0.090951;0.091038",13.042693,76671.28,,13.32,0,6980,10,True,nid005385,59113888
SparseHNSW_Bloom2_30_b3_s8x4_p2048,"M=32 efC=800 ef=200 alpha=0.85 beta=3 q=u8 seedT=8 seedH=8 seedS=4 pat=2048 bloomH=2 bloomT=30 bloomSrc=pruned",64,0.9107163324,0.9875,1961.8445,8.8400,0.0000,0.158299,"0.158099;0.158299;0.158429",22.678940,44093.77,,13.32,0,6980,10,True,nid005385,59113888
SparseHNSW_Bloom2_30_b3_s8x4_p2048,"M=32 efC=800 ef=400 alpha=0.85 beta=3 q=u8 seedT=8 seedH=8 seedS=4 pat=2048 bloomH=2 bloomT=30 bloomSrc=pruned",64,0.9482234957,0.9938,1961.8445,8.8400,0.0000,0.286538,"0.286951;0.286538;0.285905",41.051289,24359.77,,13.32,0,6980,10,True,nid005385,59113888
SparseHNSW_Bloom2_30_b3_s8x4_p2048,"M=32 efC=800 ef=800 alpha=0.85 beta=3 q=u8 seedT=8 seedH=8 seedS=4 pat=2048 bloomH=2 bloomT=30 bloomSrc=pruned",64,0.9737679083,0.9980,1961.8445,8.8400,0.0000,0.528606,"0.529034;0.528606;0.528422",75.731519,13204.54,,13.32,0,6980,10,True,nid005385,59113888
SparseHNSW_Bloom2_30_b3_s8x4_p2048,"M=32 efC=800 ef=1600 alpha=0.85 beta=3 q=u8 seedT=8 seedH=8 seedS=4 pat=2048 bloomH=2 bloomT=30 bloomSrc=pruned",64,0.9852865330,0.9993,1961.8445,8.8400,0.0000,0.979445,"0.979445;0.979940;0.977843",140.321633,7126.48,,13.32,0,6980,10,True,nid005385,59113888
SparseHNSW_Bloom2_30_b4_s8x4_p2048,"M=32 efC=800 ef=20 alpha=0.85 beta=4 q=u8 seedT=8 seedH=8 seedS=4 pat=2048 bloomH=2 bloomT=30 bloomSrc=pruned",64,0.8439684814,0.9645,1961.8445,8.8400,0.0000,0.046727,"0.046057;0.046915;0.046727",6.694413,149378.30,,13.32,0,6980,10,True,nid005385,59113888
SparseHNSW_Bloom2_30_b4_s8x4_p2048,"M=32 efC=800 ef=50 alpha=0.85 beta=4 q=u8 seedT=8 seedH=8 seedS=4 pat=2048 bloomH=2 bloomT=30 bloomSrc=pruned",64,0.8508452722,0.9678,1961.8445,8.8400,0.0000,0.054745,"0.054691;0.054893;0.054745",7.843123,127500.23,,13.32,0,6980,10,True,nid005385,59113888
SparseHNSW_Bloom2_30_b4_s8x4_p2048,"M=32 efC=800 ef=100 alpha=0.85 beta=4 q=u8 seedT=8 seedH=8 seedS=4 pat=2048 bloomH=2 bloomT=30 bloomSrc=pruned",64,0.8758022923,0.9784,1961.8445,8.8400,0.0000,0.092139,"0.091667;0.092139;0.092273",13.200430,75755.11,,13.32,0,6980,10,True,nid005385,59113888
SparseHNSW_Bloom2_30_b4_s8x4_p2048,"M=32 efC=800 ef=200 alpha=0.85 beta=4 q=u8 seedT=8 seedH=8 seedS=4 pat=2048 bloomH=2 bloomT=30 bloomSrc=pruned",64,0.9112177650,0.9875,1961.8445,8.8400,0.0000,0.158687,"0.158687;0.158598;0.158893",22.734527,43985.96,,13.32,0,6980,10,True,nid005385,59113888
SparseHNSW_Bloom2_30_b4_s8x4_p2048,"M=32 efC=800 ef=400 alpha=0.85 beta=4 q=u8 seedT=8 seedH=8 seedS=4 pat=2048 bloomH=2 bloomT=30 bloomSrc=pruned",64,0.9487679083,0.9938,1961.8445,8.8400,0.0000,0.287464,"0.287464;0.286916;0.287547",41.183954,24281.30,,13.32,0,6980,10,True,nid005385,59113888
SparseHNSW_Bloom2_30_b4_s8x4_p2048,"M=32 efC=800 ef=800 alpha=0.85 beta=4 q=u8 seedT=8 seedH=8 seedS=4 pat=2048 bloomH=2 bloomT=30 bloomSrc=pruned",64,0.9743696275,0.9980,1961.8445,8.8400,0.0000,0.529452,"0.529296;0.530516;0.529452",75.852722,13183.44,,13.32,0,6980,10,True,nid005385,59113888
SparseHNSW_Bloom2_30_b4_s8x4_p2048,"M=32 efC=800 ef=1600 alpha=0.85 beta=4 q=u8 seedT=8 seedH=8 seedS=4 pat=2048 bloomH=2 bloomT=30 bloomSrc=pruned",64,0.9859455587,0.9993,1961.8445,8.8400,0.0000,0.980153,"0.978941;0.980153;0.980635",140.423066,7121.34,,13.32,0,6980,10,True,nid005385,59113888
SparseHNSW_Bloom2_30_b5_s8x4_p2048,"M=32 efC=800 ef=20 alpha=0.85 beta=5 q=u8 seedT=8 seedH=8 seedS=4 pat=2048 bloomH=2 bloomT=30 bloomSrc=pruned",64,0.8509169054,0.9678,1961.8445,8.8400,0.0000,0.055189,"0.055120;0.055264;0.055189",7.906734,126474.48,,13.32,0,6980,10,True,nid005385,59113888
SparseHNSW_Bloom2_30_b5_s8x4_p2048,"M=32 efC=800 ef=50 alpha=0.85 beta=5 q=u8 seedT=8 seedH=8 seedS=4 pat=2048 bloomH=2 bloomT=30 bloomSrc=pruned",64,0.8509169054,0.9678,1961.8445,8.8400,0.0000,0.055383,"0.055375;0.055383;0.055712",7.934527,126031.45,,13.32,0,6980,10,True,nid005385,59113888
SparseHNSW_Bloom2_30_b5_s8x4_p2048,"M=32 efC=800 ef=100 alpha=0.85 beta=5 q=u8 seedT=8 seedH=8 seedS=4 pat=2048 bloomH=2 bloomT=30 bloomSrc=pruned",64,0.8759169054,0.9784,1961.8445,8.8400,0.0000,0.092501,"0.092501;0.092317;0.092799",13.252292,75458.64,,13.32,0,6980,10,True,nid005385,59113888
SparseHNSW_Bloom2_30_b5_s8x4_p2048,"M=32 efC=800 ef=200 alpha=0.85 beta=5 q=u8 seedT=8 seedH=8 seedS=4 pat=2048 bloomH=2 bloomT=30 bloomSrc=pruned",64,0.9113467049,0.9875,1961.8445,8.8400,0.0000,0.159504,"0.159504;0.159470;0.159668",22.851576,43760.66,,13.32,0,6980,10,True,nid005385,59113888
SparseHNSW_Bloom2_30_b5_s8x4_p2048,"M=32 efC=800 ef=400 alpha=0.85 beta=5 q=u8 seedT=8 seedH=8 seedS=4 pat=2048 bloomH=2 bloomT=30 bloomSrc=pruned",64,0.9489111748,0.9938,1961.8445,8.8400,0.0000,0.288222,"0.288778;0.288222;0.288109",41.292550,24217.44,,13.32,0,6980,10,True,nid005385,59113888
SparseHNSW_Bloom2_30_b5_s8x4_p2048,"M=32 efC=800 ef=800 alpha=0.85 beta=5 q=u8 seedT=8 seedH=8 seedS=4 pat=2048 bloomH=2 bloomT=30 bloomSrc=pruned",64,0.9745272206,0.9980,1961.8445,8.8400,0.0000,0.530286,"0.529630;0.530286;0.531060",75.972206,13162.71,,13.32,0,6980,10,True,nid005385,59113888
SparseHNSW_Bloom2_30_b5_s8x4_p2048,"M=32 efC=800 ef=1600 alpha=0.85 beta=5 q=u8 seedT=8 seedH=8 seedS=4 pat=2048 bloomH=2 bloomT=30 bloomSrc=pruned",64,0.9861174785,0.9993,1961.8445,8.8400,0.0000,0.980217,"0.979460;0.980423;0.980217",140.432235,7120.87,,13.32,0,6980,10,True,nid005385,59113888
SparseHNSW_Bloom2_30_b8_s8x4_p2048,"M=32 efC=800 ef=20 alpha=0.85 beta=8 q=u8 seedT=8 seedH=8 seedS=4 pat=2048 bloomH=2 bloomT=30 bloomSrc=pruned",64,0.8674641834,0.9752,1961.8445,8.8400,0.0000,0.080051,"0.079695;0.080178;0.080051",11.468625,87194.41,,13.32,0,6980,10,True,nid005385,59113888
SparseHNSW_Bloom2_30_b8_s8x4_p2048,"M=32 efC=800 ef=50 alpha=0.85 beta=8 q=u8 seedT=8 seedH=8 seedS=4 pat=2048 bloomH=2 bloomT=30 bloomSrc=pruned",64,0.8674641834,0.9752,1961.8445,8.8400,0.0000,0.080243,"0.080243;0.079840;0.080342",11.496132,86985.78,,13.32,0,6980,10,True,nid005385,59113888
SparseHNSW_Bloom2_30_b8_s8x4_p2048,"M=32 efC=800 ef=100 alpha=0.85 beta=8 q=u8 seedT=8 seedH=8 seedS=4 pat=2048 bloomH=2 bloomT=30 bloomSrc=pruned",64,0.8759885387,0.9784,1961.8445,8.8400,0.0000,0.094620,"0.094637;0.094620;0.094099",13.555874,73768.76,,13.32,0,6980,10,True,nid005385,59113888
SparseHNSW_Bloom2_30_b8_s8x4_p2048,"M=32 efC=800 ef=200 alpha=0.85 beta=8 q=u8 seedT=8 seedH=8 seedS=4 pat=2048 bloomH=2 bloomT=30 bloomSrc=pruned",64,0.9114183381,0.9875,1961.8445,8.8400,0.0000,0.162127,"0.162200;0.161677;0.162127",23.227364,43052.67,,13.32,0,6980,10,True,nid005385,59113888
SparseHNSW_Bloom2_30_b8_s8x4_p2048,"M=32 efC=800 ef=400 alpha=0.85 beta=8 q=u8 seedT=8 seedH=8 seedS=4 pat=2048 bloomH=2 bloomT=30 bloomSrc=pruned",64,0.9489828080,0.9938,1961.8445,8.8400,0.0000,0.290509,"0.290509;0.290076;0.290548",41.620201,24026.79,,13.32,0,6980,10,True,nid005385,59113888
SparseHNSW_Bloom2_30_b8_s8x4_p2048,"M=32 efC=800 ef=800 alpha=0.85 beta=8 q=u8 seedT=8 seedH=8 seedS=4 pat=2048 bloomH=2 bloomT=30 bloomSrc=pruned",64,0.9746131805,0.9980,1961.8445,8.8400,0.0000,0.532451,"0.532918;0.532451;0.531312",76.282378,13109.19,,13.32,0,6980,10,True,nid005385,59113888
SparseHNSW_Bloom2_30_b8_s8x4_p2048,"M=32 efC=800 ef=1600 alpha=0.85 beta=8 q=u8 seedT=8 seedH=8 seedS=4 pat=2048 bloomH=2 bloomT=30 bloomSrc=pruned",64,0.9862034384,0.9993,1961.8445,8.8400,0.0000,0.983393,"0.981909;0.983866;0.983393",140.887249,7097.87,,13.32,0,6980,10,True,nid005385,59113888
SparseHNSW_Bloom2_30_b12_s8x4_p2048,"M=32 efC=800 ef=20 alpha=0.85 beta=12 q=u8 seedT=8 seedH=8 seedS=4 pat=2048 bloomH=2 bloomT=30 bloomSrc=pruned",64,0.8836103152,0.9817,1961.8445,8.8400,0.0000,0.110916,"0.111159;0.110541;0.110916",15.890544,62930.51,,13.32,0,6980,10,True,nid005385,59113888
SparseHNSW_Bloom2_30_b12_s8x4_p2048,"M=32 efC=800 ef=50 alpha=0.85 beta=12 q=u8 seedT=8 seedH=8 seedS=4 pat=2048 bloomH=2 bloomT=30 bloomSrc=pruned",64,0.8836103152,0.9817,1961.8445,8.8400,0.0000,0.110624,"0.110454;0.110624;0.110658",15.848711,63096.62,,13.32,0,6980,10,True,nid005385,59113888
SparseHNSW_Bloom2_30_b12_s8x4_p2048,"M=32 efC=800 ef=100 alpha=0.85 beta=12 q=u8 seedT=8 seedH=8 seedS=4 pat=2048 bloomH=2 bloomT=30 bloomSrc=pruned",64,0.8836103152,0.9817,1961.8445,8.8400,0.0000,0.110935,"0.110710;0.110935;0.111011",15.893266,62919.73,,13.32,0,6980,10,True,nid005385,59113888
SparseHNSW_Bloom2_30_b12_s8x4_p2048,"M=32 efC=800 ef=200 alpha=0.85 beta=12 q=u8 seedT=8 seedH=8 seedS=4 pat=2048 bloomH=2 bloomT=30 bloomSrc=pruned",64,0.9114469914,0.9875,1961.8445,8.8400,0.0000,0.164813,"0.164927;0.164813;0.164739",23.612178,42351.03,,13.32,0,6980,10,True,nid005385,59113888
SparseHNSW_Bloom2_30_b12_s8x4_p2048,"M=32 efC=800 ef=400 alpha=0.85 beta=12 q=u8 seedT=8 seedH=8 seedS=4 pat=2048 bloomH=2 bloomT=30 bloomSrc=pruned",64,0.9490114613,0.9938,1961.8445,8.8400,0.0000,0.293594,"0.293211;0.293594;0.294243",42.062178,23774.33,,13.32,0,6980,10,True,nid005385,59113888
SparseHNSW_Bloom2_30_b12_s8x4_p2048,"M=32 efC=800 ef=800 alpha=0.85 beta=12 q=u8 seedT=8 seedH=8 seedS=4 pat=2048 bloomH=2 bloomT=30 bloomSrc=pruned",64,0.9746418338,0.9980,1961.8445,8.8400,0.0000,0.535331,"0.536342;0.535331;0.535091",76.694986,13038.66,,13.32,0,6980,10,True,nid005385,59113888
SparseHNSW_Bloom2_30_b12_s8x4_p2048,"M=32 efC=800 ef=1600 alpha=0.85 beta=12 q=u8 seedT=8 seedH=8 seedS=4 pat=2048 bloomH=2 bloomT=30 bloomSrc=pruned",64,0.9862464183,0.9993,1961.8445,8.8400,0.0000,0.985824,"0.986120;0.985824;0.984990",141.235530,7080.37,,13.32,0,6980,10,True,nid005385,59113888
