Model,Params,Threads,Recall,RR@10,IndexSec,LoadSec,ConvertSec,SearchSecMedian,SearchSecRuns,AmortizedUsPerQuery,QPS,LatencyUsSingleThread,PeakRSSGB,IndexBytes,NumQueries,K,ResultsOrdered,Host,JobID
SparseHNSW_Bloom2_30_b3_s0x0_p0,"M=48 efC=1600 ef=10 alpha=0.85 beta=3 q=u8 bloomH=2 bloomT=30 bloomSrc=pruned",64,0.8145558739,0.9246,4958.6141,8.6912,0.0000,0.054538,"0.053818;0.054538;0.054742",7.813467,127984.16,,14.30,0,6980,10,True,nid004845,59118635
SparseHNSW_Bloom2_30_b3_s0x0_p0,"M=48 efC=1600 ef=20 alpha=0.85 beta=3 q=u8 bloomH=2 bloomT=30 bloomSrc=pruned",64,0.8145558739,0.9246,4958.6141,8.6912,0.0000,0.054464,"0.054464;0.054481;0.054454",7.802865,128158.05,,14.30,0,6980,10,True,nid004845,59118635
SparseHNSW_Bloom2_30_b3_s0x0_p0,"M=48 efC=1600 ef=50 alpha=0.85 beta=3 q=u8 bloomH=2 bloomT=30 bloomSrc=pruned",64,0.8385816619,0.9450,4958.6141,8.6912,0.0000,0.078565,"0.078464;0.078629;0.078565",11.255731,88843.63,,14.30,0,6980,10,True,nid004845,59118635
SparseHNSW_Bloom2_30_b3_s0x0_p0,"M=48 efC=1600 ef=100 alpha=0.85 beta=3 q=u8 bloomH=2 bloomT=30 bloomSrc=pruned",64,0.8607020057,0.9649,4958.6141,8.6912,0.0000,0.131783,"0.131999;0.131719;0.131783",18.880086,52965.86,,14.30,0,6980,10,True,nid004845,59118635
SparseHNSW_Bloom2_30_b3_s0x0_p0,"M=48 efC=1600 ef=400 alpha=0.85 beta=3 q=u8 bloomH=2 bloomT=30 bloomSrc=pruned",64,0.9163610315,0.9861,4958.6141,8.6912,0.0000,0.415450,"0.415450;0.416845;0.415132",59.520057,16801.06,,14.30,0,6980,10,True,nid004845,59118635
SparseHNSW_Bloom2_30_b3_s0x0_p0,"M=48 efC=1600 ef=800 alpha=0.85 beta=3 q=u8 bloomH=2 bloomT=30 bloomSrc=pruned",64,0.9534097421,0.9930,4958.6141,8.6912,0.0000,0.766556,"0.766556;0.765104;0.767676",109.821777,9105.66,,14.30,0,6980,10,True,nid004845,59118635
SparseHNSW_Bloom2_30_b3_s0x0_p0,"M=48 efC=1600 ef=1600 alpha=0.85 beta=3 q=u8 bloomH=2 bloomT=30 bloomSrc=pruned",64,0.9793266476,0.9970,4958.6141,8.6912,0.0000,1.412820,"1.412820;1.414463;1.412125",202.409742,4940.47,,14.34,0,6980,10,True,nid004845,59118635
SparseHNSW_Bloom2_30_b3_s0x0_p0,"M=48 efC=1600 ef=3200 alpha=0.85 beta=3 q=u8 bloomH=2 bloomT=30 bloomSrc=pruned",64,0.9900429799,0.9991,4958.6141,8.6912,0.0000,2.570245,"2.570245;2.569374;2.571059",368.229943,2715.69,,14.41,0,6980,10,True,nid004845,59118635
SparseHNSW_Bloom2_30_b3_s0x0_p0,"M=48 efC=1600 ef=6400 alpha=0.85 beta=3 q=u8 bloomH=2 bloomT=30 bloomSrc=pruned",64,0.9952005731,1.0000,4958.6141,8.6912,0.0000,4.651160,"4.650476;4.651244;4.651160",666.355301,1500.70,,14.53,0,6980,10,True,nid004845,59118635
SparseHNSW_Bloom2_30_b4_s0x0_p0,"M=48 efC=1600 ef=10 alpha=0.85 beta=4 q=u8 bloomH=2 bloomT=30 bloomSrc=pruned",64,0.8278510029,0.9354,4958.6141,8.6912,0.0000,0.066859,"0.066764;0.066859;0.067204",9.578653,104398.81,,14.53,0,6980,10,True,nid004845,59118635
SparseHNSW_Bloom2_30_b4_s0x0_p0,"M=48 efC=1600 ef=20 alpha=0.85 beta=4 q=u8 bloomH=2 bloomT=30 bloomSrc=pruned",64,0.8278510029,0.9354,4958.6141,8.6912,0.0000,0.067020,"0.067556;0.067005;0.067020",9.601719,104148.02,,14.53,0,6980,10,True,nid004845,59118635
SparseHNSW_Bloom2_30_b4_s0x0_p0,"M=48 efC=1600 ef=50 alpha=0.85 beta=4 q=u8 bloomH=2 bloomT=30 bloomSrc=pruned",64,0.8389684814,0.9450,4958.6141,8.6912,0.0000,0.078839,"0.079028;0.078839;0.078473",11.294986,88534.86,,14.53,0,6980,10,True,nid004845,59118635
SparseHNSW_Bloom2_30_b4_s0x0_p0,"M=48 efC=1600 ef=100 alpha=0.85 beta=4 q=u8 bloomH=2 bloomT=30 bloomSrc=pruned",64,0.8611461318,0.9649,4958.6141,8.6912,0.0000,0.132327,"0.132327;0.132125;0.132584",18.958023,52748.12,,14.53,0,6980,10,True,nid004845,59118635
SparseHNSW_Bloom2_30_b4_s0x0_p0,"M=48 efC=1600 ef=400 alpha=0.85 beta=4 q=u8 bloomH=2 bloomT=30 bloomSrc=pruned",64,0.9169054441,0.9861,4958.6141,8.6912,0.0000,0.416205,"0.416205;0.416047;0.416452",59.628223,16770.58,,14.53,0,6980,10,True,nid004845,59118635
SparseHNSW_Bloom2_30_b4_s0x0_p0,"M=48 efC=1600 ef=800 alpha=0.85 beta=4 q=u8 bloomH=2 bloomT=30 bloomSrc=pruned",64,0.9539971347,0.9930,4958.6141,8.6912,0.0000,0.766836,"0.766537;0.767890;0.766836",109.861891,9102.34,,14.53,0,6980,10,True,nid004845,59118635
SparseHNSW_Bloom2_30_b4_s0x0_p0,"M=48 efC=1600 ef=1600 alpha=0.85 beta=4 q=u8 bloomH=2 bloomT=30 bloomSrc=pruned",64,0.9799570201,0.9970,4958.6141,8.6912,0.0000,1.412674,"1.412674;1.411248;1.412859",202.388825,4940.98,,14.53,0,6980,10,True,nid004845,59118635
SparseHNSW_Bloom2_30_b4_s0x0_p0,"M=48 efC=1600 ef=3200 alpha=0.85 beta=4 q=u8 bloomH=2 bloomT=30 bloomSrc=pruned",64,0.9907163324,0.9991,4958.6141,8.6912,0.0000,2.571156,"2.571156;2.572153;2.569303",368.360458,2714.73,,14.53,0,6980,10,True,nid004845,59118635
SparseHNSW_Bloom2_30_b4_s0x0_p0,"M=48 efC=1600 ef=6400 alpha=0.85 beta=4 q=u8 bloomH=2 bloomT=30 bloomSrc=pruned",64,0.9958595989,1.0000,4958.6141,8.6912,0.0000,4.649894,"4.647861;4.656522;4.649894",666.173926,1501.11,,14.53,0,6980,10,True,nid004845,59118635
SparseHNSW_Bloom2_30_b5_s0x0_p0,"M=48 efC=1600 ef=10 alpha=0.85 beta=5 q=u8 bloomH=2 bloomT=30 bloomSrc=pruned",64,0.8390401146,0.9450,4958.6141,8.6912,0.0000,0.079601,"0.079349;0.079845;0.079601",11.404155,87687.34,,14.53,0,6980,10,True,nid004845,59118635
SparseHNSW_Bloom2_30_b5_s0x0_p0,"M=48 efC=1600 ef=20 alpha=0.85 beta=5 q=u8 bloomH=2 bloomT=30 bloomSrc=pruned",64,0.8390401146,0.9450,4958.6141,8.6912,0.0000,0.079233,"0.079187;0.079755;0.079233",11.351433,88094.61,,14.53,0,6980,10,True,nid004845,59118635
SparseHNSW_Bloom2_30_b5_s0x0_p0,"M=48 efC=1600 ef=50 alpha=0.85 beta=5 q=u8 bloomH=2 bloomT=30 bloomSrc=pruned",64,0.8390401146,0.9450,4958.6141,8.6912,0.0000,0.079882,"0.079882;0.079787;0.080079",11.444413,87378.88,,14.53,0,6980,10,True,nid004845,59118635
SparseHNSW_Bloom2_30_b5_s0x0_p0,"M=48 efC=1600 ef=100 alpha=0.85 beta=5 q=u8 bloomH=2 bloomT=30 bloomSrc=pruned",64,0.8612607450,0.9649,4958.6141,8.6912,0.0000,0.132638,"0.132638;0.133263;0.132573",19.002579,52624.44,,14.53,0,6980,10,True,nid004845,59118635
SparseHNSW_Bloom2_30_b5_s0x0_p0,"M=48 efC=1600 ef=400 alpha=0.85 beta=5 q=u8 bloomH=2 bloomT=30 bloomSrc=pruned",64,0.9170343840,0.9861,4958.6141,8.6912,0.0000,0.416239,"0.416239;0.417552;0.414991",59.633095,16769.21,,14.53,0,6980,10,True,nid004845,59118635
SparseHNSW_Bloom2_30_b5_s0x0_p0,"M=48 efC=1600 ef=800 alpha=0.85 beta=5 q=u8 bloomH=2 bloomT=30 bloomSrc=pruned",64,0.9541404011,0.9930,4958.6141,8.6912,0.0000,0.767585,"0.768383;0.767215;0.767585",109.969198,9093.46,,14.53,0,6980,10,True,nid004845,59118635
SparseHNSW_Bloom2_30_b5_s0x0_p0,"M=48 efC=1600 ef=1600 alpha=0.85 beta=5 q=u8 bloomH=2 bloomT=30 bloomSrc=pruned",64,0.9801146132,0.9970,4958.6141,8.6912,0.0000,1.411693,"1.411614;1.411693;1.413138",202.248281,4944.42,,14.53,0,6980,10,True,nid004845,59118635
SparseHNSW_Bloom2_30_b5_s0x0_p0,"M=48 efC=1600 ef=3200 alpha=0.85 beta=5 q=u8 bloomH=2 bloomT=30 bloomSrc=pruned",64,0.9908739255,0.9991,4958.6141,8.6912,0.0000,2.570582,"2.571336;2.569256;2.570582",368.278223,2715.34,,14.53,0,6980,10,True,nid004845,59118635
SparseHNSW_Bloom2_30_b5_s0x0_p0,"M=48 efC=1600 ef=6400 alpha=0.85 beta=5 q=u8 bloomH=2 bloomT=30 bloomSrc=pruned",64,0.9960315186,1.0000,4958.6141,8.6912,0.0000,4.648939,"4.649886;4.648939;4.647425",666.037106,1501.42,,14.53,0,6980,10,True,nid004845,59118635
SparseHNSW_Bloom2_30_b8_s0x0_p0,"M=48 efC=1600 ef=10 alpha=0.85 beta=8 q=u8 bloomH=2 bloomT=30 bloomSrc=pruned",64,0.8548853868,0.9597,4958.6141,8.6912,0.0000,0.114156,"0.114370;0.114156;0.113700",16.354728,61144.40,,14.53,0,6980,10,True,nid004845,59118635
SparseHNSW_Bloom2_30_b8_s0x0_p0,"M=48 efC=1600 ef=20 alpha=0.85 beta=8 q=u8 bloomH=2 bloomT=30 bloomSrc=pruned",64,0.8548853868,0.9597,4958.6141,8.6912,0.0000,0.113528,"0.113444;0.113715;0.113528",16.264756,61482.63,,14.53,0,6980,10,True,nid004845,59118635
SparseHNSW_Bloom2_30_b8_s0x0_p0,"M=48 efC=1600 ef=50 alpha=0.85 beta=8 q=u8 bloomH=2 bloomT=30 bloomSrc=pruned",64,0.8548853868,0.9597,4958.6141,8.6912,0.0000,0.113295,"0.113295;0.114139;0.113166",16.231375,61609.07,,14.53,0,6980,10,True,nid004845,59118635
SparseHNSW_Bloom2_30_b8_s0x0_p0,"M=48 efC=1600 ef=100 alpha=0.85 beta=8 q=u8 bloomH=2 bloomT=30 bloomSrc=pruned",64,0.8613323782,0.9649,4958.6141,8.6912,0.0000,0.134515,"0.134515;0.134061;0.134753",19.271490,51890.12,,14.53,0,6980,10,True,nid004845,59118635
SparseHNSW_Bloom2_30_b8_s0x0_p0,"M=48 efC=1600 ef=400 alpha=0.85 beta=8 q=u8 bloomH=2 bloomT=30 bloomSrc=pruned",64,0.9171203438,0.9861,4958.6141,8.6912,0.0000,0.418852,"0.419355;0.418810;0.418852",60.007450,16664.60,,14.53,0,6980,10,True,nid004845,59118635
SparseHNSW_Bloom2_30_b8_s0x0_p0,"M=48 efC=1600 ef=800 alpha=0.85 beta=8 q=u8 bloomH=2 bloomT=30 bloomSrc=pruned",64,0.9542263610,0.9930,4958.6141,8.6912,0.0000,0.769449,"0.769999;0.768834;0.769449",110.236246,9071.43,,14.53,0,6980,10,True,nid004845,59118635
SparseHNSW_Bloom2_30_b8_s0x0_p0,"M=48 efC=1600 ef=1600 alpha=0.85 beta=8 q=u8 bloomH=2 bloomT=30 bloomSrc=pruned",64,0.9802148997,0.9970,4958.6141,8.6912,0.0000,1.415092,"1.415092;1.414759;1.416591",202.735244,4932.54,,14.53,0,6980,10,True,nid004845,59118635
SparseHNSW_Bloom2_30_b8_s0x0_p0,"M=48 efC=1600 ef=3200 alpha=0.85 beta=8 q=u8 bloomH=2 bloomT=30 bloomSrc=pruned",64,0.9909742120,0.9991,4958.6141,8.6912,0.0000,2.572468,"2.572181;2.572468;2.572979",368.548424,2713.35,,14.53,0,6980,10,True,nid004845,59118635
SparseHNSW_Bloom2_30_b8_s0x0_p0,"M=48 efC=1600 ef=6400 alpha=0.85 beta=8 q=u8 bloomH=2 bloomT=30 bloomSrc=pruned",64,0.9961318052,1.0000,4958.6141,8.6912,0.0000,4.642911,"4.640221;4.642911;4.648017",665.173496,1503.37,,14.53,0,6980,10,True,nid004845,59118635
SparseHNSW_Bloom2_30_b12_s0x0_p0,"M=48 efC=1600 ef=10 alpha=0.85 beta=12 q=u8 bloomH=2 bloomT=30 bloomSrc=pruned",64,0.8655444126,0.9672,4958.6141,8.6912,0.0000,0.157391,"0.157883;0.157391;0.157253",22.548854,44348.15,,14.53,0,6980,10,True,nid004845,59118635
SparseHNSW_Bloom2_30_b12_s0x0_p0,"M=48 efC=1600 ef=20 alpha=0.85 beta=12 q=u8 bloomH=2 bloomT=30 bloomSrc=pruned",64,0.8655444126,0.9672,4958.6141,8.6912,0.0000,0.157230,"0.157230;0.157516;0.156699",22.525788,44393.56,,14.53,0,6980,10,True,nid004845,59118635
SparseHNSW_Bloom2_30_b12_s0x0_p0,"M=48 efC=1600 ef=50 alpha=0.85 beta=12 q=u8 bloomH=2 bloomT=30 bloomSrc=pruned",64,0.8655444126,0.9672,4958.6141,8.6912,0.0000,0.157321,"0.157372;0.157202;0.157321",22.538825,44367.88,,14.53,0,6980,10,True,nid004845,59118635
SparseHNSW_Bloom2_30_b12_s0x0_p0,"M=48 efC=1600 ef=100 alpha=0.85 beta=12 q=u8 bloomH=2 bloomT=30 bloomSrc=pruned",64,0.8655444126,0.9672,4958.6141,8.6912,0.0000,0.157160,"0.157160;0.156958;0.157646",22.515759,44413.34,,14.53,0,6980,10,True,nid004845,59118635
SparseHNSW_Bloom2_30_b12_s0x0_p0,"M=48 efC=1600 ef=400 alpha=0.85 beta=12 q=u8 bloomH=2 bloomT=30 bloomSrc=pruned",64,0.9171489971,0.9861,4958.6141,8.6912,0.0000,0.421479,"0.421479;0.421433;0.421543",60.383811,16560.73,,14.53,0,6980,10,True,nid004845,59118635
SparseHNSW_Bloom2_30_b12_s0x0_p0,"M=48 efC=1600 ef=800 alpha=0.85 beta=12 q=u8 bloomH=2 bloomT=30 bloomSrc=pruned",64,0.9542550143,0.9930,4958.6141,8.6912,0.0000,0.771731,"0.771731;0.771676;0.772478",110.563181,9044.60,,14.53,0,6980,10,True,nid004845,59118635
SparseHNSW_Bloom2_30_b12_s0x0_p0,"M=48 efC=1600 ef=1600 alpha=0.85 beta=12 q=u8 bloomH=2 bloomT=30 bloomSrc=pruned",64,0.9802435530,0.9970,4958.6141,8.6912,0.0000,1.417423,"1.416883;1.418399;1.417423",203.069198,4924.43,,14.53,0,6980,10,True,nid004845,59118635
SparseHNSW_Bloom2_30_b12_s0x0_p0,"M=48 efC=1600 ef=3200 alpha=0.85 beta=12 q=u8 bloomH=2 bloomT=30 bloomSrc=pruned",64,0.9910171920,0.9991,4958.6141,8.6912,0.0000,2.579089,"2.579089;2.579141;2.575428",369.496991,2706.38,,14.53,0,6980,10,True,nid004845,59118635
SparseHNSW_Bloom2_30_b12_s0x0_p0,"M=48 efC=1600 ef=6400 alpha=0.85 beta=12 q=u8 bloomH=2 bloomT=30 bloomSrc=pruned",64,0.9961747851,1.0000,4958.6141,8.6912,0.0000,4.645915,"4.647250;4.645262;4.645915",665.603868,1502.40,,14.53,0,6980,10,True,nid004845,59118635
SparseHNSW_Bloom2_30_b16_s0x0_p0,"M=48 efC=1600 ef=10 alpha=0.85 beta=16 q=u8 bloomH=2 bloomT=30 bloomSrc=pruned",64,0.8743553009,0.9716,4958.6141,8.6912,0.0000,0.199261,"0.199415;0.199039;0.199261",28.547421,35029.43,,14.53,0,6980,10,True,nid004845,59118635
SparseHNSW_Bloom2_30_b16_s0x0_p0,"M=48 efC=1600 ef=20 alpha=0.85 beta=16 q=u8 bloomH=2 bloomT=30 bloomSrc=pruned",64,0.8743553009,0.9716,4958.6141,8.6912,0.0000,0.198716,"0.198360;0.199087;0.198716",28.469341,35125.51,,14.53,0,6980,10,True,nid004845,59118635
SparseHNSW_Bloom2_30_b16_s0x0_p0,"M=48 efC=1600 ef=50 alpha=0.85 beta=16 q=u8 bloomH=2 bloomT=30 bloomSrc=pruned",64,0.8743553009,0.9716,4958.6141,8.6912,0.0000,0.198601,"0.198874;0.198601;0.198542",28.452865,35145.85,,14.53,0,6980,10,True,nid004845,59118635
SparseHNSW_Bloom2_30_b16_s0x0_p0,"M=48 efC=1600 ef=100 alpha=0.85 beta=16 q=u8 bloomH=2 bloomT=30 bloomSrc=pruned",64,0.8743553009,0.9716,4958.6141,8.6912,0.0000,0.198596,"0.198866;0.198596;0.198434",28.452149,35146.73,,14.53,0,6980,10,True,nid004845,59118635
SparseHNSW_Bloom2_30_b16_s0x0_p0,"M=48 efC=1600 ef=400 alpha=0.85 beta=16 q=u8 bloomH=2 bloomT=30 bloomSrc=pruned",64,0.9171489971,0.9861,4958.6141,8.6912,0.0000,0.423663,"0.423163;0.423780;0.423663",60.696705,16475.36,,14.53,0,6980,10,True,nid004845,59118635
SparseHNSW_Bloom2_30_b16_s0x0_p0,"M=48 efC=1600 ef=800 alpha=0.85 beta=16 q=u8 bloomH=2 bloomT=30 bloomSrc=pruned",64,0.9542550143,0.9930,4958.6141,8.6912,0.0000,0.773767,"0.773767;0.773173;0.773908",110.854871,9020.80,,14.53,0,6980,10,True,nid004845,59118635
SparseHNSW_Bloom2_30_b16_s0x0_p0,"M=48 efC=1600 ef=1600 alpha=0.85 beta=16 q=u8 bloomH=2 bloomT=30 bloomSrc=pruned",64,0.9802435530,0.9970,4958.6141,8.6912,0.0000,1.419396,"1.418621;1.419431;1.419396",203.351862,4917.58,,14.53,0,6980,10,True,nid004845,59118635
SparseHNSW_Bloom2_30_b16_s0x0_p0,"M=48 efC=1600 ef=3200 alpha=0.85 beta=16 q=u8 bloomH=2 bloomT=30 bloomSrc=pruned",64,0.9910171920,0.9991,4958.6141,8.6912,0.0000,2.576922,"2.576922;2.578380;2.576510",369.186533,2708.66,,14.53,0,6980,10,True,nid004845,59118635
SparseHNSW_Bloom2_30_b16_s0x0_p0,"M=48 efC=1600 ef=6400 alpha=0.85 beta=16 q=u8 bloomH=2 bloomT=30 bloomSrc=pruned",64,0.9961747851,1.0000,4958.6141,8.6912,0.0000,4.654400,"4.650425;4.654430;4.654400",666.819484,1499.66,,14.53,0,6980,10,True,nid004845,59118635
SparseHNSW_Bloom2_30_b3_s8x4_p0,"M=48 efC=1600 ef=10 alpha=0.85 beta=3 q=u8 seedT=8 seedH=8 seedS=4 bloomH=2 bloomT=30 bloomSrc=pruned",64,0.8446991404,0.9683,4958.6141,8.6912,0.0000,0.054730,"0.054702;0.054730;0.054903",7.840974,127535.17,,14.53,0,6980,10,True,nid004845,59118635
SparseHNSW_Bloom2_30_b3_s8x4_p0,"M=48 efC=1600 ef=20 alpha=0.85 beta=3 q=u8 seedT=8 seedH=8 seedS=4 bloomH=2 bloomT=30 bloomSrc=pruned",64,0.8446991404,0.9683,4958.6141,8.6912,0.0000,0.055274,"0.055274;0.055555;0.055153",7.918911,126279.99,,14.53,0,6980,10,True,nid004845,59118635
SparseHNSW_Bloom2_30_b3_s8x4_p0,"M=48 efC=1600 ef=50 alpha=0.85 beta=3 q=u8 seedT=8 seedH=8 seedS=4 bloomH=2 bloomT=30 bloomSrc=pruned",64,0.8600859599,0.9765,4958.6141,8.6912,0.0000,0.075212,"0.075213;0.074907;0.075212",10.775358,92804.34,,14.53,0,6980,10,True,nid004845,59118635
SparseHNSW_Bloom2_30_b3_s8x4_p0,"M=48 efC=1600 ef=100 alpha=0.85 beta=3 q=u8 seedT=8 seedH=8 seedS=4 bloomH=2 bloomT=30 bloomSrc=pruned",64,0.8771776504,0.9850,4958.6141,8.6912,0.0000,0.129538,"0.129517;0.129538;0.129906",18.558453,53883.80,,14.53,0,6980,10,True,nid004845,59118635
SparseHNSW_Bloom2_30_b3_s8x4_p0,"M=48 efC=1600 ef=400 alpha=0.85 beta=3 q=u8 seedT=8 seedH=8 seedS=4 bloomH=2 bloomT=30 bloomSrc=pruned",64,0.9439398281,0.9966,4958.6141,8.6912,0.0000,0.416281,"0.416281;0.415973;0.416541",59.639112,16767.52,,14.53,0,6980,10,True,nid004845,59118635
SparseHNSW_Bloom2_30_b3_s8x4_p0,"M=48 efC=1600 ef=800 alpha=0.85 beta=3 q=u8 seedT=8 seedH=8 seedS=4 bloomH=2 bloomT=30 bloomSrc=pruned",64,0.9743553009,0.9987,4958.6141,8.6912,0.0000,0.770087,"0.771143;0.769797;0.770087",110.327650,9063.91,,14.53,0,6980,10,True,nid004845,59118635
SparseHNSW_Bloom2_30_b3_s8x4_p0,"M=48 efC=1600 ef=1600 alpha=0.85 beta=3 q=u8 seedT=8 seedH=8 seedS=4 bloomH=2 bloomT=30 bloomSrc=pruned",64,0.9879369628,0.9994,4958.6141,8.6912,0.0000,1.418460,"1.418975;1.418460;1.418009",203.217765,4920.83,,14.53,0,6980,10,True,nid004845,59118635
SparseHNSW_Bloom2_30_b3_s8x4_p0,"M=48 efC=1600 ef=3200 alpha=0.85 beta=3 q=u8 seedT=8 seedH=8 seedS=4 bloomH=2 bloomT=30 bloomSrc=pruned",64,0.9931518625,1.0000,4958.6141,8.6912,0.0000,2.577541,"2.575632;2.577541;2.578082",369.275215,2708.01,,14.53,0,6980,10,True,nid004845,59118635
SparseHNSW_Bloom2_30_b3_s8x4_p0,"M=48 efC=1600 ef=6400 alpha=0.85 beta=3 q=u8 seedT=8 seedH=8 seedS=4 bloomH=2 bloomT=30 bloomSrc=pruned",64,0.9954584527,1.0000,4958.6141,8.6912,0.0000,4.645409,"4.649105;4.645409;4.644689",665.531375,1502.56,,14.53,0,6980,10,True,nid004845,59118635
SparseHNSW_Bloom2_30_b4_s8x4_p0,"M=48 efC=1600 ef=10 alpha=0.85 beta=4 q=u8 seedT=8 seedH=8 seedS=4 bloomH=2 bloomT=30 bloomSrc=pruned",64,0.8547994269,0.9745,4958.6141,8.6912,0.0000,0.064090,"0.063984;0.064090;0.064550",9.181948,108909.35,,14.53,0,6980,10,True,nid004845,59118635
SparseHNSW_Bloom2_30_b4_s8x4_p0,"M=48 efC=1600 ef=20 alpha=0.85 beta=4 q=u8 seedT=8 seedH=8 seedS=4 bloomH=2 bloomT=30 bloomSrc=pruned",64,0.8547994269,0.9745,4958.6141,8.6912,0.0000,0.064341,"0.064198;0.064350;0.064341",9.217908,108484.48,,14.53,0,6980,10,True,nid004845,59118635
SparseHNSW_Bloom2_30_b4_s8x4_p0,"M=48 efC=1600 ef=50 alpha=0.85 beta=4 q=u8 seedT=8 seedH=8 seedS=4 bloomH=2 bloomT=30 bloomSrc=pruned",64,0.8604871060,0.9765,4958.6141,8.6912,0.0000,0.075842,"0.076130;0.075842;0.075778",10.865616,92033.44,,14.53,0,6980,10,True,nid004845,59118635
SparseHNSW_Bloom2_30_b4_s8x4_p0,"M=48 efC=1600 ef=100 alpha=0.85 beta=4 q=u8 seedT=8 seedH=8 seedS=4 bloomH=2 bloomT=30 bloomSrc=pruned",64,0.8776361032,0.9850,4958.6141,8.6912,0.0000,0.130041,"0.130062;0.129975;0.130041",18.630516,53675.38,,14.53,0,6980,10,True,nid004845,59118635
SparseHNSW_Bloom2_30_b4_s8x4_p0,"M=48 efC=1600 ef=400 alpha=0.85 beta=4 q=u8 seedT=8 seedH=8 seedS=4 bloomH=2 bloomT=30 bloomSrc=pruned",64,0.9444842407,0.9966,4958.6141,8.6912,0.0000,0.416287,"0.416812;0.416287;0.416286",59.639971,16767.28,,14.53,0,6980,10,True,nid004845,59118635
SparseHNSW_Bloom2_30_b4_s8x4_p0,"M=48 efC=1600 ef=800 alpha=0.85 beta=4 q=u8 seedT=8 seedH=8 seedS=4 bloomH=2 bloomT=30 bloomSrc=pruned",64,0.9749283668,0.9987,4958.6141,8.6912,0.0000,0.770130,"0.770130;0.770255;0.768995",110.333811,9063.40,,14.53,0,6980,10,True,nid004845,59118635
SparseHNSW_Bloom2_30_b4_s8x4_p0,"M=48 efC=1600 ef=1600 alpha=0.85 beta=4 q=u8 seedT=8 seedH=8 seedS=4 bloomH=2 bloomT=30 bloomSrc=pruned",64,0.9885673352,0.9994,4958.6141,8.6912,0.0000,1.417695,"1.416718;1.417695;1.418182",203.108166,4923.48,,14.53,0,6980,10,True,nid004845,59118635
SparseHNSW_Bloom2_30_b4_s8x4_p0,"M=48 efC=1600 ef=3200 alpha=0.85 beta=4 q=u8 seedT=8 seedH=8 seedS=4 bloomH=2 bloomT=30 bloomSrc=pruned",64,0.9938108883,1.0000,4958.6141,8.6912,0.0000,2.576862,"2.574800;2.576862;2.577403",369.177937,2708.72,,14.53,0,6980,10,True,nid004845,59118635
SparseHNSW_Bloom2_30_b4_s8x4_p0,"M=48 efC=1600 ef=6400 alpha=0.85 beta=4 q=u8 seedT=8 seedH=8 seedS=4 bloomH=2 bloomT=30 bloomSrc=pruned",64,0.9961174785,1.0000,4958.6141,8.6912,0.0000,4.646662,"4.652562;4.643734;4.646662",665.710888,1502.15,,14.53,0,6980,10,True,nid004845,59118635
SparseHNSW_Bloom2_30_b5_s8x4_p0,"M=48 efC=1600 ef=10 alpha=0.85 beta=5 q=u8 seedT=8 seedH=8 seedS=4 bloomH=2 bloomT=30 bloomSrc=pruned",64,0.8605730659,0.9765,4958.6141,8.6912,0.0000,0.076238,"0.076125;0.076282;0.076238",10.922350,91555.39,,14.53,0,6980,10,True,nid004845,59118635
SparseHNSW_Bloom2_30_b5_s8x4_p0,"M=48 efC=1600 ef=20 alpha=0.85 beta=5 q=u8 seedT=8 seedH=8 seedS=4 bloomH=2 bloomT=30 bloomSrc=pruned",64,0.8605730659,0.9765,4958.6141,8.6912,0.0000,0.076345,"0.076630;0.076345;0.075867",10.937679,91427.07,,14.53,0,6980,10,True,nid004845,59118635
SparseHNSW_Bloom2_30_b5_s8x4_p0,"M=48 efC=1600 ef=50 alpha=0.85 beta=5 q=u8 seedT=8 seedH=8 seedS=4 bloomH=2 bloomT=30 bloomSrc=pruned",64,0.8605730659,0.9765,4958.6141,8.6912,0.0000,0.076370,"0.077110;0.076216;0.076370",10.941261,91397.15,,14.53,0,6980,10,True,nid004845,59118635
SparseHNSW_Bloom2_30_b5_s8x4_p0,"M=48 efC=1600 ef=100 alpha=0.85 beta=5 q=u8 seedT=8 seedH=8 seedS=4 bloomH=2 bloomT=30 bloomSrc=pruned",64,0.8777507163,0.9850,4958.6141,8.6912,0.0000,0.130590,"0.130147;0.130785;0.130590",18.709169,53449.73,,14.53,0,6980,10,True,nid004845,59118635
SparseHNSW_Bloom2_30_b5_s8x4_p0,"M=48 efC=1600 ef=400 alpha=0.85 beta=5 q=u8 seedT=8 seedH=8 seedS=4 bloomH=2 bloomT=30 bloomSrc=pruned",64,0.9446275072,0.9966,4958.6141,8.6912,0.0000,0.417104,"0.417823;0.416474;0.417104",59.757020,16734.44,,14.53,0,6980,10,True,nid004845,59118635
SparseHNSW_Bloom2_30_b5_s8x4_p0,"M=48 efC=1600 ef=800 alpha=0.85 beta=5 q=u8 seedT=8 seedH=8 seedS=4 bloomH=2 bloomT=30 bloomSrc=pruned",64,0.9750859599,0.9987,4958.6141,8.6912,0.0000,0.770381,"0.770381;0.770839;0.770088",110.369771,9060.45,,14.53,0,6980,10,True,nid004845,59118635
SparseHNSW_Bloom2_30_b5_s8x4_p0,"M=48 efC=1600 ef=1600 alpha=0.85 beta=5 q=u8 seedT=8 seedH=8 seedS=4 bloomH=2 bloomT=30 bloomSrc=pruned",64,0.9887392550,0.9994,4958.6141,8.6912,0.0000,1.418558,"1.419521;1.418558;1.418394",203.231805,4920.49,,14.53,0,6980,10,True,nid004845,59118635
SparseHNSW_Bloom2_30_b5_s8x4_p0,"M=48 efC=1600 ef=3200 alpha=0.85 beta=5 q=u8 seedT=8 seedH=8 seedS=4 bloomH=2 bloomT=30 bloomSrc=pruned",64,0.9939828080,1.0000,4958.6141,8.6912,0.0000,2.575795,"2.575795;2.576650;2.573626",369.025072,2709.84,,14.53,0,6980,10,True,nid004845,59118635
SparseHNSW_Bloom2_30_b5_s8x4_p0,"M=48 efC=1600 ef=6400 alpha=0.85 beta=5 q=u8 seedT=8 seedH=8 seedS=4 bloomH=2 bloomT=30 bloomSrc=pruned",64,0.9962893983,1.0000,4958.6141,8.6912,0.0000,4.643482,"4.643212;4.643482;4.647559",665.255301,1503.18,,14.53,0,6980,10,True,nid004845,59118635
SparseHNSW_Bloom2_30_b8_s8x4_p0,"M=48 efC=1600 ef=10 alpha=0.85 beta=8 q=u8 seedT=8 seedH=8 seedS=4 bloomH=2 bloomT=30 bloomSrc=pruned",64,0.8705587393,0.9825,4958.6141,8.6912,0.0000,0.111479,"0.111479;0.111413;0.111544",15.971203,62612.69,,14.53,0,6980,10,True,nid004845,59118635
SparseHNSW_Bloom2_30_b8_s8x4_p0,"M=48 efC=1600 ef=20 alpha=0.85 beta=8 q=u8 seedT=8 seedH=8 seedS=4 bloomH=2 bloomT=30 bloomSrc=pruned",64,0.8705587393,0.9825,4958.6141,8.6912,0.0000,0.111499,"0.111499;0.111206;0.112120",15.974069,62601.46,,14.53,0,6980,10,True,nid004845,59118635
SparseHNSW_Bloom2_30_b8_s8x4_p0,"M=48 efC=1600 ef=50 alpha=0.85 beta=8 q=u8 seedT=8 seedH=8 seedS=4 bloomH=2 bloomT=30 bloomSrc=pruned",64,0.8705587393,0.9825,4958.6141,8.6912,0.0000,0.111776,"0.111776;0.111788;0.111037",16.013754,62446.32,,14.53,0,6980,10,True,nid004845,59118635
SparseHNSW_Bloom2_30_b8_s8x4_p0,"M=48 efC=1600 ef=100 alpha=0.85 beta=8 q=u8 seedT=8 seedH=8 seedS=4 bloomH=2 bloomT=30 bloomSrc=pruned",64,0.8778223496,0.9850,4958.6141,8.6912,0.0000,0.132042,"0.131921;0.132042;0.132099",18.917192,52861.97,,14.53,0,6980,10,True,nid004845,59118635
SparseHNSW_Bloom2_30_b8_s8x4_p0,"M=48 efC=1600 ef=400 alpha=0.85 beta=8 q=u8 seedT=8 seedH=8 seedS=4 bloomH=2 bloomT=30 bloomSrc=pruned",64,0.9446991404,0.9966,4958.6141,8.6912,0.0000,0.418881,"0.419577;0.418881;0.418575",60.011605,16663.44,,14.53,0,6980,10,True,nid004845,59118635
SparseHNSW_Bloom2_30_b8_s8x4_p0,"M=48 efC=1600 ef=800 alpha=0.85 beta=8 q=u8 seedT=8 seedH=8 seedS=4 bloomH=2 bloomT=30 bloomSrc=pruned",64,0.9751575931,0.9987,4958.6141,8.6912,0.0000,0.772138,"0.771788;0.773040;0.772138",110.621490,9039.83,,14.53,0,6980,10,True,nid004845,59118635
SparseHNSW_Bloom2_30_b8_s8x4_p0,"M=48 efC=1600 ef=1600 alpha=0.85 beta=8 q=u8 seedT=8 seedH=8 seedS=4 bloomH=2 bloomT=30 bloomSrc=pruned",64,0.9888395415,0.9994,4958.6141,8.6912,0.0000,1.420463,"1.420463;1.420103;1.420713",203.504728,4913.89,,14.53,0,6980,10,True,nid004845,59118635
SparseHNSW_Bloom2_30_b8_s8x4_p0,"M=48 efC=1600 ef=3200 alpha=0.85 beta=8 q=u8 seedT=8 seedH=8 seedS=4 bloomH=2 bloomT=30 bloomSrc=pruned",64,0.9940830946,1.0000,4958.6141,8.6912,0.0000,2.578966,"2.579283;2.576813;2.578966",369.479370,2706.51,,14.53,0,6980,10,True,nid004845,59118635
SparseHNSW_Bloom2_30_b8_s8x4_p0,"M=48 efC=1600 ef=6400 alpha=0.85 beta=8 q=u8 seedT=8 seedH=8 seedS=4 bloomH=2 bloomT=30 bloomSrc=pruned",64,0.9963896848,1.0000,4958.6141,8.6912,0.0000,4.651695,"4.651695;4.654488;4.647210",666.431948,1500.53,,14.53,0,6980,10,True,nid004845,59118635
SparseHNSW_Bloom2_30_b12_s8x4_p0,"M=48 efC=1600 ef=10 alpha=0.85 beta=12 q=u8 seedT=8 seedH=8 seedS=4 bloomH=2 bloomT=30 bloomSrc=pruned",64,0.8839111748,0.9878,4958.6141,8.6912,0.0000,0.155134,"0.155134;0.155152;0.153990",22.225501,44993.36,,14.53,0,6980,10,True,nid004845,59118635
SparseHNSW_Bloom2_30_b12_s8x4_p0,"M=48 efC=1600 ef=20 alpha=0.85 beta=12 q=u8 seedT=8 seedH=8 seedS=4 bloomH=2 bloomT=30 bloomSrc=pruned",64,0.8839111748,0.9878,4958.6141,8.6912,0.0000,0.154769,"0.154085;0.155459;0.154769",22.173209,45099.47,,14.53,0,6980,10,True,nid004845,59118635
SparseHNSW_Bloom2_30_b12_s8x4_p0,"M=48 efC=1600 ef=50 alpha=0.85 beta=12 q=u8 seedT=8 seedH=8 seedS=4 bloomH=2 bloomT=30 bloomSrc=pruned",64,0.8839111748,0.9878,4958.6141,8.6912,0.0000,0.154827,"0.154553;0.154827;0.155266",22.181519,45082.58,,14.53,0,6980,10,True,nid004845,59118635
SparseHNSW_Bloom2_30_b12_s8x4_p0,"M=48 efC=1600 ef=100 alpha=0.85 beta=12 q=u8 seedT=8 seedH=8 seedS=4 bloomH=2 bloomT=30 bloomSrc=pruned",64,0.8839111748,0.9878,4958.6141,8.6912,0.0000,0.155301,"0.155301;0.155624;0.154764",22.249427,44944.98,,14.53,0,6980,10,True,nid004845,59118635
SparseHNSW_Bloom2_30_b12_s8x4_p0,"M=48 efC=1600 ef=400 alpha=0.85 beta=12 q=u8 seedT=8 seedH=8 seedS=4 bloomH=2 bloomT=30 bloomSrc=pruned",64,0.9447277937,0.9966,4958.6141,8.6912,0.0000,0.421378,"0.421378;0.421258;0.421485",60.369341,16564.70,,14.53,0,6980,10,True,nid004845,59118635
SparseHNSW_Bloom2_30_b12_s8x4_p0,"M=48 efC=1600 ef=800 alpha=0.85 beta=12 q=u8 seedT=8 seedH=8 seedS=4 bloomH=2 bloomT=30 bloomSrc=pruned",64,0.9751862464,0.9987,4958.6141,8.6912,0.0000,0.774614,"0.775108;0.773536;0.774614",110.976218,9010.94,,14.53,0,6980,10,True,nid004845,59118635
SparseHNSW_Bloom2_30_b12_s8x4_p0,"M=48 efC=1600 ef=1600 alpha=0.85 beta=12 q=u8 seedT=8 seedH=8 seedS=4 bloomH=2 bloomT=30 bloomSrc=pruned",64,0.9888681948,0.9994,4958.6141,8.6912,0.0000,1.421904,"1.421636;1.422840;1.421904",203.711175,4908.91,,14.53,0,6980,10,True,nid004845,59118635
SparseHNSW_Bloom2_30_b12_s8x4_p0,"M=48 efC=1600 ef=3200 alpha=0.85 beta=12 q=u8 seedT=8 seedH=8 seedS=4 bloomH=2 bloomT=30 bloomSrc=pruned",64,0.9941260745,1.0000,4958.6141,8.6912,0.0000,2.579752,"2.580881;2.579701;2.579752",369.591977,2705.69,,14.53,0,6980,10,True,nid004845,59118635
SparseHNSW_Bloom2_30_b12_s8x4_p0,"M=48 efC=1600 ef=6400 alpha=0.85 beta=12 q=u8 seedT=8 seedH=8 seedS=4 bloomH=2 bloomT=30 bloomSrc=pruned",64,0.9964326648,1.0000,4958.6141,8.6912,0.0000,4.653161,"4.653161;4.650791;4.655944",666.641977,1500.06,,14.53,0,6980,10,True,nid004845,59118635
SparseHNSW_Bloom2_30_b16_s8x4_p0,"M=48 efC=1600 ef=10 alpha=0.85 beta=16 q=u8 seedT=8 seedH=8 seedS=4 bloomH=2 bloomT=30 bloomSrc=pruned",64,0.8945558739,0.9897,4958.6141,8.6912,0.0000,0.196823,"0.196823;0.197323;0.196423",28.198138,35463.34,,14.53,0,6980,10,True,nid004845,59118635
SparseHNSW_Bloom2_30_b16_s8x4_p0,"M=48 efC=1600 ef=20 alpha=0.85 beta=16 q=u8 seedT=8 seedH=8 seedS=4 bloomH=2 bloomT=30 bloomSrc=pruned",64,0.8945558739,0.9897,4958.6141,8.6912,0.0000,0.196702,"0.197004;0.196495;0.196702",28.180802,35485.15,,14.53,0,6980,10,True,nid004845,59118635
SparseHNSW_Bloom2_30_b16_s8x4_p0,"M=48 efC=1600 ef=50 alpha=0.85 beta=16 q=u8 seedT=8 seedH=8 seedS=4 bloomH=2 bloomT=30 bloomSrc=pruned",64,0.8945558739,0.9897,4958.6141,8.6912,0.0000,0.197226,"0.197226;0.196442;0.197443",28.255874,35390.87,,14.53,0,6980,10,True,nid004845,59118635
SparseHNSW_Bloom2_30_b16_s8x4_p0,"M=48 efC=1600 ef=100 alpha=0.85 beta=16 q=u8 seedT=8 seedH=8 seedS=4 bloomH=2 bloomT=30 bloomSrc=pruned",64,0.8945558739,0.9897,4958.6141,8.6912,0.0000,0.196802,"0.196457;0.197156;0.196802",28.195129,35467.12,,14.53,0,6980,10,True,nid004845,59118635
SparseHNSW_Bloom2_30_b16_s8x4_p0,"M=48 efC=1600 ef=400 alpha=0.85 beta=16 q=u8 seedT=8 seedH=8 seedS=4 bloomH=2 bloomT=30 bloomSrc=pruned",64,0.9447277937,0.9966,4958.6141,8.6912,0.0000,0.423540,"0.423540;0.423909;0.423525",60.679083,16480.14,,14.53,0,6980,10,True,nid004845,59118635
SparseHNSW_Bloom2_30_b16_s8x4_p0,"M=48 efC=1600 ef=800 alpha=0.85 beta=16 q=u8 seedT=8 seedH=8 seedS=4 bloomH=2 bloomT=30 bloomSrc=pruned",64,0.9751862464,0.9987,4958.6141,8.6912,0.0000,0.776785,"0.776291;0.776785;0.777025",111.287249,8985.76,,14.53,0,6980,10,True,nid004845,59118635
SparseHNSW_Bloom2_30_b16_s8x4_p0,"M=48 efC=1600 ef=1600 alpha=0.85 beta=16 q=u8 seedT=8 seedH=8 seedS=4 bloomH=2 bloomT=30 bloomSrc=pruned",64,0.9888681948,0.9994,4958.6141,8.6912,0.0000,1.425026,"1.424180;1.425026;1.425273",204.158453,4898.16,,14.53,0,6980,10,True,nid004845,59118635
SparseHNSW_Bloom2_30_b16_s8x4_p0,"M=48 efC=1600 ef=3200 alpha=0.85 beta=16 q=u8 seedT=8 seedH=8 seedS=4 bloomH=2 bloomT=30 bloomSrc=pruned",64,0.9941260745,1.0000,4958.6141,8.6912,0.0000,2.582963,"2.584306;2.582963;2.581164",370.052006,2702.32,,14.53,0,6980,10,True,nid004845,59118635
SparseHNSW_Bloom2_30_b16_s8x4_p0,"M=48 efC=1600 ef=6400 alpha=0.85 beta=16 q=u8 seedT=8 seedH=8 seedS=4 bloomH=2 bloomT=30 bloomSrc=pruned",64,0.9964326648,1.0000,4958.6141,8.6912,0.0000,4.656438,"4.660660;4.656438;4.655970",667.111461,1499.00,,14.53,0,6980,10,True,nid004845,59118635
SparseHNSW_Bloom2_30_b3_s0x0_p128,"M=48 efC=1600 ef=10 alpha=0.85 beta=3 q=u8 pat=128 bloomH=2 bloomT=30 bloomSrc=pruned",64,0.8145558739,0.9246,4958.6141,8.6912,0.0000,0.054573,"0.054464;0.054727;0.054573",7.818481,127902.08,,14.53,0,6980,10,True,nid004845,59118635
SparseHNSW_Bloom2_30_b3_s0x0_p128,"M=48 efC=1600 ef=20 alpha=0.85 beta=3 q=u8 pat=128 bloomH=2 bloomT=30 bloomSrc=pruned",64,0.8145558739,0.9246,4958.6141,8.6912,0.0000,0.054745,"0.054778;0.054745;0.054562",7.843123,127500.23,,14.53,0,6980,10,True,nid004845,59118635
SparseHNSW_Bloom2_30_b3_s0x0_p128,"M=48 efC=1600 ef=50 alpha=0.85 beta=3 q=u8 pat=128 bloomH=2 bloomT=30 bloomSrc=pruned",64,0.8385816619,0.9450,4958.6141,8.6912,0.0000,0.078647,"0.078647;0.078481;0.078912",11.267479,88751.00,,14.53,0,6980,10,True,nid004845,59118635
SparseHNSW_Bloom2_30_b3_s0x0_p128,"M=48 efC=1600 ef=100 alpha=0.85 beta=3 q=u8 pat=128 bloomH=2 bloomT=30 bloomSrc=pruned",64,0.8607020057,0.9649,4958.6141,8.6912,0.0000,0.132250,"0.132250;0.132978;0.131750",18.946991,52778.83,,14.53,0,6980,10,True,nid004845,59118635
SparseHNSW_Bloom2_30_b3_s0x0_p128,"M=48 efC=1600 ef=400 alpha=0.85 beta=3 q=u8 pat=128 bloomH=2 bloomT=30 bloomSrc=pruned",64,0.9138681948,0.9821,4958.6141,8.6912,0.0000,0.213054,"0.213783;0.213054;0.213001",30.523496,32761.65,,14.53,0,6980,10,True,nid004845,59118635
SparseHNSW_Bloom2_30_b3_s0x0_p128,"M=48 efC=1600 ef=800 alpha=0.85 beta=3 q=u8 pat=128 bloomH=2 bloomT=30 bloomSrc=pruned",64,0.9498853868,0.9877,4958.6141,8.6912,0.0000,0.213427,"0.213444;0.213117;0.213427",30.576934,32704.39,,14.53,0,6980,10,True,nid004845,59118635
SparseHNSW_Bloom2_30_b3_s0x0_p128,"M=48 efC=1600 ef=1600 alpha=0.85 beta=3 q=u8 pat=128 bloomH=2 bloomT=30 bloomSrc=pruned",64,0.9760458453,0.9928,4958.6141,8.6912,0.0000,0.224644,"0.224644;0.224896;0.224605",32.183954,31071.38,,14.53,0,6980,10,True,nid004845,59118635
SparseHNSW_Bloom2_30_b3_s0x0_p128,"M=48 efC=1600 ef=3200 alpha=0.85 beta=3 q=u8 pat=128 bloomH=2 bloomT=30 bloomSrc=pruned",64,0.9868051576,0.9960,4958.6141,8.6912,0.0000,0.250053,"0.249423;0.250058;0.250053",35.824212,27914.08,,14.53,0,6980,10,True,nid004845,59118635
SparseHNSW_Bloom2_30_b3_s0x0_p128,"M=48 efC=1600 ef=6400 alpha=0.85 beta=3 q=u8 pat=128 bloomH=2 bloomT=30 bloomSrc=pruned",64,0.9926361032,0.9984,4958.6141,8.6912,0.0000,0.302576,"0.302576;0.303703;0.302472",43.348997,23068.58,,14.53,0,6980,10,True,nid004845,59118635
SparseHNSW_Bloom2_30_b4_s0x0_p128,"M=48 efC=1600 ef=10 alpha=0.85 beta=4 q=u8 pat=128 bloomH=2 bloomT=30 bloomSrc=pruned",64,0.8278510029,0.9354,4958.6141,8.6912,0.0000,0.067312,"0.066739;0.067312;0.067338",9.643553,103696.22,,14.53,0,6980,10,True,nid004845,59118635
SparseHNSW_Bloom2_30_b4_s0x0_p128,"M=48 efC=1600 ef=20 alpha=0.85 beta=4 q=u8 pat=128 bloomH=2 bloomT=30 bloomSrc=pruned",64,0.8278510029,0.9354,4958.6141,8.6912,0.0000,0.067338,"0.067338;0.067254;0.067367",9.647278,103656.18,,14.53,0,6980,10,True,nid004845,59118635
SparseHNSW_Bloom2_30_b4_s0x0_p128,"M=48 efC=1600 ef=50 alpha=0.85 beta=4 q=u8 pat=128 bloomH=2 bloomT=30 bloomSrc=pruned",64,0.8389684814,0.9450,4958.6141,8.6912,0.0000,0.079574,"0.079574;0.079229;0.079819",11.400287,87717.09,,14.53,0,6980,10,True,nid004845,59118635
SparseHNSW_Bloom2_30_b4_s0x0_p128,"M=48 efC=1600 ef=100 alpha=0.85 beta=4 q=u8 pat=128 bloomH=2 bloomT=30 bloomSrc=pruned",64,0.8611461318,0.9649,4958.6141,8.6912,0.0000,0.132739,"0.132739;0.132942;0.132206",19.017049,52584.39,,14.53,0,6980,10,True,nid004845,59118635
SparseHNSW_Bloom2_30_b4_s0x0_p128,"M=48 efC=1600 ef=400 alpha=0.85 beta=4 q=u8 pat=128 bloomH=2 bloomT=30 bloomSrc=pruned",64,0.9149140401,0.9828,4958.6141,8.6912,0.0000,0.227803,"0.227803;0.227875;0.227558",32.636533,30640.51,,14.53,0,6980,10,True,nid004845,59118635
SparseHNSW_Bloom2_30_b4_s0x0_p128,"M=48 efC=1600 ef=800 alpha=0.85 beta=4 q=u8 pat=128 bloomH=2 bloomT=30 bloomSrc=pruned",64,0.9506590258,0.9880,4958.6141,8.6912,0.0000,0.226500,"0.226149;0.226500;0.226912",32.449857,30816.78,,14.53,0,6980,10,True,nid004845,59118635
SparseHNSW_Bloom2_30_b4_s0x0_p128,"M=48 efC=1600 ef=1600 alpha=0.85 beta=4 q=u8 pat=128 bloomH=2 bloomT=30 bloomSrc=pruned",64,0.9769627507,0.9928,4958.6141,8.6912,0.0000,0.236537,"0.236537;0.236689;0.236368",33.887822,29509.13,,14.53,0,6980,10,True,nid004845,59118635
SparseHNSW_Bloom2_30_b4_s0x0_p128,"M=48 efC=1600 ef=3200 alpha=0.85 beta=4 q=u8 pat=128 bloomH=2 bloomT=30 bloomSrc=pruned",64,0.9880659026,0.9966,4958.6141,8.6912,0.0000,0.261998,"0.262047;0.261998;0.260911",37.535530,26641.42,,14.53,0,6980,10,True,nid004845,59118635
SparseHNSW_Bloom2_30_b4_s0x0_p128,"M=48 efC=1600 ef=6400 alpha=0.85 beta=4 q=u8 pat=128 bloomH=2 bloomT=30 bloomSrc=pruned",64,0.9937392550,0.9987,4958.6141,8.6912,0.0000,0.316882,"0.316777;0.317315;0.316882",45.398567,22027.13,,14.53,0,6980,10,True,nid004845,59118635
SparseHNSW_Bloom2_30_b5_s0x0_p128,"M=48 efC=1600 ef=10 alpha=0.85 beta=5 q=u8 pat=128 bloomH=2 bloomT=30 bloomSrc=pruned",64,0.8390401146,0.9450,4958.6141,8.6912,0.0000,0.079856,"0.079856;0.079649;0.080128",11.440688,87407.33,,14.53,0,6980,10,True,nid004845,59118635
SparseHNSW_Bloom2_30_b5_s0x0_p128,"M=48 efC=1600 ef=20 alpha=0.85 beta=5 q=u8 pat=128 bloomH=2 bloomT=30 bloomSrc=pruned",64,0.8390401146,0.9450,4958.6141,8.6912,0.0000,0.079732,"0.079781;0.079732;0.079589",11.422923,87543.27,,14.53,0,6980,10,True,nid004845,59118635
SparseHNSW_Bloom2_30_b5_s0x0_p128,"M=48 efC=1600 ef=50 alpha=0.85 beta=5 q=u8 pat=128 bloomH=2 bloomT=30 bloomSrc=pruned",64,0.8390401146,0.9450,4958.6141,8.6912,0.0000,0.079549,"0.079549;0.079508;0.079627",11.396705,87744.66,,14.53,0,6980,10,True,nid004845,59118635
SparseHNSW_Bloom2_30_b5_s0x0_p128,"M=48 efC=1600 ef=100 alpha=0.85 beta=5 q=u8 pat=128 bloomH=2 bloomT=30 bloomSrc=pruned",64,0.8612607450,0.9649,4958.6141,8.6912,0.0000,0.133426,"0.133426;0.133359;0.133696",19.115473,52313.64,,14.53,0,6980,10,True,nid004845,59118635
SparseHNSW_Bloom2_30_b5_s0x0_p128,"M=48 efC=1600 ef=400 alpha=0.85 beta=5 q=u8 pat=128 bloomH=2 bloomT=30 bloomSrc=pruned",64,0.9151002865,0.9828,4958.6141,8.6912,0.0000,0.241942,"0.241942;0.241667;0.242130",34.662178,28849.89,,14.53,0,6980,10,True,nid004845,59118635
SparseHNSW_Bloom2_30_b5_s0x0_p128,"M=48 efC=1600 ef=800 alpha=0.85 beta=5 q=u8 pat=128 bloomH=2 bloomT=30 bloomSrc=pruned",64,0.9512034384,0.9885,4958.6141,8.6912,0.0000,0.241144,"0.241372;0.241144;0.240600",34.547851,28945.36,,14.53,0,6980,10,True,nid004845,59118635
SparseHNSW_Bloom2_30_b5_s0x0_p128,"M=48 efC=1600 ef=1600 alpha=0.85 beta=5 q=u8 pat=128 bloomH=2 bloomT=30 bloomSrc=pruned",64,0.9772063037,0.9930,4958.6141,8.6912,0.0000,0.248338,"0.248290;0.248338;0.248858",35.578510,28106.85,,14.53,0,6980,10,True,nid004845,59118635
SparseHNSW_Bloom2_30_b5_s0x0_p128,"M=48 efC=1600 ef=3200 alpha=0.85 beta=5 q=u8 pat=128 bloomH=2 bloomT=30 bloomSrc=pruned",64,0.9884670487,0.9968,4958.6141,8.6912,0.0000,0.273507,"0.273507;0.274563;0.273204",39.184384,25520.37,,14.53,0,6980,10,True,nid004845,59118635
SparseHNSW_Bloom2_30_b5_s0x0_p128,"M=48 efC=1600 ef=6400 alpha=0.85 beta=5 q=u8 pat=128 bloomH=2 bloomT=30 bloomSrc=pruned",64,0.9939541547,0.9987,4958.6141,8.6912,0.0000,0.328441,"0.328441;0.328386;0.329055",47.054585,21251.91,,14.53,0,6980,10,True,nid004845,59118635
SparseHNSW_Bloom2_30_b8_s0x0_p128,"M=48 efC=1600 ef=10 alpha=0.85 beta=8 q=u8 pat=128 bloomH=2 bloomT=30 bloomSrc=pruned",64,0.8548853868,0.9597,4958.6141,8.6912,0.0000,0.114470,"0.114470;0.114347;0.114786",16.399713,60976.68,,14.53,0,6980,10,True,nid004845,59118635
SparseHNSW_Bloom2_30_b8_s0x0_p128,"M=48 efC=1600 ef=20 alpha=0.85 beta=8 q=u8 pat=128 bloomH=2 bloomT=30 bloomSrc=pruned",64,0.8548853868,0.9597,4958.6141,8.6912,0.0000,0.114339,"0.114339;0.114356;0.113822",16.380946,61046.54,,14.53,0,6980,10,True,nid004845,59118635
SparseHNSW_Bloom2_30_b8_s0x0_p128,"M=48 efC=1600 ef=50 alpha=0.85 beta=8 q=u8 pat=128 bloomH=2 bloomT=30 bloomSrc=pruned",64,0.8548853868,0.9597,4958.6141,8.6912,0.0000,0.114167,"0.114167;0.114215;0.113904",16.356304,61138.51,,14.53,0,6980,10,True,nid004845,59118635
SparseHNSW_Bloom2_30_b8_s0x0_p128,"M=48 efC=1600 ef=100 alpha=0.85 beta=8 q=u8 pat=128 bloomH=2 bloomT=30 bloomSrc=pruned",64,0.8613323782,0.9649,4958.6141,8.6912,0.0000,0.135290,"0.135290;0.135169;0.135532",19.382521,51592.87,,14.53,0,6980,10,True,nid004845,59118635
SparseHNSW_Bloom2_30_b8_s0x0_p128,"M=48 efC=1600 ef=400 alpha=0.85 beta=8 q=u8 pat=128 bloomH=2 bloomT=30 bloomSrc=pruned",64,0.9155157593,0.9834,4958.6141,8.6912,0.0000,0.283228,"0.283228;0.283176;0.284320",40.577077,24644.46,,14.53,0,6980,10,True,nid004845,59118635
SparseHNSW_Bloom2_30_b8_s0x0_p128,"M=48 efC=1600 ef=800 alpha=0.85 beta=8 q=u8 pat=128 bloomH=2 bloomT=30 bloomSrc=pruned",64,0.9518481375,0.9895,4958.6141,8.6912,0.0000,0.281504,"0.281817;0.281198;0.281504",40.330086,24795.38,,14.53,0,6980,10,True,nid004845,59118635
SparseHNSW_Bloom2_30_b8_s0x0_p128,"M=48 efC=1600 ef=1600 alpha=0.85 beta=8 q=u8 pat=128 bloomH=2 bloomT=30 bloomSrc=pruned",64,0.9779799427,0.9937,4958.6141,8.6912,0.0000,0.284593,"0.284412;0.284697;0.284593",40.772636,24526.25,,14.53,0,6980,10,True,nid004845,59118635
SparseHNSW_Bloom2_30_b8_s0x0_p128,"M=48 efC=1600 ef=3200 alpha=0.85 beta=8 q=u8 pat=128 bloomH=2 bloomT=30 bloomSrc=pruned",64,0.9888108883,0.9968,4958.6141,8.6912,0.0000,0.306538,"0.305342;0.306710;0.306538",43.916619,22770.42,,14.53,0,6980,10,True,nid004845,59118635
SparseHNSW_Bloom2_30_b8_s0x0_p128,"M=48 efC=1600 ef=6400 alpha=0.85 beta=8 q=u8 pat=128 bloomH=2 bloomT=30 bloomSrc=pruned",64,0.9942979943,0.9987,4958.6141,8.6912,0.0000,0.364567,"0.363662;0.364691;0.364567",52.230229,19146.00,,14.53,0,6980,10,True,nid004845,59118635
SparseHNSW_Bloom2_30_b12_s0x0_p128,"M=48 efC=1600 ef=10 alpha=0.85 beta=12 q=u8 pat=128 bloomH=2 bloomT=30 bloomSrc=pruned",64,0.8655444126,0.9672,4958.6141,8.6912,0.0000,0.158492,"0.158646;0.157945;0.158492",22.706590,44040.08,,14.53,0,6980,10,True,nid004845,59118635
SparseHNSW_Bloom2_30_b12_s0x0_p128,"M=48 efC=1600 ef=20 alpha=0.85 beta=12 q=u8 pat=128 bloomH=2 bloomT=30 bloomSrc=pruned",64,0.8655444126,0.9672,4958.6141,8.6912,0.0000,0.157531,"0.158143;0.157383;0.157531",22.568911,44308.74,,14.53,0,6980,10,True,nid004845,59118635
SparseHNSW_Bloom2_30_b12_s0x0_p128,"M=48 efC=1600 ef=50 alpha=0.85 beta=12 q=u8 pat=128 bloomH=2 bloomT=30 bloomSrc=pruned",64,0.8655444126,0.9672,4958.6141,8.6912,0.0000,0.158006,"0.158261;0.157840;0.158006",22.636963,44175.54,,14.53,0,6980,10,True,nid004845,59118635
SparseHNSW_Bloom2_30_b12_s0x0_p128,"M=48 efC=1600 ef=100 alpha=0.85 beta=12 q=u8 pat=128 bloomH=2 bloomT=30 bloomSrc=pruned",64,0.8655444126,0.9672,4958.6141,8.6912,0.0000,0.158157,"0.158650;0.158157;0.158027",22.658596,44133.36,,14.53,0,6980,10,True,nid004845,59118635
SparseHNSW_Bloom2_30_b12_s0x0_p128,"M=48 efC=1600 ef=400 alpha=0.85 beta=12 q=u8 pat=128 bloomH=2 bloomT=30 bloomSrc=pruned",64,0.9161747851,0.9844,4958.6141,8.6912,0.0000,0.333883,"0.333533;0.334763;0.333883",47.834241,20905.53,,14.53,0,6980,10,True,nid004845,59118635
SparseHNSW_Bloom2_30_b12_s0x0_p128,"M=48 efC=1600 ef=800 alpha=0.85 beta=12 q=u8 pat=128 bloomH=2 bloomT=30 bloomSrc=pruned",64,0.9524641834,0.9903,4958.6141,8.6912,0.0000,0.337847,"0.338281;0.337779;0.337847",48.402149,20660.24,,14.53,0,6980,10,True,nid004845,59118635
SparseHNSW_Bloom2_30_b12_s0x0_p128,"M=48 efC=1600 ef=1600 alpha=0.85 beta=12 q=u8 pat=128 bloomH=2 bloomT=30 bloomSrc=pruned",64,0.9783381089,0.9941,4958.6141,8.6912,0.0000,0.334819,"0.334839;0.334819;0.334732",47.968338,20847.08,,14.53,0,6980,10,True,nid004845,59118635
SparseHNSW_Bloom2_30_b12_s0x0_p128,"M=48 efC=1600 ef=3200 alpha=0.85 beta=12 q=u8 pat=128 bloomH=2 bloomT=30 bloomSrc=pruned",64,0.9891977077,0.9971,4958.6141,8.6912,0.0000,0.351565,"0.351453;0.351565;0.351592",50.367479,19854.08,,14.53,0,6980,10,True,nid004845,59118635
SparseHNSW_Bloom2_30_b12_s0x0_p128,"M=48 efC=1600 ef=6400 alpha=0.85 beta=12 q=u8 pat=128 bloomH=2 bloomT=30 bloomSrc=pruned",64,0.9946131805,0.9989,4958.6141,8.6912,0.0000,0.409303,"0.409130;0.409303;0.409527",58.639398,17053.38,,14.53,0,6980,10,True,nid004845,59118635
SparseHNSW_Bloom2_30_b16_s0x0_p128,"M=48 efC=1600 ef=10 alpha=0.85 beta=16 q=u8 pat=128 bloomH=2 bloomT=30 bloomSrc=pruned",64,0.8743553009,0.9716,4958.6141,8.6912,0.0000,0.200320,"0.200320;0.199982;0.200616",28.699140,34844.25,,14.53,0,6980,10,True,nid004845,59118635
SparseHNSW_Bloom2_30_b16_s0x0_p128,"M=48 efC=1600 ef=20 alpha=0.85 beta=16 q=u8 pat=128 bloomH=2 bloomT=30 bloomSrc=pruned",64,0.8743553009,0.9716,4958.6141,8.6912,0.0000,0.200806,"0.200806;0.199768;0.201049",28.768768,34759.92,,14.53,0,6980,10,True,nid004845,59118635
SparseHNSW_Bloom2_30_b16_s0x0_p128,"M=48 efC=1600 ef=50 alpha=0.85 beta=16 q=u8 pat=128 bloomH=2 bloomT=30 bloomSrc=pruned",64,0.8743553009,0.9716,4958.6141,8.6912,0.0000,0.200212,"0.200253;0.199747;0.200212",28.683668,34863.05,,14.53,0,6980,10,True,nid004845,59118635
SparseHNSW_Bloom2_30_b16_s0x0_p128,"M=48 efC=1600 ef=100 alpha=0.85 beta=16 q=u8 pat=128 bloomH=2 bloomT=30 bloomSrc=pruned",64,0.8743553009,0.9716,4958.6141,8.6912,0.0000,0.199846,"0.200591;0.199846;0.199766",28.631232,34926.89,,14.53,0,6980,10,True,nid004845,59118635
SparseHNSW_Bloom2_30_b16_s0x0_p128,"M=48 efC=1600 ef=400 alpha=0.85 beta=16 q=u8 pat=128 bloomH=2 bloomT=30 bloomSrc=pruned",64,0.9163180516,0.9848,4958.6141,8.6912,0.0000,0.370921,"0.370260;0.371255;0.370921",53.140544,18818.02,,14.53,0,6980,10,True,nid004845,59118635
SparseHNSW_Bloom2_30_b16_s0x0_p128,"M=48 efC=1600 ef=800 alpha=0.85 beta=16 q=u8 pat=128 bloomH=2 bloomT=30 bloomSrc=pruned",64,0.9527363897,0.9905,4958.6141,8.6912,0.0000,0.394148,"0.394148;0.394226;0.393573",56.468195,17709.08,,14.53,0,6980,10,True,nid004845,59118635
SparseHNSW_Bloom2_30_b16_s0x0_p128,"M=48 efC=1600 ef=1600 alpha=0.85 beta=16 q=u8 pat=128 bloomH=2 bloomT=30 bloomSrc=pruned",64,0.9786819484,0.9947,4958.6141,8.6912,0.0000,0.384156,"0.384586;0.384156;0.383908",55.036676,18169.70,,14.53,0,6980,10,True,nid004845,59118635
SparseHNSW_Bloom2_30_b16_s0x0_p128,"M=48 efC=1600 ef=3200 alpha=0.85 beta=16 q=u8 pat=128 bloomH=2 bloomT=30 bloomSrc=pruned",64,0.9892979943,0.9971,4958.6141,8.6912,0.0000,0.395814,"0.395290;0.396762;0.395814",56.706877,17634.55,,14.53,0,6980,10,True,nid004845,59118635
SparseHNSW_Bloom2_30_b16_s0x0_p128,"M=48 efC=1600 ef=6400 alpha=0.85 beta=16 q=u8 pat=128 bloomH=2 bloomT=30 bloomSrc=pruned",64,0.9947277937,0.9989,4958.6141,8.6912,0.0000,0.449894,"0.449692;0.449894;0.449981",64.454728,15514.77,,14.53,0,6980,10,True,nid004845,59118635
SparseHNSW_Bloom2_30_b3_s8x4_p128,"M=48 efC=1600 ef=10 alpha=0.85 beta=3 q=u8 seedT=8 seedH=8 seedS=4 pat=128 bloomH=2 bloomT=30 bloomSrc=pruned",64,0.8446991404,0.9683,4958.6141,8.6912,0.0000,0.055326,"0.054651;0.055326;0.055882",7.926361,126161.30,,14.53,0,6980,10,True,nid004845,59118635
SparseHNSW_Bloom2_30_b3_s8x4_p128,"M=48 efC=1600 ef=20 alpha=0.85 beta=3 q=u8 seedT=8 seedH=8 seedS=4 pat=128 bloomH=2 bloomT=30 bloomSrc=pruned",64,0.8446991404,0.9683,4958.6141,8.6912,0.0000,0.055562,"0.055565;0.055562;0.055482",7.960172,125625.43,,14.53,0,6980,10,True,nid004845,59118635
SparseHNSW_Bloom2_30_b3_s8x4_p128,"M=48 efC=1600 ef=50 alpha=0.85 beta=3 q=u8 seedT=8 seedH=8 seedS=4 pat=128 bloomH=2 bloomT=30 bloomSrc=pruned",64,0.8600859599,0.9765,4958.6141,8.6912,0.0000,0.075645,"0.075645;0.075655;0.075602",10.837393,92273.12,,14.53,0,6980,10,True,nid004845,59118635
SparseHNSW_Bloom2_30_b3_s8x4_p128,"M=48 efC=1600 ef=100 alpha=0.85 beta=3 q=u8 seedT=8 seedH=8 seedS=4 pat=128 bloomH=2 bloomT=30 bloomSrc=pruned",64,0.8771776504,0.9850,4958.6141,8.6912,0.0000,0.129731,"0.129731;0.130030;0.129594",18.586103,53803.64,,14.53,0,6980,10,True,nid004845,59118635
SparseHNSW_Bloom2_30_b3_s8x4_p128,"M=48 efC=1600 ef=400 alpha=0.85 beta=3 q=u8 seedT=8 seedH=8 seedS=4 pat=128 bloomH=2 bloomT=30 bloomSrc=pruned",64,0.9427650430,0.9958,4958.6141,8.6912,0.0000,0.206101,"0.205889;0.206727;0.206101",29.527364,33866.89,,14.53,0,6980,10,True,nid004845,59118635
SparseHNSW_Bloom2_30_b3_s8x4_p128,"M=48 efC=1600 ef=800 alpha=0.85 beta=3 q=u8 seedT=8 seedH=8 seedS=4 pat=128 bloomH=2 bloomT=30 bloomSrc=pruned",64,0.9726074499,0.9979,4958.6141,8.6912,0.0000,0.208092,"0.208092;0.209269;0.207881",29.812607,33542.86,,14.53,0,6980,10,True,nid004845,59118635
SparseHNSW_Bloom2_30_b3_s8x4_p128,"M=48 efC=1600 ef=1600 alpha=0.85 beta=3 q=u8 seedT=8 seedH=8 seedS=4 pat=128 bloomH=2 bloomT=30 bloomSrc=pruned",64,0.9858022923,0.9977,4958.6141,8.6912,0.0000,0.221032,"0.221767;0.220842;0.221032",31.666476,31579.14,,14.53,0,6980,10,True,nid004845,59118635
SparseHNSW_Bloom2_30_b3_s8x4_p128,"M=48 efC=1600 ef=3200 alpha=0.85 beta=3 q=u8 seedT=8 seedH=8 seedS=4 pat=128 bloomH=2 bloomT=30 bloomSrc=pruned",64,0.9914469914,0.9991,4958.6141,8.6912,0.0000,0.248036,"0.248036;0.248148;0.247836",35.535244,28141.08,,14.53,0,6980,10,True,nid004845,59118635
SparseHNSW_Bloom2_30_b3_s8x4_p128,"M=48 efC=1600 ef=6400 alpha=0.85 beta=3 q=u8 seedT=8 seedH=8 seedS=4 pat=128 bloomH=2 bloomT=30 bloomSrc=pruned",64,0.9939255014,0.9997,4958.6141,8.6912,0.0000,0.300654,"0.300866;0.300254;0.300654",43.073639,23216.06,,14.53,0,6980,10,True,nid004845,59118635
SparseHNSW_Bloom2_30_b4_s8x4_p128,"M=48 efC=1600 ef=10 alpha=0.85 beta=4 q=u8 seedT=8 seedH=8 seedS=4 pat=128 bloomH=2 bloomT=30 bloomSrc=pruned",64,0.8547994269,0.9745,4958.6141,8.6912,0.0000,0.064454,"0.064454;0.064560;0.064440",9.234097,108294.29,,14.53,0,6980,10,True,nid004845,59118635
SparseHNSW_Bloom2_30_b4_s8x4_p128,"M=48 efC=1600 ef=20 alpha=0.85 beta=4 q=u8 seedT=8 seedH=8 seedS=4 pat=128 bloomH=2 bloomT=30 bloomSrc=pruned",64,0.8547994269,0.9745,4958.6141,8.6912,0.0000,0.064719,"0.064719;0.064572;0.064741",9.272063,107850.86,,14.53,0,6980,10,True,nid004845,59118635
SparseHNSW_Bloom2_30_b4_s8x4_p128,"M=48 efC=1600 ef=50 alpha=0.85 beta=4 q=u8 seedT=8 seedH=8 seedS=4 pat=128 bloomH=2 bloomT=30 bloomSrc=pruned",64,0.8604871060,0.9765,4958.6141,8.6912,0.0000,0.076264,"0.076477;0.076004;0.076264",10.926074,91524.18,,14.53,0,6980,10,True,nid004845,59118635
SparseHNSW_Bloom2_30_b4_s8x4_p128,"M=48 efC=1600 ef=100 alpha=0.85 beta=4 q=u8 seedT=8 seedH=8 seedS=4 pat=128 bloomH=2 bloomT=30 bloomSrc=pruned",64,0.8776361032,0.9850,4958.6141,8.6912,0.0000,0.130403,"0.130528;0.130185;0.130403",18.682378,53526.38,,14.53,0,6980,10,True,nid004845,59118635
SparseHNSW_Bloom2_30_b4_s8x4_p128,"M=48 efC=1600 ef=400 alpha=0.85 beta=4 q=u8 seedT=8 seedH=8 seedS=4 pat=128 bloomH=2 bloomT=30 bloomSrc=pruned",64,0.9434813754,0.9958,4958.6141,8.6912,0.0000,0.219629,"0.219578;0.220226;0.219629",31.465473,31780.87,,14.53,0,6980,10,True,nid004845,59118635
SparseHNSW_Bloom2_30_b4_s8x4_p128,"M=48 efC=1600 ef=800 alpha=0.85 beta=4 q=u8 seedT=8 seedH=8 seedS=4 pat=128 bloomH=2 bloomT=30 bloomSrc=pruned",64,0.9733954155,0.9979,4958.6141,8.6912,0.0000,0.221051,"0.221162;0.221051;0.220928",31.669198,31576.42,,14.53,0,6980,10,True,nid004845,59118635
SparseHNSW_Bloom2_30_b4_s8x4_p128,"M=48 efC=1600 ef=1600 alpha=0.85 beta=4 q=u8 seedT=8 seedH=8 seedS=4 pat=128 bloomH=2 bloomT=30 bloomSrc=pruned",64,0.9868338109,0.9981,4958.6141,8.6912,0.0000,0.233430,"0.233003;0.233430;0.233567",33.442693,29901.90,,14.53,0,6980,10,True,nid004845,59118635
SparseHNSW_Bloom2_30_b4_s8x4_p128,"M=48 efC=1600 ef=3200 alpha=0.85 beta=4 q=u8 seedT=8 seedH=8 seedS=4 pat=128 bloomH=2 bloomT=30 bloomSrc=pruned",64,0.9923209169,0.9993,4958.6141,8.6912,0.0000,0.259348,"0.259814;0.259348;0.259047",37.155874,26913.64,,14.53,0,6980,10,True,nid004845,59118635
SparseHNSW_Bloom2_30_b4_s8x4_p128,"M=48 efC=1600 ef=6400 alpha=0.85 beta=4 q=u8 seedT=8 seedH=8 seedS=4 pat=128 bloomH=2 bloomT=30 bloomSrc=pruned",64,0.9947851003,0.9997,4958.6141,8.6912,0.0000,0.314501,"0.314193;0.314501;0.315121",45.057450,22193.89,,14.53,0,6980,10,True,nid004845,59118635
SparseHNSW_Bloom2_30_b5_s8x4_p128,"M=48 efC=1600 ef=10 alpha=0.85 beta=5 q=u8 seedT=8 seedH=8 seedS=4 pat=128 bloomH=2 bloomT=30 bloomSrc=pruned",64,0.8605730659,0.9765,4958.6141,8.6912,0.0000,0.076250,"0.076234;0.076250;0.076473",10.924069,91540.98,,14.53,0,6980,10,True,nid004845,59118635
SparseHNSW_Bloom2_30_b5_s8x4_p128,"M=48 efC=1600 ef=20 alpha=0.85 beta=5 q=u8 seedT=8 seedH=8 seedS=4 pat=128 bloomH=2 bloomT=30 bloomSrc=pruned",64,0.8605730659,0.9765,4958.6141,8.6912,0.0000,0.076928,"0.076928;0.077044;0.076775",11.021203,90734.19,,14.53,0,6980,10,True,nid004845,59118635
SparseHNSW_Bloom2_30_b5_s8x4_p128,"M=48 efC=1600 ef=50 alpha=0.85 beta=5 q=u8 seedT=8 seedH=8 seedS=4 pat=128 bloomH=2 bloomT=30 bloomSrc=pruned",64,0.8605730659,0.9765,4958.6141,8.6912,0.0000,0.076864,"0.076537;0.077029;0.076864",11.012034,90809.74,,14.53,0,6980,10,True,nid004845,59118635
SparseHNSW_Bloom2_30_b5_s8x4_p128,"M=48 efC=1600 ef=100 alpha=0.85 beta=5 q=u8 seedT=8 seedH=8 seedS=4 pat=128 bloomH=2 bloomT=30 bloomSrc=pruned",64,0.8777507163,0.9850,4958.6141,8.6912,0.0000,0.130247,"0.130247;0.130115;0.130754",18.660029,53590.49,,14.53,0,6980,10,True,nid004845,59118635
SparseHNSW_Bloom2_30_b5_s8x4_p128,"M=48 efC=1600 ef=400 alpha=0.85 beta=5 q=u8 seedT=8 seedH=8 seedS=4 pat=128 bloomH=2 bloomT=30 bloomSrc=pruned",64,0.9438825215,0.9958,4958.6141,8.6912,0.0000,0.234872,"0.234872;0.234518;0.235310",33.649284,29718.31,,14.53,0,6980,10,True,nid004845,59118635
SparseHNSW_Bloom2_30_b5_s8x4_p128,"M=48 efC=1600 ef=800 alpha=0.85 beta=5 q=u8 seedT=8 seedH=8 seedS=4 pat=128 bloomH=2 bloomT=30 bloomSrc=pruned",64,0.9737679083,0.9980,4958.6141,8.6912,0.0000,0.234423,"0.234423;0.233831;0.234734",33.584957,29775.24,,14.53,0,6980,10,True,nid004845,59118635
SparseHNSW_Bloom2_30_b5_s8x4_p128,"M=48 efC=1600 ef=1600 alpha=0.85 beta=5 q=u8 seedT=8 seedH=8 seedS=4 pat=128 bloomH=2 bloomT=30 bloomSrc=pruned",64,0.9870773639,0.9981,4958.6141,8.6912,0.0000,0.245100,"0.244824;0.245100;0.245710",35.114613,28478.17,,14.53,0,6980,10,True,nid004845,59118635
SparseHNSW_Bloom2_30_b5_s8x4_p128,"M=48 efC=1600 ef=3200 alpha=0.85 beta=5 q=u8 seedT=8 seedH=8 seedS=4 pat=128 bloomH=2 bloomT=30 bloomSrc=pruned",64,0.9925787966,0.9994,4958.6141,8.6912,0.0000,0.271908,"0.271905;0.272360;0.271908",38.955301,25670.45,,14.53,0,6980,10,True,nid004845,59118635
SparseHNSW_Bloom2_30_b5_s8x4_p128,"M=48 efC=1600 ef=6400 alpha=0.85 beta=5 q=u8 seedT=8 seedH=8 seedS=4 pat=128 bloomH=2 bloomT=30 bloomSrc=pruned",64,0.9950143266,0.9997,4958.6141,8.6912,0.0000,0.327277,"0.327535;0.327277;0.327220",46.887822,21327.50,,14.53,0,6980,10,True,nid004845,59118635
SparseHNSW_Bloom2_30_b8_s8x4_p128,"M=48 efC=1600 ef=10 alpha=0.85 beta=8 q=u8 seedT=8 seedH=8 seedS=4 pat=128 bloomH=2 bloomT=30 bloomSrc=pruned",64,0.8705587393,0.9825,4958.6141,8.6912,0.0000,0.112071,"0.112206;0.112071;0.111334",16.056017,62281.95,,14.53,0,6980,10,True,nid004845,59118635
SparseHNSW_Bloom2_30_b8_s8x4_p128,"M=48 efC=1600 ef=20 alpha=0.85 beta=8 q=u8 seedT=8 seedH=8 seedS=4 pat=128 bloomH=2 bloomT=30 bloomSrc=pruned",64,0.8705587393,0.9825,4958.6141,8.6912,0.0000,0.112088,"0.112255;0.111617;0.112088",16.058453,62272.50,,14.53,0,6980,10,True,nid004845,59118635
SparseHNSW_Bloom2_30_b8_s8x4_p128,"M=48 efC=1600 ef=50 alpha=0.85 beta=8 q=u8 seedT=8 seedH=8 seedS=4 pat=128 bloomH=2 bloomT=30 bloomSrc=pruned",64,0.8705587393,0.9825,4958.6141,8.6912,0.0000,0.111962,"0.112011;0.111641;0.111962",16.040401,62342.58,,14.53,0,6980,10,True,nid004845,59118635
SparseHNSW_Bloom2_30_b8_s8x4_p128,"M=48 efC=1600 ef=100 alpha=0.85 beta=8 q=u8 seedT=8 seedH=8 seedS=4 pat=128 bloomH=2 bloomT=30 bloomSrc=pruned",64,0.8778223496,0.9850,4958.6141,8.6912,0.0000,0.133481,"0.132585;0.133663;0.133481",19.123352,52292.09,,14.53,0,6980,10,True,nid004845,59118635
SparseHNSW_Bloom2_30_b8_s8x4_p128,"M=48 efC=1600 ef=400 alpha=0.85 beta=8 q=u8 seedT=8 seedH=8 seedS=4 pat=128 bloomH=2 bloomT=30 bloomSrc=pruned",64,0.9441404011,0.9958,4958.6141,8.6912,0.0000,0.274855,"0.274855;0.274942;0.273784",39.377507,25395.21,,14.53,0,6980,10,True,nid004845,59118635
SparseHNSW_Bloom2_30_b8_s8x4_p128,"M=48 efC=1600 ef=800 alpha=0.85 beta=8 q=u8 seedT=8 seedH=8 seedS=4 pat=128 bloomH=2 bloomT=30 bloomSrc=pruned",64,0.9740544413,0.9980,4958.6141,8.6912,0.0000,0.274531,"0.274896;0.274531;0.274114",39.331089,25425.18,,14.53,0,6980,10,True,nid004845,59118635
SparseHNSW_Bloom2_30_b8_s8x4_p128,"M=48 efC=1600 ef=1600 alpha=0.85 beta=8 q=u8 seedT=8 seedH=8 seedS=4 pat=128 bloomH=2 bloomT=30 bloomSrc=pruned",64,0.9875358166,0.9983,4958.6141,8.6912,0.0000,0.281384,"0.281522;0.281384;0.280991",40.312894,24805.96,,14.53,0,6980,10,True,nid004845,59118635
SparseHNSW_Bloom2_30_b8_s8x4_p128,"M=48 efC=1600 ef=3200 alpha=0.85 beta=8 q=u8 seedT=8 seedH=8 seedS=4 pat=128 bloomH=2 bloomT=30 bloomSrc=pruned",64,0.9929656160,0.9994,4958.6141,8.6912,0.0000,0.306180,"0.306180;0.306753;0.305784",43.865330,22797.05,,14.53,0,6980,10,True,nid004845,59118635
SparseHNSW_Bloom2_30_b8_s8x4_p128,"M=48 efC=1600 ef=6400 alpha=0.85 beta=8 q=u8 seedT=8 seedH=8 seedS=4 pat=128 bloomH=2 bloomT=30 bloomSrc=pruned",64,0.9954154728,0.9997,4958.6141,8.6912,0.0000,0.364067,"0.364095;0.363555;0.364067",52.158596,19172.30,,14.53,0,6980,10,True,nid004845,59118635
SparseHNSW_Bloom2_30_b12_s8x4_p128,"M=48 efC=1600 ef=10 alpha=0.85 beta=12 q=u8 seedT=8 seedH=8 seedS=4 pat=128 bloomH=2 bloomT=30 bloomSrc=pruned",64,0.8839111748,0.9878,4958.6141,8.6912,0.0000,0.156065,"0.156065;0.155658;0.156438",22.358883,44724.95,,14.53,0,6980,10,True,nid004845,59118635
SparseHNSW_Bloom2_30_b12_s8x4_p128,"M=48 efC=1600 ef=20 alpha=0.85 beta=12 q=u8 seedT=8 seedH=8 seedS=4 pat=128 bloomH=2 bloomT=30 bloomSrc=pruned",64,0.8839111748,0.9878,4958.6141,8.6912,0.0000,0.155719,"0.155933;0.155719;0.155610",22.309312,44824.33,,14.53,0,6980,10,True,nid004845,59118635
SparseHNSW_Bloom2_30_b12_s8x4_p128,"M=48 efC=1600 ef=50 alpha=0.85 beta=12 q=u8 seedT=8 seedH=8 seedS=4 pat=128 bloomH=2 bloomT=30 bloomSrc=pruned",64,0.8839111748,0.9878,4958.6141,8.6912,0.0000,0.156019,"0.156019;0.156429;0.155579",22.352292,44738.14,,14.53,0,6980,10,True,nid004845,59118635
SparseHNSW_Bloom2_30_b12_s8x4_p128,"M=48 efC=1600 ef=100 alpha=0.85 beta=12 q=u8 seedT=8 seedH=8 seedS=4 pat=128 bloomH=2 bloomT=30 bloomSrc=pruned",64,0.8839111748,0.9878,4958.6141,8.6912,0.0000,0.155708,"0.155708;0.155716;0.155480",22.307736,44827.50,,14.53,0,6980,10,True,nid004845,59118635
SparseHNSW_Bloom2_30_b12_s8x4_p128,"M=48 efC=1600 ef=400 alpha=0.85 beta=12 q=u8 seedT=8 seedH=8 seedS=4 pat=128 bloomH=2 bloomT=30 bloomSrc=pruned",64,0.9445558739,0.9964,4958.6141,8.6912,0.0000,0.325966,"0.325966;0.326016;0.325424",46.700000,21413.28,,14.53,0,6980,10,True,nid004845,59118635
SparseHNSW_Bloom2_30_b12_s8x4_p128,"M=48 efC=1600 ef=800 alpha=0.85 beta=12 q=u8 seedT=8 seedH=8 seedS=4 pat=128 bloomH=2 bloomT=30 bloomSrc=pruned",64,0.9744412607,0.9983,4958.6141,8.6912,0.0000,0.329927,"0.329927;0.330090;0.329236",47.267479,21156.20,,14.53,0,6980,10,True,nid004845,59118635
SparseHNSW_Bloom2_30_b12_s8x4_p128,"M=48 efC=1600 ef=1600 alpha=0.85 beta=12 q=u8 seedT=8 seedH=8 seedS=4 pat=128 bloomH=2 bloomT=30 bloomSrc=pruned",64,0.9879083095,0.9987,4958.6141,8.6912,0.0000,0.331153,"0.331153;0.330753;0.331859",47.443123,21077.87,,14.53,0,6980,10,True,nid004845,59118635
SparseHNSW_Bloom2_30_b12_s8x4_p128,"M=48 efC=1600 ef=3200 alpha=0.85 beta=12 q=u8 seedT=8 seedH=8 seedS=4 pat=128 bloomH=2 bloomT=30 bloomSrc=pruned",64,0.9932378223,0.9996,4958.6141,8.6912,0.0000,0.348929,"0.348410;0.348929;0.349720",49.989828,20004.07,,14.53,0,6980,10,True,nid004845,59118635
SparseHNSW_Bloom2_30_b12_s8x4_p128,"M=48 efC=1600 ef=6400 alpha=0.85 beta=12 q=u8 seedT=8 seedH=8 seedS=4 pat=128 bloomH=2 bloomT=30 bloomSrc=pruned",64,0.9955873926,0.9997,4958.6141,8.6912,0.0000,0.408318,"0.407206;0.408659;0.408318",58.498281,17094.52,,14.53,0,6980,10,True,nid004845,59118635
SparseHNSW_Bloom2_30_b16_s8x4_p128,"M=48 efC=1600 ef=10 alpha=0.85 beta=16 q=u8 seedT=8 seedH=8 seedS=4 pat=128 bloomH=2 bloomT=30 bloomSrc=pruned",64,0.8945558739,0.9897,4958.6141,8.6912,0.0000,0.198763,"0.199391;0.198763;0.198156",28.476074,35117.20,,14.53,0,6980,10,True,nid004845,59118635
SparseHNSW_Bloom2_30_b16_s8x4_p128,"M=48 efC=1600 ef=20 alpha=0.85 beta=16 q=u8 seedT=8 seedH=8 seedS=4 pat=128 bloomH=2 bloomT=30 bloomSrc=pruned",64,0.8945558739,0.9897,4958.6141,8.6912,0.0000,0.198637,"0.198637;0.198840;0.198285",28.458023,35139.48,,14.53,0,6980,10,True,nid004845,59118635
SparseHNSW_Bloom2_30_b16_s8x4_p128,"M=48 efC=1600 ef=50 alpha=0.85 beta=16 q=u8 seedT=8 seedH=8 seedS=4 pat=128 bloomH=2 bloomT=30 bloomSrc=pruned",64,0.8945558739,0.9897,4958.6141,8.6912,0.0000,0.198350,"0.198709;0.198350;0.198098",28.416905,35190.32,,14.53,0,6980,10,True,nid004845,59118635
SparseHNSW_Bloom2_30_b16_s8x4_p128,"M=48 efC=1600 ef=100 alpha=0.85 beta=16 q=u8 seedT=8 seedH=8 seedS=4 pat=128 bloomH=2 bloomT=30 bloomSrc=pruned",64,0.8945558739,0.9897,4958.6141,8.6912,0.0000,0.198603,"0.198603;0.198710;0.198023",28.453152,35145.49,,14.53,0,6980,10,True,nid004845,59118635
SparseHNSW_Bloom2_30_b16_s8x4_p128,"M=48 efC=1600 ef=400 alpha=0.85 beta=16 q=u8 seedT=8 seedH=8 seedS=4 pat=128 bloomH=2 bloomT=30 bloomSrc=pruned",64,0.9446848138,0.9966,4958.6141,8.6912,0.0000,0.365121,"0.365509;0.365121;0.364448",52.309599,19116.95,,14.53,0,6980,10,True,nid004845,59118635
SparseHNSW_Bloom2_30_b16_s8x4_p128,"M=48 efC=1600 ef=800 alpha=0.85 beta=16 q=u8 seedT=8 seedH=8 seedS=4 pat=128 bloomH=2 bloomT=30 bloomSrc=pruned",64,0.9746848138,0.9983,4958.6141,8.6912,0.0000,0.383051,"0.383051;0.383132;0.382666",54.878367,18222.12,,14.53,0,6980,10,True,nid004845,59118635
SparseHNSW_Bloom2_30_b16_s8x4_p128,"M=48 efC=1600 ef=1600 alpha=0.85 beta=16 q=u8 seedT=8 seedH=8 seedS=4 pat=128 bloomH=2 bloomT=30 bloomSrc=pruned",64,0.9880229226,0.9989,4958.6141,8.6912,0.0000,0.382430,"0.382066;0.382430;0.382561",54.789398,18251.71,,14.53,0,6980,10,True,nid004845,59118635
SparseHNSW_Bloom2_30_b16_s8x4_p128,"M=48 efC=1600 ef=3200 alpha=0.85 beta=16 q=u8 seedT=8 seedH=8 seedS=4 pat=128 bloomH=2 bloomT=30 bloomSrc=pruned",64,0.9933237822,0.9996,4958.6141,8.6912,0.0000,0.394218,"0.394182;0.395290;0.394218",56.478223,17705.94,,14.53,0,6980,10,True,nid004845,59118635
SparseHNSW_Bloom2_30_b16_s8x4_p128,"M=48 efC=1600 ef=6400 alpha=0.85 beta=16 q=u8 seedT=8 seedH=8 seedS=4 pat=128 bloomH=2 bloomT=30 bloomSrc=pruned",64,0.9956590258,0.9997,4958.6141,8.6912,0.0000,0.448488,"0.448488;0.447733;0.448976",64.253295,15563.40,,14.53,0,6980,10,True,nid004845,59118635
SparseHNSW_Bloom2_30_b3_s0x0_p256,"M=48 efC=1600 ef=10 alpha=0.85 beta=3 q=u8 pat=256 bloomH=2 bloomT=30 bloomSrc=pruned",64,0.8145558739,0.9246,4958.6141,8.6912,0.0000,0.054451,"0.054316;0.054451;0.054896",7.801003,128188.65,,14.53,0,6980,10,True,nid004845,59118635
SparseHNSW_Bloom2_30_b3_s0x0_p256,"M=48 efC=1600 ef=20 alpha=0.85 beta=3 q=u8 pat=256 bloomH=2 bloomT=30 bloomSrc=pruned",64,0.8145558739,0.9246,4958.6141,8.6912,0.0000,0.054634,"0.054561;0.054634;0.054949",7.827221,127759.27,,14.53,0,6980,10,True,nid004845,59118635
SparseHNSW_Bloom2_30_b3_s0x0_p256,"M=48 efC=1600 ef=50 alpha=0.85 beta=3 q=u8 pat=256 bloomH=2 bloomT=30 bloomSrc=pruned",64,0.8385816619,0.9450,4958.6141,8.6912,0.0000,0.078891,"0.078907;0.078659;0.078891",11.302436,88476.51,,14.53,0,6980,10,True,nid004845,59118635
SparseHNSW_Bloom2_30_b3_s0x0_p256,"M=48 efC=1600 ef=100 alpha=0.85 beta=3 q=u8 pat=256 bloomH=2 bloomT=30 bloomSrc=pruned",64,0.8607020057,0.9649,4958.6141,8.6912,0.0000,0.132189,"0.132189;0.132689;0.131736",18.938252,52803.18,,14.53,0,6980,10,True,nid004845,59118635
SparseHNSW_Bloom2_30_b3_s0x0_p256,"M=48 efC=1600 ef=400 alpha=0.85 beta=3 q=u8 pat=256 bloomH=2 bloomT=30 bloomSrc=pruned",64,0.9156446991,0.9850,4958.6141,8.6912,0.0000,0.333049,"0.333112;0.333049;0.332638",47.714756,20957.88,,14.53,0,6980,10,True,nid004845,59118635
SparseHNSW_Bloom2_30_b3_s0x0_p256,"M=48 efC=1600 ef=800 alpha=0.85 beta=3 q=u8 pat=256 bloomH=2 bloomT=30 bloomSrc=pruned",64,0.9520773639,0.9907,4958.6141,8.6912,0.0000,0.340866,"0.340866;0.342089;0.340862",48.834670,20477.25,,14.53,0,6980,10,True,nid004845,59118635
SparseHNSW_Bloom2_30_b3_s0x0_p256,"M=48 efC=1600 ef=1600 alpha=0.85 beta=3 q=u8 pat=256 bloomH=2 bloomT=30 bloomSrc=pruned",64,0.9775214900,0.9946,4958.6141,8.6912,0.0000,0.347199,"0.347199;0.347418;0.346600",49.741977,20103.74,,14.53,0,6980,10,True,nid004845,59118635
SparseHNSW_Bloom2_30_b3_s0x0_p256,"M=48 efC=1600 ef=3200 alpha=0.85 beta=3 q=u8 pat=256 bloomH=2 bloomT=30 bloomSrc=pruned",64,0.9883094556,0.9971,4958.6141,8.6912,0.0000,0.371492,"0.371075;0.371492;0.371941",53.222350,18789.10,,14.53,0,6980,10,True,nid004845,59118635
SparseHNSW_Bloom2_30_b3_s0x0_p256,"M=48 efC=1600 ef=6400 alpha=0.85 beta=3 q=u8 pat=256 bloomH=2 bloomT=30 bloomSrc=pruned",64,0.9937822350,0.9989,4958.6141,8.6912,0.0000,0.429820,"0.428943;0.429933;0.429820",61.578797,16239.36,,14.53,0,6980,10,True,nid004845,59118635
SparseHNSW_Bloom2_30_b4_s0x0_p256,"M=48 efC=1600 ef=10 alpha=0.85 beta=4 q=u8 pat=256 bloomH=2 bloomT=30 bloomSrc=pruned",64,0.8278510029,0.9354,4958.6141,8.6912,0.0000,0.067128,"0.067128;0.067028;0.067239",9.617192,103980.46,,14.53,0,6980,10,True,nid004845,59118635
SparseHNSW_Bloom2_30_b4_s0x0_p256,"M=48 efC=1600 ef=20 alpha=0.85 beta=4 q=u8 pat=256 bloomH=2 bloomT=30 bloomSrc=pruned",64,0.8278510029,0.9354,4958.6141,8.6912,0.0000,0.067608,"0.067132;0.067608;0.067808",9.685960,103242.22,,14.53,0,6980,10,True,nid004845,59118635
SparseHNSW_Bloom2_30_b4_s0x0_p256,"M=48 efC=1600 ef=50 alpha=0.85 beta=4 q=u8 pat=256 bloomH=2 bloomT=30 bloomSrc=pruned",64,0.8389684814,0.9450,4958.6141,8.6912,0.0000,0.079591,"0.079591;0.079591;0.079402",11.402722,87698.36,,14.53,0,6980,10,True,nid004845,59118635
SparseHNSW_Bloom2_30_b4_s0x0_p256,"M=48 efC=1600 ef=100 alpha=0.85 beta=4 q=u8 pat=256 bloomH=2 bloomT=30 bloomSrc=pruned",64,0.8611461318,0.9649,4958.6141,8.6912,0.0000,0.132417,"0.133146;0.132416;0.132417",18.970917,52712.27,,14.53,0,6980,10,True,nid004845,59118635
SparseHNSW_Bloom2_30_b4_s0x0_p256,"M=48 efC=1600 ef=400 alpha=0.85 beta=4 q=u8 pat=256 bloomH=2 bloomT=30 bloomSrc=pruned",64,0.9163753582,0.9851,4958.6141,8.6912,0.0000,0.344655,"0.344897;0.344360;0.344655",49.377507,20252.14,,14.53,0,6980,10,True,nid004845,59118635
SparseHNSW_Bloom2_30_b4_s0x0_p256,"M=48 efC=1600 ef=800 alpha=0.85 beta=4 q=u8 pat=256 bloomH=2 bloomT=30 bloomSrc=pruned",64,0.9528510029,0.9907,4958.6141,8.6912,0.0000,0.354981,"0.354638;0.354981;0.355854",50.856877,19663.02,,14.53,0,6980,10,True,nid004845,59118635
SparseHNSW_Bloom2_30_b4_s0x0_p256,"M=48 efC=1600 ef=1600 alpha=0.85 beta=4 q=u8 pat=256 bloomH=2 bloomT=30 bloomSrc=pruned",64,0.9782378223,0.9947,4958.6141,8.6912,0.0000,0.360631,"0.360631;0.360148;0.360971",51.666332,19354.96,,14.53,0,6980,10,True,nid004845,59118635
SparseHNSW_Bloom2_30_b4_s0x0_p256,"M=48 efC=1600 ef=3200 alpha=0.85 beta=4 q=u8 pat=256 bloomH=2 bloomT=30 bloomSrc=pruned",64,0.9890974212,0.9973,4958.6141,8.6912,0.0000,0.383530,"0.383358;0.384191;0.383530",54.946991,18199.36,,14.53,0,6980,10,True,nid004845,59118635
SparseHNSW_Bloom2_30_b4_s0x0_p256,"M=48 efC=1600 ef=6400 alpha=0.85 beta=4 q=u8 pat=256 bloomH=2 bloomT=30 bloomSrc=pruned",64,0.9944555874,0.9989,4958.6141,8.6912,0.0000,0.441910,"0.441910;0.442468;0.441642",63.310888,15795.07,,14.53,0,6980,10,True,nid004845,59118635
SparseHNSW_Bloom2_30_b5_s0x0_p256,"M=48 efC=1600 ef=10 alpha=0.85 beta=5 q=u8 pat=256 bloomH=2 bloomT=30 bloomSrc=pruned",64,0.8390401146,0.9450,4958.6141,8.6912,0.0000,0.079869,"0.079839;0.079869;0.080439",11.442550,87393.11,,14.53,0,6980,10,True,nid004845,59118635
SparseHNSW_Bloom2_30_b5_s0x0_p256,"M=48 efC=1600 ef=20 alpha=0.85 beta=5 q=u8 pat=256 bloomH=2 bloomT=30 bloomSrc=pruned",64,0.8390401146,0.9450,4958.6141,8.6912,0.0000,0.080010,"0.080273;0.080010;0.079788",11.462751,87239.10,,14.53,0,6980,10,True,nid004845,59118635
SparseHNSW_Bloom2_30_b5_s0x0_p256,"M=48 efC=1600 ef=50 alpha=0.85 beta=5 q=u8 pat=256 bloomH=2 bloomT=30 bloomSrc=pruned",64,0.8390401146,0.9450,4958.6141,8.6912,0.0000,0.079951,"0.080069;0.079951;0.079852",11.454298,87303.47,,14.53,0,6980,10,True,nid004845,59118635
SparseHNSW_Bloom2_30_b5_s0x0_p256,"M=48 efC=1600 ef=100 alpha=0.85 beta=5 q=u8 pat=256 bloomH=2 bloomT=30 bloomSrc=pruned",64,0.8612607450,0.9649,4958.6141,8.6912,0.0000,0.133059,"0.132789;0.133502;0.133059",19.062894,52457.93,,14.53,0,6980,10,True,nid004845,59118635
SparseHNSW_Bloom2_30_b5_s0x0_p256,"M=48 efC=1600 ef=400 alpha=0.85 beta=5 q=u8 pat=256 bloomH=2 bloomT=30 bloomSrc=pruned",64,0.9166475645,0.9852,4958.6141,8.6912,0.0000,0.356840,"0.357166;0.356840;0.355982",51.123209,19560.59,,14.53,0,6980,10,True,nid004845,59118635
SparseHNSW_Bloom2_30_b5_s0x0_p256,"M=48 efC=1600 ef=800 alpha=0.85 beta=5 q=u8 pat=256 bloomH=2 bloomT=30 bloomSrc=pruned",64,0.9531375358,0.9911,4958.6141,8.6912,0.0000,0.371278,"0.371278;0.371284;0.370754",53.191691,18799.93,,14.53,0,6980,10,True,nid004845,59118635
SparseHNSW_Bloom2_30_b5_s0x0_p256,"M=48 efC=1600 ef=1600 alpha=0.85 beta=5 q=u8 pat=256 bloomH=2 bloomT=30 bloomSrc=pruned",64,0.9784383954,0.9947,4958.6141,8.6912,0.0000,0.373809,"0.373740;0.373809;0.374212",53.554298,18672.64,,14.53,0,6980,10,True,nid004845,59118635
SparseHNSW_Bloom2_30_b5_s0x0_p256,"M=48 efC=1600 ef=3200 alpha=0.85 beta=5 q=u8 pat=256 bloomH=2 bloomT=30 bloomSrc=pruned",64,0.9893123209,0.9974,4958.6141,8.6912,0.0000,0.395696,"0.396088;0.394998;0.395696",56.689971,17639.80,,14.53,0,6980,10,True,nid004845,59118635
SparseHNSW_Bloom2_30_b5_s0x0_p256,"M=48 efC=1600 ef=6400 alpha=0.85 beta=5 q=u8 pat=256 bloomH=2 bloomT=30 bloomSrc=pruned",64,0.9946704871,0.9990,4958.6141,8.6912,0.0000,0.454667,"0.454312;0.454667;0.454794",65.138539,15351.89,,14.53,0,6980,10,True,nid004845,59118635
SparseHNSW_Bloom2_30_b8_s0x0_p256,"M=48 efC=1600 ef=10 alpha=0.85 beta=8 q=u8 pat=256 bloomH=2 bloomT=30 bloomSrc=pruned",64,0.8548853868,0.9597,4958.6141,8.6912,0.0000,0.114212,"0.114026;0.114212;0.114540",16.362751,61114.42,,14.53,0,6980,10,True,nid004845,59118635
SparseHNSW_Bloom2_30_b8_s0x0_p256,"M=48 efC=1600 ef=20 alpha=0.85 beta=8 q=u8 pat=256 bloomH=2 bloomT=30 bloomSrc=pruned",64,0.8548853868,0.9597,4958.6141,8.6912,0.0000,0.114246,"0.114246;0.114708;0.114102",16.367622,61096.23,,14.53,0,6980,10,True,nid004845,59118635
SparseHNSW_Bloom2_30_b8_s0x0_p256,"M=48 efC=1600 ef=50 alpha=0.85 beta=8 q=u8 pat=256 bloomH=2 bloomT=30 bloomSrc=pruned",64,0.8548853868,0.9597,4958.6141,8.6912,0.0000,0.114336,"0.114416;0.114079;0.114336",16.380516,61048.14,,14.53,0,6980,10,True,nid004845,59118635
SparseHNSW_Bloom2_30_b8_s0x0_p256,"M=48 efC=1600 ef=100 alpha=0.85 beta=8 q=u8 pat=256 bloomH=2 bloomT=30 bloomSrc=pruned",64,0.8613323782,0.9649,4958.6141,8.6912,0.0000,0.135452,"0.135452;0.136042;0.134927",19.405731,51531.17,,14.53,0,6980,10,True,nid004845,59118635
SparseHNSW_Bloom2_30_b8_s0x0_p256,"M=48 efC=1600 ef=400 alpha=0.85 beta=8 q=u8 pat=256 bloomH=2 bloomT=30 bloomSrc=pruned",64,0.9168481375,0.9857,4958.6141,8.6912,0.0000,0.385969,"0.386364;0.385900;0.385969",55.296418,18084.35,,14.53,0,6980,10,True,nid004845,59118635
SparseHNSW_Bloom2_30_b8_s0x0_p256,"M=48 efC=1600 ef=800 alpha=0.85 beta=8 q=u8 pat=256 bloomH=2 bloomT=30 bloomSrc=pruned",64,0.9533954155,0.9917,4958.6141,8.6912,0.0000,0.418334,"0.418334;0.418811;0.418031",59.933238,16685.23,,14.53,0,6980,10,True,nid004845,59118635
SparseHNSW_Bloom2_30_b8_s0x0_p256,"M=48 efC=1600 ef=1600 alpha=0.85 beta=8 q=u8 pat=256 bloomH=2 bloomT=30 bloomSrc=pruned",64,0.9786676218,0.9947,4958.6141,8.6912,0.0000,0.416296,"0.416726;0.415679;0.416296",59.641261,16766.92,,14.53,0,6980,10,True,nid004845,59118635
SparseHNSW_Bloom2_30_b8_s0x0_p256,"M=48 efC=1600 ef=3200 alpha=0.85 beta=8 q=u8 pat=256 bloomH=2 bloomT=30 bloomSrc=pruned",64,0.9895128940,0.9976,4958.6141,8.6912,0.0000,0.433510,"0.432215;0.434331;0.433510",62.107450,16101.13,,14.53,0,6980,10,True,nid004845,59118635
SparseHNSW_Bloom2_30_b8_s0x0_p256,"M=48 efC=1600 ef=6400 alpha=0.85 beta=8 q=u8 pat=256 bloomH=2 bloomT=30 bloomSrc=pruned",64,0.9948567335,0.9990,4958.6141,8.6912,0.0000,0.491556,"0.491556;0.491650;0.491234",70.423496,14199.81,,14.53,0,6980,10,True,nid004845,59118635
SparseHNSW_Bloom2_30_b12_s0x0_p256,"M=48 efC=1600 ef=10 alpha=0.85 beta=12 q=u8 pat=256 bloomH=2 bloomT=30 bloomSrc=pruned",64,0.8655444126,0.9672,4958.6141,8.6912,0.0000,0.158640,"0.158696;0.158640;0.157867",22.727794,43998.99,,14.53,0,6980,10,True,nid004845,59118635
SparseHNSW_Bloom2_30_b12_s0x0_p256,"M=48 efC=1600 ef=20 alpha=0.85 beta=12 q=u8 pat=256 bloomH=2 bloomT=30 bloomSrc=pruned",64,0.8655444126,0.9672,4958.6141,8.6912,0.0000,0.158385,"0.158385;0.158578;0.157869",22.691261,44069.83,,14.53,0,6980,10,True,nid004845,59118635
SparseHNSW_Bloom2_30_b12_s0x0_p256,"M=48 efC=1600 ef=50 alpha=0.85 beta=12 q=u8 pat=256 bloomH=2 bloomT=30 bloomSrc=pruned",64,0.8655444126,0.9672,4958.6141,8.6912,0.0000,0.158244,"0.158244;0.158584;0.158021",22.671060,44109.10,,14.53,0,6980,10,True,nid004845,59118635
SparseHNSW_Bloom2_30_b12_s0x0_p256,"M=48 efC=1600 ef=100 alpha=0.85 beta=12 q=u8 pat=256 bloomH=2 bloomT=30 bloomSrc=pruned",64,0.8655444126,0.9672,4958.6141,8.6912,0.0000,0.158679,"0.158741;0.158679;0.158471",22.733381,43988.18,,14.53,0,6980,10,True,nid004845,59118635
SparseHNSW_Bloom2_30_b12_s0x0_p256,"M=48 efC=1600 ef=400 alpha=0.85 beta=12 q=u8 pat=256 bloomH=2 bloomT=30 bloomSrc=pruned",64,0.9169197708,0.9858,4958.6141,8.6912,0.0000,0.410720,"0.410975;0.410170;0.410720",58.842407,16994.55,,14.53,0,6980,10,True,nid004845,59118635
SparseHNSW_Bloom2_30_b12_s0x0_p256,"M=48 efC=1600 ef=800 alpha=0.85 beta=12 q=u8 pat=256 bloomH=2 bloomT=30 bloomSrc=pruned",64,0.9535243553,0.9918,4958.6141,8.6912,0.0000,0.481189,"0.479511;0.481189;0.481333",68.938252,14505.73,,14.53,0,6980,10,True,nid004845,59118635
SparseHNSW_Bloom2_30_b12_s0x0_p256,"M=48 efC=1600 ef=1600 alpha=0.85 beta=12 q=u8 pat=256 bloomH=2 bloomT=30 bloomSrc=pruned",64,0.9789255014,0.9953,4958.6141,8.6912,0.0000,0.475813,"0.475813;0.474941;0.476137",68.168052,14669.63,,14.53,0,6980,10,True,nid004845,59118635
SparseHNSW_Bloom2_30_b12_s0x0_p256,"M=48 efC=1600 ef=3200 alpha=0.85 beta=12 q=u8 pat=256 bloomH=2 bloomT=30 bloomSrc=pruned",64,0.9896561605,0.9977,4958.6141,8.6912,0.0000,0.482335,"0.482335;0.482306;0.483085",69.102436,14471.27,,14.53,0,6980,10,True,nid004845,59118635
SparseHNSW_Bloom2_30_b12_s0x0_p256,"M=48 efC=1600 ef=6400 alpha=0.85 beta=12 q=u8 pat=256 bloomH=2 bloomT=30 bloomSrc=pruned",64,0.9949283668,0.9990,4958.6141,8.6912,0.0000,0.538596,"0.539365;0.538596;0.538536",77.162751,12959.62,,14.53,0,6980,10,True,nid004845,59118635
SparseHNSW_Bloom2_30_b16_s0x0_p256,"M=48 efC=1600 ef=10 alpha=0.85 beta=16 q=u8 pat=256 bloomH=2 bloomT=30 bloomSrc=pruned",64,0.8743553009,0.9716,4958.6141,8.6912,0.0000,0.200452,"0.199679;0.200452;0.200543",28.718052,34821.30,,14.53,0,6980,10,True,nid004845,59118635
SparseHNSW_Bloom2_30_b16_s0x0_p256,"M=48 efC=1600 ef=20 alpha=0.85 beta=16 q=u8 pat=256 bloomH=2 bloomT=30 bloomSrc=pruned",64,0.8743553009,0.9716,4958.6141,8.6912,0.0000,0.200005,"0.200081;0.200005;0.199754",28.654011,34899.13,,14.53,0,6980,10,True,nid004845,59118635
SparseHNSW_Bloom2_30_b16_s0x0_p256,"M=48 efC=1600 ef=50 alpha=0.85 beta=16 q=u8 pat=256 bloomH=2 bloomT=30 bloomSrc=pruned",64,0.8743553009,0.9716,4958.6141,8.6912,0.0000,0.200173,"0.200252;0.200173;0.199857",28.678080,34869.84,,14.53,0,6980,10,True,nid004845,59118635
SparseHNSW_Bloom2_30_b16_s0x0_p256,"M=48 efC=1600 ef=100 alpha=0.85 beta=16 q=u8 pat=256 bloomH=2 bloomT=30 bloomSrc=pruned",64,0.8743553009,0.9716,4958.6141,8.6912,0.0000,0.200461,"0.200461;0.200565;0.199974",28.719341,34819.74,,14.53,0,6980,10,True,nid004845,59118635
SparseHNSW_Bloom2_30_b16_s0x0_p256,"M=48 efC=1600 ef=400 alpha=0.85 beta=16 q=u8 pat=256 bloomH=2 bloomT=30 bloomSrc=pruned",64,0.9170630372,0.9860,4958.6141,8.6912,0.0000,0.422965,"0.422728;0.423570;0.422965",60.596705,16502.55,,14.53,0,6980,10,True,nid004845,59118635
SparseHNSW_Bloom2_30_b16_s0x0_p256,"M=48 efC=1600 ef=800 alpha=0.85 beta=16 q=u8 pat=256 bloomH=2 bloomT=30 bloomSrc=pruned",64,0.9537822350,0.9921,4958.6141,8.6912,0.0000,0.538636,"0.538343;0.538636;0.539263",77.168481,12958.66,,14.53,0,6980,10,True,nid004845,59118635
SparseHNSW_Bloom2_30_b16_s0x0_p256,"M=48 efC=1600 ef=1600 alpha=0.85 beta=16 q=u8 pat=256 bloomH=2 bloomT=30 bloomSrc=pruned",64,0.9790830946,0.9954,4958.6141,8.6912,0.0000,0.535418,"0.535433;0.534819;0.535418",76.707450,13036.54,,14.53,0,6980,10,True,nid004845,59118635
SparseHNSW_Bloom2_30_b16_s0x0_p256,"M=48 efC=1600 ef=3200 alpha=0.85 beta=16 q=u8 pat=256 bloomH=2 bloomT=30 bloomSrc=pruned",64,0.9897277937,0.9979,4958.6141,8.6912,0.0000,0.535468,"0.534931;0.535468;0.536047",76.714613,13035.33,,14.53,0,6980,10,True,nid004845,59118635
SparseHNSW_Bloom2_30_b16_s0x0_p256,"M=48 efC=1600 ef=6400 alpha=0.85 beta=16 q=u8 pat=256 bloomH=2 bloomT=30 bloomSrc=pruned",64,0.9951432665,0.9991,4958.6141,8.6912,0.0000,0.585497,"0.585497;0.586226;0.585059",83.882092,11921.50,,14.53,0,6980,10,True,nid004845,59118635
SparseHNSW_Bloom2_30_b3_s8x4_p256,"M=48 efC=1600 ef=10 alpha=0.85 beta=3 q=u8 seedT=8 seedH=8 seedS=4 pat=256 bloomH=2 bloomT=30 bloomSrc=pruned",64,0.8446991404,0.9683,4958.6141,8.6912,0.0000,0.055343,"0.054352;0.055439;0.055343",7.928797,126122.54,,14.53,0,6980,10,True,nid004845,59118635
SparseHNSW_Bloom2_30_b3_s8x4_p256,"M=48 efC=1600 ef=20 alpha=0.85 beta=3 q=u8 seedT=8 seedH=8 seedS=4 pat=256 bloomH=2 bloomT=30 bloomSrc=pruned",64,0.8446991404,0.9683,4958.6141,8.6912,0.0000,0.055601,"0.055584;0.055601;0.055700",7.965759,125537.31,,14.53,0,6980,10,True,nid004845,59118635
SparseHNSW_Bloom2_30_b3_s8x4_p256,"M=48 efC=1600 ef=50 alpha=0.85 beta=3 q=u8 seedT=8 seedH=8 seedS=4 pat=256 bloomH=2 bloomT=30 bloomSrc=pruned",64,0.8600859599,0.9765,4958.6141,8.6912,0.0000,0.075439,"0.075344;0.075562;0.075439",10.807880,92525.09,,14.53,0,6980,10,True,nid004845,59118635
SparseHNSW_Bloom2_30_b3_s8x4_p256,"M=48 efC=1600 ef=100 alpha=0.85 beta=3 q=u8 seedT=8 seedH=8 seedS=4 pat=256 bloomH=2 bloomT=30 bloomSrc=pruned",64,0.8771776504,0.9850,4958.6141,8.6912,0.0000,0.129759,"0.129584;0.130014;0.129759",18.590115,53792.03,,14.53,0,6980,10,True,nid004845,59118635
SparseHNSW_Bloom2_30_b3_s8x4_p256,"M=48 efC=1600 ef=400 alpha=0.85 beta=3 q=u8 seedT=8 seedH=8 seedS=4 pat=256 bloomH=2 bloomT=30 bloomSrc=pruned",64,0.9437679083,0.9964,4958.6141,8.6912,0.0000,0.326961,"0.326676;0.326961;0.327037",46.842550,21348.11,,14.53,0,6980,10,True,nid004845,59118635
SparseHNSW_Bloom2_30_b3_s8x4_p256,"M=48 efC=1600 ef=800 alpha=0.85 beta=3 q=u8 seedT=8 seedH=8 seedS=4 pat=256 bloomH=2 bloomT=30 bloomSrc=pruned",64,0.9736676218,0.9984,4958.6141,8.6912,0.0000,0.332071,"0.332320;0.331415;0.332071",47.574642,21019.60,,14.53,0,6980,10,True,nid004845,59118635
SparseHNSW_Bloom2_30_b3_s8x4_p256,"M=48 efC=1600 ef=1600 alpha=0.85 beta=3 q=u8 seedT=8 seedH=8 seedS=4 pat=256 bloomH=2 bloomT=30 bloomSrc=pruned",64,0.9870343840,0.9990,4958.6141,8.6912,0.0000,0.343754,"0.343961;0.343587;0.343754",49.248424,20305.22,,14.53,0,6980,10,True,nid004845,59118635
SparseHNSW_Bloom2_30_b3_s8x4_p256,"M=48 efC=1600 ef=3200 alpha=0.85 beta=3 q=u8 seedT=8 seedH=8 seedS=4 pat=256 bloomH=2 bloomT=30 bloomSrc=pruned",64,0.9922492837,0.9996,4958.6141,8.6912,0.0000,0.369672,"0.369672;0.369196;0.369785",52.961605,18881.60,,14.53,0,6980,10,True,nid004845,59118635
SparseHNSW_Bloom2_30_b3_s8x4_p256,"M=48 efC=1600 ef=6400 alpha=0.85 beta=3 q=u8 seedT=8 seedH=8 seedS=4 pat=256 bloomH=2 bloomT=30 bloomSrc=pruned",64,0.9947134670,0.9997,4958.6141,8.6912,0.0000,0.428442,"0.427243;0.428465;0.428442",61.381375,16291.59,,14.53,0,6980,10,True,nid004845,59118635
SparseHNSW_Bloom2_30_b4_s8x4_p256,"M=48 efC=1600 ef=10 alpha=0.85 beta=4 q=u8 seedT=8 seedH=8 seedS=4 pat=256 bloomH=2 bloomT=30 bloomSrc=pruned",64,0.8547994269,0.9745,4958.6141,8.6912,0.0000,0.064514,"0.064319;0.065075;0.064514",9.242693,108193.57,,14.53,0,6980,10,True,nid004845,59118635
SparseHNSW_Bloom2_30_b4_s8x4_p256,"M=48 efC=1600 ef=20 alpha=0.85 beta=4 q=u8 seedT=8 seedH=8 seedS=4 pat=256 bloomH=2 bloomT=30 bloomSrc=pruned",64,0.8547994269,0.9745,4958.6141,8.6912,0.0000,0.064474,"0.064474;0.064547;0.064322",9.236963,108260.69,,14.53,0,6980,10,True,nid004845,59118635
SparseHNSW_Bloom2_30_b4_s8x4_p256,"M=48 efC=1600 ef=50 alpha=0.85 beta=4 q=u8 seedT=8 seedH=8 seedS=4 pat=256 bloomH=2 bloomT=30 bloomSrc=pruned",64,0.8604871060,0.9765,4958.6141,8.6912,0.0000,0.076022,"0.076022;0.076620;0.075959",10.891404,91815.53,,14.53,0,6980,10,True,nid004845,59118635
SparseHNSW_Bloom2_30_b4_s8x4_p256,"M=48 efC=1600 ef=100 alpha=0.85 beta=4 q=u8 seedT=8 seedH=8 seedS=4 pat=256 bloomH=2 bloomT=30 bloomSrc=pruned",64,0.8776361032,0.9850,4958.6141,8.6912,0.0000,0.130335,"0.130186;0.130335;0.130368",18.672636,53554.30,,14.53,0,6980,10,True,nid004845,59118635
SparseHNSW_Bloom2_30_b4_s8x4_p256,"M=48 efC=1600 ef=400 alpha=0.85 beta=4 q=u8 seedT=8 seedH=8 seedS=4 pat=256 bloomH=2 bloomT=30 bloomSrc=pruned",64,0.9444412607,0.9964,4958.6141,8.6912,0.0000,0.339281,"0.339281;0.339442;0.338402",48.607593,20572.92,,14.53,0,6980,10,True,nid004845,59118635
SparseHNSW_Bloom2_30_b4_s8x4_p256,"M=48 efC=1600 ef=800 alpha=0.85 beta=4 q=u8 seedT=8 seedH=8 seedS=4 pat=256 bloomH=2 bloomT=30 bloomSrc=pruned",64,0.9743553009,0.9984,4958.6141,8.6912,0.0000,0.346831,"0.346831;0.346181;0.347236",49.689255,20125.08,,14.53,0,6980,10,True,nid004845,59118635
SparseHNSW_Bloom2_30_b4_s8x4_p256,"M=48 efC=1600 ef=1600 alpha=0.85 beta=4 q=u8 seedT=8 seedH=8 seedS=4 pat=256 bloomH=2 bloomT=30 bloomSrc=pruned",64,0.9876934097,0.9990,4958.6141,8.6912,0.0000,0.356553,"0.356036;0.356553;0.356658",51.082092,19576.33,,14.53,0,6980,10,True,nid004845,59118635
SparseHNSW_Bloom2_30_b4_s8x4_p256,"M=48 efC=1600 ef=3200 alpha=0.85 beta=4 q=u8 seedT=8 seedH=8 seedS=4 pat=256 bloomH=2 bloomT=30 bloomSrc=pruned",64,0.9929226361,0.9996,4958.6141,8.6912,0.0000,0.381542,"0.381542;0.381929;0.381316",54.662178,18294.19,,14.53,0,6980,10,True,nid004845,59118635
SparseHNSW_Bloom2_30_b4_s8x4_p256,"M=48 efC=1600 ef=6400 alpha=0.85 beta=4 q=u8 seedT=8 seedH=8 seedS=4 pat=256 bloomH=2 bloomT=30 bloomSrc=pruned",64,0.9953868195,0.9997,4958.6141,8.6912,0.0000,0.440485,"0.440304;0.440814;0.440485",63.106734,15846.17,,14.53,0,6980,10,True,nid004845,59118635
SparseHNSW_Bloom2_30_b5_s8x4_p256,"M=48 efC=1600 ef=10 alpha=0.85 beta=5 q=u8 seedT=8 seedH=8 seedS=4 pat=256 bloomH=2 bloomT=30 bloomSrc=pruned",64,0.8605730659,0.9765,4958.6141,8.6912,0.0000,0.076510,"0.076269;0.076510;0.077053",10.961318,91229.90,,14.53,0,6980,10,True,nid004845,59118635
SparseHNSW_Bloom2_30_b5_s8x4_p256,"M=48 efC=1600 ef=20 alpha=0.85 beta=5 q=u8 seedT=8 seedH=8 seedS=4 pat=256 bloomH=2 bloomT=30 bloomSrc=pruned",64,0.8605730659,0.9765,4958.6141,8.6912,0.0000,0.076880,"0.076763;0.076880;0.077047",11.014327,90790.84,,14.53,0,6980,10,True,nid004845,59118635
SparseHNSW_Bloom2_30_b5_s8x4_p256,"M=48 efC=1600 ef=50 alpha=0.85 beta=5 q=u8 seedT=8 seedH=8 seedS=4 pat=256 bloomH=2 bloomT=30 bloomSrc=pruned",64,0.8605730659,0.9765,4958.6141,8.6912,0.0000,0.076799,"0.076968;0.076799;0.076714",11.002722,90886.60,,14.53,0,6980,10,True,nid004845,59118635
SparseHNSW_Bloom2_30_b5_s8x4_p256,"M=48 efC=1600 ef=100 alpha=0.85 beta=5 q=u8 seedT=8 seedH=8 seedS=4 pat=256 bloomH=2 bloomT=30 bloomSrc=pruned",64,0.8777507163,0.9850,4958.6141,8.6912,0.0000,0.131431,"0.131622;0.130692;0.131431",18.829656,53107.71,,14.53,0,6980,10,True,nid004845,59118635
SparseHNSW_Bloom2_30_b5_s8x4_p256,"M=48 efC=1600 ef=400 alpha=0.85 beta=5 q=u8 seedT=8 seedH=8 seedS=4 pat=256 bloomH=2 bloomT=30 bloomSrc=pruned",64,0.9445988539,0.9964,4958.6141,8.6912,0.0000,0.350927,"0.350727;0.351340;0.350927",50.276074,19890.18,,14.53,0,6980,10,True,nid004845,59118635
SparseHNSW_Bloom2_30_b5_s8x4_p256,"M=48 efC=1600 ef=800 alpha=0.85 beta=5 q=u8 seedT=8 seedH=8 seedS=4 pat=256 bloomH=2 bloomT=30 bloomSrc=pruned",64,0.9745558739,0.9984,4958.6141,8.6912,0.0000,0.361500,"0.361500;0.360523;0.361767",51.790831,19308.44,,14.53,0,6980,10,True,nid004845,59118635
SparseHNSW_Bloom2_30_b5_s8x4_p256,"M=48 efC=1600 ef=1600 alpha=0.85 beta=5 q=u8 seedT=8 seedH=8 seedS=4 pat=256 bloomH=2 bloomT=30 bloomSrc=pruned",64,0.9879083095,0.9990,4958.6141,8.6912,0.0000,0.368635,"0.367962;0.368635;0.369270",52.813037,18934.72,,14.53,0,6980,10,True,nid004845,59118635
SparseHNSW_Bloom2_30_b5_s8x4_p256,"M=48 efC=1600 ef=3200 alpha=0.85 beta=5 q=u8 seedT=8 seedH=8 seedS=4 pat=256 bloomH=2 bloomT=30 bloomSrc=pruned",64,0.9931948424,0.9997,4958.6141,8.6912,0.0000,0.393554,"0.393554;0.394498;0.392867",56.383095,17735.81,,14.53,0,6980,10,True,nid004845,59118635
SparseHNSW_Bloom2_30_b5_s8x4_p256,"M=48 efC=1600 ef=6400 alpha=0.85 beta=5 q=u8 seedT=8 seedH=8 seedS=4 pat=256 bloomH=2 bloomT=30 bloomSrc=pruned",64,0.9956017192,0.9999,4958.6141,8.6912,0.0000,0.454156,"0.454746;0.454099;0.454156",65.065330,15369.17,,14.53,0,6980,10,True,nid004845,59118635
SparseHNSW_Bloom2_30_b8_s8x4_p256,"M=48 efC=1600 ef=10 alpha=0.85 beta=8 q=u8 seedT=8 seedH=8 seedS=4 pat=256 bloomH=2 bloomT=30 bloomSrc=pruned",64,0.8705587393,0.9825,4958.6141,8.6912,0.0000,0.112189,"0.112099;0.112189;0.112618",16.072923,62216.44,,14.53,0,6980,10,True,nid004845,59118635
SparseHNSW_Bloom2_30_b8_s8x4_p256,"M=48 efC=1600 ef=20 alpha=0.85 beta=8 q=u8 seedT=8 seedH=8 seedS=4 pat=256 bloomH=2 bloomT=30 bloomSrc=pruned",64,0.8705587393,0.9825,4958.6141,8.6912,0.0000,0.112281,"0.112281;0.112424;0.111817",16.086103,62165.46,,14.53,0,6980,10,True,nid004845,59118635
SparseHNSW_Bloom2_30_b8_s8x4_p256,"M=48 efC=1600 ef=50 alpha=0.85 beta=8 q=u8 seedT=8 seedH=8 seedS=4 pat=256 bloomH=2 bloomT=30 bloomSrc=pruned",64,0.8705587393,0.9825,4958.6141,8.6912,0.0000,0.112090,"0.112369;0.111969;0.112090",16.058739,62271.39,,14.53,0,6980,10,True,nid004845,59118635
SparseHNSW_Bloom2_30_b8_s8x4_p256,"M=48 efC=1600 ef=100 alpha=0.85 beta=8 q=u8 seedT=8 seedH=8 seedS=4 pat=256 bloomH=2 bloomT=30 bloomSrc=pruned",64,0.8778223496,0.9850,4958.6141,8.6912,0.0000,0.132838,"0.132838;0.132184;0.133303",19.031232,52545.21,,14.53,0,6980,10,True,nid004845,59118635
SparseHNSW_Bloom2_30_b8_s8x4_p256,"M=48 efC=1600 ef=400 alpha=0.85 beta=8 q=u8 seedT=8 seedH=8 seedS=4 pat=256 bloomH=2 bloomT=30 bloomSrc=pruned",64,0.9446991404,0.9966,4958.6141,8.6912,0.0000,0.382603,"0.381819;0.382669;0.382603",54.814183,18243.45,,14.53,0,6980,10,True,nid004845,59118635
SparseHNSW_Bloom2_30_b8_s8x4_p256,"M=48 efC=1600 ef=800 alpha=0.85 beta=8 q=u8 seedT=8 seedH=8 seedS=4 pat=256 bloomH=2 bloomT=30 bloomSrc=pruned",64,0.9747994269,0.9987,4958.6141,8.6912,0.0000,0.408030,"0.408233;0.406966;0.408030",58.457020,17106.59,,14.53,0,6980,10,True,nid004845,59118635
SparseHNSW_Bloom2_30_b8_s8x4_p256,"M=48 efC=1600 ef=1600 alpha=0.85 beta=8 q=u8 seedT=8 seedH=8 seedS=4 pat=256 bloomH=2 bloomT=30 bloomSrc=pruned",64,0.9881518625,0.9990,4958.6141,8.6912,0.0000,0.410169,"0.409996;0.410169;0.411378",58.763467,17017.38,,14.53,0,6980,10,True,nid004845,59118635
SparseHNSW_Bloom2_30_b8_s8x4_p256,"M=48 efC=1600 ef=3200 alpha=0.85 beta=8 q=u8 seedT=8 seedH=8 seedS=4 pat=256 bloomH=2 bloomT=30 bloomSrc=pruned",64,0.9933810888,0.9997,4958.6141,8.6912,0.0000,0.431822,"0.430619;0.431911;0.431822",61.865616,16164.07,,14.53,0,6980,10,True,nid004845,59118635
SparseHNSW_Bloom2_30_b8_s8x4_p256,"M=48 efC=1600 ef=6400 alpha=0.85 beta=8 q=u8 seedT=8 seedH=8 seedS=4 pat=256 bloomH=2 bloomT=30 bloomSrc=pruned",64,0.9957593123,0.9999,4958.6141,8.6912,0.0000,0.491397,"0.491675;0.491003;0.491397",70.400716,14204.40,,14.53,0,6980,10,True,nid004845,59118635
SparseHNSW_Bloom2_30_b12_s8x4_p256,"M=48 efC=1600 ef=10 alpha=0.85 beta=12 q=u8 seedT=8 seedH=8 seedS=4 pat=256 bloomH=2 bloomT=30 bloomSrc=pruned",64,0.8839111748,0.9878,4958.6141,8.6912,0.0000,0.155795,"0.155795;0.155674;0.156109",22.320201,44802.46,,14.53,0,6980,10,True,nid004845,59118635
SparseHNSW_Bloom2_30_b12_s8x4_p256,"M=48 efC=1600 ef=20 alpha=0.85 beta=12 q=u8 seedT=8 seedH=8 seedS=4 pat=256 bloomH=2 bloomT=30 bloomSrc=pruned",64,0.8839111748,0.9878,4958.6141,8.6912,0.0000,0.155287,"0.155287;0.155288;0.155124",22.247421,44949.03,,14.53,0,6980,10,True,nid004845,59118635
SparseHNSW_Bloom2_30_b12_s8x4_p256,"M=48 efC=1600 ef=50 alpha=0.85 beta=12 q=u8 seedT=8 seedH=8 seedS=4 pat=256 bloomH=2 bloomT=30 bloomSrc=pruned",64,0.8839111748,0.9878,4958.6141,8.6912,0.0000,0.156088,"0.155997;0.156178;0.156088",22.362178,44718.36,,14.53,0,6980,10,True,nid004845,59118635
SparseHNSW_Bloom2_30_b12_s8x4_p256,"M=48 efC=1600 ef=100 alpha=0.85 beta=12 q=u8 seedT=8 seedH=8 seedS=4 pat=256 bloomH=2 bloomT=30 bloomSrc=pruned",64,0.8839111748,0.9878,4958.6141,8.6912,0.0000,0.155713,"0.155426;0.155713;0.156318",22.308453,44826.06,,14.53,0,6980,10,True,nid004845,59118635
SparseHNSW_Bloom2_30_b12_s8x4_p256,"M=48 efC=1600 ef=400 alpha=0.85 beta=12 q=u8 seedT=8 seedH=8 seedS=4 pat=256 bloomH=2 bloomT=30 bloomSrc=pruned",64,0.9447277937,0.9966,4958.6141,8.6912,0.0000,0.409067,"0.409837;0.408682;0.409067",58.605587,17063.22,,14.53,0,6980,10,True,nid004845,59118635
SparseHNSW_Bloom2_30_b12_s8x4_p256,"M=48 efC=1600 ef=800 alpha=0.85 beta=12 q=u8 seedT=8 seedH=8 seedS=4 pat=256 bloomH=2 bloomT=30 bloomSrc=pruned",64,0.9748710602,0.9987,4958.6141,8.6912,0.0000,0.471223,"0.471264;0.471091;0.471223",67.510458,14812.52,,14.53,0,6980,10,True,nid004845,59118635
SparseHNSW_Bloom2_30_b12_s8x4_p256,"M=48 efC=1600 ef=1600 alpha=0.85 beta=12 q=u8 seedT=8 seedH=8 seedS=4 pat=256 bloomH=2 bloomT=30 bloomSrc=pruned",64,0.9882951289,0.9991,4958.6141,8.6912,0.0000,0.471401,"0.472070;0.471401;0.470588",67.535960,14806.93,,14.53,0,6980,10,True,nid004845,59118635
SparseHNSW_Bloom2_30_b12_s8x4_p256,"M=48 efC=1600 ef=3200 alpha=0.85 beta=12 q=u8 seedT=8 seedH=8 seedS=4 pat=256 bloomH=2 bloomT=30 bloomSrc=pruned",64,0.9935530086,0.9999,4958.6141,8.6912,0.0000,0.480147,"0.479941;0.480147;0.480658",68.788968,14537.21,,14.53,0,6980,10,True,nid004845,59118635
SparseHNSW_Bloom2_30_b12_s8x4_p256,"M=48 efC=1600 ef=6400 alpha=0.85 beta=12 q=u8 seedT=8 seedH=8 seedS=4 pat=256 bloomH=2 bloomT=30 bloomSrc=pruned",64,0.9958882521,0.9999,4958.6141,8.6912,0.0000,0.538483,"0.538483;0.538625;0.536976",77.146562,12962.34,,14.53,0,6980,10,True,nid004845,59118635
SparseHNSW_Bloom2_30_b16_s8x4_p256,"M=48 efC=1600 ef=10 alpha=0.85 beta=16 q=u8 seedT=8 seedH=8 seedS=4 pat=256 bloomH=2 bloomT=30 bloomSrc=pruned",64,0.8945558739,0.9897,4958.6141,8.6912,0.0000,0.198619,"0.198619;0.198206;0.199170",28.455444,35142.66,,14.53,0,6980,10,True,nid004845,59118635
SparseHNSW_Bloom2_30_b16_s8x4_p256,"M=48 efC=1600 ef=20 alpha=0.85 beta=16 q=u8 seedT=8 seedH=8 seedS=4 pat=256 bloomH=2 bloomT=30 bloomSrc=pruned",64,0.8945558739,0.9897,4958.6141,8.6912,0.0000,0.198554,"0.199195;0.198517;0.198554",28.446132,35154.16,,14.53,0,6980,10,True,nid004845,59118635
SparseHNSW_Bloom2_30_b16_s8x4_p256,"M=48 efC=1600 ef=50 alpha=0.85 beta=16 q=u8 seedT=8 seedH=8 seedS=4 pat=256 bloomH=2 bloomT=30 bloomSrc=pruned",64,0.8945558739,0.9897,4958.6141,8.6912,0.0000,0.198219,"0.197759;0.198219;0.198638",28.398138,35213.58,,14.53,0,6980,10,True,nid004845,59118635
SparseHNSW_Bloom2_30_b16_s8x4_p256,"M=48 efC=1600 ef=100 alpha=0.85 beta=16 q=u8 seedT=8 seedH=8 seedS=4 pat=256 bloomH=2 bloomT=30 bloomSrc=pruned",64,0.8945558739,0.9897,4958.6141,8.6912,0.0000,0.198336,"0.198336;0.198730;0.198305",28.414900,35192.80,,14.53,0,6980,10,True,nid004845,59118635
SparseHNSW_Bloom2_30_b16_s8x4_p256,"M=48 efC=1600 ef=400 alpha=0.85 beta=16 q=u8 seedT=8 seedH=8 seedS=4 pat=256 bloomH=2 bloomT=30 bloomSrc=pruned",64,0.9447277937,0.9966,4958.6141,8.6912,0.0000,0.422411,"0.422411;0.422915;0.421248",60.517335,16524.19,,14.53,0,6980,10,True,nid004845,59118635
SparseHNSW_Bloom2_30_b16_s8x4_p256,"M=48 efC=1600 ef=800 alpha=0.85 beta=16 q=u8 seedT=8 seedH=8 seedS=4 pat=256 bloomH=2 bloomT=30 bloomSrc=pruned",64,0.9748853868,0.9987,4958.6141,8.6912,0.0000,0.530665,"0.530665;0.531847;0.529613",76.026504,13153.31,,14.53,0,6980,10,True,nid004845,59118635
SparseHNSW_Bloom2_30_b16_s8x4_p256,"M=48 efC=1600 ef=1600 alpha=0.85 beta=16 q=u8 seedT=8 seedH=8 seedS=4 pat=256 bloomH=2 bloomT=30 bloomSrc=pruned",64,0.9883237822,0.9991,4958.6141,8.6912,0.0000,0.528444,"0.527472;0.528480;0.528444",75.708309,13208.59,,14.53,0,6980,10,True,nid004845,59118635
SparseHNSW_Bloom2_30_b16_s8x4_p256,"M=48 efC=1600 ef=3200 alpha=0.85 beta=16 q=u8 seedT=8 seedH=8 seedS=4 pat=256 bloomH=2 bloomT=30 bloomSrc=pruned",64,0.9936246418,1.0000,4958.6141,8.6912,0.0000,0.535335,"0.535335;0.536072;0.534870",76.695559,13038.56,,14.53,0,6980,10,True,nid004845,59118635
SparseHNSW_Bloom2_30_b16_s8x4_p256,"M=48 efC=1600 ef=6400 alpha=0.85 beta=16 q=u8 seedT=8 seedH=8 seedS=4 pat=256 bloomH=2 bloomT=30 bloomSrc=pruned",64,0.9959169054,0.9999,4958.6141,8.6912,0.0000,0.583680,"0.584241;0.583680;0.583435",83.621777,11958.61,,14.53,0,6980,10,True,nid004845,59118635
SparseHNSW_Bloom2_30_b3_s0x0_p512,"M=48 efC=1600 ef=10 alpha=0.85 beta=3 q=u8 pat=512 bloomH=2 bloomT=30 bloomSrc=pruned",64,0.8145558739,0.9246,4958.6141,8.6912,0.0000,0.054243,"0.054193;0.054559;0.054243",7.771203,128680.20,,14.53,0,6980,10,True,nid004845,59118635
SparseHNSW_Bloom2_30_b3_s0x0_p512,"M=48 efC=1600 ef=20 alpha=0.85 beta=3 q=u8 pat=512 bloomH=2 bloomT=30 bloomSrc=pruned",64,0.8145558739,0.9246,4958.6141,8.6912,0.0000,0.054756,"0.054975;0.054756;0.054575",7.844699,127474.61,,14.53,0,6980,10,True,nid004845,59118635
SparseHNSW_Bloom2_30_b3_s0x0_p512,"M=48 efC=1600 ef=50 alpha=0.85 beta=3 q=u8 pat=512 bloomH=2 bloomT=30 bloomSrc=pruned",64,0.8385816619,0.9450,4958.6141,8.6912,0.0000,0.078910,"0.078235;0.078910;0.079064",11.305158,88455.20,,14.53,0,6980,10,True,nid004845,59118635
SparseHNSW_Bloom2_30_b3_s0x0_p512,"M=48 efC=1600 ef=100 alpha=0.85 beta=3 q=u8 pat=512 bloomH=2 bloomT=30 bloomSrc=pruned",64,0.8607020057,0.9649,4958.6141,8.6912,0.0000,0.132042,"0.132042;0.131288;0.132701",18.917192,52861.97,,14.53,0,6980,10,True,nid004845,59118635
SparseHNSW_Bloom2_30_b3_s0x0_p512,"M=48 efC=1600 ef=400 alpha=0.85 beta=3 q=u8 pat=512 bloomH=2 bloomT=30 bloomSrc=pruned",64,0.9163610315,0.9861,4958.6141,8.6912,0.0000,0.416619,"0.416592;0.416619;0.417036",59.687536,16753.92,,14.53,0,6980,10,True,nid004845,59118635
SparseHNSW_Bloom2_30_b3_s0x0_p512,"M=48 efC=1600 ef=800 alpha=0.85 beta=3 q=u8 pat=512 bloomH=2 bloomT=30 bloomSrc=pruned",64,0.9532378223,0.9926,4958.6141,8.6912,0.0000,0.569262,"0.569262;0.569309;0.569007",81.556160,12261.49,,14.53,0,6980,10,True,nid004845,59118635
SparseHNSW_Bloom2_30_b3_s0x0_p512,"M=48 efC=1600 ef=1600 alpha=0.85 beta=3 q=u8 pat=512 bloomH=2 bloomT=30 bloomSrc=pruned",64,0.9787392550,0.9958,4958.6141,8.6912,0.0000,0.578999,"0.578999;0.578939;0.579378",82.951146,12055.29,,14.53,0,6980,10,True,nid004845,59118635
SparseHNSW_Bloom2_30_b3_s0x0_p512,"M=48 efC=1600 ef=3200 alpha=0.85 beta=3 q=u8 pat=512 bloomH=2 bloomT=30 bloomSrc=pruned",64,0.9891977077,0.9980,4958.6141,8.6912,0.0000,0.597963,"0.597963;0.597480;0.598184",85.668052,11672.96,,14.53,0,6980,10,True,nid004845,59118635
SparseHNSW_Bloom2_30_b3_s0x0_p512,"M=48 efC=1600 ef=6400 alpha=0.85 beta=3 q=u8 pat=512 bloomH=2 bloomT=30 bloomSrc=pruned",64,0.9946275072,0.9996,4958.6141,8.6912,0.0000,0.653497,"0.653497;0.653403;0.653674",93.624212,10681.00,,14.53,0,6980,10,True,nid004845,59118635
SparseHNSW_Bloom2_30_b4_s0x0_p512,"M=48 efC=1600 ef=10 alpha=0.85 beta=4 q=u8 pat=512 bloomH=2 bloomT=30 bloomSrc=pruned",64,0.8278510029,0.9354,4958.6141,8.6912,0.0000,0.067318,"0.067339;0.067318;0.067208",9.644413,103686.98,,14.53,0,6980,10,True,nid004845,59118635
SparseHNSW_Bloom2_30_b4_s0x0_p512,"M=48 efC=1600 ef=20 alpha=0.85 beta=4 q=u8 pat=512 bloomH=2 bloomT=30 bloomSrc=pruned",64,0.8278510029,0.9354,4958.6141,8.6912,0.0000,0.067279,"0.067406;0.067196;0.067279",9.638825,103747.08,,14.53,0,6980,10,True,nid004845,59118635
SparseHNSW_Bloom2_30_b4_s0x0_p512,"M=48 efC=1600 ef=50 alpha=0.85 beta=4 q=u8 pat=512 bloomH=2 bloomT=30 bloomSrc=pruned",64,0.8389684814,0.9450,4958.6141,8.6912,0.0000,0.079656,"0.079656;0.079838;0.079272",11.412034,87626.80,,14.53,0,6980,10,True,nid004845,59118635
SparseHNSW_Bloom2_30_b4_s0x0_p512,"M=48 efC=1600 ef=100 alpha=0.85 beta=4 q=u8 pat=512 bloomH=2 bloomT=30 bloomSrc=pruned",64,0.8611461318,0.9649,4958.6141,8.6912,0.0000,0.132675,"0.132789;0.132195;0.132675",19.007880,52609.76,,14.53,0,6980,10,True,nid004845,59118635
SparseHNSW_Bloom2_30_b4_s0x0_p512,"M=48 efC=1600 ef=400 alpha=0.85 beta=4 q=u8 pat=512 bloomH=2 bloomT=30 bloomSrc=pruned",64,0.9169054441,0.9861,4958.6141,8.6912,0.0000,0.417359,"0.417359;0.417833;0.416335",59.793553,16724.21,,14.53,0,6980,10,True,nid004845,59118635
SparseHNSW_Bloom2_30_b4_s0x0_p512,"M=48 efC=1600 ef=800 alpha=0.85 beta=4 q=u8 pat=512 bloomH=2 bloomT=30 bloomSrc=pruned",64,0.9538681948,0.9926,4958.6141,8.6912,0.0000,0.583375,"0.583271;0.583375;0.584102",83.578080,11964.86,,14.53,0,6980,10,True,nid004845,59118635
SparseHNSW_Bloom2_30_b4_s0x0_p512,"M=48 efC=1600 ef=1600 alpha=0.85 beta=4 q=u8 pat=512 bloomH=2 bloomT=30 bloomSrc=pruned",64,0.9793982808,0.9960,4958.6141,8.6912,0.0000,0.592964,"0.592863;0.592964;0.593261",84.951862,11771.37,,14.53,0,6980,10,True,nid004845,59118635
SparseHNSW_Bloom2_30_b4_s0x0_p512,"M=48 efC=1600 ef=3200 alpha=0.85 beta=4 q=u8 pat=512 bloomH=2 bloomT=30 bloomSrc=pruned",64,0.9898853868,0.9980,4958.6141,8.6912,0.0000,0.610625,"0.610625;0.611866;0.610476",87.482092,11430.91,,14.53,0,6980,10,True,nid004845,59118635
SparseHNSW_Bloom2_30_b4_s0x0_p512,"M=48 efC=1600 ef=6400 alpha=0.85 beta=4 q=u8 pat=512 bloomH=2 bloomT=30 bloomSrc=pruned",64,0.9953295129,0.9996,4958.6141,8.6912,0.0000,0.666435,"0.666644;0.665202;0.666435",95.477794,10473.64,,14.53,0,6980,10,True,nid004845,59118635
SparseHNSW_Bloom2_30_b5_s0x0_p512,"M=48 efC=1600 ef=10 alpha=0.85 beta=5 q=u8 pat=512 bloomH=2 bloomT=30 bloomSrc=pruned",64,0.8390401146,0.9450,4958.6141,8.6912,0.0000,0.079939,"0.079617;0.079939;0.080167",11.452579,87316.58,,14.53,0,6980,10,True,nid004845,59118635
SparseHNSW_Bloom2_30_b5_s0x0_p512,"M=48 efC=1600 ef=20 alpha=0.85 beta=5 q=u8 pat=512 bloomH=2 bloomT=30 bloomSrc=pruned",64,0.8390401146,0.9450,4958.6141,8.6912,0.0000,0.080134,"0.079971;0.080484;0.080134",11.480516,87104.10,,14.53,0,6980,10,True,nid004845,59118635
SparseHNSW_Bloom2_30_b5_s0x0_p512,"M=48 efC=1600 ef=50 alpha=0.85 beta=5 q=u8 pat=512 bloomH=2 bloomT=30 bloomSrc=pruned",64,0.8390401146,0.9450,4958.6141,8.6912,0.0000,0.079998,"0.079998;0.080235;0.079954",11.461032,87252.18,,14.53,0,6980,10,True,nid004845,59118635
SparseHNSW_Bloom2_30_b5_s0x0_p512,"M=48 efC=1600 ef=100 alpha=0.85 beta=5 q=u8 pat=512 bloomH=2 bloomT=30 bloomSrc=pruned",64,0.8612607450,0.9649,4958.6141,8.6912,0.0000,0.133119,"0.133119;0.132968;0.133707",19.071490,52434.29,,14.53,0,6980,10,True,nid004845,59118635
SparseHNSW_Bloom2_30_b5_s0x0_p512,"M=48 efC=1600 ef=400 alpha=0.85 beta=5 q=u8 pat=512 bloomH=2 bloomT=30 bloomSrc=pruned",64,0.9170343840,0.9861,4958.6141,8.6912,0.0000,0.418740,"0.418872;0.418740;0.417478",59.991404,16669.05,,14.53,0,6980,10,True,nid004845,59118635
SparseHNSW_Bloom2_30_b5_s0x0_p512,"M=48 efC=1600 ef=800 alpha=0.85 beta=5 q=u8 pat=512 bloomH=2 bloomT=30 bloomSrc=pruned",64,0.9540257880,0.9927,4958.6141,8.6912,0.0000,0.597286,"0.597122;0.599183;0.597286",85.571060,11686.19,,14.53,0,6980,10,True,nid004845,59118635
SparseHNSW_Bloom2_30_b5_s0x0_p512,"M=48 efC=1600 ef=1600 alpha=0.85 beta=5 q=u8 pat=512 bloomH=2 bloomT=30 bloomSrc=pruned",64,0.9796848138,0.9961,4958.6141,8.6912,0.0000,0.607278,"0.607278;0.607691;0.606790",87.002579,11493.91,,14.53,0,6980,10,True,nid004845,59118635
SparseHNSW_Bloom2_30_b5_s0x0_p512,"M=48 efC=1600 ef=3200 alpha=0.85 beta=5 q=u8 pat=512 bloomH=2 bloomT=30 bloomSrc=pruned",64,0.9900429799,0.9980,4958.6141,8.6912,0.0000,0.624418,"0.624418;0.621931;0.625060",89.458166,11178.41,,14.53,0,6980,10,True,nid004845,59118635
SparseHNSW_Bloom2_30_b5_s0x0_p512,"M=48 efC=1600 ef=6400 alpha=0.85 beta=5 q=u8 pat=512 bloomH=2 bloomT=30 bloomSrc=pruned",64,0.9955014327,0.9996,4958.6141,8.6912,0.0000,0.679533,"0.681046;0.679533;0.679007",97.354298,10271.76,,14.53,0,6980,10,True,nid004845,59118635
SparseHNSW_Bloom2_30_b8_s0x0_p512,"M=48 efC=1600 ef=10 alpha=0.85 beta=8 q=u8 pat=512 bloomH=2 bloomT=30 bloomSrc=pruned",64,0.8548853868,0.9597,4958.6141,8.6912,0.0000,0.114139,"0.114035;0.114139;0.114625",16.352292,61153.51,,14.53,0,6980,10,True,nid004845,59118635
SparseHNSW_Bloom2_30_b8_s0x0_p512,"M=48 efC=1600 ef=20 alpha=0.85 beta=8 q=u8 pat=512 bloomH=2 bloomT=30 bloomSrc=pruned",64,0.8548853868,0.9597,4958.6141,8.6912,0.0000,0.114165,"0.114589;0.113751;0.114165",16.356017,61139.58,,14.53,0,6980,10,True,nid004845,59118635
SparseHNSW_Bloom2_30_b8_s0x0_p512,"M=48 efC=1600 ef=50 alpha=0.85 beta=8 q=u8 pat=512 bloomH=2 bloomT=30 bloomSrc=pruned",64,0.8548853868,0.9597,4958.6141,8.6912,0.0000,0.114859,"0.115212;0.114791;0.114859",16.455444,60770.16,,14.53,0,6980,10,True,nid004845,59118635
SparseHNSW_Bloom2_30_b8_s0x0_p512,"M=48 efC=1600 ef=100 alpha=0.85 beta=8 q=u8 pat=512 bloomH=2 bloomT=30 bloomSrc=pruned",64,0.8613323782,0.9649,4958.6141,8.6912,0.0000,0.135552,"0.135047;0.135552;0.135589",19.420057,51493.15,,14.53,0,6980,10,True,nid004845,59118635
SparseHNSW_Bloom2_30_b8_s0x0_p512,"M=48 efC=1600 ef=400 alpha=0.85 beta=8 q=u8 pat=512 bloomH=2 bloomT=30 bloomSrc=pruned",64,0.9171203438,0.9861,4958.6141,8.6912,0.0000,0.420648,"0.420648;0.421073;0.419848",60.264756,16593.45,,14.53,0,6980,10,True,nid004845,59118635
SparseHNSW_Bloom2_30_b8_s0x0_p512,"M=48 efC=1600 ef=800 alpha=0.85 beta=8 q=u8 pat=512 bloomH=2 bloomT=30 bloomSrc=pruned",64,0.9542120344,0.9930,4958.6141,8.6912,0.0000,0.640856,"0.640544;0.641568;0.640856",91.813181,10891.68,,14.53,0,6980,10,True,nid004845,59118635
SparseHNSW_Bloom2_30_b8_s0x0_p512,"M=48 efC=1600 ef=1600 alpha=0.85 beta=8 q=u8 pat=512 bloomH=2 bloomT=30 bloomSrc=pruned",64,0.9798137536,0.9963,4958.6141,8.6912,0.0000,0.655920,"0.656836;0.655913;0.655920",93.971347,10641.54,,14.53,0,6980,10,True,nid004845,59118635
SparseHNSW_Bloom2_30_b8_s0x0_p512,"M=48 efC=1600 ef=3200 alpha=0.85 beta=8 q=u8 pat=512 bloomH=2 bloomT=30 bloomSrc=pruned",64,0.9902005731,0.9981,4958.6141,8.6912,0.0000,0.663380,"0.663569;0.663380;0.662441",95.040115,10521.87,,14.53,0,6980,10,True,nid004845,59118635
SparseHNSW_Bloom2_30_b8_s0x0_p512,"M=48 efC=1600 ef=6400 alpha=0.85 beta=8 q=u8 pat=512 bloomH=2 bloomT=30 bloomSrc=pruned",64,0.9956160458,0.9996,4958.6141,8.6912,0.0000,0.719883,"0.719902;0.719883;0.719869",103.135100,9696.02,,14.53,0,6980,10,True,nid004845,59118635
SparseHNSW_Bloom2_30_b12_s0x0_p512,"M=48 efC=1600 ef=10 alpha=0.85 beta=12 q=u8 pat=512 bloomH=2 bloomT=30 bloomSrc=pruned",64,0.8655444126,0.9672,4958.6141,8.6912,0.0000,0.158308,"0.158308;0.158254;0.158457",22.680229,44091.27,,14.53,0,6980,10,True,nid004845,59118635
SparseHNSW_Bloom2_30_b12_s0x0_p512,"M=48 efC=1600 ef=20 alpha=0.85 beta=12 q=u8 pat=512 bloomH=2 bloomT=30 bloomSrc=pruned",64,0.8655444126,0.9672,4958.6141,8.6912,0.0000,0.158236,"0.158219;0.158603;0.158236",22.669914,44111.33,,14.53,0,6980,10,True,nid004845,59118635
SparseHNSW_Bloom2_30_b12_s0x0_p512,"M=48 efC=1600 ef=50 alpha=0.85 beta=12 q=u8 pat=512 bloomH=2 bloomT=30 bloomSrc=pruned",64,0.8655444126,0.9672,4958.6141,8.6912,0.0000,0.158179,"0.158179;0.158403;0.158029",22.661748,44127.22,,14.53,0,6980,10,True,nid004845,59118635
SparseHNSW_Bloom2_30_b12_s0x0_p512,"M=48 efC=1600 ef=100 alpha=0.85 beta=12 q=u8 pat=512 bloomH=2 bloomT=30 bloomSrc=pruned",64,0.8655444126,0.9672,4958.6141,8.6912,0.0000,0.158171,"0.157866;0.158439;0.158171",22.660602,44129.45,,14.53,0,6980,10,True,nid004845,59118635
SparseHNSW_Bloom2_30_b12_s0x0_p512,"M=48 efC=1600 ef=400 alpha=0.85 beta=12 q=u8 pat=512 bloomH=2 bloomT=30 bloomSrc=pruned",64,0.9171489971,0.9861,4958.6141,8.6912,0.0000,0.423581,"0.423852;0.423218;0.423581",60.684957,16478.55,,14.53,0,6980,10,True,nid004845,59118635
SparseHNSW_Bloom2_30_b12_s0x0_p512,"M=48 efC=1600 ef=800 alpha=0.85 beta=12 q=u8 pat=512 bloomH=2 bloomT=30 bloomSrc=pruned",64,0.9542550143,0.9930,4958.6141,8.6912,0.0000,0.685400,"0.685936;0.685400;0.685358",98.194842,10183.83,,14.53,0,6980,10,True,nid004845,59118635
SparseHNSW_Bloom2_30_b12_s0x0_p512,"M=48 efC=1600 ef=1600 alpha=0.85 beta=12 q=u8 pat=512 bloomH=2 bloomT=30 bloomSrc=pruned",64,0.9798567335,0.9963,4958.6141,8.6912,0.0000,0.720154,"0.720154;0.720392;0.719730",103.173926,9692.37,,14.53,0,6980,10,True,nid004845,59118635
SparseHNSW_Bloom2_30_b12_s0x0_p512,"M=48 efC=1600 ef=3200 alpha=0.85 beta=12 q=u8 pat=512 bloomH=2 bloomT=30 bloomSrc=pruned",64,0.9902722063,0.9981,4958.6141,8.6912,0.0000,0.718650,"0.718650;0.718298;0.718960",102.958453,9712.66,,14.53,0,6980,10,True,nid004845,59118635
SparseHNSW_Bloom2_30_b12_s0x0_p512,"M=48 efC=1600 ef=6400 alpha=0.85 beta=12 q=u8 pat=512 bloomH=2 bloomT=30 bloomSrc=pruned",64,0.9957020057,0.9996,4958.6141,8.6912,0.0000,0.766836,"0.768186;0.766836;0.766789",109.861891,9102.34,,14.53,0,6980,10,True,nid004845,59118635
SparseHNSW_Bloom2_30_b16_s0x0_p512,"M=48 efC=1600 ef=10 alpha=0.85 beta=16 q=u8 pat=512 bloomH=2 bloomT=30 bloomSrc=pruned",64,0.8743553009,0.9716,4958.6141,8.6912,0.0000,0.200250,"0.200092;0.200449;0.200250",28.689112,34856.43,,14.53,0,6980,10,True,nid004845,59118635
SparseHNSW_Bloom2_30_b16_s0x0_p512,"M=48 efC=1600 ef=20 alpha=0.85 beta=16 q=u8 pat=512 bloomH=2 bloomT=30 bloomSrc=pruned",64,0.8743553009,0.9716,4958.6141,8.6912,0.0000,0.200526,"0.200526;0.201149;0.200259",28.728653,34808.45,,14.53,0,6980,10,True,nid004845,59118635
SparseHNSW_Bloom2_30_b16_s0x0_p512,"M=48 efC=1600 ef=50 alpha=0.85 beta=16 q=u8 pat=512 bloomH=2 bloomT=30 bloomSrc=pruned",64,0.8743553009,0.9716,4958.6141,8.6912,0.0000,0.200281,"0.200093;0.200555;0.200281",28.693553,34851.03,,14.53,0,6980,10,True,nid004845,59118635
SparseHNSW_Bloom2_30_b16_s0x0_p512,"M=48 efC=1600 ef=100 alpha=0.85 beta=16 q=u8 pat=512 bloomH=2 bloomT=30 bloomSrc=pruned",64,0.8743553009,0.9716,4958.6141,8.6912,0.0000,0.200165,"0.199929;0.200402;0.200165",28.676934,34871.23,,14.53,0,6980,10,True,nid004845,59118635
SparseHNSW_Bloom2_30_b16_s0x0_p512,"M=48 efC=1600 ef=400 alpha=0.85 beta=16 q=u8 pat=512 bloomH=2 bloomT=30 bloomSrc=pruned",64,0.9171489971,0.9861,4958.6141,8.6912,0.0000,0.425840,"0.426269;0.425840;0.425708",61.008596,16391.13,,14.53,0,6980,10,True,nid004845,59118635
SparseHNSW_Bloom2_30_b16_s0x0_p512,"M=48 efC=1600 ef=800 alpha=0.85 beta=16 q=u8 pat=512 bloomH=2 bloomT=30 bloomSrc=pruned",64,0.9542550143,0.9930,4958.6141,8.6912,0.0000,0.722209,"0.723706;0.722056;0.722209",103.468338,9664.79,,14.53,0,6980,10,True,nid004845,59118635
SparseHNSW_Bloom2_30_b16_s0x0_p512,"M=48 efC=1600 ef=1600 alpha=0.85 beta=16 q=u8 pat=512 bloomH=2 bloomT=30 bloomSrc=pruned",64,0.9800143266,0.9966,4958.6141,8.6912,0.0000,0.785322,"0.785053;0.785322;0.786545",112.510315,8888.07,,14.53,0,6980,10,True,nid004845,59118635
SparseHNSW_Bloom2_30_b16_s0x0_p512,"M=48 efC=1600 ef=3200 alpha=0.85 beta=16 q=u8 pat=512 bloomH=2 bloomT=30 bloomSrc=pruned",64,0.9902865330,0.9981,4958.6141,8.6912,0.0000,0.779817,"0.779817;0.780685;0.779217",111.721633,8950.82,,14.53,0,6980,10,True,nid004845,59118635
SparseHNSW_Bloom2_30_b16_s0x0_p512,"M=48 efC=1600 ef=6400 alpha=0.85 beta=16 q=u8 pat=512 bloomH=2 bloomT=30 bloomSrc=pruned",64,0.9957163324,0.9996,4958.6141,8.6912,0.0000,0.819675,"0.818688;0.820221;0.819675",117.431948,8515.57,,14.53,0,6980,10,True,nid004845,59118635
SparseHNSW_Bloom2_30_b3_s8x4_p512,"M=48 efC=1600 ef=10 alpha=0.85 beta=3 q=u8 seedT=8 seedH=8 seedS=4 pat=512 bloomH=2 bloomT=30 bloomSrc=pruned",64,0.8446991404,0.9683,4958.6141,8.6912,0.0000,0.055203,"0.055028;0.055203;0.055458",7.908739,126442.40,,14.53,0,6980,10,True,nid004845,59118635
SparseHNSW_Bloom2_30_b3_s8x4_p512,"M=48 efC=1600 ef=20 alpha=0.85 beta=3 q=u8 seedT=8 seedH=8 seedS=4 pat=512 bloomH=2 bloomT=30 bloomSrc=pruned",64,0.8446991404,0.9683,4958.6141,8.6912,0.0000,0.055628,"0.055595;0.055733;0.055628",7.969628,125476.38,,14.53,0,6980,10,True,nid004845,59118635
SparseHNSW_Bloom2_30_b3_s8x4_p512,"M=48 efC=1600 ef=50 alpha=0.85 beta=3 q=u8 seedT=8 seedH=8 seedS=4 pat=512 bloomH=2 bloomT=30 bloomSrc=pruned",64,0.8600859599,0.9765,4958.6141,8.6912,0.0000,0.075163,"0.075163;0.075123;0.075533",10.768338,92864.84,,14.53,0,6980,10,True,nid004845,59118635
SparseHNSW_Bloom2_30_b3_s8x4_p512,"M=48 efC=1600 ef=100 alpha=0.85 beta=3 q=u8 seedT=8 seedH=8 seedS=4 pat=512 bloomH=2 bloomT=30 bloomSrc=pruned",64,0.8771776504,0.9850,4958.6141,8.6912,0.0000,0.129724,"0.129724;0.130204;0.129511",18.585100,53806.54,,14.53,0,6980,10,True,nid004845,59118635
SparseHNSW_Bloom2_30_b3_s8x4_p512,"M=48 efC=1600 ef=400 alpha=0.85 beta=3 q=u8 seedT=8 seedH=8 seedS=4 pat=512 bloomH=2 bloomT=30 bloomSrc=pruned",64,0.9439398281,0.9966,4958.6141,8.6912,0.0000,0.416628,"0.416131;0.416628;0.416673",59.688825,16753.55,,14.53,0,6980,10,True,nid004845,59118635
SparseHNSW_Bloom2_30_b3_s8x4_p512,"M=48 efC=1600 ef=800 alpha=0.85 beta=3 q=u8 seedT=8 seedH=8 seedS=4 pat=512 bloomH=2 bloomT=30 bloomSrc=pruned",64,0.9742550143,0.9987,4958.6141,8.6912,0.0000,0.563596,"0.563710;0.563088;0.563596",80.744413,12384.76,,14.53,0,6980,10,True,nid004845,59118635
SparseHNSW_Bloom2_30_b3_s8x4_p512,"M=48 efC=1600 ef=1600 alpha=0.85 beta=3 q=u8 seedT=8 seedH=8 seedS=4 pat=512 bloomH=2 bloomT=30 bloomSrc=pruned",64,0.9877936963,0.9994,4958.6141,8.6912,0.0000,0.574880,"0.575505;0.573068;0.574880",82.361032,12141.66,,14.53,0,6980,10,True,nid004845,59118635
SparseHNSW_Bloom2_30_b3_s8x4_p512,"M=48 efC=1600 ef=3200 alpha=0.85 beta=3 q=u8 seedT=8 seedH=8 seedS=4 pat=512 bloomH=2 bloomT=30 bloomSrc=pruned",64,0.9928080229,0.9999,4958.6141,8.6912,0.0000,0.595050,"0.595050;0.595216;0.594608",85.250716,11730.11,,14.53,0,6980,10,True,nid004845,59118635
SparseHNSW_Bloom2_30_b3_s8x4_p512,"M=48 efC=1600 ef=6400 alpha=0.85 beta=3 q=u8 seedT=8 seedH=8 seedS=4 pat=512 bloomH=2 bloomT=30 bloomSrc=pruned",64,0.9951432665,1.0000,4958.6141,8.6912,0.0000,0.651419,"0.650958;0.651419;0.651617",93.326504,10715.07,,14.53,0,6980,10,True,nid004845,59118635
SparseHNSW_Bloom2_30_b4_s8x4_p512,"M=48 efC=1600 ef=10 alpha=0.85 beta=4 q=u8 seedT=8 seedH=8 seedS=4 pat=512 bloomH=2 bloomT=30 bloomSrc=pruned",64,0.8547994269,0.9745,4958.6141,8.6912,0.0000,0.064402,"0.064046;0.064533;0.064402",9.226648,108381.73,,14.53,0,6980,10,True,nid004845,59118635
SparseHNSW_Bloom2_30_b4_s8x4_p512,"M=48 efC=1600 ef=20 alpha=0.85 beta=4 q=u8 seedT=8 seedH=8 seedS=4 pat=512 bloomH=2 bloomT=30 bloomSrc=pruned",64,0.8547994269,0.9745,4958.6141,8.6912,0.0000,0.064457,"0.064457;0.064067;0.064649",9.234527,108289.25,,14.53,0,6980,10,True,nid004845,59118635
SparseHNSW_Bloom2_30_b4_s8x4_p512,"M=48 efC=1600 ef=50 alpha=0.85 beta=4 q=u8 seedT=8 seedH=8 seedS=4 pat=512 bloomH=2 bloomT=30 bloomSrc=pruned",64,0.8604871060,0.9765,4958.6141,8.6912,0.0000,0.076386,"0.076308;0.076386;0.076519",10.943553,91378.00,,14.53,0,6980,10,True,nid004845,59118635
SparseHNSW_Bloom2_30_b4_s8x4_p512,"M=48 efC=1600 ef=100 alpha=0.85 beta=4 q=u8 seedT=8 seedH=8 seedS=4 pat=512 bloomH=2 bloomT=30 bloomSrc=pruned",64,0.8776361032,0.9850,4958.6141,8.6912,0.0000,0.130566,"0.130719;0.130229;0.130566",18.705731,53459.55,,14.53,0,6980,10,True,nid004845,59118635
SparseHNSW_Bloom2_30_b4_s8x4_p512,"M=48 efC=1600 ef=400 alpha=0.85 beta=4 q=u8 seedT=8 seedH=8 seedS=4 pat=512 bloomH=2 bloomT=30 bloomSrc=pruned",64,0.9444842407,0.9966,4958.6141,8.6912,0.0000,0.417641,"0.417641;0.418142;0.416977",59.833954,16712.92,,14.53,0,6980,10,True,nid004845,59118635
SparseHNSW_Bloom2_30_b4_s8x4_p512,"M=48 efC=1600 ef=800 alpha=0.85 beta=4 q=u8 seedT=8 seedH=8 seedS=4 pat=512 bloomH=2 bloomT=30 bloomSrc=pruned",64,0.9748567335,0.9987,4958.6141,8.6912,0.0000,0.577873,"0.576870;0.577873;0.578009",82.789828,12078.78,,14.53,0,6980,10,True,nid004845,59118635
SparseHNSW_Bloom2_30_b4_s8x4_p512,"M=48 efC=1600 ef=1600 alpha=0.85 beta=4 q=u8 seedT=8 seedH=8 seedS=4 pat=512 bloomH=2 bloomT=30 bloomSrc=pruned",64,0.9884383954,0.9994,4958.6141,8.6912,0.0000,0.588223,"0.588145;0.588706;0.588223",84.272636,11866.25,,14.53,0,6980,10,True,nid004845,59118635
SparseHNSW_Bloom2_30_b4_s8x4_p512,"M=48 efC=1600 ef=3200 alpha=0.85 beta=4 q=u8 seedT=8 seedH=8 seedS=4 pat=512 bloomH=2 bloomT=30 bloomSrc=pruned",64,0.9934813754,0.9999,4958.6141,8.6912,0.0000,0.608816,"0.608165;0.608998;0.608816",87.222923,11464.88,,14.53,0,6980,10,True,nid004845,59118635
SparseHNSW_Bloom2_30_b4_s8x4_p512,"M=48 efC=1600 ef=6400 alpha=0.85 beta=4 q=u8 seedT=8 seedH=8 seedS=4 pat=512 bloomH=2 bloomT=30 bloomSrc=pruned",64,0.9958309456,1.0000,4958.6141,8.6912,0.0000,0.665714,"0.665714;0.665819;0.664575",95.374499,10484.98,,14.53,0,6980,10,True,nid004845,59118635
SparseHNSW_Bloom2_30_b5_s8x4_p512,"M=48 efC=1600 ef=10 alpha=0.85 beta=5 q=u8 seedT=8 seedH=8 seedS=4 pat=512 bloomH=2 bloomT=30 bloomSrc=pruned",64,0.8605730659,0.9765,4958.6141,8.6912,0.0000,0.076927,"0.076700;0.077040;0.076927",11.021060,90735.37,,14.53,0,6980,10,True,nid004845,59118635
SparseHNSW_Bloom2_30_b5_s8x4_p512,"M=48 efC=1600 ef=20 alpha=0.85 beta=5 q=u8 seedT=8 seedH=8 seedS=4 pat=512 bloomH=2 bloomT=30 bloomSrc=pruned",64,0.8605730659,0.9765,4958.6141,8.6912,0.0000,0.076894,"0.077051;0.076894;0.076571",11.016332,90774.31,,14.53,0,6980,10,True,nid004845,59118635
SparseHNSW_Bloom2_30_b5_s8x4_p512,"M=48 efC=1600 ef=50 alpha=0.85 beta=5 q=u8 seedT=8 seedH=8 seedS=4 pat=512 bloomH=2 bloomT=30 bloomSrc=pruned",64,0.8605730659,0.9765,4958.6141,8.6912,0.0000,0.076874,"0.076762;0.076874;0.076980",11.013467,90797.93,,14.53,0,6980,10,True,nid004845,59118635
SparseHNSW_Bloom2_30_b5_s8x4_p512,"M=48 efC=1600 ef=100 alpha=0.85 beta=5 q=u8 seedT=8 seedH=8 seedS=4 pat=512 bloomH=2 bloomT=30 bloomSrc=pruned",64,0.8777507163,0.9850,4958.6141,8.6912,0.0000,0.131126,"0.131126;0.131567;0.131028",18.785960,53231.24,,14.53,0,6980,10,True,nid004845,59118635
SparseHNSW_Bloom2_30_b5_s8x4_p512,"M=48 efC=1600 ef=400 alpha=0.85 beta=5 q=u8 seedT=8 seedH=8 seedS=4 pat=512 bloomH=2 bloomT=30 bloomSrc=pruned",64,0.9446275072,0.9966,4958.6141,8.6912,0.0000,0.418570,"0.418330;0.418570;0.419546",59.967049,16675.82,,14.53,0,6980,10,True,nid004845,59118635
SparseHNSW_Bloom2_30_b5_s8x4_p512,"M=48 efC=1600 ef=800 alpha=0.85 beta=5 q=u8 seedT=8 seedH=8 seedS=4 pat=512 bloomH=2 bloomT=30 bloomSrc=pruned",64,0.9750429799,0.9987,4958.6141,8.6912,0.0000,0.593088,"0.593387;0.591994;0.593088",84.969628,11768.91,,14.53,0,6980,10,True,nid004845,59118635
SparseHNSW_Bloom2_30_b5_s8x4_p512,"M=48 efC=1600 ef=1600 alpha=0.85 beta=5 q=u8 seedT=8 seedH=8 seedS=4 pat=512 bloomH=2 bloomT=30 bloomSrc=pruned",64,0.9886103152,0.9994,4958.6141,8.6912,0.0000,0.602155,"0.602155;0.602486;0.601897",86.268625,11591.70,,14.53,0,6980,10,True,nid004845,59118635
SparseHNSW_Bloom2_30_b5_s8x4_p512,"M=48 efC=1600 ef=3200 alpha=0.85 beta=5 q=u8 seedT=8 seedH=8 seedS=4 pat=512 bloomH=2 bloomT=30 bloomSrc=pruned",64,0.9936532951,0.9999,4958.6141,8.6912,0.0000,0.621148,"0.621064;0.621428;0.621148",88.989685,11237.26,,14.53,0,6980,10,True,nid004845,59118635
SparseHNSW_Bloom2_30_b5_s8x4_p512,"M=48 efC=1600 ef=6400 alpha=0.85 beta=5 q=u8 seedT=8 seedH=8 seedS=4 pat=512 bloomH=2 bloomT=30 bloomSrc=pruned",64,0.9960028653,1.0000,4958.6141,8.6912,0.0000,0.677704,"0.678103;0.677564;0.677704",97.092264,10299.48,,14.53,0,6980,10,True,nid004845,59118635
SparseHNSW_Bloom2_30_b8_s8x4_p512,"M=48 efC=1600 ef=10 alpha=0.85 beta=8 q=u8 seedT=8 seedH=8 seedS=4 pat=512 bloomH=2 bloomT=30 bloomSrc=pruned",64,0.8705587393,0.9825,4958.6141,8.6912,0.0000,0.112010,"0.111953;0.112010;0.112320",16.047278,62315.86,,14.53,0,6980,10,True,nid004845,59118635
SparseHNSW_Bloom2_30_b8_s8x4_p512,"M=48 efC=1600 ef=20 alpha=0.85 beta=8 q=u8 seedT=8 seedH=8 seedS=4 pat=512 bloomH=2 bloomT=30 bloomSrc=pruned",64,0.8705587393,0.9825,4958.6141,8.6912,0.0000,0.112210,"0.112210;0.112591;0.112080",16.075931,62204.79,,14.53,0,6980,10,True,nid004845,59118635
SparseHNSW_Bloom2_30_b8_s8x4_p512,"M=48 efC=1600 ef=50 alpha=0.85 beta=8 q=u8 seedT=8 seedH=8 seedS=4 pat=512 bloomH=2 bloomT=30 bloomSrc=pruned",64,0.8705587393,0.9825,4958.6141,8.6912,0.0000,0.112582,"0.111854;0.112586;0.112582",16.129226,61999.25,,14.53,0,6980,10,True,nid004845,59118635
SparseHNSW_Bloom2_30_b8_s8x4_p512,"M=48 efC=1600 ef=100 alpha=0.85 beta=8 q=u8 seedT=8 seedH=8 seedS=4 pat=512 bloomH=2 bloomT=30 bloomSrc=pruned",64,0.8778223496,0.9850,4958.6141,8.6912,0.0000,0.132853,"0.132853;0.132825;0.133429",19.033381,52539.27,,14.53,0,6980,10,True,nid004845,59118635
SparseHNSW_Bloom2_30_b8_s8x4_p512,"M=48 efC=1600 ef=400 alpha=0.85 beta=8 q=u8 seedT=8 seedH=8 seedS=4 pat=512 bloomH=2 bloomT=30 bloomSrc=pruned",64,0.9446991404,0.9966,4958.6141,8.6912,0.0000,0.420906,"0.420134;0.420906;0.420909",60.301719,16583.28,,14.53,0,6980,10,True,nid004845,59118635
SparseHNSW_Bloom2_30_b8_s8x4_p512,"M=48 efC=1600 ef=800 alpha=0.85 beta=8 q=u8 seedT=8 seedH=8 seedS=4 pat=512 bloomH=2 bloomT=30 bloomSrc=pruned",64,0.9751146132,0.9987,4958.6141,8.6912,0.0000,0.631979,"0.633042;0.631869;0.631979",90.541404,11044.67,,14.53,0,6980,10,True,nid004845,59118635
SparseHNSW_Bloom2_30_b8_s8x4_p512,"M=48 efC=1600 ef=1600 alpha=0.85 beta=8 q=u8 seedT=8 seedH=8 seedS=4 pat=512 bloomH=2 bloomT=30 bloomSrc=pruned",64,0.9887679083,0.9994,4958.6141,8.6912,0.0000,0.650308,"0.650308;0.650728;0.650197",93.167335,10733.38,,14.53,0,6980,10,True,nid004845,59118635
SparseHNSW_Bloom2_30_b8_s8x4_p512,"M=48 efC=1600 ef=3200 alpha=0.85 beta=8 q=u8 seedT=8 seedH=8 seedS=4 pat=512 bloomH=2 bloomT=30 bloomSrc=pruned",64,0.9937965616,1.0000,4958.6141,8.6912,0.0000,0.661383,"0.661218;0.661383;0.661897",94.754011,10553.64,,14.53,0,6980,10,True,nid004845,59118635
SparseHNSW_Bloom2_30_b8_s8x4_p512,"M=48 efC=1600 ef=6400 alpha=0.85 beta=8 q=u8 seedT=8 seedH=8 seedS=4 pat=512 bloomH=2 bloomT=30 bloomSrc=pruned",64,0.9961174785,1.0000,4958.6141,8.6912,0.0000,0.719800,"0.719969;0.719800;0.718766",103.123209,9697.14,,14.53,0,6980,10,True,nid004845,59118635
SparseHNSW_Bloom2_30_b12_s8x4_p512,"M=48 efC=1600 ef=10 alpha=0.85 beta=12 q=u8 seedT=8 seedH=8 seedS=4 pat=512 bloomH=2 bloomT=30 bloomSrc=pruned",64,0.8839111748,0.9878,4958.6141,8.6912,0.0000,0.155757,"0.155655;0.155757;0.155876",22.314756,44813.40,,14.53,0,6980,10,True,nid004845,59118635
SparseHNSW_Bloom2_30_b12_s8x4_p512,"M=48 efC=1600 ef=20 alpha=0.85 beta=12 q=u8 seedT=8 seedH=8 seedS=4 pat=512 bloomH=2 bloomT=30 bloomSrc=pruned",64,0.8839111748,0.9878,4958.6141,8.6912,0.0000,0.155869,"0.155625;0.156028;0.155869",22.330802,44781.19,,14.53,0,6980,10,True,nid004845,59118635
SparseHNSW_Bloom2_30_b12_s8x4_p512,"M=48 efC=1600 ef=50 alpha=0.85 beta=12 q=u8 seedT=8 seedH=8 seedS=4 pat=512 bloomH=2 bloomT=30 bloomSrc=pruned",64,0.8839111748,0.9878,4958.6141,8.6912,0.0000,0.155952,"0.156332;0.155952;0.155853",22.342693,44757.36,,14.53,0,6980,10,True,nid004845,59118635
SparseHNSW_Bloom2_30_b12_s8x4_p512,"M=48 efC=1600 ef=100 alpha=0.85 beta=12 q=u8 seedT=8 seedH=8 seedS=4 pat=512 bloomH=2 bloomT=30 bloomSrc=pruned",64,0.8839111748,0.9878,4958.6141,8.6912,0.0000,0.155643,"0.155643;0.156371;0.155398",22.298424,44846.22,,14.53,0,6980,10,True,nid004845,59118635
SparseHNSW_Bloom2_30_b12_s8x4_p512,"M=48 efC=1600 ef=400 alpha=0.85 beta=12 q=u8 seedT=8 seedH=8 seedS=4 pat=512 bloomH=2 bloomT=30 bloomSrc=pruned",64,0.9447277937,0.9966,4958.6141,8.6912,0.0000,0.423462,"0.423537;0.423462;0.423134",60.667908,16483.18,,14.53,0,6980,10,True,nid004845,59118635
SparseHNSW_Bloom2_30_b12_s8x4_p512,"M=48 efC=1600 ef=800 alpha=0.85 beta=12 q=u8 seedT=8 seedH=8 seedS=4 pat=512 bloomH=2 bloomT=30 bloomSrc=pruned",64,0.9751432665,0.9987,4958.6141,8.6912,0.0000,0.681949,"0.681803;0.681949;0.682391",97.700430,10235.37,,14.53,0,6980,10,True,nid004845,59118635
SparseHNSW_Bloom2_30_b12_s8x4_p512,"M=48 efC=1600 ef=1600 alpha=0.85 beta=12 q=u8 seedT=8 seedH=8 seedS=4 pat=512 bloomH=2 bloomT=30 bloomSrc=pruned",64,0.9888252149,0.9994,4958.6141,8.6912,0.0000,0.715988,"0.716121;0.715988;0.715385",102.577077,9748.77,,14.53,0,6980,10,True,nid004845,59118635
SparseHNSW_Bloom2_30_b12_s8x4_p512,"M=48 efC=1600 ef=3200 alpha=0.85 beta=12 q=u8 seedT=8 seedH=8 seedS=4 pat=512 bloomH=2 bloomT=30 bloomSrc=pruned",64,0.9938681948,1.0000,4958.6141,8.6912,0.0000,0.716336,"0.717709;0.715600;0.716336",102.626934,9744.03,,14.53,0,6980,10,True,nid004845,59118635
SparseHNSW_Bloom2_30_b12_s8x4_p512,"M=48 efC=1600 ef=6400 alpha=0.85 beta=12 q=u8 seedT=8 seedH=8 seedS=4 pat=512 bloomH=2 bloomT=30 bloomSrc=pruned",64,0.9962034384,1.0000,4958.6141,8.6912,0.0000,0.767045,"0.767256;0.765331;0.767045",109.891834,9099.86,,14.53,0,6980,10,True,nid004845,59118635
SparseHNSW_Bloom2_30_b16_s8x4_p512,"M=48 efC=1600 ef=10 alpha=0.85 beta=16 q=u8 seedT=8 seedH=8 seedS=4 pat=512 bloomH=2 bloomT=30 bloomSrc=pruned",64,0.8945558739,0.9897,4958.6141,8.6912,0.0000,0.198201,"0.198313;0.197373;0.198201",28.395559,35216.77,,14.53,0,6980,10,True,nid004845,59118635
SparseHNSW_Bloom2_30_b16_s8x4_p512,"M=48 efC=1600 ef=20 alpha=0.85 beta=16 q=u8 seedT=8 seedH=8 seedS=4 pat=512 bloomH=2 bloomT=30 bloomSrc=pruned",64,0.8945558739,0.9897,4958.6141,8.6912,0.0000,0.198472,"0.198472;0.198380;0.198805",28.434384,35168.69,,14.53,0,6980,10,True,nid004845,59118635
SparseHNSW_Bloom2_30_b16_s8x4_p512,"M=48 efC=1600 ef=50 alpha=0.85 beta=16 q=u8 seedT=8 seedH=8 seedS=4 pat=512 bloomH=2 bloomT=30 bloomSrc=pruned",64,0.8945558739,0.9897,4958.6141,8.6912,0.0000,0.198476,"0.198158;0.198655;0.198476",28.434957,35167.98,,14.53,0,6980,10,True,nid004845,59118635
SparseHNSW_Bloom2_30_b16_s8x4_p512,"M=48 efC=1600 ef=100 alpha=0.85 beta=16 q=u8 seedT=8 seedH=8 seedS=4 pat=512 bloomH=2 bloomT=30 bloomSrc=pruned",64,0.8945558739,0.9897,4958.6141,8.6912,0.0000,0.197982,"0.197860;0.198067;0.197982",28.364183,35255.73,,14.53,0,6980,10,True,nid004845,59118635
SparseHNSW_Bloom2_30_b16_s8x4_p512,"M=48 efC=1600 ef=400 alpha=0.85 beta=16 q=u8 seedT=8 seedH=8 seedS=4 pat=512 bloomH=2 bloomT=30 bloomSrc=pruned",64,0.9447277937,0.9966,4958.6141,8.6912,0.0000,0.425748,"0.425748;0.425633;0.426206",60.995415,16394.67,,14.53,0,6980,10,True,nid004845,59118635
SparseHNSW_Bloom2_30_b16_s8x4_p512,"M=48 efC=1600 ef=800 alpha=0.85 beta=16 q=u8 seedT=8 seedH=8 seedS=4 pat=512 bloomH=2 bloomT=30 bloomSrc=pruned",64,0.9751432665,0.9987,4958.6141,8.6912,0.0000,0.720175,"0.720175;0.720118;0.720303",103.176934,9692.09,,14.53,0,6980,10,True,nid004845,59118635
SparseHNSW_Bloom2_30_b16_s8x4_p512,"M=48 efC=1600 ef=1600 alpha=0.85 beta=16 q=u8 seedT=8 seedH=8 seedS=4 pat=512 bloomH=2 bloomT=30 bloomSrc=pruned",64,0.9888252149,0.9994,4958.6141,8.6912,0.0000,0.785403,"0.785313;0.785817;0.785403",112.521920,8887.16,,14.53,0,6980,10,True,nid004845,59118635
SparseHNSW_Bloom2_30_b16_s8x4_p512,"M=48 efC=1600 ef=3200 alpha=0.85 beta=16 q=u8 seedT=8 seedH=8 seedS=4 pat=512 bloomH=2 bloomT=30 bloomSrc=pruned",64,0.9939971347,1.0000,4958.6141,8.6912,0.0000,0.783805,"0.782053;0.784118;0.783805",112.292980,8905.28,,14.53,0,6980,10,True,nid004845,59118635
SparseHNSW_Bloom2_30_b16_s8x4_p512,"M=48 efC=1600 ef=6400 alpha=0.85 beta=16 q=u8 seedT=8 seedH=8 seedS=4 pat=512 bloomH=2 bloomT=30 bloomSrc=pruned",64,0.9962320917,1.0000,4958.6141,8.6912,0.0000,0.819273,"0.817983;0.819273;0.819420",117.374355,8519.75,,14.53,0,6980,10,True,nid004845,59118635
