Model,Params,Threads,Recall,RR@10,IndexSec,LoadSec,ConvertSec,SearchSecMedian,SearchSecRuns,AmortizedUsPerQuery,QPS,LatencyUsSingleThread,PeakRSSGB,IndexBytes,NumQueries,K,ResultsOrdered,Host,JobID
SparseHNSW_Bloom2_30_b2_s0x0_p0,"M=32 efC=1600 ef=20 alpha=0.85 beta=2 q=u8 bloomH=2 bloomT=30 bloomSrc=pruned",64,0.7508166189,0.8626,3692.6199,8.7192,0.0000,0.030669,"0.029941;0.030669;0.031054",4.393840,227591.38,,13.24,0,6980,10,True,nid006293,59116836
SparseHNSW_Bloom2_30_b2_s0x0_p0,"M=32 efC=1600 ef=50 alpha=0.85 beta=2 q=u8 bloomH=2 bloomT=30 bloomSrc=pruned",64,0.8181805158,0.9222,3692.6199,8.7192,0.0000,0.058414,"0.058414;0.058199;0.058498",8.368768,119491.90,,13.24,0,6980,10,True,nid006293,59116836
SparseHNSW_Bloom2_30_b2_s0x0_p0,"M=32 efC=1600 ef=100 alpha=0.85 beta=2 q=u8 bloomH=2 bloomT=30 bloomSrc=pruned",64,0.8490114613,0.9501,3692.6199,8.7192,0.0000,0.097825,"0.097825;0.097791;0.098196",14.015043,71351.90,,13.24,0,6980,10,True,nid006293,59116836
SparseHNSW_Bloom2_30_b2_s0x0_p0,"M=32 efC=1600 ef=200 alpha=0.85 beta=2 q=u8 bloomH=2 bloomT=30 bloomSrc=pruned",64,0.8800143266,0.9718,3692.6199,8.7192,0.0000,0.169547,"0.170034;0.169357;0.169547",24.290401,41168.53,,13.24,0,6980,10,True,nid006293,59116836
SparseHNSW_Bloom2_30_b2_s0x0_p0,"M=32 efC=1600 ef=400 alpha=0.85 beta=2 q=u8 bloomH=2 bloomT=30 bloomSrc=pruned",64,0.9175358166,0.9837,3692.6199,8.7192,0.0000,0.304377,"0.304377;0.304776;0.303940",43.607020,22932.09,,13.24,0,6980,10,True,nid006293,59116836
SparseHNSW_Bloom2_30_b2_s0x0_p0,"M=32 efC=1600 ef=800 alpha=0.85 beta=2 q=u8 bloomH=2 bloomT=30 bloomSrc=pruned",64,0.9550859599,0.9927,3692.6199,8.7192,0.0000,0.561155,"0.561048;0.561155;0.562816",80.394699,12438.63,,13.24,0,6980,10,True,nid006293,59116836
SparseHNSW_Bloom2_30_b2_s0x0_p0,"M=32 efC=1600 ef=1600 alpha=0.85 beta=2 q=u8 bloomH=2 bloomT=30 bloomSrc=pruned",64,0.9761747851,0.9958,3692.6199,8.7192,0.0000,1.043954,"1.043954;1.042301;1.044359",149.563610,6686.12,,13.31,0,6980,10,True,nid006293,59116836
SparseHNSW_Bloom2_30_b2_s0x0_p0,"M=32 efC=1600 ef=3200 alpha=0.85 beta=2 q=u8 bloomH=2 bloomT=30 bloomSrc=pruned",64,0.9862464183,0.9986,3692.6199,8.7192,0.0000,1.914446,"1.913878;1.914446;1.915806",274.275931,3645.96,,13.36,0,6980,10,True,nid006293,59116836
SparseHNSW_Bloom2_30_b2_s0x0_p0,"M=32 efC=1600 ef=6400 alpha=0.85 beta=2 q=u8 bloomH=2 bloomT=30 bloomSrc=pruned",64,0.9909312321,0.9997,3692.6199,8.7192,0.0000,3.494620,"3.491750;3.497213;3.494620",500.661891,1997.36,,13.39,0,6980,10,True,nid006293,59116836
SparseHNSW_Bloom2_30_b3_s0x0_p0,"M=32 efC=1600 ef=20 alpha=0.85 beta=3 q=u8 bloomH=2 bloomT=30 bloomSrc=pruned",64,0.7891690544,0.8950,3692.6199,8.7192,0.0000,0.041263,"0.040749;0.041263;0.041411",5.911605,169158.81,,13.39,0,6980,10,True,nid006293,59116836
SparseHNSW_Bloom2_30_b3_s0x0_p0,"M=32 efC=1600 ef=50 alpha=0.85 beta=3 q=u8 bloomH=2 bloomT=30 bloomSrc=pruned",64,0.8202865330,0.9222,3692.6199,8.7192,0.0000,0.059184,"0.059198;0.058804;0.059184",8.479083,117937.28,,13.39,0,6980,10,True,nid006293,59116836
SparseHNSW_Bloom2_30_b3_s0x0_p0,"M=32 efC=1600 ef=100 alpha=0.85 beta=3 q=u8 bloomH=2 bloomT=30 bloomSrc=pruned",64,0.8512893983,0.9501,3692.6199,8.7192,0.0000,0.098731,"0.098971;0.098444;0.098731",14.144842,70697.15,,13.39,0,6980,10,True,nid006293,59116836
SparseHNSW_Bloom2_30_b3_s0x0_p0,"M=32 efC=1600 ef=200 alpha=0.85 beta=3 q=u8 bloomH=2 bloomT=30 bloomSrc=pruned",64,0.8823925501,0.9718,3692.6199,8.7192,0.0000,0.170013,"0.170068;0.169817;0.170013",24.357163,41055.68,,13.39,0,6980,10,True,nid006293,59116836
SparseHNSW_Bloom2_30_b3_s0x0_p0,"M=32 efC=1600 ef=400 alpha=0.85 beta=3 q=u8 bloomH=2 bloomT=30 bloomSrc=pruned",64,0.9201002865,0.9837,3692.6199,8.7192,0.0000,0.305478,"0.305726;0.305478;0.305284",43.764756,22849.44,,13.39,0,6980,10,True,nid006293,59116836
SparseHNSW_Bloom2_30_b3_s0x0_p0,"M=32 efC=1600 ef=800 alpha=0.85 beta=3 q=u8 bloomH=2 bloomT=30 bloomSrc=pruned",64,0.9579656160,0.9927,3692.6199,8.7192,0.0000,0.561785,"0.561651;0.561785;0.562386",80.484957,12424.68,,13.39,0,6980,10,True,nid006293,59116836
SparseHNSW_Bloom2_30_b3_s0x0_p0,"M=32 efC=1600 ef=1600 alpha=0.85 beta=3 q=u8 bloomH=2 bloomT=30 bloomSrc=pruned",64,0.9793982808,0.9958,3692.6199,8.7192,0.0000,1.043611,"1.043645;1.042687;1.043611",149.514470,6688.32,,13.39,0,6980,10,True,nid006293,59116836
SparseHNSW_Bloom2_30_b3_s0x0_p0,"M=32 efC=1600 ef=3200 alpha=0.85 beta=3 q=u8 bloomH=2 bloomT=30 bloomSrc=pruned",64,0.9896131805,0.9986,3692.6199,8.7192,0.0000,1.917644,"1.917644;1.941151;1.916202",274.734097,3639.88,,13.39,0,6980,10,True,nid006293,59116836
SparseHNSW_Bloom2_30_b3_s0x0_p0,"M=32 efC=1600 ef=6400 alpha=0.85 beta=3 q=u8 bloomH=2 bloomT=30 bloomSrc=pruned",64,0.9943409742,0.9997,3692.6199,8.7192,0.0000,3.496611,"3.496611;3.494014;3.498895",500.947135,1996.22,,13.39,0,6980,10,True,nid006293,59116836
SparseHNSW_Bloom2_30_b4_s0x0_p0,"M=32 efC=1600 ef=20 alpha=0.85 beta=4 q=u8 bloomH=2 bloomT=30 bloomSrc=pruned",64,0.8077793696,0.9112,3692.6199,8.7192,0.0000,0.050626,"0.050581;0.050657;0.050626",7.253009,137873.82,,13.39,0,6980,10,True,nid006293,59116836
SparseHNSW_Bloom2_30_b4_s0x0_p0,"M=32 efC=1600 ef=50 alpha=0.85 beta=4 q=u8 bloomH=2 bloomT=30 bloomSrc=pruned",64,0.8206733524,0.9222,3692.6199,8.7192,0.0000,0.059397,"0.059203;0.059397;0.059665",8.509599,117514.35,,13.39,0,6980,10,True,nid006293,59116836
SparseHNSW_Bloom2_30_b4_s0x0_p0,"M=32 efC=1600 ef=100 alpha=0.85 beta=4 q=u8 bloomH=2 bloomT=30 bloomSrc=pruned",64,0.8517048711,0.9501,3692.6199,8.7192,0.0000,0.098946,"0.099241;0.098946;0.098767",14.175645,70543.53,,13.39,0,6980,10,True,nid006293,59116836
SparseHNSW_Bloom2_30_b4_s0x0_p0,"M=32 efC=1600 ef=200 alpha=0.85 beta=4 q=u8 bloomH=2 bloomT=30 bloomSrc=pruned",64,0.8829226361,0.9718,3692.6199,8.7192,0.0000,0.170731,"0.170758;0.170643;0.170731",24.460029,40883.03,,13.39,0,6980,10,True,nid006293,59116836
SparseHNSW_Bloom2_30_b4_s0x0_p0,"M=32 efC=1600 ef=400 alpha=0.85 beta=4 q=u8 bloomH=2 bloomT=30 bloomSrc=pruned",64,0.9206590258,0.9837,3692.6199,8.7192,0.0000,0.306745,"0.306781;0.306745;0.305905",43.946275,22755.06,,13.39,0,6980,10,True,nid006293,59116836
SparseHNSW_Bloom2_30_b4_s0x0_p0,"M=32 efC=1600 ef=800 alpha=0.85 beta=4 q=u8 bloomH=2 bloomT=30 bloomSrc=pruned",64,0.9585530086,0.9927,3692.6199,8.7192,0.0000,0.562890,"0.563673;0.562890;0.562669",80.643266,12400.29,,13.39,0,6980,10,True,nid006293,59116836
SparseHNSW_Bloom2_30_b4_s0x0_p0,"M=32 efC=1600 ef=1600 alpha=0.85 beta=4 q=u8 bloomH=2 bloomT=30 bloomSrc=pruned",64,0.9800573066,0.9958,3692.6199,8.7192,0.0000,1.044877,"1.044941;1.044877;1.044291",149.695845,6680.21,,13.39,0,6980,10,True,nid006293,59116836
SparseHNSW_Bloom2_30_b4_s0x0_p0,"M=32 efC=1600 ef=3200 alpha=0.85 beta=4 q=u8 bloomH=2 bloomT=30 bloomSrc=pruned",64,0.9902865330,0.9986,3692.6199,8.7192,0.0000,1.917800,"1.919073;1.917472;1.917800",274.756447,3639.59,,13.39,0,6980,10,True,nid006293,59116836
SparseHNSW_Bloom2_30_b4_s0x0_p0,"M=32 efC=1600 ef=6400 alpha=0.85 beta=4 q=u8 bloomH=2 bloomT=30 bloomSrc=pruned",64,0.9950143266,0.9997,3692.6199,8.7192,0.0000,3.498303,"3.498303;3.497123;3.499900",501.189542,1995.25,,13.39,0,6980,10,True,nid006293,59116836
SparseHNSW_Bloom2_30_b5_s0x0_p0,"M=32 efC=1600 ef=20 alpha=0.85 beta=5 q=u8 bloomH=2 bloomT=30 bloomSrc=pruned",64,0.8207593123,0.9222,3692.6199,8.7192,0.0000,0.059782,"0.059489;0.059888;0.059782",8.564756,116757.55,,13.39,0,6980,10,True,nid006293,59116836
SparseHNSW_Bloom2_30_b5_s0x0_p0,"M=32 efC=1600 ef=50 alpha=0.85 beta=5 q=u8 bloomH=2 bloomT=30 bloomSrc=pruned",64,0.8207593123,0.9222,3692.6199,8.7192,0.0000,0.059761,"0.059548;0.059797;0.059761",8.561748,116798.58,,13.39,0,6980,10,True,nid006293,59116836
SparseHNSW_Bloom2_30_b5_s0x0_p0,"M=32 efC=1600 ef=100 alpha=0.85 beta=5 q=u8 bloomH=2 bloomT=30 bloomSrc=pruned",64,0.8518194842,0.9501,3692.6199,8.7192,0.0000,0.099434,"0.099434;0.099491;0.099313",14.245559,70197.32,,13.39,0,6980,10,True,nid006293,59116836
SparseHNSW_Bloom2_30_b5_s0x0_p0,"M=32 efC=1600 ef=200 alpha=0.85 beta=5 q=u8 bloomH=2 bloomT=30 bloomSrc=pruned",64,0.8830372493,0.9718,3692.6199,8.7192,0.0000,0.171102,"0.170765;0.171102;0.171522",24.513181,40794.38,,13.39,0,6980,10,True,nid006293,59116836
SparseHNSW_Bloom2_30_b5_s0x0_p0,"M=32 efC=1600 ef=400 alpha=0.85 beta=5 q=u8 bloomH=2 bloomT=30 bloomSrc=pruned",64,0.9207879656,0.9837,3692.6199,8.7192,0.0000,0.306407,"0.306267;0.306757;0.306407",43.897851,22780.16,,13.39,0,6980,10,True,nid006293,59116836
SparseHNSW_Bloom2_30_b5_s0x0_p0,"M=32 efC=1600 ef=800 alpha=0.85 beta=5 q=u8 bloomH=2 bloomT=30 bloomSrc=pruned",64,0.9586962751,0.9927,3692.6199,8.7192,0.0000,0.563260,"0.563562;0.563260;0.562993",80.696275,12392.15,,13.39,0,6980,10,True,nid006293,59116836
SparseHNSW_Bloom2_30_b5_s0x0_p0,"M=32 efC=1600 ef=1600 alpha=0.85 beta=5 q=u8 bloomH=2 bloomT=30 bloomSrc=pruned",64,0.9802148997,0.9958,3692.6199,8.7192,0.0000,1.045310,"1.045310;1.043745;1.045607",149.757880,6677.44,,13.39,0,6980,10,True,nid006293,59116836
SparseHNSW_Bloom2_30_b5_s0x0_p0,"M=32 efC=1600 ef=3200 alpha=0.85 beta=5 q=u8 bloomH=2 bloomT=30 bloomSrc=pruned",64,0.9904441261,0.9986,3692.6199,8.7192,0.0000,1.918087,"1.918305;1.917835;1.918087",274.797564,3639.04,,13.39,0,6980,10,True,nid006293,59116836
SparseHNSW_Bloom2_30_b5_s0x0_p0,"M=32 efC=1600 ef=6400 alpha=0.85 beta=5 q=u8 bloomH=2 bloomT=30 bloomSrc=pruned",64,0.9951719198,0.9997,3692.6199,8.7192,0.0000,3.496014,"3.498132;3.496014;3.495396",500.861605,1996.56,,13.39,0,6980,10,True,nid006293,59116836
SparseHNSW_Bloom2_30_b8_s0x0_p0,"M=32 efC=1600 ef=20 alpha=0.85 beta=8 q=u8 bloomH=2 bloomT=30 bloomSrc=pruned",64,0.8423495702,0.9413,3692.6199,8.7192,0.0000,0.085803,"0.086144;0.085803;0.085776",12.292693,81349.14,,13.39,0,6980,10,True,nid006293,59116836
SparseHNSW_Bloom2_30_b8_s0x0_p0,"M=32 efC=1600 ef=50 alpha=0.85 beta=8 q=u8 bloomH=2 bloomT=30 bloomSrc=pruned",64,0.8423495702,0.9413,3692.6199,8.7192,0.0000,0.086039,"0.085735;0.086039;0.086087",12.326504,81126.00,,13.39,0,6980,10,True,nid006293,59116836
SparseHNSW_Bloom2_30_b8_s0x0_p0,"M=32 efC=1600 ef=100 alpha=0.85 beta=8 q=u8 bloomH=2 bloomT=30 bloomSrc=pruned",64,0.8518767908,0.9501,3692.6199,8.7192,0.0000,0.101138,"0.101138;0.101733;0.100987",14.489685,69014.61,,13.39,0,6980,10,True,nid006293,59116836
SparseHNSW_Bloom2_30_b8_s0x0_p0,"M=32 efC=1600 ef=200 alpha=0.85 beta=8 q=u8 bloomH=2 bloomT=30 bloomSrc=pruned",64,0.8831088825,0.9718,3692.6199,8.7192,0.0000,0.173193,"0.173193;0.173465;0.173174",24.812751,40301.86,,13.39,0,6980,10,True,nid006293,59116836
SparseHNSW_Bloom2_30_b8_s0x0_p0,"M=32 efC=1600 ef=400 alpha=0.85 beta=8 q=u8 bloomH=2 bloomT=30 bloomSrc=pruned",64,0.9208595989,0.9837,3692.6199,8.7192,0.0000,0.308654,"0.308639;0.308867;0.308654",44.219771,22614.32,,13.39,0,6980,10,True,nid006293,59116836
SparseHNSW_Bloom2_30_b8_s0x0_p0,"M=32 efC=1600 ef=800 alpha=0.85 beta=8 q=u8 bloomH=2 bloomT=30 bloomSrc=pruned",64,0.9587965616,0.9927,3692.6199,8.7192,0.0000,0.565103,"0.564959;0.565430;0.565103",80.960315,12351.73,,13.39,0,6980,10,True,nid006293,59116836
SparseHNSW_Bloom2_30_b8_s0x0_p0,"M=32 efC=1600 ef=1600 alpha=0.85 beta=8 q=u8 bloomH=2 bloomT=30 bloomSrc=pruned",64,0.9803151862,0.9958,3692.6199,8.7192,0.0000,1.047273,"1.046880;1.047273;1.047681",150.039112,6664.93,,13.39,0,6980,10,True,nid006293,59116836
SparseHNSW_Bloom2_30_b8_s0x0_p0,"M=32 efC=1600 ef=3200 alpha=0.85 beta=8 q=u8 bloomH=2 bloomT=30 bloomSrc=pruned",64,0.9905444126,0.9986,3692.6199,8.7192,0.0000,1.920895,"1.918538;1.920895;1.921184",275.199857,3633.72,,13.39,0,6980,10,True,nid006293,59116836
SparseHNSW_Bloom2_30_b8_s0x0_p0,"M=32 efC=1600 ef=6400 alpha=0.85 beta=8 q=u8 bloomH=2 bloomT=30 bloomSrc=pruned",64,0.9952722063,0.9997,3692.6199,8.7192,0.0000,3.501705,"3.501705;3.499817;3.504942",501.676934,1993.31,,13.39,0,6980,10,True,nid006293,59116836
SparseHNSW_Bloom2_30_b12_s0x0_p0,"M=32 efC=1600 ef=20 alpha=0.85 beta=12 q=u8 bloomH=2 bloomT=30 bloomSrc=pruned",64,0.8594555874,0.9560,3692.6199,8.7192,0.0000,0.118774,"0.118666;0.118947;0.118774",17.016332,58767.07,,13.39,0,6980,10,True,nid006293,59116836
SparseHNSW_Bloom2_30_b12_s0x0_p0,"M=32 efC=1600 ef=50 alpha=0.85 beta=12 q=u8 bloomH=2 bloomT=30 bloomSrc=pruned",64,0.8594555874,0.9560,3692.6199,8.7192,0.0000,0.118656,"0.118932;0.118656;0.118652",16.999427,58825.51,,13.39,0,6980,10,True,nid006293,59116836
SparseHNSW_Bloom2_30_b12_s0x0_p0,"M=32 efC=1600 ef=100 alpha=0.85 beta=12 q=u8 bloomH=2 bloomT=30 bloomSrc=pruned",64,0.8594555874,0.9560,3692.6199,8.7192,0.0000,0.118752,"0.118819;0.118752;0.118265",17.013181,58777.96,,13.39,0,6980,10,True,nid006293,59116836
SparseHNSW_Bloom2_30_b12_s0x0_p0,"M=32 efC=1600 ef=200 alpha=0.85 beta=12 q=u8 bloomH=2 bloomT=30 bloomSrc=pruned",64,0.8831375358,0.9718,3692.6199,8.7192,0.0000,0.175884,"0.175503;0.175884;0.176016",25.198281,39685.25,,13.39,0,6980,10,True,nid006293,59116836
SparseHNSW_Bloom2_30_b12_s0x0_p0,"M=32 efC=1600 ef=400 alpha=0.85 beta=12 q=u8 bloomH=2 bloomT=30 bloomSrc=pruned",64,0.9208882521,0.9837,3692.6199,8.7192,0.0000,0.311630,"0.311784;0.311630;0.311219",44.646132,22398.36,,13.39,0,6980,10,True,nid006293,59116836
SparseHNSW_Bloom2_30_b12_s0x0_p0,"M=32 efC=1600 ef=800 alpha=0.85 beta=12 q=u8 bloomH=2 bloomT=30 bloomSrc=pruned",64,0.9588252149,0.9927,3692.6199,8.7192,0.0000,0.568617,"0.568617;0.568535;0.569093",81.463754,12275.40,,13.39,0,6980,10,True,nid006293,59116836
SparseHNSW_Bloom2_30_b12_s0x0_p0,"M=32 efC=1600 ef=1600 alpha=0.85 beta=12 q=u8 bloomH=2 bloomT=30 bloomSrc=pruned",64,0.9803581662,0.9958,3692.6199,8.7192,0.0000,1.050802,"1.050802;1.051091;1.050726",150.544699,6642.55,,13.39,0,6980,10,True,nid006293,59116836
SparseHNSW_Bloom2_30_b12_s0x0_p0,"M=32 efC=1600 ef=3200 alpha=0.85 beta=12 q=u8 bloomH=2 bloomT=30 bloomSrc=pruned",64,0.9905873926,0.9986,3692.6199,8.7192,0.0000,1.924328,"1.923547;1.924328;1.925180",275.691691,3627.24,,13.39,0,6980,10,True,nid006293,59116836
SparseHNSW_Bloom2_30_b12_s0x0_p0,"M=32 efC=1600 ef=6400 alpha=0.85 beta=12 q=u8 bloomH=2 bloomT=30 bloomSrc=pruned",64,0.9953151862,0.9997,3692.6199,8.7192,0.0000,3.504352,"3.500529;3.506139;3.504352",502.056160,1991.81,,13.40,0,6980,10,True,nid006293,59116836
SparseHNSW_Bloom2_30_b16_s0x0_p0,"M=32 efC=1600 ef=20 alpha=0.85 beta=16 q=u8 bloomH=2 bloomT=30 bloomSrc=pruned",64,0.8717908309,0.9642,3692.6199,8.7192,0.0000,0.149513,"0.149524;0.149513;0.149296",21.420201,46684.90,,13.40,0,6980,10,True,nid006293,59116836
SparseHNSW_Bloom2_30_b16_s0x0_p0,"M=32 efC=1600 ef=50 alpha=0.85 beta=16 q=u8 bloomH=2 bloomT=30 bloomSrc=pruned",64,0.8717908309,0.9642,3692.6199,8.7192,0.0000,0.149235,"0.149081;0.149235;0.149481",21.380372,46771.87,,13.40,0,6980,10,True,nid006293,59116836
SparseHNSW_Bloom2_30_b16_s0x0_p0,"M=32 efC=1600 ef=100 alpha=0.85 beta=16 q=u8 bloomH=2 bloomT=30 bloomSrc=pruned",64,0.8717908309,0.9642,3692.6199,8.7192,0.0000,0.149121,"0.149259;0.149022;0.149121",21.364040,46807.63,,13.40,0,6980,10,True,nid006293,59116836
SparseHNSW_Bloom2_30_b16_s0x0_p0,"M=32 efC=1600 ef=200 alpha=0.85 beta=16 q=u8 bloomH=2 bloomT=30 bloomSrc=pruned",64,0.8831375358,0.9718,3692.6199,8.7192,0.0000,0.177751,"0.177751;0.176932;0.177940",25.465759,39268.41,,13.40,0,6980,10,True,nid006293,59116836
SparseHNSW_Bloom2_30_b16_s0x0_p0,"M=32 efC=1600 ef=400 alpha=0.85 beta=16 q=u8 bloomH=2 bloomT=30 bloomSrc=pruned",64,0.9208882521,0.9837,3692.6199,8.7192,0.0000,0.312696,"0.312722;0.312677;0.312696",44.798854,22322.00,,13.40,0,6980,10,True,nid006293,59116836
SparseHNSW_Bloom2_30_b16_s0x0_p0,"M=32 efC=1600 ef=800 alpha=0.85 beta=16 q=u8 bloomH=2 bloomT=30 bloomSrc=pruned",64,0.9588252149,0.9927,3692.6199,8.7192,0.0000,0.569045,"0.570422;0.569035;0.569045",81.525072,12266.17,,13.40,0,6980,10,True,nid006293,59116836
SparseHNSW_Bloom2_30_b16_s0x0_p0,"M=32 efC=1600 ef=1600 alpha=0.85 beta=16 q=u8 bloomH=2 bloomT=30 bloomSrc=pruned",64,0.9803581662,0.9958,3692.6199,8.7192,0.0000,1.051049,"1.051011;1.051795;1.051049",150.580086,6640.98,,13.40,0,6980,10,True,nid006293,59116836
SparseHNSW_Bloom2_30_b16_s0x0_p0,"M=32 efC=1600 ef=3200 alpha=0.85 beta=16 q=u8 bloomH=2 bloomT=30 bloomSrc=pruned",64,0.9905873926,0.9986,3692.6199,8.7192,0.0000,1.928722,"1.943590;1.928722;1.926740",276.321203,3618.98,,13.40,0,6980,10,True,nid006293,59116836
SparseHNSW_Bloom2_30_b16_s0x0_p0,"M=32 efC=1600 ef=6400 alpha=0.85 beta=16 q=u8 bloomH=2 bloomT=30 bloomSrc=pruned",64,0.9953151862,0.9997,3692.6199,8.7192,0.0000,3.504672,"3.504610;3.504672;3.506128",502.102006,1991.63,,13.41,0,6980,10,True,nid006293,59116836
SparseHNSW_Bloom2_30_b2_s8x4_p0,"M=32 efC=1600 ef=20 alpha=0.85 beta=2 q=u8 seedT=8 seedH=8 seedS=4 bloomH=2 bloomT=30 bloomSrc=pruned",64,0.8331518625,0.9596,3692.6199,8.7192,0.0000,0.041156,"0.040339;0.041156;0.041302",5.896275,169598.60,,13.41,0,6980,10,True,nid006293,59116836
SparseHNSW_Bloom2_30_b2_s8x4_p0,"M=32 efC=1600 ef=50 alpha=0.85 beta=2 q=u8 seedT=8 seedH=8 seedS=4 bloomH=2 bloomT=30 bloomSrc=pruned",64,0.8501719198,0.9692,3692.6199,8.7192,0.0000,0.055778,"0.055778;0.056028;0.055621",7.991117,125138.94,,13.41,0,6980,10,True,nid006293,59116836
SparseHNSW_Bloom2_30_b2_s8x4_p0,"M=32 efC=1600 ef=100 alpha=0.85 beta=2 q=u8 seedT=8 seedH=8 seedS=4 bloomH=2 bloomT=30 bloomSrc=pruned",64,0.8758452722,0.9809,3692.6199,8.7192,0.0000,0.094860,"0.094860;0.095074;0.094858",13.590258,73582.12,,13.41,0,6980,10,True,nid006293,59116836
SparseHNSW_Bloom2_30_b2_s8x4_p0,"M=32 efC=1600 ef=200 alpha=0.85 beta=2 q=u8 seedT=8 seedH=8 seedS=4 bloomH=2 bloomT=30 bloomSrc=pruned",64,0.9095702006,0.9900,3692.6199,8.7192,0.0000,0.167661,"0.167438;0.167661;0.167882",24.020201,41631.63,,13.41,0,6980,10,True,nid006293,59116836
SparseHNSW_Bloom2_30_b2_s8x4_p0,"M=32 efC=1600 ef=400 alpha=0.85 beta=2 q=u8 seedT=8 seedH=8 seedS=4 bloomH=2 bloomT=30 bloomSrc=pruned",64,0.9483810888,0.9951,3692.6199,8.7192,0.0000,0.305072,"0.305096;0.305072;0.304932",43.706590,22879.84,,13.41,0,6980,10,True,nid006293,59116836
SparseHNSW_Bloom2_30_b2_s8x4_p0,"M=32 efC=1600 ef=800 alpha=0.85 beta=2 q=u8 seedT=8 seedH=8 seedS=4 bloomH=2 bloomT=30 bloomSrc=pruned",64,0.9738825215,0.9984,3692.6199,8.7192,0.0000,0.563553,"0.563553;0.563573;0.562739",80.738252,12385.70,,13.41,0,6980,10,True,nid006293,59116836
SparseHNSW_Bloom2_30_b2_s8x4_p0,"M=32 efC=1600 ef=1600 alpha=0.85 beta=2 q=u8 seedT=8 seedH=8 seedS=4 bloomH=2 bloomT=30 bloomSrc=pruned",64,0.9842550143,0.9991,3692.6199,8.7192,0.0000,1.046445,"1.046801;1.046212;1.046445",149.920487,6670.20,,13.41,0,6980,10,True,nid006293,59116836
SparseHNSW_Bloom2_30_b2_s8x4_p0,"M=32 efC=1600 ef=3200 alpha=0.85 beta=2 q=u8 seedT=8 seedH=8 seedS=4 bloomH=2 bloomT=30 bloomSrc=pruned",64,0.9896848138,1.0000,3692.6199,8.7192,0.0000,1.920556,"1.919635;1.920556;1.920649",275.151289,3634.36,,13.41,0,6980,10,True,nid006293,59116836
SparseHNSW_Bloom2_30_b2_s8x4_p0,"M=32 efC=1600 ef=6400 alpha=0.85 beta=2 q=u8 seedT=8 seedH=8 seedS=4 bloomH=2 bloomT=30 bloomSrc=pruned",64,0.9921776504,1.0000,3692.6199,8.7192,0.0000,3.497947,"3.499057;3.497947;3.497567",501.138539,1995.46,,13.42,0,6980,10,True,nid006293,59116836
SparseHNSW_Bloom2_30_b3_s8x4_p0,"M=32 efC=1600 ef=20 alpha=0.85 beta=3 q=u8 seedT=8 seedH=8 seedS=4 bloomH=2 bloomT=30 bloomSrc=pruned",64,0.8351146132,0.9597,3692.6199,8.7192,0.0000,0.041914,"0.041061;0.041995;0.041914",6.004871,166531.47,,13.42,0,6980,10,True,nid006293,59116836
SparseHNSW_Bloom2_30_b3_s8x4_p0,"M=32 efC=1600 ef=50 alpha=0.85 beta=3 q=u8 seedT=8 seedH=8 seedS=4 bloomH=2 bloomT=30 bloomSrc=pruned",64,0.8523495702,0.9692,3692.6199,8.7192,0.0000,0.056583,"0.056716;0.056583;0.056438",8.106447,123358.61,,13.42,0,6980,10,True,nid006293,59116836
SparseHNSW_Bloom2_30_b3_s8x4_p0,"M=32 efC=1600 ef=100 alpha=0.85 beta=3 q=u8 seedT=8 seedH=8 seedS=4 bloomH=2 bloomT=30 bloomSrc=pruned",64,0.8781518625,0.9809,3692.6199,8.7192,0.0000,0.095649,"0.095649;0.095810;0.095596",13.703295,72975.15,,13.42,0,6980,10,True,nid006293,59116836
SparseHNSW_Bloom2_30_b3_s8x4_p0,"M=32 efC=1600 ef=200 alpha=0.85 beta=3 q=u8 seedT=8 seedH=8 seedS=4 bloomH=2 bloomT=30 bloomSrc=pruned",64,0.9120487106,0.9900,3692.6199,8.7192,0.0000,0.168101,"0.168101;0.168096;0.168226",24.083238,41522.66,,13.42,0,6980,10,True,nid006293,59116836
SparseHNSW_Bloom2_30_b3_s8x4_p0,"M=32 efC=1600 ef=400 alpha=0.85 beta=3 q=u8 seedT=8 seedH=8 seedS=4 bloomH=2 bloomT=30 bloomSrc=pruned",64,0.9509885387,0.9951,3692.6199,8.7192,0.0000,0.306002,"0.305886;0.306002;0.306209",43.839828,22810.31,,13.42,0,6980,10,True,nid006293,59116836
SparseHNSW_Bloom2_30_b3_s8x4_p0,"M=32 efC=1600 ef=800 alpha=0.85 beta=3 q=u8 seedT=8 seedH=8 seedS=4 bloomH=2 bloomT=30 bloomSrc=pruned",64,0.9768767908,0.9984,3692.6199,8.7192,0.0000,0.564540,"0.564708;0.563795;0.564540",80.879656,12364.05,,13.42,0,6980,10,True,nid006293,59116836
SparseHNSW_Bloom2_30_b3_s8x4_p0,"M=32 efC=1600 ef=1600 alpha=0.85 beta=3 q=u8 seedT=8 seedH=8 seedS=4 bloomH=2 bloomT=30 bloomSrc=pruned",64,0.9875214900,0.9991,3692.6199,8.7192,0.0000,1.047451,"1.047451;1.048063;1.046787",150.064613,6663.80,,13.42,0,6980,10,True,nid006293,59116836
SparseHNSW_Bloom2_30_b3_s8x4_p0,"M=32 efC=1600 ef=3200 alpha=0.85 beta=3 q=u8 seedT=8 seedH=8 seedS=4 bloomH=2 bloomT=30 bloomSrc=pruned",64,0.9930515759,1.0000,3692.6199,8.7192,0.0000,1.919655,"1.919655;1.924064;1.918557",275.022206,3636.07,,13.42,0,6980,10,True,nid006293,59116836
SparseHNSW_Bloom2_30_b3_s8x4_p0,"M=32 efC=1600 ef=6400 alpha=0.85 beta=3 q=u8 seedT=8 seedH=8 seedS=4 bloomH=2 bloomT=30 bloomSrc=pruned",64,0.9955873926,1.0000,3692.6199,8.7192,0.0000,3.499991,"3.500560;3.496921;3.499991",501.431375,1994.29,,13.42,0,6980,10,True,nid006293,59116836
SparseHNSW_Bloom2_30_b4_s8x4_p0,"M=32 efC=1600 ef=20 alpha=0.85 beta=4 q=u8 seedT=8 seedH=8 seedS=4 bloomH=2 bloomT=30 bloomSrc=pruned",64,0.8455157593,0.9659,3692.6199,8.7192,0.0000,0.048136,"0.047603;0.048136;0.048604",6.896275,145005.82,,13.42,0,6980,10,True,nid006293,59116836
SparseHNSW_Bloom2_30_b4_s8x4_p0,"M=32 efC=1600 ef=50 alpha=0.85 beta=4 q=u8 seedT=8 seedH=8 seedS=4 bloomH=2 bloomT=30 bloomSrc=pruned",64,0.8527507163,0.9692,3692.6199,8.7192,0.0000,0.056914,"0.056914;0.056923;0.056881",8.153868,122641.18,,13.42,0,6980,10,True,nid006293,59116836
SparseHNSW_Bloom2_30_b4_s8x4_p0,"M=32 efC=1600 ef=100 alpha=0.85 beta=4 q=u8 seedT=8 seedH=8 seedS=4 bloomH=2 bloomT=30 bloomSrc=pruned",64,0.8785959885,0.9809,3692.6199,8.7192,0.0000,0.096338,"0.096698;0.096248;0.096338",13.802006,72453.24,,13.42,0,6980,10,True,nid006293,59116836
SparseHNSW_Bloom2_30_b4_s8x4_p0,"M=32 efC=1600 ef=200 alpha=0.85 beta=4 q=u8 seedT=8 seedH=8 seedS=4 bloomH=2 bloomT=30 bloomSrc=pruned",64,0.9125501433,0.9900,3692.6199,8.7192,0.0000,0.168406,"0.168254;0.168406;0.169037",24.126934,41447.45,,13.42,0,6980,10,True,nid006293,59116836
SparseHNSW_Bloom2_30_b4_s8x4_p0,"M=32 efC=1600 ef=400 alpha=0.85 beta=4 q=u8 seedT=8 seedH=8 seedS=4 bloomH=2 bloomT=30 bloomSrc=pruned",64,0.9515472779,0.9951,3692.6199,8.7192,0.0000,0.306239,"0.305798;0.306239;0.306371",43.873782,22792.66,,13.42,0,6980,10,True,nid006293,59116836
SparseHNSW_Bloom2_30_b4_s8x4_p0,"M=32 efC=1600 ef=800 alpha=0.85 beta=4 q=u8 seedT=8 seedH=8 seedS=4 bloomH=2 bloomT=30 bloomSrc=pruned",64,0.9774641834,0.9984,3692.6199,8.7192,0.0000,0.564748,"0.564748;0.565006;0.564641",80.909456,12359.49,,13.42,0,6980,10,True,nid006293,59116836
SparseHNSW_Bloom2_30_b4_s8x4_p0,"M=32 efC=1600 ef=1600 alpha=0.85 beta=4 q=u8 seedT=8 seedH=8 seedS=4 bloomH=2 bloomT=30 bloomSrc=pruned",64,0.9881661891,0.9991,3692.6199,8.7192,0.0000,1.047406,"1.047436;1.046841;1.047406",150.058166,6664.08,,13.42,0,6980,10,True,nid006293,59116836
SparseHNSW_Bloom2_30_b4_s8x4_p0,"M=32 efC=1600 ef=3200 alpha=0.85 beta=4 q=u8 seedT=8 seedH=8 seedS=4 bloomH=2 bloomT=30 bloomSrc=pruned",64,0.9937106017,1.0000,3692.6199,8.7192,0.0000,1.921360,"1.922247;1.921360;1.919356",275.266476,3632.84,,13.42,0,6980,10,True,nid006293,59116836
SparseHNSW_Bloom2_30_b4_s8x4_p0,"M=32 efC=1600 ef=6400 alpha=0.85 beta=4 q=u8 seedT=8 seedH=8 seedS=4 bloomH=2 bloomT=30 bloomSrc=pruned",64,0.9962464183,1.0000,3692.6199,8.7192,0.0000,3.501863,"3.501863;3.500356;3.504253",501.699570,1993.22,,13.42,0,6980,10,True,nid006293,59116836
SparseHNSW_Bloom2_30_b5_s8x4_p0,"M=32 efC=1600 ef=20 alpha=0.85 beta=5 q=u8 seedT=8 seedH=8 seedS=4 bloomH=2 bloomT=30 bloomSrc=pruned",64,0.8528510029,0.9692,3692.6199,8.7192,0.0000,0.057470,"0.057163;0.057701;0.057470",8.233524,121454.67,,13.42,0,6980,10,True,nid006293,59116836
SparseHNSW_Bloom2_30_b5_s8x4_p0,"M=32 efC=1600 ef=50 alpha=0.85 beta=5 q=u8 seedT=8 seedH=8 seedS=4 bloomH=2 bloomT=30 bloomSrc=pruned",64,0.8528510029,0.9692,3692.6199,8.7192,0.0000,0.057442,"0.057502;0.057255;0.057442",8.229513,121513.87,,13.42,0,6980,10,True,nid006293,59116836
SparseHNSW_Bloom2_30_b5_s8x4_p0,"M=32 efC=1600 ef=100 alpha=0.85 beta=5 q=u8 seedT=8 seedH=8 seedS=4 bloomH=2 bloomT=30 bloomSrc=pruned",64,0.8787106017,0.9809,3692.6199,8.7192,0.0000,0.096749,"0.096749;0.096707;0.097150",13.860888,72145.45,,13.42,0,6980,10,True,nid006293,59116836
SparseHNSW_Bloom2_30_b5_s8x4_p0,"M=32 efC=1600 ef=200 alpha=0.85 beta=5 q=u8 seedT=8 seedH=8 seedS=4 bloomH=2 bloomT=30 bloomSrc=pruned",64,0.9126790831,0.9900,3692.6199,8.7192,0.0000,0.169535,"0.169575;0.169535;0.169291",24.288682,41171.44,,13.42,0,6980,10,True,nid006293,59116836
SparseHNSW_Bloom2_30_b5_s8x4_p0,"M=32 efC=1600 ef=400 alpha=0.85 beta=5 q=u8 seedT=8 seedH=8 seedS=4 bloomH=2 bloomT=30 bloomSrc=pruned",64,0.9516905444,0.9951,3692.6199,8.7192,0.0000,0.306615,"0.306584;0.306615;0.306854",43.927650,22764.70,,13.42,0,6980,10,True,nid006293,59116836
SparseHNSW_Bloom2_30_b5_s8x4_p0,"M=32 efC=1600 ef=800 alpha=0.85 beta=5 q=u8 seedT=8 seedH=8 seedS=4 bloomH=2 bloomT=30 bloomSrc=pruned",64,0.9776217765,0.9984,3692.6199,8.7192,0.0000,0.565443,"0.565261;0.565443;0.566468",81.009026,12344.30,,13.42,0,6980,10,True,nid006293,59116836
SparseHNSW_Bloom2_30_b5_s8x4_p0,"M=32 efC=1600 ef=1600 alpha=0.85 beta=5 q=u8 seedT=8 seedH=8 seedS=4 bloomH=2 bloomT=30 bloomSrc=pruned",64,0.9883381089,0.9991,3692.6199,8.7192,0.0000,1.048015,"1.048015;1.047995;1.048437",150.145415,6660.21,,13.42,0,6980,10,True,nid006293,59116836
SparseHNSW_Bloom2_30_b5_s8x4_p0,"M=32 efC=1600 ef=3200 alpha=0.85 beta=5 q=u8 seedT=8 seedH=8 seedS=4 bloomH=2 bloomT=30 bloomSrc=pruned",64,0.9938825215,1.0000,3692.6199,8.7192,0.0000,1.922062,"1.922547;1.922062;1.921463",275.367049,3631.52,,13.42,0,6980,10,True,nid006293,59116836
SparseHNSW_Bloom2_30_b5_s8x4_p0,"M=32 efC=1600 ef=6400 alpha=0.85 beta=5 q=u8 seedT=8 seedH=8 seedS=4 bloomH=2 bloomT=30 bloomSrc=pruned",64,0.9964183381,1.0000,3692.6199,8.7192,0.0000,3.501657,"3.501657;3.502062;3.501357",501.670057,1993.34,,13.42,0,6980,10,True,nid006293,59116836
SparseHNSW_Bloom2_30_b8_s8x4_p0,"M=32 efC=1600 ef=20 alpha=0.85 beta=8 q=u8 seedT=8 seedH=8 seedS=4 bloomH=2 bloomT=30 bloomSrc=pruned",64,0.8707163324,0.9782,3692.6199,8.7192,0.0000,0.083665,"0.083353;0.083665;0.083898",11.986390,83427.96,,13.42,0,6980,10,True,nid006293,59116836
SparseHNSW_Bloom2_30_b8_s8x4_p0,"M=32 efC=1600 ef=50 alpha=0.85 beta=8 q=u8 seedT=8 seedH=8 seedS=4 bloomH=2 bloomT=30 bloomSrc=pruned",64,0.8707163324,0.9782,3692.6199,8.7192,0.0000,0.083714,"0.083795;0.083528;0.083714",11.993410,83379.12,,13.42,0,6980,10,True,nid006293,59116836
SparseHNSW_Bloom2_30_b8_s8x4_p0,"M=32 efC=1600 ef=100 alpha=0.85 beta=8 q=u8 seedT=8 seedH=8 seedS=4 bloomH=2 bloomT=30 bloomSrc=pruned",64,0.8787822350,0.9809,3692.6199,8.7192,0.0000,0.098854,"0.098854;0.098880;0.098610",14.162464,70609.18,,13.42,0,6980,10,True,nid006293,59116836
SparseHNSW_Bloom2_30_b8_s8x4_p0,"M=32 efC=1600 ef=200 alpha=0.85 beta=8 q=u8 seedT=8 seedH=8 seedS=4 bloomH=2 bloomT=30 bloomSrc=pruned",64,0.9127507163,0.9900,3692.6199,8.7192,0.0000,0.171600,"0.171602;0.171600;0.171183",24.584527,40675.99,,13.42,0,6980,10,True,nid006293,59116836
SparseHNSW_Bloom2_30_b8_s8x4_p0,"M=32 efC=1600 ef=400 alpha=0.85 beta=8 q=u8 seedT=8 seedH=8 seedS=4 bloomH=2 bloomT=30 bloomSrc=pruned",64,0.9517621777,0.9951,3692.6199,8.7192,0.0000,0.308963,"0.308596;0.308963;0.309007",44.264040,22591.70,,13.42,0,6980,10,True,nid006293,59116836
SparseHNSW_Bloom2_30_b8_s8x4_p0,"M=32 efC=1600 ef=800 alpha=0.85 beta=8 q=u8 seedT=8 seedH=8 seedS=4 bloomH=2 bloomT=30 bloomSrc=pruned",64,0.9777077364,0.9984,3692.6199,8.7192,0.0000,0.567801,"0.567547;0.567924;0.567801",81.346848,12293.04,,13.42,0,6980,10,True,nid006293,59116836
SparseHNSW_Bloom2_30_b8_s8x4_p0,"M=32 efC=1600 ef=1600 alpha=0.85 beta=8 q=u8 seedT=8 seedH=8 seedS=4 bloomH=2 bloomT=30 bloomSrc=pruned",64,0.9884383954,0.9991,3692.6199,8.7192,0.0000,1.050994,"1.050655;1.051175;1.050994",150.572206,6641.33,,13.42,0,6980,10,True,nid006293,59116836
SparseHNSW_Bloom2_30_b8_s8x4_p0,"M=32 efC=1600 ef=3200 alpha=0.85 beta=8 q=u8 seedT=8 seedH=8 seedS=4 bloomH=2 bloomT=30 bloomSrc=pruned",64,0.9939828080,1.0000,3692.6199,8.7192,0.0000,1.923818,"1.923488;1.923818;1.924504",275.618625,3628.20,,13.42,0,6980,10,True,nid006293,59116836
SparseHNSW_Bloom2_30_b8_s8x4_p0,"M=32 efC=1600 ef=6400 alpha=0.85 beta=8 q=u8 seedT=8 seedH=8 seedS=4 bloomH=2 bloomT=30 bloomSrc=pruned",64,0.9965186246,1.0000,3692.6199,8.7192,0.0000,3.505953,"3.501703;3.505953;3.509048",502.285530,1990.90,,13.42,0,6980,10,True,nid006293,59116836
SparseHNSW_Bloom2_30_b12_s8x4_p0,"M=32 efC=1600 ef=20 alpha=0.85 beta=12 q=u8 seedT=8 seedH=8 seedS=4 bloomH=2 bloomT=30 bloomSrc=pruned",64,0.8859885387,0.9840,3692.6199,8.7192,0.0000,0.116319,"0.116319;0.116186;0.116469",16.664613,60007.39,,13.42,0,6980,10,True,nid006293,59116836
SparseHNSW_Bloom2_30_b12_s8x4_p0,"M=32 efC=1600 ef=50 alpha=0.85 beta=12 q=u8 seedT=8 seedH=8 seedS=4 bloomH=2 bloomT=30 bloomSrc=pruned",64,0.8859885387,0.9840,3692.6199,8.7192,0.0000,0.116383,"0.116383;0.115985;0.116509",16.673782,59974.39,,13.42,0,6980,10,True,nid006293,59116836
SparseHNSW_Bloom2_30_b12_s8x4_p0,"M=32 efC=1600 ef=100 alpha=0.85 beta=12 q=u8 seedT=8 seedH=8 seedS=4 bloomH=2 bloomT=30 bloomSrc=pruned",64,0.8859885387,0.9840,3692.6199,8.7192,0.0000,0.115927,"0.116329;0.115912;0.115927",16.608453,60210.30,,13.42,0,6980,10,True,nid006293,59116836
SparseHNSW_Bloom2_30_b12_s8x4_p0,"M=32 efC=1600 ef=200 alpha=0.85 beta=12 q=u8 seedT=8 seedH=8 seedS=4 bloomH=2 bloomT=30 bloomSrc=pruned",64,0.9127793696,0.9900,3692.6199,8.7192,0.0000,0.173962,"0.173841;0.174177;0.173962",24.922923,40123.71,,13.42,0,6980,10,True,nid006293,59116836
SparseHNSW_Bloom2_30_b12_s8x4_p0,"M=32 efC=1600 ef=400 alpha=0.85 beta=12 q=u8 seedT=8 seedH=8 seedS=4 bloomH=2 bloomT=30 bloomSrc=pruned",64,0.9517908309,0.9951,3692.6199,8.7192,0.0000,0.311443,"0.311703;0.311443;0.311211",44.619341,22411.81,,13.42,0,6980,10,True,nid006293,59116836
SparseHNSW_Bloom2_30_b12_s8x4_p0,"M=32 efC=1600 ef=800 alpha=0.85 beta=12 q=u8 seedT=8 seedH=8 seedS=4 bloomH=2 bloomT=30 bloomSrc=pruned",64,0.9777363897,0.9984,3692.6199,8.7192,0.0000,0.569848,"0.569848;0.569776;0.570259",81.640115,12248.88,,13.42,0,6980,10,True,nid006293,59116836
SparseHNSW_Bloom2_30_b12_s8x4_p0,"M=32 efC=1600 ef=1600 alpha=0.85 beta=12 q=u8 seedT=8 seedH=8 seedS=4 bloomH=2 bloomT=30 bloomSrc=pruned",64,0.9884670487,0.9991,3692.6199,8.7192,0.0000,1.052966,"1.052254;1.052966;1.054405",150.854728,6628.89,,13.42,0,6980,10,True,nid006293,59116836
SparseHNSW_Bloom2_30_b12_s8x4_p0,"M=32 efC=1600 ef=3200 alpha=0.85 beta=12 q=u8 seedT=8 seedH=8 seedS=4 bloomH=2 bloomT=30 bloomSrc=pruned",64,0.9940257880,1.0000,3692.6199,8.7192,0.0000,1.926268,"1.926008;1.926268;1.926323",275.969628,3623.59,,13.42,0,6980,10,True,nid006293,59116836
SparseHNSW_Bloom2_30_b12_s8x4_p0,"M=32 efC=1600 ef=6400 alpha=0.85 beta=12 q=u8 seedT=8 seedH=8 seedS=4 bloomH=2 bloomT=30 bloomSrc=pruned",64,0.9965616046,1.0000,3692.6199,8.7192,0.0000,3.505558,"3.505550;3.505920;3.505558",502.228940,1991.12,,13.42,0,6980,10,True,nid006293,59116836
SparseHNSW_Bloom2_30_b16_s8x4_p0,"M=32 efC=1600 ef=20 alpha=0.85 beta=16 q=u8 seedT=8 seedH=8 seedS=4 bloomH=2 bloomT=30 bloomSrc=pruned",64,0.8999570201,0.9883,3692.6199,8.7192,0.0000,0.146823,"0.146823;0.147054;0.146775",21.034814,47540.24,,13.42,0,6980,10,True,nid006293,59116836
SparseHNSW_Bloom2_30_b16_s8x4_p0,"M=32 efC=1600 ef=50 alpha=0.85 beta=16 q=u8 seedT=8 seedH=8 seedS=4 bloomH=2 bloomT=30 bloomSrc=pruned",64,0.8999570201,0.9883,3692.6199,8.7192,0.0000,0.146843,"0.146843;0.147440;0.146826",21.037679,47533.76,,13.42,0,6980,10,True,nid006293,59116836
SparseHNSW_Bloom2_30_b16_s8x4_p0,"M=32 efC=1600 ef=100 alpha=0.85 beta=16 q=u8 seedT=8 seedH=8 seedS=4 bloomH=2 bloomT=30 bloomSrc=pruned",64,0.8999570201,0.9883,3692.6199,8.7192,0.0000,0.147126,"0.147086;0.147126;0.147309",21.078223,47442.33,,13.42,0,6980,10,True,nid006293,59116836
SparseHNSW_Bloom2_30_b16_s8x4_p0,"M=32 efC=1600 ef=200 alpha=0.85 beta=16 q=u8 seedT=8 seedH=8 seedS=4 bloomH=2 bloomT=30 bloomSrc=pruned",64,0.9127793696,0.9900,3692.6199,8.7192,0.0000,0.175300,"0.176045;0.175037;0.175300",25.114613,39817.46,,13.42,0,6980,10,True,nid006293,59116836
SparseHNSW_Bloom2_30_b16_s8x4_p0,"M=32 efC=1600 ef=400 alpha=0.85 beta=16 q=u8 seedT=8 seedH=8 seedS=4 bloomH=2 bloomT=30 bloomSrc=pruned",64,0.9517908309,0.9951,3692.6199,8.7192,0.0000,0.313276,"0.313276;0.312874;0.313314",44.881948,22280.67,,13.42,0,6980,10,True,nid006293,59116836
SparseHNSW_Bloom2_30_b16_s8x4_p0,"M=32 efC=1600 ef=800 alpha=0.85 beta=16 q=u8 seedT=8 seedH=8 seedS=4 bloomH=2 bloomT=30 bloomSrc=pruned",64,0.9777363897,0.9984,3692.6199,8.7192,0.0000,0.571327,"0.571026;0.571485;0.571327",81.852006,12217.17,,13.42,0,6980,10,True,nid006293,59116836
SparseHNSW_Bloom2_30_b16_s8x4_p0,"M=32 efC=1600 ef=1600 alpha=0.85 beta=16 q=u8 seedT=8 seedH=8 seedS=4 bloomH=2 bloomT=30 bloomSrc=pruned",64,0.9884670487,0.9991,3692.6199,8.7192,0.0000,1.052881,"1.052881;1.053392;1.052639",150.842550,6629.43,,13.42,0,6980,10,True,nid006293,59116836
SparseHNSW_Bloom2_30_b16_s8x4_p0,"M=32 efC=1600 ef=3200 alpha=0.85 beta=16 q=u8 seedT=8 seedH=8 seedS=4 bloomH=2 bloomT=30 bloomSrc=pruned",64,0.9940257880,1.0000,3692.6199,8.7192,0.0000,1.926144,"1.927141;1.926144;1.925588",275.951862,3623.82,,13.42,0,6980,10,True,nid006293,59116836
SparseHNSW_Bloom2_30_b16_s8x4_p0,"M=32 efC=1600 ef=6400 alpha=0.85 beta=16 q=u8 seedT=8 seedH=8 seedS=4 bloomH=2 bloomT=30 bloomSrc=pruned",64,0.9965616046,1.0000,3692.6199,8.7192,0.0000,3.507430,"3.506162;3.507430;3.510415",502.497135,1990.06,,13.42,0,6980,10,True,nid006293,59116836
SparseHNSW_Bloom2_30_b2_s0x0_p128,"M=32 efC=1600 ef=20 alpha=0.85 beta=2 q=u8 pat=128 bloomH=2 bloomT=30 bloomSrc=pruned",64,0.7508166189,0.8626,3692.6199,8.7192,0.0000,0.030855,"0.030318;0.030855;0.031223",4.420487,226219.41,,13.42,0,6980,10,True,nid006293,59116836
SparseHNSW_Bloom2_30_b2_s0x0_p128,"M=32 efC=1600 ef=50 alpha=0.85 beta=2 q=u8 pat=128 bloomH=2 bloomT=30 bloomSrc=pruned",64,0.8181805158,0.9222,3692.6199,8.7192,0.0000,0.058453,"0.058453;0.058467;0.058441",8.374355,119412.18,,13.42,0,6980,10,True,nid006293,59116836
SparseHNSW_Bloom2_30_b2_s0x0_p128,"M=32 efC=1600 ef=100 alpha=0.85 beta=2 q=u8 pat=128 bloomH=2 bloomT=30 bloomSrc=pruned",64,0.8490114613,0.9501,3692.6199,8.7192,0.0000,0.097862,"0.098363;0.097862;0.097768",14.020344,71324.93,,13.42,0,6980,10,True,nid006293,59116836
SparseHNSW_Bloom2_30_b2_s0x0_p128,"M=32 efC=1600 ef=200 alpha=0.85 beta=2 q=u8 pat=128 bloomH=2 bloomT=30 bloomSrc=pruned",64,0.8783094556,0.9696,3692.6199,8.7192,0.0000,0.143716,"0.143716;0.143311;0.143978",20.589685,48568.01,,13.42,0,6980,10,True,nid006293,59116836
SparseHNSW_Bloom2_30_b2_s0x0_p128,"M=32 efC=1600 ef=400 alpha=0.85 beta=2 q=u8 pat=128 bloomH=2 bloomT=30 bloomSrc=pruned",64,0.9134097421,0.9781,3692.6199,8.7192,0.0000,0.148978,"0.148937;0.148978;0.149565",21.343553,46852.56,,13.42,0,6980,10,True,nid006293,59116836
SparseHNSW_Bloom2_30_b2_s0x0_p128,"M=32 efC=1600 ef=800 alpha=0.85 beta=2 q=u8 pat=128 bloomH=2 bloomT=30 bloomSrc=pruned",64,0.9500429799,0.9868,3692.6199,8.7192,0.0000,0.150207,"0.150207;0.150041;0.150399",21.519628,46469.21,,13.42,0,6980,10,True,nid006293,59116836
SparseHNSW_Bloom2_30_b2_s0x0_p128,"M=32 efC=1600 ef=1600 alpha=0.85 beta=2 q=u8 pat=128 bloomH=2 bloomT=30 bloomSrc=pruned",64,0.9709742120,0.9905,3692.6199,8.7192,0.0000,0.162407,"0.162407;0.161812;0.162465",23.267479,42978.44,,13.42,0,6980,10,True,nid006293,59116836
SparseHNSW_Bloom2_30_b2_s0x0_p128,"M=32 efC=1600 ef=3200 alpha=0.85 beta=2 q=u8 pat=128 bloomH=2 bloomT=30 bloomSrc=pruned",64,0.9818767908,0.9951,3692.6199,8.7192,0.0000,0.188143,"0.188266;0.187874;0.188143",26.954585,37099.44,,13.42,0,6980,10,True,nid006293,59116836
SparseHNSW_Bloom2_30_b2_s0x0_p128,"M=32 efC=1600 ef=6400 alpha=0.85 beta=2 q=u8 pat=128 bloomH=2 bloomT=30 bloomSrc=pruned",64,0.9872063037,0.9977,3692.6199,8.7192,0.0000,0.222185,"0.222637;0.222185;0.221982",31.831662,31415.26,,13.42,0,6980,10,True,nid006293,59116836
SparseHNSW_Bloom2_30_b3_s0x0_p128,"M=32 efC=1600 ef=20 alpha=0.85 beta=3 q=u8 pat=128 bloomH=2 bloomT=30 bloomSrc=pruned",64,0.7891690544,0.8950,3692.6199,8.7192,0.0000,0.041418,"0.041035;0.041418;0.041637",5.933811,168525.76,,13.42,0,6980,10,True,nid006293,59116836
SparseHNSW_Bloom2_30_b3_s0x0_p128,"M=32 efC=1600 ef=50 alpha=0.85 beta=3 q=u8 pat=128 bloomH=2 bloomT=30 bloomSrc=pruned",64,0.8202865330,0.9222,3692.6199,8.7192,0.0000,0.059182,"0.059192;0.059182;0.058805",8.478797,117941.27,,13.42,0,6980,10,True,nid006293,59116836
SparseHNSW_Bloom2_30_b3_s0x0_p128,"M=32 efC=1600 ef=100 alpha=0.85 beta=3 q=u8 pat=128 bloomH=2 bloomT=30 bloomSrc=pruned",64,0.8512893983,0.9501,3692.6199,8.7192,0.0000,0.098697,"0.098882;0.098470;0.098697",14.139971,70721.50,,13.42,0,6980,10,True,nid006293,59116836
SparseHNSW_Bloom2_30_b3_s0x0_p128,"M=32 efC=1600 ef=200 alpha=0.85 beta=3 q=u8 pat=128 bloomH=2 bloomT=30 bloomSrc=pruned",64,0.8811031519,0.9701,3692.6199,8.7192,0.0000,0.151620,"0.151726;0.151620;0.151321",21.722063,46036.14,,13.42,0,6980,10,True,nid006293,59116836
SparseHNSW_Bloom2_30_b3_s0x0_p128,"M=32 efC=1600 ef=400 alpha=0.85 beta=3 q=u8 pat=128 bloomH=2 bloomT=30 bloomSrc=pruned",64,0.9164613181,0.9785,3692.6199,8.7192,0.0000,0.161623,"0.161570;0.161728;0.161623",23.155158,43186.92,,13.42,0,6980,10,True,nid006293,59116836
SparseHNSW_Bloom2_30_b3_s0x0_p128,"M=32 efC=1600 ef=800 alpha=0.85 beta=3 q=u8 pat=128 bloomH=2 bloomT=30 bloomSrc=pruned",64,0.9533381089,0.9871,3692.6199,8.7192,0.0000,0.161369,"0.161267;0.161369;0.161586",23.118768,43254.90,,13.42,0,6980,10,True,nid006293,59116836
SparseHNSW_Bloom2_30_b3_s0x0_p128,"M=32 efC=1600 ef=1600 alpha=0.85 beta=3 q=u8 pat=128 bloomH=2 bloomT=30 bloomSrc=pruned",64,0.9748280802,0.9914,3692.6199,8.7192,0.0000,0.172299,"0.172339;0.172299;0.172236",24.684670,40510.97,,13.42,0,6980,10,True,nid006293,59116836
SparseHNSW_Bloom2_30_b3_s0x0_p128,"M=32 efC=1600 ef=3200 alpha=0.85 beta=3 q=u8 pat=128 bloomH=2 bloomT=30 bloomSrc=pruned",64,0.9858309456,0.9957,3692.6199,8.7192,0.0000,0.198386,"0.198798;0.198386;0.197731",28.422063,35183.93,,13.42,0,6980,10,True,nid006293,59116836
SparseHNSW_Bloom2_30_b3_s0x0_p128,"M=32 efC=1600 ef=6400 alpha=0.85 beta=3 q=u8 pat=128 bloomH=2 bloomT=30 bloomSrc=pruned",64,0.9912177650,0.9981,3692.6199,8.7192,0.0000,0.237197,"0.237233;0.237028;0.237197",33.982378,29427.02,,13.42,0,6980,10,True,nid006293,59116836
SparseHNSW_Bloom2_30_b4_s0x0_p128,"M=32 efC=1600 ef=20 alpha=0.85 beta=4 q=u8 pat=128 bloomH=2 bloomT=30 bloomSrc=pruned",64,0.8077793696,0.9112,3692.6199,8.7192,0.0000,0.051173,"0.050651;0.051173;0.051196",7.331375,136400.05,,13.42,0,6980,10,True,nid006293,59116836
SparseHNSW_Bloom2_30_b4_s0x0_p128,"M=32 efC=1600 ef=50 alpha=0.85 beta=4 q=u8 pat=128 bloomH=2 bloomT=30 bloomSrc=pruned",64,0.8206733524,0.9222,3692.6199,8.7192,0.0000,0.059844,"0.059844;0.059834;0.059940",8.573639,116636.59,,13.42,0,6980,10,True,nid006293,59116836
SparseHNSW_Bloom2_30_b4_s0x0_p128,"M=32 efC=1600 ef=100 alpha=0.85 beta=4 q=u8 pat=128 bloomH=2 bloomT=30 bloomSrc=pruned",64,0.8517048711,0.9501,3692.6199,8.7192,0.0000,0.099766,"0.099961;0.099766;0.099339",14.293123,69963.72,,13.42,0,6980,10,True,nid006293,59116836
SparseHNSW_Bloom2_30_b4_s0x0_p128,"M=32 efC=1600 ef=200 alpha=0.85 beta=4 q=u8 pat=128 bloomH=2 bloomT=30 bloomSrc=pruned",64,0.8817765043,0.9703,3692.6199,8.7192,0.0000,0.158112,"0.158112;0.158448;0.157924",22.652149,44145.92,,13.42,0,6980,10,True,nid006293,59116836
SparseHNSW_Bloom2_30_b4_s0x0_p128,"M=32 efC=1600 ef=400 alpha=0.85 beta=4 q=u8 pat=128 bloomH=2 bloomT=30 bloomSrc=pruned",64,0.9177220630,0.9794,3692.6199,8.7192,0.0000,0.172551,"0.172410;0.172657;0.172551",24.720774,40451.81,,13.42,0,6980,10,True,nid006293,59116836
SparseHNSW_Bloom2_30_b4_s0x0_p128,"M=32 efC=1600 ef=800 alpha=0.85 beta=4 q=u8 pat=128 bloomH=2 bloomT=30 bloomSrc=pruned",64,0.9542263610,0.9872,3692.6199,8.7192,0.0000,0.171735,"0.171735;0.171611;0.171836",24.603868,40644.02,,13.42,0,6980,10,True,nid006293,59116836
SparseHNSW_Bloom2_30_b4_s0x0_p128,"M=32 efC=1600 ef=1600 alpha=0.85 beta=4 q=u8 pat=128 bloomH=2 bloomT=30 bloomSrc=pruned",64,0.9759742120,0.9918,3692.6199,8.7192,0.0000,0.181752,"0.182072;0.181503;0.181752",26.038968,38403.98,,13.42,0,6980,10,True,nid006293,59116836
SparseHNSW_Bloom2_30_b4_s0x0_p128,"M=32 efC=1600 ef=3200 alpha=0.85 beta=4 q=u8 pat=128 bloomH=2 bloomT=30 bloomSrc=pruned",64,0.9870057307,0.9960,3692.6199,8.7192,0.0000,0.208315,"0.208315;0.208148;0.208381",29.844556,33506.95,,13.42,0,6980,10,True,nid006293,59116836
SparseHNSW_Bloom2_30_b4_s0x0_p128,"M=32 efC=1600 ef=6400 alpha=0.85 beta=4 q=u8 pat=128 bloomH=2 bloomT=30 bloomSrc=pruned",64,0.9924928367,0.9984,3692.6199,8.7192,0.0000,0.251660,"0.251660;0.251808;0.251458",36.054441,27735.83,,13.42,0,6980,10,True,nid006293,59116836
SparseHNSW_Bloom2_30_b5_s0x0_p128,"M=32 efC=1600 ef=20 alpha=0.85 beta=5 q=u8 pat=128 bloomH=2 bloomT=30 bloomSrc=pruned",64,0.8207593123,0.9222,3692.6199,8.7192,0.0000,0.060151,"0.059534;0.060151;0.060554",8.617622,116041.30,,13.42,0,6980,10,True,nid006293,59116836
SparseHNSW_Bloom2_30_b5_s0x0_p128,"M=32 efC=1600 ef=50 alpha=0.85 beta=5 q=u8 pat=128 bloomH=2 bloomT=30 bloomSrc=pruned",64,0.8207593123,0.9222,3692.6199,8.7192,0.0000,0.060327,"0.060420;0.060327;0.060296",8.642837,115702.75,,13.42,0,6980,10,True,nid006293,59116836
SparseHNSW_Bloom2_30_b5_s0x0_p128,"M=32 efC=1600 ef=100 alpha=0.85 beta=5 q=u8 pat=128 bloomH=2 bloomT=30 bloomSrc=pruned",64,0.8518194842,0.9501,3692.6199,8.7192,0.0000,0.100453,"0.100453;0.100627;0.100387",14.391547,69485.23,,13.42,0,6980,10,True,nid006293,59116836
SparseHNSW_Bloom2_30_b5_s0x0_p128,"M=32 efC=1600 ef=200 alpha=0.85 beta=5 q=u8 pat=128 bloomH=2 bloomT=30 bloomSrc=pruned",64,0.8820343840,0.9706,3692.6199,8.7192,0.0000,0.163131,"0.163131;0.163827;0.163103",23.371203,42787.70,,13.42,0,6980,10,True,nid006293,59116836
SparseHNSW_Bloom2_30_b5_s0x0_p128,"M=32 efC=1600 ef=400 alpha=0.85 beta=5 q=u8 pat=128 bloomH=2 bloomT=30 bloomSrc=pruned",64,0.9180515759,0.9797,3692.6199,8.7192,0.0000,0.183809,"0.183748;0.184265;0.183809",26.333668,37974.20,,13.42,0,6980,10,True,nid006293,59116836
SparseHNSW_Bloom2_30_b5_s0x0_p128,"M=32 efC=1600 ef=800 alpha=0.85 beta=5 q=u8 pat=128 bloomH=2 bloomT=30 bloomSrc=pruned",64,0.9546561605,0.9874,3692.6199,8.7192,0.0000,0.183937,"0.184817;0.183937;0.183824",26.352006,37947.78,,13.42,0,6980,10,True,nid006293,59116836
SparseHNSW_Bloom2_30_b5_s0x0_p128,"M=32 efC=1600 ef=1600 alpha=0.85 beta=5 q=u8 pat=128 bloomH=2 bloomT=30 bloomSrc=pruned",64,0.9762893983,0.9918,3692.6199,8.7192,0.0000,0.191707,"0.191707;0.191259;0.191708",27.465186,36409.73,,13.42,0,6980,10,True,nid006293,59116836
SparseHNSW_Bloom2_30_b5_s0x0_p128,"M=32 efC=1600 ef=3200 alpha=0.85 beta=5 q=u8 pat=128 bloomH=2 bloomT=30 bloomSrc=pruned",64,0.9872922636,0.9960,3692.6199,8.7192,0.0000,0.217291,"0.217291;0.217114;0.217448",31.130516,32122.82,,13.42,0,6980,10,True,nid006293,59116836
SparseHNSW_Bloom2_30_b5_s0x0_p128,"M=32 efC=1600 ef=6400 alpha=0.85 beta=5 q=u8 pat=128 bloomH=2 bloomT=30 bloomSrc=pruned",64,0.9927650430,0.9984,3692.6199,8.7192,0.0000,0.264891,"0.265045;0.264851;0.264891",37.950000,26350.46,,13.42,0,6980,10,True,nid006293,59116836
SparseHNSW_Bloom2_30_b8_s0x0_p128,"M=32 efC=1600 ef=20 alpha=0.85 beta=8 q=u8 pat=128 bloomH=2 bloomT=30 bloomSrc=pruned",64,0.8423495702,0.9413,3692.6199,8.7192,0.0000,0.086813,"0.086548;0.086813;0.086992",12.437393,80402.70,,13.42,0,6980,10,True,nid006293,59116836
SparseHNSW_Bloom2_30_b8_s0x0_p128,"M=32 efC=1600 ef=50 alpha=0.85 beta=8 q=u8 pat=128 bloomH=2 bloomT=30 bloomSrc=pruned",64,0.8423495702,0.9413,3692.6199,8.7192,0.0000,0.086996,"0.086855;0.086996;0.086999",12.463610,80233.57,,13.42,0,6980,10,True,nid006293,59116836
SparseHNSW_Bloom2_30_b8_s0x0_p128,"M=32 efC=1600 ef=100 alpha=0.85 beta=8 q=u8 pat=128 bloomH=2 bloomT=30 bloomSrc=pruned",64,0.8518767908,0.9501,3692.6199,8.7192,0.0000,0.102493,"0.102948;0.102493;0.102275",14.683811,68102.21,,13.42,0,6980,10,True,nid006293,59116836
SparseHNSW_Bloom2_30_b8_s0x0_p128,"M=32 efC=1600 ef=200 alpha=0.85 beta=8 q=u8 pat=128 bloomH=2 bloomT=30 bloomSrc=pruned",64,0.8824498567,0.9711,3692.6199,8.7192,0.0000,0.172997,"0.172997;0.173155;0.172939",24.784670,40347.52,,13.42,0,6980,10,True,nid006293,59116836
SparseHNSW_Bloom2_30_b8_s0x0_p128,"M=32 efC=1600 ef=400 alpha=0.85 beta=8 q=u8 pat=128 bloomH=2 bloomT=30 bloomSrc=pruned",64,0.9190974212,0.9809,3692.6199,8.7192,0.0000,0.215546,"0.215546;0.215259;0.215712",30.880516,32382.88,,13.42,0,6980,10,True,nid006293,59116836
SparseHNSW_Bloom2_30_b8_s0x0_p128,"M=32 efC=1600 ef=800 alpha=0.85 beta=8 q=u8 pat=128 bloomH=2 bloomT=30 bloomSrc=pruned",64,0.9554154728,0.9881,3692.6199,8.7192,0.0000,0.216016,"0.216016;0.216341;0.215743",30.947851,32312.42,,13.42,0,6980,10,True,nid006293,59116836
SparseHNSW_Bloom2_30_b8_s0x0_p128,"M=32 efC=1600 ef=1600 alpha=0.85 beta=8 q=u8 pat=128 bloomH=2 bloomT=30 bloomSrc=pruned",64,0.9768481375,0.9926,3692.6199,8.7192,0.0000,0.220583,"0.221051;0.220315;0.220583",31.602149,31643.42,,13.42,0,6980,10,True,nid006293,59116836
SparseHNSW_Bloom2_30_b8_s0x0_p128,"M=32 efC=1600 ef=3200 alpha=0.85 beta=8 q=u8 pat=128 bloomH=2 bloomT=30 bloomSrc=pruned",64,0.9878796562,0.9964,3692.6199,8.7192,0.0000,0.244465,"0.244465;0.244825;0.244390",35.023639,28552.14,,13.42,0,6980,10,True,nid006293,59116836
SparseHNSW_Bloom2_30_b8_s0x0_p128,"M=32 efC=1600 ef=6400 alpha=0.85 beta=8 q=u8 pat=128 bloomH=2 bloomT=30 bloomSrc=pruned",64,0.9929799427,0.9984,3692.6199,8.7192,0.0000,0.299020,"0.299387;0.298639;0.299020",42.839542,23342.92,,13.42,0,6980,10,True,nid006293,59116836
SparseHNSW_Bloom2_30_b12_s0x0_p128,"M=32 efC=1600 ef=20 alpha=0.85 beta=12 q=u8 pat=128 bloomH=2 bloomT=30 bloomSrc=pruned",64,0.8594555874,0.9560,3692.6199,8.7192,0.0000,0.119843,"0.119843;0.120072;0.119796",17.169484,58242.87,,13.42,0,6980,10,True,nid006293,59116836
SparseHNSW_Bloom2_30_b12_s0x0_p128,"M=32 efC=1600 ef=50 alpha=0.85 beta=12 q=u8 pat=128 bloomH=2 bloomT=30 bloomSrc=pruned",64,0.8594555874,0.9560,3692.6199,8.7192,0.0000,0.120111,"0.120313;0.119929;0.120111",17.207880,58112.91,,13.42,0,6980,10,True,nid006293,59116836
SparseHNSW_Bloom2_30_b12_s0x0_p128,"M=32 efC=1600 ef=100 alpha=0.85 beta=12 q=u8 pat=128 bloomH=2 bloomT=30 bloomSrc=pruned",64,0.8594555874,0.9560,3692.6199,8.7192,0.0000,0.120081,"0.120081;0.119560;0.120194",17.203582,58127.43,,13.42,0,6980,10,True,nid006293,59116836
SparseHNSW_Bloom2_30_b12_s0x0_p128,"M=32 efC=1600 ef=200 alpha=0.85 beta=12 q=u8 pat=128 bloomH=2 bloomT=30 bloomSrc=pruned",64,0.8824785100,0.9711,3692.6199,8.7192,0.0000,0.177184,"0.177003;0.177184;0.177608",25.384527,39394.08,,13.42,0,6980,10,True,nid006293,59116836
SparseHNSW_Bloom2_30_b12_s0x0_p128,"M=32 efC=1600 ef=400 alpha=0.85 beta=12 q=u8 pat=128 bloomH=2 bloomT=30 bloomSrc=pruned",64,0.9196991404,0.9817,3692.6199,8.7192,0.0000,0.252982,"0.252644;0.253283;0.252982",36.243840,27590.90,,13.42,0,6980,10,True,nid006293,59116836
SparseHNSW_Bloom2_30_b12_s0x0_p128,"M=32 efC=1600 ef=800 alpha=0.85 beta=12 q=u8 pat=128 bloomH=2 bloomT=30 bloomSrc=pruned",64,0.9560744986,0.9888,3692.6199,8.7192,0.0000,0.259779,"0.259861;0.259728;0.259779",37.217622,26868.99,,13.42,0,6980,10,True,nid006293,59116836
SparseHNSW_Bloom2_30_b12_s0x0_p128,"M=32 efC=1600 ef=1600 alpha=0.85 beta=12 q=u8 pat=128 bloomH=2 bloomT=30 bloomSrc=pruned",64,0.9771919771,0.9927,3692.6199,8.7192,0.0000,0.259164,"0.259164;0.259725;0.258974",37.129513,26932.75,,13.42,0,6980,10,True,nid006293,59116836
SparseHNSW_Bloom2_30_b12_s0x0_p128,"M=32 efC=1600 ef=3200 alpha=0.85 beta=12 q=u8 pat=128 bloomH=2 bloomT=30 bloomSrc=pruned",64,0.9882234957,0.9966,3692.6199,8.7192,0.0000,0.279650,"0.279721;0.279650;0.279580",40.064470,24959.77,,13.42,0,6980,10,True,nid006293,59116836
SparseHNSW_Bloom2_30_b12_s0x0_p128,"M=32 efC=1600 ef=6400 alpha=0.85 beta=12 q=u8 pat=128 bloomH=2 bloomT=30 bloomSrc=pruned",64,0.9932664756,0.9984,3692.6199,8.7192,0.0000,0.338912,"0.338914;0.338646;0.338912",48.554728,20595.32,,13.42,0,6980,10,True,nid006293,59116836
SparseHNSW_Bloom2_30_b16_s0x0_p128,"M=32 efC=1600 ef=20 alpha=0.85 beta=16 q=u8 pat=128 bloomH=2 bloomT=30 bloomSrc=pruned",64,0.8713037249,0.9636,3692.6199,8.7192,0.0000,0.150666,"0.150756;0.150208;0.150666",21.585387,46327.64,,13.42,0,6980,10,True,nid006293,59116836
SparseHNSW_Bloom2_30_b16_s0x0_p128,"M=32 efC=1600 ef=50 alpha=0.85 beta=16 q=u8 pat=128 bloomH=2 bloomT=30 bloomSrc=pruned",64,0.8713037249,0.9636,3692.6199,8.7192,0.0000,0.150618,"0.150587;0.150901;0.150618",21.578510,46342.40,,13.42,0,6980,10,True,nid006293,59116836
SparseHNSW_Bloom2_30_b16_s0x0_p128,"M=32 efC=1600 ef=100 alpha=0.85 beta=16 q=u8 pat=128 bloomH=2 bloomT=30 bloomSrc=pruned",64,0.8713037249,0.9636,3692.6199,8.7192,0.0000,0.151013,"0.151013;0.150943;0.151229",21.635100,46221.19,,13.42,0,6980,10,True,nid006293,59116836
SparseHNSW_Bloom2_30_b16_s0x0_p128,"M=32 efC=1600 ef=200 alpha=0.85 beta=16 q=u8 pat=128 bloomH=2 bloomT=30 bloomSrc=pruned",64,0.8826217765,0.9712,3692.6199,8.7192,0.0000,0.179008,"0.179008;0.179196;0.178691",25.645845,38992.67,,13.42,0,6980,10,True,nid006293,59116836
SparseHNSW_Bloom2_30_b16_s0x0_p128,"M=32 efC=1600 ef=400 alpha=0.85 beta=16 q=u8 pat=128 bloomH=2 bloomT=30 bloomSrc=pruned",64,0.9200716332,0.9824,3692.6199,8.7192,0.0000,0.278953,"0.278953;0.278839;0.279124",39.964613,25022.14,,13.42,0,6980,10,True,nid006293,59116836
SparseHNSW_Bloom2_30_b16_s0x0_p128,"M=32 efC=1600 ef=800 alpha=0.85 beta=16 q=u8 pat=128 bloomH=2 bloomT=30 bloomSrc=pruned",64,0.9566189112,0.9894,3692.6199,8.7192,0.0000,0.301238,"0.301784;0.301158;0.301238",43.157307,23171.05,,13.42,0,6980,10,True,nid006293,59116836
SparseHNSW_Bloom2_30_b16_s0x0_p128,"M=32 efC=1600 ef=1600 alpha=0.85 beta=16 q=u8 pat=128 bloomH=2 bloomT=30 bloomSrc=pruned",64,0.9774498567,0.9928,3692.6199,8.7192,0.0000,0.296843,"0.296991;0.296843;0.296810",42.527650,23514.11,,13.42,0,6980,10,True,nid006293,59116836
SparseHNSW_Bloom2_30_b16_s0x0_p128,"M=32 efC=1600 ef=3200 alpha=0.85 beta=16 q=u8 pat=128 bloomH=2 bloomT=30 bloomSrc=pruned",64,0.9884383954,0.9967,3692.6199,8.7192,0.0000,0.314139,"0.314308;0.313858;0.314139",45.005587,22219.46,,13.42,0,6980,10,True,nid006293,59116836
SparseHNSW_Bloom2_30_b16_s0x0_p128,"M=32 efC=1600 ef=6400 alpha=0.85 beta=16 q=u8 pat=128 bloomH=2 bloomT=30 bloomSrc=pruned",64,0.9933524355,0.9984,3692.6199,8.7192,0.0000,0.373745,"0.373937;0.373524;0.373745",53.545129,18675.84,,13.42,0,6980,10,True,nid006293,59116836
SparseHNSW_Bloom2_30_b2_s8x4_p128,"M=32 efC=1600 ef=20 alpha=0.85 beta=2 q=u8 seedT=8 seedH=8 seedS=4 pat=128 bloomH=2 bloomT=30 bloomSrc=pruned",64,0.8331518625,0.9596,3692.6199,8.7192,0.0000,0.041401,"0.040586;0.041446;0.041401",5.931375,168594.96,,13.42,0,6980,10,True,nid006293,59116836
SparseHNSW_Bloom2_30_b2_s8x4_p128,"M=32 efC=1600 ef=50 alpha=0.85 beta=2 q=u8 seedT=8 seedH=8 seedS=4 pat=128 bloomH=2 bloomT=30 bloomSrc=pruned",64,0.8501719198,0.9692,3692.6199,8.7192,0.0000,0.056153,"0.056317;0.056153;0.055988",8.044842,124303.24,,13.42,0,6980,10,True,nid006293,59116836
SparseHNSW_Bloom2_30_b2_s8x4_p128,"M=32 efC=1600 ef=100 alpha=0.85 beta=2 q=u8 seedT=8 seedH=8 seedS=4 pat=128 bloomH=2 bloomT=30 bloomSrc=pruned",64,0.8758452722,0.9809,3692.6199,8.7192,0.0000,0.095460,"0.095916;0.095460;0.095250",13.676218,73119.63,,13.42,0,6980,10,True,nid006293,59116836
SparseHNSW_Bloom2_30_b2_s8x4_p128,"M=32 efC=1600 ef=200 alpha=0.85 beta=2 q=u8 seedT=8 seedH=8 seedS=4 pat=128 bloomH=2 bloomT=30 bloomSrc=pruned",64,0.9092979943,0.9900,3692.6199,8.7192,0.0000,0.139272,"0.138929;0.139451;0.139272",19.953009,50117.76,,13.42,0,6980,10,True,nid006293,59116836
SparseHNSW_Bloom2_30_b2_s8x4_p128,"M=32 efC=1600 ef=400 alpha=0.85 beta=2 q=u8 seedT=8 seedH=8 seedS=4 pat=128 bloomH=2 bloomT=30 bloomSrc=pruned",64,0.9465472779,0.9936,3692.6199,8.7192,0.0000,0.142879,"0.143057;0.142879;0.142877",20.469771,48852.53,,13.42,0,6980,10,True,nid006293,59116836
SparseHNSW_Bloom2_30_b2_s8x4_p128,"M=32 efC=1600 ef=800 alpha=0.85 beta=2 q=u8 seedT=8 seedH=8 seedS=4 pat=128 bloomH=2 bloomT=30 bloomSrc=pruned",64,0.9709169054,0.9964,3692.6199,8.7192,0.0000,0.146645,"0.147078;0.146645;0.146598",21.009312,47597.94,,13.42,0,6980,10,True,nid006293,59116836
SparseHNSW_Bloom2_30_b2_s8x4_p128,"M=32 efC=1600 ef=1600 alpha=0.85 beta=2 q=u8 seedT=8 seedH=8 seedS=4 pat=128 bloomH=2 bloomT=30 bloomSrc=pruned",64,0.9816189112,0.9976,3692.6199,8.7192,0.0000,0.159383,"0.159383;0.158957;0.159384",22.834241,43793.88,,13.42,0,6980,10,True,nid006293,59116836
SparseHNSW_Bloom2_30_b2_s8x4_p128,"M=32 efC=1600 ef=3200 alpha=0.85 beta=2 q=u8 seedT=8 seedH=8 seedS=4 pat=128 bloomH=2 bloomT=30 bloomSrc=pruned",64,0.9872206304,0.9989,3692.6199,8.7192,0.0000,0.185861,"0.186382;0.185831;0.185861",26.627650,37554.95,,13.42,0,6980,10,True,nid006293,59116836
SparseHNSW_Bloom2_30_b2_s8x4_p128,"M=32 efC=1600 ef=6400 alpha=0.85 beta=2 q=u8 seedT=8 seedH=8 seedS=4 pat=128 bloomH=2 bloomT=30 bloomSrc=pruned",64,0.9897994269,0.9994,3692.6199,8.7192,0.0000,0.218970,"0.218408;0.219050;0.218970",31.371060,31876.51,,13.42,0,6980,10,True,nid006293,59116836
SparseHNSW_Bloom2_30_b3_s8x4_p128,"M=32 efC=1600 ef=20 alpha=0.85 beta=3 q=u8 seedT=8 seedH=8 seedS=4 pat=128 bloomH=2 bloomT=30 bloomSrc=pruned",64,0.8351146132,0.9597,3692.6199,8.7192,0.0000,0.042374,"0.041338;0.042374;0.042376",6.070774,164723.65,,13.42,0,6980,10,True,nid006293,59116836
SparseHNSW_Bloom2_30_b3_s8x4_p128,"M=32 efC=1600 ef=50 alpha=0.85 beta=3 q=u8 seedT=8 seedH=8 seedS=4 pat=128 bloomH=2 bloomT=30 bloomSrc=pruned",64,0.8523495702,0.9692,3692.6199,8.7192,0.0000,0.056916,"0.057096;0.056916;0.056518",8.154155,122636.87,,13.42,0,6980,10,True,nid006293,59116836
SparseHNSW_Bloom2_30_b3_s8x4_p128,"M=32 efC=1600 ef=100 alpha=0.85 beta=3 q=u8 seedT=8 seedH=8 seedS=4 pat=128 bloomH=2 bloomT=30 bloomSrc=pruned",64,0.8781518625,0.9809,3692.6199,8.7192,0.0000,0.096215,"0.096215;0.096215;0.096596",13.784384,72545.86,,13.42,0,6980,10,True,nid006293,59116836
SparseHNSW_Bloom2_30_b3_s8x4_p128,"M=32 efC=1600 ef=200 alpha=0.85 beta=3 q=u8 seedT=8 seedH=8 seedS=4 pat=128 bloomH=2 bloomT=30 bloomSrc=pruned",64,0.9118624642,0.9900,3692.6199,8.7192,0.0000,0.147451,"0.147562;0.147322;0.147451",21.124785,47337.76,,13.42,0,6980,10,True,nid006293,59116836
SparseHNSW_Bloom2_30_b3_s8x4_p128,"M=32 efC=1600 ef=400 alpha=0.85 beta=3 q=u8 seedT=8 seedH=8 seedS=4 pat=128 bloomH=2 bloomT=30 bloomSrc=pruned",64,0.9496418338,0.9940,3692.6199,8.7192,0.0000,0.154385,"0.154385;0.154147;0.154508",22.118195,45211.65,,13.42,0,6980,10,True,nid006293,59116836
SparseHNSW_Bloom2_30_b3_s8x4_p128,"M=32 efC=1600 ef=800 alpha=0.85 beta=3 q=u8 seedT=8 seedH=8 seedS=4 pat=128 bloomH=2 bloomT=30 bloomSrc=pruned",64,0.9742263610,0.9966,3692.6199,8.7192,0.0000,0.156795,"0.157088;0.156610;0.156795",22.463467,44516.73,,13.42,0,6980,10,True,nid006293,59116836
SparseHNSW_Bloom2_30_b3_s8x4_p128,"M=32 efC=1600 ef=1600 alpha=0.85 beta=3 q=u8 seedT=8 seedH=8 seedS=4 pat=128 bloomH=2 bloomT=30 bloomSrc=pruned",64,0.9851862464,0.9979,3692.6199,8.7192,0.0000,0.169671,"0.169485;0.169671;0.170011",24.308166,41138.44,,13.42,0,6980,10,True,nid006293,59116836
SparseHNSW_Bloom2_30_b3_s8x4_p128,"M=32 efC=1600 ef=3200 alpha=0.85 beta=3 q=u8 seedT=8 seedH=8 seedS=4 pat=128 bloomH=2 bloomT=30 bloomSrc=pruned",64,0.9910458453,0.9993,3692.6199,8.7192,0.0000,0.196353,"0.196597;0.196164;0.196353",28.130802,35548.22,,13.42,0,6980,10,True,nid006293,59116836
SparseHNSW_Bloom2_30_b3_s8x4_p128,"M=32 efC=1600 ef=6400 alpha=0.85 beta=3 q=u8 seedT=8 seedH=8 seedS=4 pat=128 bloomH=2 bloomT=30 bloomSrc=pruned",64,0.9936103152,0.9997,3692.6199,8.7192,0.0000,0.234669,"0.234742;0.234669;0.234581",33.620201,29744.02,,13.42,0,6980,10,True,nid006293,59116836
SparseHNSW_Bloom2_30_b4_s8x4_p128,"M=32 efC=1600 ef=20 alpha=0.85 beta=4 q=u8 seedT=8 seedH=8 seedS=4 pat=128 bloomH=2 bloomT=30 bloomSrc=pruned",64,0.8455157593,0.9659,3692.6199,8.7192,0.0000,0.048568,"0.048031;0.048568;0.049037",6.958166,143716.03,,13.42,0,6980,10,True,nid006293,59116836
SparseHNSW_Bloom2_30_b4_s8x4_p128,"M=32 efC=1600 ef=50 alpha=0.85 beta=4 q=u8 seedT=8 seedH=8 seedS=4 pat=128 bloomH=2 bloomT=30 bloomSrc=pruned",64,0.8527507163,0.9692,3692.6199,8.7192,0.0000,0.057067,"0.056839;0.057067;0.057095",8.175788,122312.37,,13.42,0,6980,10,True,nid006293,59116836
SparseHNSW_Bloom2_30_b4_s8x4_p128,"M=32 efC=1600 ef=100 alpha=0.85 beta=4 q=u8 seedT=8 seedH=8 seedS=4 pat=128 bloomH=2 bloomT=30 bloomSrc=pruned",64,0.8785959885,0.9809,3692.6199,8.7192,0.0000,0.097307,"0.097203;0.097307;0.097345",13.940831,71731.74,,13.42,0,6980,10,True,nid006293,59116836
SparseHNSW_Bloom2_30_b4_s8x4_p128,"M=32 efC=1600 ef=200 alpha=0.85 beta=4 q=u8 seedT=8 seedH=8 seedS=4 pat=128 bloomH=2 bloomT=30 bloomSrc=pruned",64,0.9124641834,0.9900,3692.6199,8.7192,0.0000,0.154659,"0.154659;0.154012;0.154800",22.157450,45131.55,,13.42,0,6980,10,True,nid006293,59116836
SparseHNSW_Bloom2_30_b4_s8x4_p128,"M=32 efC=1600 ef=400 alpha=0.85 beta=4 q=u8 seedT=8 seedH=8 seedS=4 pat=128 bloomH=2 bloomT=30 bloomSrc=pruned",64,0.9503724928,0.9941,3692.6199,8.7192,0.0000,0.165272,"0.165464;0.165021;0.165272",23.677937,42233.41,,13.42,0,6980,10,True,nid006293,59116836
SparseHNSW_Bloom2_30_b4_s8x4_p128,"M=32 efC=1600 ef=800 alpha=0.85 beta=4 q=u8 seedT=8 seedH=8 seedS=4 pat=128 bloomH=2 bloomT=30 bloomSrc=pruned",64,0.9751146132,0.9967,3692.6199,8.7192,0.0000,0.167097,"0.167522;0.166541;0.167097",23.939398,41772.14,,13.42,0,6980,10,True,nid006293,59116836
SparseHNSW_Bloom2_30_b4_s8x4_p128,"M=32 efC=1600 ef=1600 alpha=0.85 beta=4 q=u8 seedT=8 seedH=8 seedS=4 pat=128 bloomH=2 bloomT=30 bloomSrc=pruned",64,0.9861318052,0.9979,3692.6199,8.7192,0.0000,0.179315,"0.179685;0.179315;0.178722",25.689828,38925.91,,13.42,0,6980,10,True,nid006293,59116836
SparseHNSW_Bloom2_30_b4_s8x4_p128,"M=32 efC=1600 ef=3200 alpha=0.85 beta=4 q=u8 seedT=8 seedH=8 seedS=4 pat=128 bloomH=2 bloomT=30 bloomSrc=pruned",64,0.9919627507,0.9993,3692.6199,8.7192,0.0000,0.206348,"0.206348;0.206406;0.206164",29.562751,33826.35,,13.42,0,6980,10,True,nid006293,59116836
SparseHNSW_Bloom2_30_b4_s8x4_p128,"M=32 efC=1600 ef=6400 alpha=0.85 beta=4 q=u8 seedT=8 seedH=8 seedS=4 pat=128 bloomH=2 bloomT=30 bloomSrc=pruned",64,0.9945845272,0.9997,3692.6199,8.7192,0.0000,0.249242,"0.249369;0.248690;0.249242",35.708023,28004.91,,13.42,0,6980,10,True,nid006293,59116836
SparseHNSW_Bloom2_30_b5_s8x4_p128,"M=32 efC=1600 ef=20 alpha=0.85 beta=5 q=u8 seedT=8 seedH=8 seedS=4 pat=128 bloomH=2 bloomT=30 bloomSrc=pruned",64,0.8528510029,0.9692,3692.6199,8.7192,0.0000,0.057552,"0.057144;0.057552;0.057822",8.245272,121281.62,,13.42,0,6980,10,True,nid006293,59116836
SparseHNSW_Bloom2_30_b5_s8x4_p128,"M=32 efC=1600 ef=50 alpha=0.85 beta=5 q=u8 seedT=8 seedH=8 seedS=4 pat=128 bloomH=2 bloomT=30 bloomSrc=pruned",64,0.8528510029,0.9692,3692.6199,8.7192,0.0000,0.058159,"0.057981;0.058291;0.058159",8.332235,120015.82,,13.42,0,6980,10,True,nid006293,59116836
SparseHNSW_Bloom2_30_b5_s8x4_p128,"M=32 efC=1600 ef=100 alpha=0.85 beta=5 q=u8 seedT=8 seedH=8 seedS=4 pat=128 bloomH=2 bloomT=30 bloomSrc=pruned",64,0.8787106017,0.9809,3692.6199,8.7192,0.0000,0.097670,"0.097586;0.097670;0.098056",13.992837,71465.14,,13.42,0,6980,10,True,nid006293,59116836
SparseHNSW_Bloom2_30_b5_s8x4_p128,"M=32 efC=1600 ef=200 alpha=0.85 beta=5 q=u8 seedT=8 seedH=8 seedS=4 pat=128 bloomH=2 bloomT=30 bloomSrc=pruned",64,0.9125931232,0.9900,3692.6199,8.7192,0.0000,0.160411,"0.160411;0.160833;0.159969",22.981519,43513.23,,13.42,0,6980,10,True,nid006293,59116836
SparseHNSW_Bloom2_30_b5_s8x4_p128,"M=32 efC=1600 ef=400 alpha=0.85 beta=5 q=u8 seedT=8 seedH=8 seedS=4 pat=128 bloomH=2 bloomT=30 bloomSrc=pruned",64,0.9507593123,0.9943,3692.6199,8.7192,0.0000,0.176437,"0.176437;0.176222;0.176822",25.277507,39560.86,,13.42,0,6980,10,True,nid006293,59116836
SparseHNSW_Bloom2_30_b5_s8x4_p128,"M=32 efC=1600 ef=800 alpha=0.85 beta=5 q=u8 seedT=8 seedH=8 seedS=4 pat=128 bloomH=2 bloomT=30 bloomSrc=pruned",64,0.9755444126,0.9968,3692.6199,8.7192,0.0000,0.176873,"0.176679;0.176873;0.177265",25.339971,39463.34,,13.42,0,6980,10,True,nid006293,59116836
SparseHNSW_Bloom2_30_b5_s8x4_p128,"M=32 efC=1600 ef=1600 alpha=0.85 beta=5 q=u8 seedT=8 seedH=8 seedS=4 pat=128 bloomH=2 bloomT=30 bloomSrc=pruned",64,0.9864469914,0.9979,3692.6199,8.7192,0.0000,0.188598,"0.189097;0.188592;0.188598",27.019771,37009.94,,13.42,0,6980,10,True,nid006293,59116836
SparseHNSW_Bloom2_30_b5_s8x4_p128,"M=32 efC=1600 ef=3200 alpha=0.85 beta=5 q=u8 seedT=8 seedH=8 seedS=4 pat=128 bloomH=2 bloomT=30 bloomSrc=pruned",64,0.9922922636,0.9993,3692.6199,8.7192,0.0000,0.215617,"0.215473;0.215617;0.215662",30.890688,32372.22,,13.42,0,6980,10,True,nid006293,59116836
SparseHNSW_Bloom2_30_b5_s8x4_p128,"M=32 efC=1600 ef=6400 alpha=0.85 beta=5 q=u8 seedT=8 seedH=8 seedS=4 pat=128 bloomH=2 bloomT=30 bloomSrc=pruned",64,0.9948710602,0.9997,3692.6199,8.7192,0.0000,0.262531,"0.262827;0.262531;0.262197",37.611891,26587.34,,13.42,0,6980,10,True,nid006293,59116836
SparseHNSW_Bloom2_30_b8_s8x4_p128,"M=32 efC=1600 ef=20 alpha=0.85 beta=8 q=u8 seedT=8 seedH=8 seedS=4 pat=128 bloomH=2 bloomT=30 bloomSrc=pruned",64,0.8707163324,0.9782,3692.6199,8.7192,0.0000,0.084327,"0.084198;0.084327;0.084447",12.081232,82773.01,,13.42,0,6980,10,True,nid006293,59116836
SparseHNSW_Bloom2_30_b8_s8x4_p128,"M=32 efC=1600 ef=50 alpha=0.85 beta=8 q=u8 seedT=8 seedH=8 seedS=4 pat=128 bloomH=2 bloomT=30 bloomSrc=pruned",64,0.8707163324,0.9782,3692.6199,8.7192,0.0000,0.084523,"0.084690;0.084523;0.084286",12.109312,82581.07,,13.42,0,6980,10,True,nid006293,59116836
SparseHNSW_Bloom2_30_b8_s8x4_p128,"M=32 efC=1600 ef=100 alpha=0.85 beta=8 q=u8 seedT=8 seedH=8 seedS=4 pat=128 bloomH=2 bloomT=30 bloomSrc=pruned",64,0.8787822350,0.9809,3692.6199,8.7192,0.0000,0.099740,"0.099458;0.099740;0.099935",14.289398,69981.95,,13.42,0,6980,10,True,nid006293,59116836
SparseHNSW_Bloom2_30_b8_s8x4_p128,"M=32 efC=1600 ef=200 alpha=0.85 beta=8 q=u8 seedT=8 seedH=8 seedS=4 pat=128 bloomH=2 bloomT=30 bloomSrc=pruned",64,0.9127507163,0.9900,3692.6199,8.7192,0.0000,0.170690,"0.170690;0.170675;0.170841",24.454155,40892.85,,13.42,0,6980,10,True,nid006293,59116836
SparseHNSW_Bloom2_30_b8_s8x4_p128,"M=32 efC=1600 ef=400 alpha=0.85 beta=8 q=u8 seedT=8 seedH=8 seedS=4 pat=128 bloomH=2 bloomT=30 bloomSrc=pruned",64,0.9511174785,0.9944,3692.6199,8.7192,0.0000,0.208903,"0.208877;0.209181;0.208903",29.928797,33412.64,,13.42,0,6980,10,True,nid006293,59116836
SparseHNSW_Bloom2_30_b8_s8x4_p128,"M=32 efC=1600 ef=800 alpha=0.85 beta=8 q=u8 seedT=8 seedH=8 seedS=4 pat=128 bloomH=2 bloomT=30 bloomSrc=pruned",64,0.9759885387,0.9971,3692.6199,8.7192,0.0000,0.209647,"0.209059;0.209710;0.209647",30.035387,33294.06,,13.42,0,6980,10,True,nid006293,59116836
SparseHNSW_Bloom2_30_b8_s8x4_p128,"M=32 efC=1600 ef=1600 alpha=0.85 beta=8 q=u8 seedT=8 seedH=8 seedS=4 pat=128 bloomH=2 bloomT=30 bloomSrc=pruned",64,0.9867335244,0.9980,3692.6199,8.7192,0.0000,0.217169,"0.216651;0.217401;0.217169",31.113037,32140.87,,13.42,0,6980,10,True,nid006293,59116836
SparseHNSW_Bloom2_30_b8_s8x4_p128,"M=32 efC=1600 ef=3200 alpha=0.85 beta=8 q=u8 seedT=8 seedH=8 seedS=4 pat=128 bloomH=2 bloomT=30 bloomSrc=pruned",64,0.9925214900,0.9994,3692.6199,8.7192,0.0000,0.242748,"0.242748;0.242833;0.242383",34.777650,28754.10,,13.42,0,6980,10,True,nid006293,59116836
SparseHNSW_Bloom2_30_b8_s8x4_p128,"M=32 efC=1600 ef=6400 alpha=0.85 beta=8 q=u8 seedT=8 seedH=8 seedS=4 pat=128 bloomH=2 bloomT=30 bloomSrc=pruned",64,0.9951146132,0.9997,3692.6199,8.7192,0.0000,0.297102,"0.297102;0.296990;0.297484",42.564756,23493.61,,13.42,0,6980,10,True,nid006293,59116836
SparseHNSW_Bloom2_30_b12_s8x4_p128,"M=32 efC=1600 ef=20 alpha=0.85 beta=12 q=u8 seedT=8 seedH=8 seedS=4 pat=128 bloomH=2 bloomT=30 bloomSrc=pruned",64,0.8859885387,0.9840,3692.6199,8.7192,0.0000,0.117471,"0.117258;0.117917;0.117471",16.829656,59418.92,,13.42,0,6980,10,True,nid006293,59116836
SparseHNSW_Bloom2_30_b12_s8x4_p128,"M=32 efC=1600 ef=50 alpha=0.85 beta=12 q=u8 seedT=8 seedH=8 seedS=4 pat=128 bloomH=2 bloomT=30 bloomSrc=pruned",64,0.8859885387,0.9840,3692.6199,8.7192,0.0000,0.117470,"0.117771;0.117470;0.117444",16.829513,59419.43,,13.42,0,6980,10,True,nid006293,59116836
SparseHNSW_Bloom2_30_b12_s8x4_p128,"M=32 efC=1600 ef=100 alpha=0.85 beta=12 q=u8 seedT=8 seedH=8 seedS=4 pat=128 bloomH=2 bloomT=30 bloomSrc=pruned",64,0.8859885387,0.9840,3692.6199,8.7192,0.0000,0.117310,"0.117101;0.117533;0.117310",16.806590,59500.47,,13.42,0,6980,10,True,nid006293,59116836
SparseHNSW_Bloom2_30_b12_s8x4_p128,"M=32 efC=1600 ef=200 alpha=0.85 beta=12 q=u8 seedT=8 seedH=8 seedS=4 pat=128 bloomH=2 bloomT=30 bloomSrc=pruned",64,0.9127793696,0.9900,3692.6199,8.7192,0.0000,0.175401,"0.175336;0.175401;0.175499",25.129083,39794.53,,13.42,0,6980,10,True,nid006293,59116836
SparseHNSW_Bloom2_30_b12_s8x4_p128,"M=32 efC=1600 ef=400 alpha=0.85 beta=12 q=u8 seedT=8 seedH=8 seedS=4 pat=128 bloomH=2 bloomT=30 bloomSrc=pruned",64,0.9515616046,0.9947,3692.6199,8.7192,0.0000,0.246899,"0.247592;0.246899;0.246648",35.372350,28270.67,,13.42,0,6980,10,True,nid006293,59116836
SparseHNSW_Bloom2_30_b12_s8x4_p128,"M=32 efC=1600 ef=800 alpha=0.85 beta=12 q=u8 seedT=8 seedH=8 seedS=4 pat=128 bloomH=2 bloomT=30 bloomSrc=pruned",64,0.9765042980,0.9974,3692.6199,8.7192,0.0000,0.252902,"0.252989;0.252902;0.252647",36.232378,27599.62,,13.42,0,6980,10,True,nid006293,59116836
SparseHNSW_Bloom2_30_b12_s8x4_p128,"M=32 efC=1600 ef=1600 alpha=0.85 beta=12 q=u8 seedT=8 seedH=8 seedS=4 pat=128 bloomH=2 bloomT=30 bloomSrc=pruned",64,0.9870487106,0.9981,3692.6199,8.7192,0.0000,0.255814,"0.255775;0.255814;0.256081",36.649570,27285.45,,13.42,0,6980,10,True,nid006293,59116836
SparseHNSW_Bloom2_30_b12_s8x4_p128,"M=32 efC=1600 ef=3200 alpha=0.85 beta=12 q=u8 seedT=8 seedH=8 seedS=4 pat=128 bloomH=2 bloomT=30 bloomSrc=pruned",64,0.9927220630,0.9994,3692.6199,8.7192,0.0000,0.277315,"0.277237;0.277315;0.277475",39.729943,25169.93,,13.42,0,6980,10,True,nid006293,59116836
SparseHNSW_Bloom2_30_b12_s8x4_p128,"M=32 efC=1600 ef=6400 alpha=0.85 beta=12 q=u8 seedT=8 seedH=8 seedS=4 pat=128 bloomH=2 bloomT=30 bloomSrc=pruned",64,0.9954441261,0.9997,3692.6199,8.7192,0.0000,0.337805,"0.337805;0.337292;0.337875",48.396132,20662.81,,13.42,0,6980,10,True,nid006293,59116836
SparseHNSW_Bloom2_30_b16_s8x4_p128,"M=32 efC=1600 ef=20 alpha=0.85 beta=16 q=u8 seedT=8 seedH=8 seedS=4 pat=128 bloomH=2 bloomT=30 bloomSrc=pruned",64,0.8999570201,0.9883,3692.6199,8.7192,0.0000,0.148381,"0.148616;0.148381;0.148230",21.258023,47041.06,,13.42,0,6980,10,True,nid006293,59116836
SparseHNSW_Bloom2_30_b16_s8x4_p128,"M=32 efC=1600 ef=50 alpha=0.85 beta=16 q=u8 seedT=8 seedH=8 seedS=4 pat=128 bloomH=2 bloomT=30 bloomSrc=pruned",64,0.8999570201,0.9883,3692.6199,8.7192,0.0000,0.148504,"0.148127;0.148504;0.148515",21.275645,47002.10,,13.42,0,6980,10,True,nid006293,59116836
SparseHNSW_Bloom2_30_b16_s8x4_p128,"M=32 efC=1600 ef=100 alpha=0.85 beta=16 q=u8 seedT=8 seedH=8 seedS=4 pat=128 bloomH=2 bloomT=30 bloomSrc=pruned",64,0.8999570201,0.9883,3692.6199,8.7192,0.0000,0.148352,"0.148352;0.148283;0.148874",21.253868,47050.26,,13.42,0,6980,10,True,nid006293,59116836
SparseHNSW_Bloom2_30_b16_s8x4_p128,"M=32 efC=1600 ef=200 alpha=0.85 beta=16 q=u8 seedT=8 seedH=8 seedS=4 pat=128 bloomH=2 bloomT=30 bloomSrc=pruned",64,0.9127793696,0.9900,3692.6199,8.7192,0.0000,0.177087,"0.177647;0.177087;0.176904",25.370630,39415.65,,13.42,0,6980,10,True,nid006293,59116836
SparseHNSW_Bloom2_30_b16_s8x4_p128,"M=32 efC=1600 ef=400 alpha=0.85 beta=16 q=u8 seedT=8 seedH=8 seedS=4 pat=128 bloomH=2 bloomT=30 bloomSrc=pruned",64,0.9516189112,0.9947,3692.6199,8.7192,0.0000,0.275489,"0.275489;0.276194;0.275234",39.468338,25336.76,,13.42,0,6980,10,True,nid006293,59116836
SparseHNSW_Bloom2_30_b16_s8x4_p128,"M=32 efC=1600 ef=800 alpha=0.85 beta=16 q=u8 seedT=8 seedH=8 seedS=4 pat=128 bloomH=2 bloomT=30 bloomSrc=pruned",64,0.9767908309,0.9977,3692.6199,8.7192,0.0000,0.294754,"0.294754;0.294624;0.294763",42.228367,23680.76,,13.42,0,6980,10,True,nid006293,59116836
SparseHNSW_Bloom2_30_b16_s8x4_p128,"M=32 efC=1600 ef=1600 alpha=0.85 beta=16 q=u8 seedT=8 seedH=8 seedS=4 pat=128 bloomH=2 bloomT=30 bloomSrc=pruned",64,0.9872063037,0.9983,3692.6199,8.7192,0.0000,0.293264,"0.293629;0.293249;0.293264",42.014900,23801.08,,13.42,0,6980,10,True,nid006293,59116836
SparseHNSW_Bloom2_30_b16_s8x4_p128,"M=32 efC=1600 ef=3200 alpha=0.85 beta=16 q=u8 seedT=8 seedH=8 seedS=4 pat=128 bloomH=2 bloomT=30 bloomSrc=pruned",64,0.9928366762,0.9996,3692.6199,8.7192,0.0000,0.312432,"0.312229;0.312432;0.312455",44.761032,22340.86,,13.42,0,6980,10,True,nid006293,59116836
SparseHNSW_Bloom2_30_b16_s8x4_p128,"M=32 efC=1600 ef=6400 alpha=0.85 beta=16 q=u8 seedT=8 seedH=8 seedS=4 pat=128 bloomH=2 bloomT=30 bloomSrc=pruned",64,0.9955157593,0.9997,3692.6199,8.7192,0.0000,0.373215,"0.373035;0.373541;0.373215",53.469198,18702.36,,13.42,0,6980,10,True,nid006293,59116836
SparseHNSW_Bloom2_30_b2_s0x0_p256,"M=32 efC=1600 ef=20 alpha=0.85 beta=2 q=u8 pat=256 bloomH=2 bloomT=30 bloomSrc=pruned",64,0.7508166189,0.8626,3692.6199,8.7192,0.0000,0.030824,"0.030268;0.030824;0.031325",4.416046,226446.92,,13.42,0,6980,10,True,nid006293,59116836
SparseHNSW_Bloom2_30_b2_s0x0_p256,"M=32 efC=1600 ef=50 alpha=0.85 beta=2 q=u8 pat=256 bloomH=2 bloomT=30 bloomSrc=pruned",64,0.8181805158,0.9222,3692.6199,8.7192,0.0000,0.058604,"0.058604;0.058656;0.058477",8.395989,119104.50,,13.42,0,6980,10,True,nid006293,59116836
SparseHNSW_Bloom2_30_b2_s0x0_p256,"M=32 efC=1600 ef=100 alpha=0.85 beta=2 q=u8 pat=256 bloomH=2 bloomT=30 bloomSrc=pruned",64,0.8490114613,0.9501,3692.6199,8.7192,0.0000,0.098277,"0.098080;0.098277;0.098277",14.079799,71023.74,,13.42,0,6980,10,True,nid006293,59116836
SparseHNSW_Bloom2_30_b2_s0x0_p256,"M=32 efC=1600 ef=200 alpha=0.85 beta=2 q=u8 pat=256 bloomH=2 bloomT=30 bloomSrc=pruned",64,0.8800143266,0.9718,3692.6199,8.7192,0.0000,0.170010,"0.170010;0.170062;0.169910",24.356734,41056.41,,13.42,0,6980,10,True,nid006293,59116836
SparseHNSW_Bloom2_30_b2_s0x0_p256,"M=32 efC=1600 ef=400 alpha=0.85 beta=2 q=u8 pat=256 bloomH=2 bloomT=30 bloomSrc=pruned",64,0.9165329513,0.9821,3692.6199,8.7192,0.0000,0.237222,"0.237222;0.237069;0.237267",33.985960,29423.92,,13.42,0,6980,10,True,nid006293,59116836
SparseHNSW_Bloom2_30_b2_s0x0_p256,"M=32 efC=1600 ef=800 alpha=0.85 beta=2 q=u8 pat=256 bloomH=2 bloomT=30 bloomSrc=pruned",64,0.9525787966,0.9893,3692.6199,8.7192,0.0000,0.242002,"0.242056;0.241007;0.242002",34.670774,28842.74,,13.42,0,6980,10,True,nid006293,59116836
SparseHNSW_Bloom2_30_b2_s0x0_p256,"M=32 efC=1600 ef=1600 alpha=0.85 beta=2 q=u8 pat=256 bloomH=2 bloomT=30 bloomSrc=pruned",64,0.9733237822,0.9928,3692.6199,8.7192,0.0000,0.252622,"0.252849;0.252265;0.252622",36.192264,27630.21,,13.42,0,6980,10,True,nid006293,59116836
SparseHNSW_Bloom2_30_b2_s0x0_p256,"M=32 efC=1600 ef=3200 alpha=0.85 beta=2 q=u8 pat=256 bloomH=2 bloomT=30 bloomSrc=pruned",64,0.9838538682,0.9964,3692.6199,8.7192,0.0000,0.277884,"0.277884;0.278054;0.277641",39.811461,25118.39,,13.42,0,6980,10,True,nid006293,59116836
SparseHNSW_Bloom2_30_b2_s0x0_p256,"M=32 efC=1600 ef=6400 alpha=0.85 beta=2 q=u8 pat=256 bloomH=2 bloomT=30 bloomSrc=pruned",64,0.9889111748,0.9986,3692.6199,8.7192,0.0000,0.335189,"0.335088;0.335340;0.335189",48.021347,20824.07,,13.42,0,6980,10,True,nid006293,59116836
SparseHNSW_Bloom2_30_b3_s0x0_p256,"M=32 efC=1600 ef=20 alpha=0.85 beta=3 q=u8 pat=256 bloomH=2 bloomT=30 bloomSrc=pruned",64,0.7891690544,0.8950,3692.6199,8.7192,0.0000,0.041601,"0.041090;0.041601;0.041736",5.960029,167784.43,,13.42,0,6980,10,True,nid006293,59116836
SparseHNSW_Bloom2_30_b3_s0x0_p256,"M=32 efC=1600 ef=50 alpha=0.85 beta=3 q=u8 pat=256 bloomH=2 bloomT=30 bloomSrc=pruned",64,0.8202865330,0.9222,3692.6199,8.7192,0.0000,0.059066,"0.059320;0.059066;0.058853",8.462178,118172.89,,13.42,0,6980,10,True,nid006293,59116836
SparseHNSW_Bloom2_30_b3_s0x0_p256,"M=32 efC=1600 ef=100 alpha=0.85 beta=3 q=u8 pat=256 bloomH=2 bloomT=30 bloomSrc=pruned",64,0.8512893983,0.9501,3692.6199,8.7192,0.0000,0.099001,"0.098752;0.099001;0.099279",14.183524,70504.34,,13.42,0,6980,10,True,nid006293,59116836
SparseHNSW_Bloom2_30_b3_s0x0_p256,"M=32 efC=1600 ef=200 alpha=0.85 beta=3 q=u8 pat=256 bloomH=2 bloomT=30 bloomSrc=pruned",64,0.8823925501,0.9718,3692.6199,8.7192,0.0000,0.170515,"0.170515;0.170293;0.170861",24.429083,40934.82,,13.42,0,6980,10,True,nid006293,59116836
SparseHNSW_Bloom2_30_b3_s0x0_p256,"M=32 efC=1600 ef=400 alpha=0.85 beta=3 q=u8 pat=256 bloomH=2 bloomT=30 bloomSrc=pruned",64,0.9193553009,0.9825,3692.6199,8.7192,0.0000,0.247374,"0.247374;0.247063;0.247511",35.440401,28216.38,,13.42,0,6980,10,True,nid006293,59116836
SparseHNSW_Bloom2_30_b3_s0x0_p256,"M=32 efC=1600 ef=800 alpha=0.85 beta=3 q=u8 pat=256 bloomH=2 bloomT=30 bloomSrc=pruned",64,0.9558309456,0.9897,3692.6199,8.7192,0.0000,0.253611,"0.253611;0.253503;0.253762",36.333954,27522.47,,13.42,0,6980,10,True,nid006293,59116836
SparseHNSW_Bloom2_30_b3_s0x0_p256,"M=32 efC=1600 ef=1600 alpha=0.85 beta=3 q=u8 pat=256 bloomH=2 bloomT=30 bloomSrc=pruned",64,0.9767191977,0.9931,3692.6199,8.7192,0.0000,0.263015,"0.263591;0.262761;0.263015",37.681232,26538.41,,13.42,0,6980,10,True,nid006293,59116836
SparseHNSW_Bloom2_30_b3_s0x0_p256,"M=32 efC=1600 ef=3200 alpha=0.85 beta=3 q=u8 pat=256 bloomH=2 bloomT=30 bloomSrc=pruned",64,0.9874212034,0.9966,3692.6199,8.7192,0.0000,0.287870,"0.287828;0.288278;0.287870",41.242120,24247.06,,13.42,0,6980,10,True,nid006293,59116836
SparseHNSW_Bloom2_30_b3_s0x0_p256,"M=32 efC=1600 ef=6400 alpha=0.85 beta=3 q=u8 pat=256 bloomH=2 bloomT=30 bloomSrc=pruned",64,0.9924928367,0.9987,3692.6199,8.7192,0.0000,0.345934,"0.345934;0.346016;0.345381",49.560745,20177.26,,13.42,0,6980,10,True,nid006293,59116836
SparseHNSW_Bloom2_30_b4_s0x0_p256,"M=32 efC=1600 ef=20 alpha=0.85 beta=4 q=u8 pat=256 bloomH=2 bloomT=30 bloomSrc=pruned",64,0.8077793696,0.9112,3692.6199,8.7192,0.0000,0.051128,"0.050806;0.051128;0.051454",7.324928,136520.11,,13.42,0,6980,10,True,nid006293,59116836
SparseHNSW_Bloom2_30_b4_s0x0_p256,"M=32 efC=1600 ef=50 alpha=0.85 beta=4 q=u8 pat=256 bloomH=2 bloomT=30 bloomSrc=pruned",64,0.8206733524,0.9222,3692.6199,8.7192,0.0000,0.059937,"0.060160;0.059882;0.059937",8.586963,116455.61,,13.42,0,6980,10,True,nid006293,59116836
SparseHNSW_Bloom2_30_b4_s0x0_p256,"M=32 efC=1600 ef=100 alpha=0.85 beta=4 q=u8 pat=256 bloomH=2 bloomT=30 bloomSrc=pruned",64,0.8517048711,0.9501,3692.6199,8.7192,0.0000,0.099468,"0.099468;0.099668;0.099397",14.250430,70173.32,,13.42,0,6980,10,True,nid006293,59116836
SparseHNSW_Bloom2_30_b4_s0x0_p256,"M=32 efC=1600 ef=200 alpha=0.85 beta=4 q=u8 pat=256 bloomH=2 bloomT=30 bloomSrc=pruned",64,0.8829226361,0.9718,3692.6199,8.7192,0.0000,0.171466,"0.171501;0.171319;0.171466",24.565330,40707.78,,13.42,0,6980,10,True,nid006293,59116836
SparseHNSW_Bloom2_30_b4_s0x0_p256,"M=32 efC=1600 ef=400 alpha=0.85 beta=4 q=u8 pat=256 bloomH=2 bloomT=30 bloomSrc=pruned",64,0.9200716332,0.9827,3692.6199,8.7192,0.0000,0.257709,"0.257709;0.257917;0.257388",36.921060,27084.81,,13.42,0,6980,10,True,nid006293,59116836
SparseHNSW_Bloom2_30_b4_s0x0_p256,"M=32 efC=1600 ef=800 alpha=0.85 beta=4 q=u8 pat=256 bloomH=2 bloomT=30 bloomSrc=pruned",64,0.9567621777,0.9901,3692.6199,8.7192,0.0000,0.267288,"0.267482;0.266932;0.267288",38.293410,26114.15,,13.42,0,6980,10,True,nid006293,59116836
SparseHNSW_Bloom2_30_b4_s0x0_p256,"M=32 efC=1600 ef=1600 alpha=0.85 beta=4 q=u8 pat=256 bloomH=2 bloomT=30 bloomSrc=pruned",64,0.9774498567,0.9931,3692.6199,8.7192,0.0000,0.275017,"0.275017;0.274870;0.275335",39.400716,25380.25,,13.42,0,6980,10,True,nid006293,59116836
SparseHNSW_Bloom2_30_b4_s0x0_p256,"M=32 efC=1600 ef=3200 alpha=0.85 beta=4 q=u8 pat=256 bloomH=2 bloomT=30 bloomSrc=pruned",64,0.9882378223,0.9967,3692.6199,8.7192,0.0000,0.299104,"0.299385;0.299104;0.299072",42.851576,23336.36,,13.42,0,6980,10,True,nid006293,59116836
SparseHNSW_Bloom2_30_b4_s0x0_p256,"M=32 efC=1600 ef=6400 alpha=0.85 beta=4 q=u8 pat=256 bloomH=2 bloomT=30 bloomSrc=pruned",64,0.9932234957,0.9987,3692.6199,8.7192,0.0000,0.357333,"0.357051;0.357444;0.357333",51.193840,19533.60,,13.42,0,6980,10,True,nid006293,59116836
SparseHNSW_Bloom2_30_b5_s0x0_p256,"M=32 efC=1600 ef=20 alpha=0.85 beta=5 q=u8 pat=256 bloomH=2 bloomT=30 bloomSrc=pruned",64,0.8207593123,0.9222,3692.6199,8.7192,0.0000,0.060291,"0.060116;0.060291;0.060766",8.637679,115771.84,,13.42,0,6980,10,True,nid006293,59116836
SparseHNSW_Bloom2_30_b5_s0x0_p256,"M=32 efC=1600 ef=50 alpha=0.85 beta=5 q=u8 pat=256 bloomH=2 bloomT=30 bloomSrc=pruned",64,0.8207593123,0.9222,3692.6199,8.7192,0.0000,0.060431,"0.060793;0.060162;0.060431",8.657736,115503.63,,13.42,0,6980,10,True,nid006293,59116836
SparseHNSW_Bloom2_30_b5_s0x0_p256,"M=32 efC=1600 ef=100 alpha=0.85 beta=5 q=u8 pat=256 bloomH=2 bloomT=30 bloomSrc=pruned",64,0.8518194842,0.9501,3692.6199,8.7192,0.0000,0.100034,"0.100442;0.100034;0.099877",14.331519,69776.28,,13.42,0,6980,10,True,nid006293,59116836
SparseHNSW_Bloom2_30_b5_s0x0_p256,"M=32 efC=1600 ef=200 alpha=0.85 beta=5 q=u8 pat=256 bloomH=2 bloomT=30 bloomSrc=pruned",64,0.8830372493,0.9718,3692.6199,8.7192,0.0000,0.172528,"0.172528;0.172644;0.172191",24.717479,40457.20,,13.42,0,6980,10,True,nid006293,59116836
SparseHNSW_Bloom2_30_b5_s0x0_p256,"M=32 efC=1600 ef=400 alpha=0.85 beta=5 q=u8 pat=256 bloomH=2 bloomT=30 bloomSrc=pruned",64,0.9203724928,0.9830,3692.6199,8.7192,0.0000,0.266458,"0.266122;0.266458;0.266704",38.174499,26195.50,,13.42,0,6980,10,True,nid006293,59116836
SparseHNSW_Bloom2_30_b5_s0x0_p256,"M=32 efC=1600 ef=800 alpha=0.85 beta=5 q=u8 pat=256 bloomH=2 bloomT=30 bloomSrc=pruned",64,0.9571203438,0.9903,3692.6199,8.7192,0.0000,0.279334,"0.278592;0.279722;0.279334",40.019198,24988.01,,13.42,0,6980,10,True,nid006293,59116836
SparseHNSW_Bloom2_30_b5_s0x0_p256,"M=32 efC=1600 ef=1600 alpha=0.85 beta=5 q=u8 pat=256 bloomH=2 bloomT=30 bloomSrc=pruned",64,0.9776647564,0.9933,3692.6199,8.7192,0.0000,0.286074,"0.286213;0.286074;0.285542",40.984814,24399.28,,13.42,0,6980,10,True,nid006293,59116836
SparseHNSW_Bloom2_30_b5_s0x0_p256,"M=32 efC=1600 ef=3200 alpha=0.85 beta=5 q=u8 pat=256 bloomH=2 bloomT=30 bloomSrc=pruned",64,0.9884097421,0.9967,3692.6199,8.7192,0.0000,0.309267,"0.309410;0.309267;0.309103",44.307593,22569.49,,13.42,0,6980,10,True,nid006293,59116836
SparseHNSW_Bloom2_30_b5_s0x0_p256,"M=32 efC=1600 ef=6400 alpha=0.85 beta=5 q=u8 pat=256 bloomH=2 bloomT=30 bloomSrc=pruned",64,0.9933954155,0.9987,3692.6199,8.7192,0.0000,0.368657,"0.368630;0.368849;0.368657",52.816189,18933.59,,13.42,0,6980,10,True,nid006293,59116836
SparseHNSW_Bloom2_30_b8_s0x0_p256,"M=32 efC=1600 ef=20 alpha=0.85 beta=8 q=u8 pat=256 bloomH=2 bloomT=30 bloomSrc=pruned",64,0.8423495702,0.9413,3692.6199,8.7192,0.0000,0.086830,"0.086727;0.087225;0.086830",12.439828,80386.96,,13.42,0,6980,10,True,nid006293,59116836
SparseHNSW_Bloom2_30_b8_s0x0_p256,"M=32 efC=1600 ef=50 alpha=0.85 beta=8 q=u8 pat=256 bloomH=2 bloomT=30 bloomSrc=pruned",64,0.8423495702,0.9413,3692.6199,8.7192,0.0000,0.087122,"0.086809;0.087124;0.087122",12.481662,80117.54,,13.42,0,6980,10,True,nid006293,59116836
SparseHNSW_Bloom2_30_b8_s0x0_p256,"M=32 efC=1600 ef=100 alpha=0.85 beta=8 q=u8 pat=256 bloomH=2 bloomT=30 bloomSrc=pruned",64,0.8518767908,0.9501,3692.6199,8.7192,0.0000,0.102682,"0.102704;0.102682;0.102182",14.710888,67976.86,,13.42,0,6980,10,True,nid006293,59116836
SparseHNSW_Bloom2_30_b8_s0x0_p256,"M=32 efC=1600 ef=200 alpha=0.85 beta=8 q=u8 pat=256 bloomH=2 bloomT=30 bloomSrc=pruned",64,0.8831088825,0.9718,3692.6199,8.7192,0.0000,0.174581,"0.174581;0.174752;0.174536",25.011605,39981.44,,13.42,0,6980,10,True,nid006293,59116836
SparseHNSW_Bloom2_30_b8_s0x0_p256,"M=32 efC=1600 ef=400 alpha=0.85 beta=8 q=u8 pat=256 bloomH=2 bloomT=30 bloomSrc=pruned",64,0.9205444126,0.9832,3692.6199,8.7192,0.0000,0.288178,"0.287716;0.288795;0.288178",41.286246,24221.14,,13.42,0,6980,10,True,nid006293,59116836
SparseHNSW_Bloom2_30_b8_s0x0_p256,"M=32 efC=1600 ef=800 alpha=0.85 beta=8 q=u8 pat=256 bloomH=2 bloomT=30 bloomSrc=pruned",64,0.9576790831,0.9908,3692.6199,8.7192,0.0000,0.316112,"0.316112;0.316108;0.316488",45.288252,22080.78,,13.42,0,6980,10,True,nid006293,59116836
SparseHNSW_Bloom2_30_b8_s0x0_p256,"M=32 efC=1600 ef=1600 alpha=0.85 beta=8 q=u8 pat=256 bloomH=2 bloomT=30 bloomSrc=pruned",64,0.9782951289,0.9938,3692.6199,8.7192,0.0000,0.320182,"0.320861;0.320182;0.320170",45.871347,21800.10,,13.42,0,6980,10,True,nid006293,59116836
SparseHNSW_Bloom2_30_b8_s0x0_p256,"M=32 efC=1600 ef=3200 alpha=0.85 beta=8 q=u8 pat=256 bloomH=2 bloomT=30 bloomSrc=pruned",64,0.9885959885,0.9967,3692.6199,8.7192,0.0000,0.339040,"0.339040;0.338987;0.339274",48.573066,20587.54,,13.42,0,6980,10,True,nid006293,59116836
SparseHNSW_Bloom2_30_b8_s0x0_p256,"M=32 efC=1600 ef=6400 alpha=0.85 beta=8 q=u8 pat=256 bloomH=2 bloomT=30 bloomSrc=pruned",64,0.9937392550,0.9989,3692.6199,8.7192,0.0000,0.400176,"0.400176;0.400282;0.399724",57.331805,17442.33,,13.42,0,6980,10,True,nid006293,59116836
SparseHNSW_Bloom2_30_b12_s0x0_p256,"M=32 efC=1600 ef=20 alpha=0.85 beta=12 q=u8 pat=256 bloomH=2 bloomT=30 bloomSrc=pruned",64,0.8594555874,0.9560,3692.6199,8.7192,0.0000,0.119615,"0.119615;0.119519;0.119866",17.136819,58353.89,,13.42,0,6980,10,True,nid006293,59116836
SparseHNSW_Bloom2_30_b12_s0x0_p256,"M=32 efC=1600 ef=50 alpha=0.85 beta=12 q=u8 pat=256 bloomH=2 bloomT=30 bloomSrc=pruned",64,0.8594555874,0.9560,3692.6199,8.7192,0.0000,0.120007,"0.119749;0.120123;0.120007",17.192980,58163.27,,13.42,0,6980,10,True,nid006293,59116836
SparseHNSW_Bloom2_30_b12_s0x0_p256,"M=32 efC=1600 ef=100 alpha=0.85 beta=12 q=u8 pat=256 bloomH=2 bloomT=30 bloomSrc=pruned",64,0.8594555874,0.9560,3692.6199,8.7192,0.0000,0.119711,"0.119751;0.119711;0.119657",17.150573,58307.09,,13.42,0,6980,10,True,nid006293,59116836
SparseHNSW_Bloom2_30_b12_s0x0_p256,"M=32 efC=1600 ef=200 alpha=0.85 beta=12 q=u8 pat=256 bloomH=2 bloomT=30 bloomSrc=pruned",64,0.8831375358,0.9718,3692.6199,8.7192,0.0000,0.177660,"0.177858;0.177397;0.177660",25.452722,39288.53,,13.42,0,6980,10,True,nid006293,59116836
SparseHNSW_Bloom2_30_b12_s0x0_p256,"M=32 efC=1600 ef=400 alpha=0.85 beta=12 q=u8 pat=256 bloomH=2 bloomT=30 bloomSrc=pruned",64,0.9206303725,0.9834,3692.6199,8.7192,0.0000,0.305721,"0.305783;0.305721;0.305555",43.799570,22831.27,,13.42,0,6980,10,True,nid006293,59116836
SparseHNSW_Bloom2_30_b12_s0x0_p256,"M=32 efC=1600 ef=800 alpha=0.85 beta=12 q=u8 pat=256 bloomH=2 bloomT=30 bloomSrc=pruned",64,0.9578366762,0.9913,3692.6199,8.7192,0.0000,0.364669,"0.364669;0.364710;0.364243",52.244842,19140.65,,13.42,0,6980,10,True,nid006293,59116836
SparseHNSW_Bloom2_30_b12_s0x0_p256,"M=32 efC=1600 ef=1600 alpha=0.85 beta=12 q=u8 pat=256 bloomH=2 bloomT=30 bloomSrc=pruned",64,0.9786389685,0.9940,3692.6199,8.7192,0.0000,0.366276,"0.366276;0.366789;0.366161",52.475072,19056.67,,13.42,0,6980,10,True,nid006293,59116836
SparseHNSW_Bloom2_30_b12_s0x0_p256,"M=32 efC=1600 ef=3200 alpha=0.85 beta=12 q=u8 pat=256 bloomH=2 bloomT=30 bloomSrc=pruned",64,0.9887392550,0.9968,3692.6199,8.7192,0.0000,0.381040,"0.381033;0.381040;0.381081",54.590258,18318.29,,13.42,0,6980,10,True,nid006293,59116836
SparseHNSW_Bloom2_30_b12_s0x0_p256,"M=32 efC=1600 ef=6400 alpha=0.85 beta=12 q=u8 pat=256 bloomH=2 bloomT=30 bloomSrc=pruned",64,0.9938825215,0.9989,3692.6199,8.7192,0.0000,0.439507,"0.438744;0.439507;0.439864",62.966619,15881.43,,13.42,0,6980,10,True,nid006293,59116836
SparseHNSW_Bloom2_30_b16_s0x0_p256,"M=32 efC=1600 ef=20 alpha=0.85 beta=16 q=u8 pat=256 bloomH=2 bloomT=30 bloomSrc=pruned",64,0.8717908309,0.9642,3692.6199,8.7192,0.0000,0.150989,"0.151175;0.150989;0.150594",21.631662,46228.53,,13.42,0,6980,10,True,nid006293,59116836
SparseHNSW_Bloom2_30_b16_s0x0_p256,"M=32 efC=1600 ef=50 alpha=0.85 beta=16 q=u8 pat=256 bloomH=2 bloomT=30 bloomSrc=pruned",64,0.8717908309,0.9642,3692.6199,8.7192,0.0000,0.150966,"0.150730;0.150966;0.151198",21.628367,46235.58,,13.42,0,6980,10,True,nid006293,59116836
SparseHNSW_Bloom2_30_b16_s0x0_p256,"M=32 efC=1600 ef=100 alpha=0.85 beta=16 q=u8 pat=256 bloomH=2 bloomT=30 bloomSrc=pruned",64,0.8717908309,0.9642,3692.6199,8.7192,0.0000,0.150654,"0.150466;0.150675;0.150654",21.583668,46331.33,,13.42,0,6980,10,True,nid006293,59116836
SparseHNSW_Bloom2_30_b16_s0x0_p256,"M=32 efC=1600 ef=200 alpha=0.85 beta=16 q=u8 pat=256 bloomH=2 bloomT=30 bloomSrc=pruned",64,0.8831375358,0.9718,3692.6199,8.7192,0.0000,0.179222,"0.179451;0.179139;0.179222",25.676504,38946.11,,13.42,0,6980,10,True,nid006293,59116836
SparseHNSW_Bloom2_30_b16_s0x0_p256,"M=32 efC=1600 ef=400 alpha=0.85 beta=16 q=u8 pat=256 bloomH=2 bloomT=30 bloomSrc=pruned",64,0.9206303725,0.9834,3692.6199,8.7192,0.0000,0.313322,"0.313589;0.313322;0.313268",44.888539,22277.40,,13.42,0,6980,10,True,nid006293,59116836
SparseHNSW_Bloom2_30_b16_s0x0_p256,"M=32 efC=1600 ef=800 alpha=0.85 beta=16 q=u8 pat=256 bloomH=2 bloomT=30 bloomSrc=pruned",64,0.9581375358,0.9917,3692.6199,8.7192,0.0000,0.410636,"0.410077;0.410774;0.410636",58.830372,16998.02,,13.42,0,6980,10,True,nid006293,59116836
SparseHNSW_Bloom2_30_b16_s0x0_p256,"M=32 efC=1600 ef=1600 alpha=0.85 beta=16 q=u8 pat=256 bloomH=2 bloomT=30 bloomSrc=pruned",64,0.9787965616,0.9940,3692.6199,8.7192,0.0000,0.410186,"0.410186;0.410847;0.409993",58.765903,17016.67,,13.42,0,6980,10,True,nid006293,59116836
SparseHNSW_Bloom2_30_b16_s0x0_p256,"M=32 efC=1600 ef=3200 alpha=0.85 beta=16 q=u8 pat=256 bloomH=2 bloomT=30 bloomSrc=pruned",64,0.9890544413,0.9970,3692.6199,8.7192,0.0000,0.420567,"0.420576;0.420567;0.420470",60.253152,16596.64,,13.42,0,6980,10,True,nid006293,59116836
SparseHNSW_Bloom2_30_b16_s0x0_p256,"M=32 efC=1600 ef=6400 alpha=0.85 beta=16 q=u8 pat=256 bloomH=2 bloomT=30 bloomSrc=pruned",64,0.9940974212,0.9990,3692.6199,8.7192,0.0000,0.478184,"0.478292;0.478110;0.478184",68.507736,14596.89,,13.42,0,6980,10,True,nid006293,59116836
SparseHNSW_Bloom2_30_b2_s8x4_p256,"M=32 efC=1600 ef=20 alpha=0.85 beta=2 q=u8 seedT=8 seedH=8 seedS=4 pat=256 bloomH=2 bloomT=30 bloomSrc=pruned",64,0.8331518625,0.9596,3692.6199,8.7192,0.0000,0.041237,"0.040954;0.041237;0.041482",5.907880,169265.47,,13.42,0,6980,10,True,nid006293,59116836
SparseHNSW_Bloom2_30_b2_s8x4_p256,"M=32 efC=1600 ef=50 alpha=0.85 beta=2 q=u8 seedT=8 seedH=8 seedS=4 pat=256 bloomH=2 bloomT=30 bloomSrc=pruned",64,0.8501719198,0.9692,3692.6199,8.7192,0.0000,0.055845,"0.055859;0.055845;0.055822",8.000716,124988.81,,13.42,0,6980,10,True,nid006293,59116836
SparseHNSW_Bloom2_30_b2_s8x4_p256,"M=32 efC=1600 ef=100 alpha=0.85 beta=2 q=u8 seedT=8 seedH=8 seedS=4 pat=256 bloomH=2 bloomT=30 bloomSrc=pruned",64,0.8758452722,0.9809,3692.6199,8.7192,0.0000,0.095533,"0.095625;0.095432;0.095533",13.686676,73063.76,,13.42,0,6980,10,True,nid006293,59116836
SparseHNSW_Bloom2_30_b2_s8x4_p256,"M=32 efC=1600 ef=200 alpha=0.85 beta=2 q=u8 seedT=8 seedH=8 seedS=4 pat=256 bloomH=2 bloomT=30 bloomSrc=pruned",64,0.9095702006,0.9900,3692.6199,8.7192,0.0000,0.167865,"0.167865;0.168085;0.167849",24.049427,41581.03,,13.42,0,6980,10,True,nid006293,59116836
SparseHNSW_Bloom2_30_b2_s8x4_p256,"M=32 efC=1600 ef=400 alpha=0.85 beta=2 q=u8 seedT=8 seedH=8 seedS=4 pat=256 bloomH=2 bloomT=30 bloomSrc=pruned",64,0.9480229226,0.9946,3692.6199,8.7192,0.0000,0.232106,"0.231913;0.232106;0.232171",33.253009,30072.47,,13.42,0,6980,10,True,nid006293,59116836
SparseHNSW_Bloom2_30_b2_s8x4_p256,"M=32 efC=1600 ef=800 alpha=0.85 beta=2 q=u8 seedT=8 seedH=8 seedS=4 pat=256 bloomH=2 bloomT=30 bloomSrc=pruned",64,0.9725931232,0.9976,3692.6199,8.7192,0.0000,0.236929,"0.236929;0.236636;0.237033",33.943983,29460.30,,13.42,0,6980,10,True,nid006293,59116836
SparseHNSW_Bloom2_30_b2_s8x4_p256,"M=32 efC=1600 ef=1600 alpha=0.85 beta=2 q=u8 seedT=8 seedH=8 seedS=4 pat=256 bloomH=2 bloomT=30 bloomSrc=pruned",64,0.9827650430,0.9981,3692.6199,8.7192,0.0000,0.248724,"0.248253;0.248724;0.249165",35.633811,28063.23,,13.42,0,6980,10,True,nid006293,59116836
SparseHNSW_Bloom2_30_b2_s8x4_p256,"M=32 efC=1600 ef=3200 alpha=0.85 beta=2 q=u8 seedT=8 seedH=8 seedS=4 pat=256 bloomH=2 bloomT=30 bloomSrc=pruned",64,0.9884813754,0.9996,3692.6199,8.7192,0.0000,0.275172,"0.275710;0.275172;0.274823",39.422923,25365.95,,13.42,0,6980,10,True,nid006293,59116836
SparseHNSW_Bloom2_30_b2_s8x4_p256,"M=32 efC=1600 ef=6400 alpha=0.85 beta=2 q=u8 seedT=8 seedH=8 seedS=4 pat=256 bloomH=2 bloomT=30 bloomSrc=pruned",64,0.9910458453,0.9999,3692.6199,8.7192,0.0000,0.333648,"0.333648;0.333819;0.332551",47.800573,20920.25,,13.42,0,6980,10,True,nid006293,59116836
SparseHNSW_Bloom2_30_b3_s8x4_p256,"M=32 efC=1600 ef=20 alpha=0.85 beta=3 q=u8 seedT=8 seedH=8 seedS=4 pat=256 bloomH=2 bloomT=30 bloomSrc=pruned",64,0.8351146132,0.9597,3692.6199,8.7192,0.0000,0.041794,"0.041442;0.041794;0.042088",5.987679,167009.62,,13.42,0,6980,10,True,nid006293,59116836
SparseHNSW_Bloom2_30_b3_s8x4_p256,"M=32 efC=1600 ef=50 alpha=0.85 beta=3 q=u8 seedT=8 seedH=8 seedS=4 pat=256 bloomH=2 bloomT=30 bloomSrc=pruned",64,0.8523495702,0.9692,3692.6199,8.7192,0.0000,0.056835,"0.056913;0.056835;0.056784",8.142550,122811.65,,13.42,0,6980,10,True,nid006293,59116836
SparseHNSW_Bloom2_30_b3_s8x4_p256,"M=32 efC=1600 ef=100 alpha=0.85 beta=3 q=u8 seedT=8 seedH=8 seedS=4 pat=256 bloomH=2 bloomT=30 bloomSrc=pruned",64,0.8781518625,0.9809,3692.6199,8.7192,0.0000,0.096316,"0.096083;0.096448;0.096316",13.798854,72469.79,,13.42,0,6980,10,True,nid006293,59116836
SparseHNSW_Bloom2_30_b3_s8x4_p256,"M=32 efC=1600 ef=200 alpha=0.85 beta=3 q=u8 seedT=8 seedH=8 seedS=4 pat=256 bloomH=2 bloomT=30 bloomSrc=pruned",64,0.9120487106,0.9900,3692.6199,8.7192,0.0000,0.168572,"0.168572;0.168760;0.168306",24.150716,41406.64,,13.42,0,6980,10,True,nid006293,59116836
SparseHNSW_Bloom2_30_b3_s8x4_p256,"M=32 efC=1600 ef=400 alpha=0.85 beta=3 q=u8 seedT=8 seedH=8 seedS=4 pat=256 bloomH=2 bloomT=30 bloomSrc=pruned",64,0.9507593123,0.9948,3692.6199,8.7192,0.0000,0.243192,"0.243192;0.243718;0.243135",34.841261,28701.60,,13.42,0,6980,10,True,nid006293,59116836
SparseHNSW_Bloom2_30_b3_s8x4_p256,"M=32 efC=1600 ef=800 alpha=0.85 beta=3 q=u8 seedT=8 seedH=8 seedS=4 pat=256 bloomH=2 bloomT=30 bloomSrc=pruned",64,0.9756446991,0.9976,3692.6199,8.7192,0.0000,0.247893,"0.247892;0.247893;0.248150",35.514756,28157.31,,13.42,0,6980,10,True,nid006293,59116836
SparseHNSW_Bloom2_30_b3_s8x4_p256,"M=32 efC=1600 ef=1600 alpha=0.85 beta=3 q=u8 seedT=8 seedH=8 seedS=4 pat=256 bloomH=2 bloomT=30 bloomSrc=pruned",64,0.9861031519,0.9981,3692.6199,8.7192,0.0000,0.259496,"0.259496;0.259408;0.259528",37.177077,26898.30,,13.42,0,6980,10,True,nid006293,59116836
SparseHNSW_Bloom2_30_b3_s8x4_p256,"M=32 efC=1600 ef=3200 alpha=0.85 beta=3 q=u8 seedT=8 seedH=8 seedS=4 pat=256 bloomH=2 bloomT=30 bloomSrc=pruned",64,0.9919054441,0.9996,3692.6199,8.7192,0.0000,0.285530,"0.285530;0.285530;0.285109",40.906877,24445.77,,13.42,0,6980,10,True,nid006293,59116836
SparseHNSW_Bloom2_30_b3_s8x4_p256,"M=32 efC=1600 ef=6400 alpha=0.85 beta=3 q=u8 seedT=8 seedH=8 seedS=4 pat=256 bloomH=2 bloomT=30 bloomSrc=pruned",64,0.9944985673,0.9999,3692.6199,8.7192,0.0000,0.344588,"0.344193;0.344606;0.344588",49.367908,20256.07,,13.42,0,6980,10,True,nid006293,59116836
SparseHNSW_Bloom2_30_b4_s8x4_p256,"M=32 efC=1600 ef=20 alpha=0.85 beta=4 q=u8 seedT=8 seedH=8 seedS=4 pat=256 bloomH=2 bloomT=30 bloomSrc=pruned",64,0.8455157593,0.9659,3692.6199,8.7192,0.0000,0.048792,"0.048078;0.048792;0.048993",6.990258,143056.24,,13.42,0,6980,10,True,nid006293,59116836
SparseHNSW_Bloom2_30_b4_s8x4_p256,"M=32 efC=1600 ef=50 alpha=0.85 beta=4 q=u8 seedT=8 seedH=8 seedS=4 pat=256 bloomH=2 bloomT=30 bloomSrc=pruned",64,0.8527507163,0.9692,3692.6199,8.7192,0.0000,0.057322,"0.057383;0.057224;0.057322",8.212321,121768.26,,13.42,0,6980,10,True,nid006293,59116836
SparseHNSW_Bloom2_30_b4_s8x4_p256,"M=32 efC=1600 ef=100 alpha=0.85 beta=4 q=u8 seedT=8 seedH=8 seedS=4 pat=256 bloomH=2 bloomT=30 bloomSrc=pruned",64,0.8785959885,0.9809,3692.6199,8.7192,0.0000,0.096741,"0.096977;0.096741;0.096630",13.859742,72151.41,,13.42,0,6980,10,True,nid006293,59116836
SparseHNSW_Bloom2_30_b4_s8x4_p256,"M=32 efC=1600 ef=200 alpha=0.85 beta=4 q=u8 seedT=8 seedH=8 seedS=4 pat=256 bloomH=2 bloomT=30 bloomSrc=pruned",64,0.9125501433,0.9900,3692.6199,8.7192,0.0000,0.169427,"0.169737;0.169427;0.169245",24.273209,41197.68,,13.42,0,6980,10,True,nid006293,59116836
SparseHNSW_Bloom2_30_b4_s8x4_p256,"M=32 efC=1600 ef=400 alpha=0.85 beta=4 q=u8 seedT=8 seedH=8 seedS=4 pat=256 bloomH=2 bloomT=30 bloomSrc=pruned",64,0.9514040115,0.9950,3692.6199,8.7192,0.0000,0.253137,"0.253310;0.252824;0.253137",36.266046,27574.00,,13.42,0,6980,10,True,nid006293,59116836
SparseHNSW_Bloom2_30_b4_s8x4_p256,"M=32 efC=1600 ef=800 alpha=0.85 beta=4 q=u8 seedT=8 seedH=8 seedS=4 pat=256 bloomH=2 bloomT=30 bloomSrc=pruned",64,0.9763753582,0.9977,3692.6199,8.7192,0.0000,0.259856,"0.259856;0.260610;0.259786",37.228653,26861.03,,13.42,0,6980,10,True,nid006293,59116836
SparseHNSW_Bloom2_30_b4_s8x4_p256,"M=32 efC=1600 ef=1600 alpha=0.85 beta=4 q=u8 seedT=8 seedH=8 seedS=4 pat=256 bloomH=2 bloomT=30 bloomSrc=pruned",64,0.9868051576,0.9981,3692.6199,8.7192,0.0000,0.271036,"0.271309;0.270436;0.271036",38.830372,25753.04,,13.42,0,6980,10,True,nid006293,59116836
SparseHNSW_Bloom2_30_b4_s8x4_p256,"M=32 efC=1600 ef=3200 alpha=0.85 beta=4 q=u8 seedT=8 seedH=8 seedS=4 pat=256 bloomH=2 bloomT=30 bloomSrc=pruned",64,0.9926217765,0.9996,3692.6199,8.7192,0.0000,0.296120,"0.296326;0.295628;0.296120",42.424069,23571.53,,13.42,0,6980,10,True,nid006293,59116836
SparseHNSW_Bloom2_30_b4_s8x4_p256,"M=32 efC=1600 ef=6400 alpha=0.85 beta=4 q=u8 seedT=8 seedH=8 seedS=4 pat=256 bloomH=2 bloomT=30 bloomSrc=pruned",64,0.9952148997,0.9999,3692.6199,8.7192,0.0000,0.355650,"0.355361;0.355650;0.356473",50.952722,19626.04,,13.42,0,6980,10,True,nid006293,59116836
SparseHNSW_Bloom2_30_b5_s8x4_p256,"M=32 efC=1600 ef=20 alpha=0.85 beta=5 q=u8 seedT=8 seedH=8 seedS=4 pat=256 bloomH=2 bloomT=30 bloomSrc=pruned",64,0.8528510029,0.9692,3692.6199,8.7192,0.0000,0.057871,"0.057493;0.057871;0.058472",8.290974,120613.09,,13.42,0,6980,10,True,nid006293,59116836
SparseHNSW_Bloom2_30_b5_s8x4_p256,"M=32 efC=1600 ef=50 alpha=0.85 beta=5 q=u8 seedT=8 seedH=8 seedS=4 pat=256 bloomH=2 bloomT=30 bloomSrc=pruned",64,0.8528510029,0.9692,3692.6199,8.7192,0.0000,0.058024,"0.058024;0.058023;0.058140",8.312894,120295.05,,13.42,0,6980,10,True,nid006293,59116836
SparseHNSW_Bloom2_30_b5_s8x4_p256,"M=32 efC=1600 ef=100 alpha=0.85 beta=5 q=u8 seedT=8 seedH=8 seedS=4 pat=256 bloomH=2 bloomT=30 bloomSrc=pruned",64,0.8787106017,0.9809,3692.6199,8.7192,0.0000,0.097723,"0.097648;0.097792;0.097723",14.000430,71426.38,,13.42,0,6980,10,True,nid006293,59116836
SparseHNSW_Bloom2_30_b5_s8x4_p256,"M=32 efC=1600 ef=200 alpha=0.85 beta=5 q=u8 seedT=8 seedH=8 seedS=4 pat=256 bloomH=2 bloomT=30 bloomSrc=pruned",64,0.9126790831,0.9900,3692.6199,8.7192,0.0000,0.170247,"0.170247;0.170694;0.169754",24.390688,40999.25,,13.42,0,6980,10,True,nid006293,59116836
SparseHNSW_Bloom2_30_b5_s8x4_p256,"M=32 efC=1600 ef=400 alpha=0.85 beta=5 q=u8 seedT=8 seedH=8 seedS=4 pat=256 bloomH=2 bloomT=30 bloomSrc=pruned",64,0.9516189112,0.9950,3692.6199,8.7192,0.0000,0.261383,"0.260928;0.261461;0.261383",37.447421,26704.11,,13.42,0,6980,10,True,nid006293,59116836
SparseHNSW_Bloom2_30_b5_s8x4_p256,"M=32 efC=1600 ef=800 alpha=0.85 beta=5 q=u8 seedT=8 seedH=8 seedS=4 pat=256 bloomH=2 bloomT=30 bloomSrc=pruned",64,0.9766332378,0.9977,3692.6199,8.7192,0.0000,0.271731,"0.271731;0.272241;0.271685",38.929943,25687.17,,13.42,0,6980,10,True,nid006293,59116836
SparseHNSW_Bloom2_30_b5_s8x4_p256,"M=32 efC=1600 ef=1600 alpha=0.85 beta=5 q=u8 seedT=8 seedH=8 seedS=4 pat=256 bloomH=2 bloomT=30 bloomSrc=pruned",64,0.9870487106,0.9983,3692.6199,8.7192,0.0000,0.280949,"0.280804;0.280949;0.280990",40.250573,24844.37,,13.42,0,6980,10,True,nid006293,59116836
SparseHNSW_Bloom2_30_b5_s8x4_p256,"M=32 efC=1600 ef=3200 alpha=0.85 beta=5 q=u8 seedT=8 seedH=8 seedS=4 pat=256 bloomH=2 bloomT=30 bloomSrc=pruned",64,0.9928080229,0.9996,3692.6199,8.7192,0.0000,0.306662,"0.306662;0.307122;0.306039",43.934384,22761.22,,13.42,0,6980,10,True,nid006293,59116836
SparseHNSW_Bloom2_30_b5_s8x4_p256,"M=32 efC=1600 ef=6400 alpha=0.85 beta=5 q=u8 seedT=8 seedH=8 seedS=4 pat=256 bloomH=2 bloomT=30 bloomSrc=pruned",64,0.9954154728,0.9999,3692.6199,8.7192,0.0000,0.367376,"0.367376;0.367564;0.367134",52.632665,18999.61,,13.42,0,6980,10,True,nid006293,59116836
SparseHNSW_Bloom2_30_b8_s8x4_p256,"M=32 efC=1600 ef=20 alpha=0.85 beta=8 q=u8 seedT=8 seedH=8 seedS=4 pat=256 bloomH=2 bloomT=30 bloomSrc=pruned",64,0.8707163324,0.9782,3692.6199,8.7192,0.0000,0.084150,"0.084050;0.084150;0.084375",12.055874,82947.12,,13.42,0,6980,10,True,nid006293,59116836
SparseHNSW_Bloom2_30_b8_s8x4_p256,"M=32 efC=1600 ef=50 alpha=0.85 beta=8 q=u8 seedT=8 seedH=8 seedS=4 pat=256 bloomH=2 bloomT=30 bloomSrc=pruned",64,0.8707163324,0.9782,3692.6199,8.7192,0.0000,0.084041,"0.084437;0.084029;0.084041",12.040258,83054.70,,13.42,0,6980,10,True,nid006293,59116836
SparseHNSW_Bloom2_30_b8_s8x4_p256,"M=32 efC=1600 ef=100 alpha=0.85 beta=8 q=u8 seedT=8 seedH=8 seedS=4 pat=256 bloomH=2 bloomT=30 bloomSrc=pruned",64,0.8787822350,0.9809,3692.6199,8.7192,0.0000,0.099826,"0.099749;0.099826;0.099913",14.301719,69921.66,,13.42,0,6980,10,True,nid006293,59116836
SparseHNSW_Bloom2_30_b8_s8x4_p256,"M=32 efC=1600 ef=200 alpha=0.85 beta=8 q=u8 seedT=8 seedH=8 seedS=4 pat=256 bloomH=2 bloomT=30 bloomSrc=pruned",64,0.9127507163,0.9900,3692.6199,8.7192,0.0000,0.172774,"0.172774;0.173013;0.172626",24.752722,40399.60,,13.42,0,6980,10,True,nid006293,59116836
SparseHNSW_Bloom2_30_b8_s8x4_p256,"M=32 efC=1600 ef=400 alpha=0.85 beta=8 q=u8 seedT=8 seedH=8 seedS=4 pat=256 bloomH=2 bloomT=30 bloomSrc=pruned",64,0.9517191977,0.9951,3692.6199,8.7192,0.0000,0.284134,"0.284101;0.284134;0.284399",40.706877,24565.87,,13.42,0,6980,10,True,nid006293,59116836
SparseHNSW_Bloom2_30_b8_s8x4_p256,"M=32 efC=1600 ef=800 alpha=0.85 beta=8 q=u8 seedT=8 seedH=8 seedS=4 pat=256 bloomH=2 bloomT=30 bloomSrc=pruned",64,0.9771489971,0.9981,3692.6199,8.7192,0.0000,0.308002,"0.308550;0.308002;0.307285",44.126361,22662.19,,13.42,0,6980,10,True,nid006293,59116836
SparseHNSW_Bloom2_30_b8_s8x4_p256,"M=32 efC=1600 ef=1600 alpha=0.85 beta=8 q=u8 seedT=8 seedH=8 seedS=4 pat=256 bloomH=2 bloomT=30 bloomSrc=pruned",64,0.9874641834,0.9986,3692.6199,8.7192,0.0000,0.313416,"0.313416;0.313852;0.313287",44.902006,22270.72,,13.42,0,6980,10,True,nid006293,59116836
SparseHNSW_Bloom2_30_b8_s8x4_p256,"M=32 efC=1600 ef=3200 alpha=0.85 beta=8 q=u8 seedT=8 seedH=8 seedS=4 pat=256 bloomH=2 bloomT=30 bloomSrc=pruned",64,0.9929942693,0.9996,3692.6199,8.7192,0.0000,0.336577,"0.336144;0.336577;0.337490",48.220201,20738.20,,13.42,0,6980,10,True,nid006293,59116836
SparseHNSW_Bloom2_30_b8_s8x4_p256,"M=32 efC=1600 ef=6400 alpha=0.85 beta=8 q=u8 seedT=8 seedH=8 seedS=4 pat=256 bloomH=2 bloomT=30 bloomSrc=pruned",64,0.9956017192,0.9999,3692.6199,8.7192,0.0000,0.398772,"0.399145;0.398374;0.398772",57.130659,17503.74,,13.42,0,6980,10,True,nid006293,59116836
SparseHNSW_Bloom2_30_b12_s8x4_p256,"M=32 efC=1600 ef=20 alpha=0.85 beta=12 q=u8 seedT=8 seedH=8 seedS=4 pat=256 bloomH=2 bloomT=30 bloomSrc=pruned",64,0.8859885387,0.9840,3692.6199,8.7192,0.0000,0.117578,"0.117673;0.117578;0.117183",16.844986,59364.85,,13.42,0,6980,10,True,nid006293,59116836
SparseHNSW_Bloom2_30_b12_s8x4_p256,"M=32 efC=1600 ef=50 alpha=0.85 beta=12 q=u8 seedT=8 seedH=8 seedS=4 pat=256 bloomH=2 bloomT=30 bloomSrc=pruned",64,0.8859885387,0.9840,3692.6199,8.7192,0.0000,0.117513,"0.117135;0.117513;0.117683",16.835673,59397.68,,13.42,0,6980,10,True,nid006293,59116836
SparseHNSW_Bloom2_30_b12_s8x4_p256,"M=32 efC=1600 ef=100 alpha=0.85 beta=12 q=u8 seedT=8 seedH=8 seedS=4 pat=256 bloomH=2 bloomT=30 bloomSrc=pruned",64,0.8859885387,0.9840,3692.6199,8.7192,0.0000,0.117396,"0.117742;0.117396;0.117208",16.818911,59456.88,,13.42,0,6980,10,True,nid006293,59116836
SparseHNSW_Bloom2_30_b12_s8x4_p256,"M=32 efC=1600 ef=200 alpha=0.85 beta=12 q=u8 seedT=8 seedH=8 seedS=4 pat=256 bloomH=2 bloomT=30 bloomSrc=pruned",64,0.9127793696,0.9900,3692.6199,8.7192,0.0000,0.175632,"0.175632;0.175551;0.175715",25.162178,39742.19,,13.42,0,6980,10,True,nid006293,59116836
SparseHNSW_Bloom2_30_b12_s8x4_p256,"M=32 efC=1600 ef=400 alpha=0.85 beta=12 q=u8 seedT=8 seedH=8 seedS=4 pat=256 bloomH=2 bloomT=30 bloomSrc=pruned",64,0.9517765043,0.9951,3692.6199,8.7192,0.0000,0.304566,"0.304878;0.304566;0.304161",43.634097,22917.86,,13.42,0,6980,10,True,nid006293,59116836
SparseHNSW_Bloom2_30_b12_s8x4_p256,"M=32 efC=1600 ef=800 alpha=0.85 beta=12 q=u8 seedT=8 seedH=8 seedS=4 pat=256 bloomH=2 bloomT=30 bloomSrc=pruned",64,0.9772636103,0.9983,3692.6199,8.7192,0.0000,0.359181,"0.358760;0.359776;0.359181",51.458596,19433.10,,13.42,0,6980,10,True,nid006293,59116836
SparseHNSW_Bloom2_30_b12_s8x4_p256,"M=32 efC=1600 ef=1600 alpha=0.85 beta=12 q=u8 seedT=8 seedH=8 seedS=4 pat=256 bloomH=2 bloomT=30 bloomSrc=pruned",64,0.9876647564,0.9986,3692.6199,8.7192,0.0000,0.363011,"0.363011;0.362999;0.363034",52.007307,19228.07,,13.42,0,6980,10,True,nid006293,59116836
SparseHNSW_Bloom2_30_b12_s8x4_p256,"M=32 efC=1600 ef=3200 alpha=0.85 beta=12 q=u8 seedT=8 seedH=8 seedS=4 pat=256 bloomH=2 bloomT=30 bloomSrc=pruned",64,0.9931518625,0.9997,3692.6199,8.7192,0.0000,0.378015,"0.378015;0.378421;0.377912",54.156877,18464.88,,13.42,0,6980,10,True,nid006293,59116836
SparseHNSW_Bloom2_30_b12_s8x4_p256,"M=32 efC=1600 ef=6400 alpha=0.85 beta=12 q=u8 seedT=8 seedH=8 seedS=4 pat=256 bloomH=2 bloomT=30 bloomSrc=pruned",64,0.9956876791,0.9999,3692.6199,8.7192,0.0000,0.438445,"0.438516;0.438445;0.438363",62.814470,15919.90,,13.42,0,6980,10,True,nid006293,59116836
SparseHNSW_Bloom2_30_b16_s8x4_p256,"M=32 efC=1600 ef=20 alpha=0.85 beta=16 q=u8 seedT=8 seedH=8 seedS=4 pat=256 bloomH=2 bloomT=30 bloomSrc=pruned",64,0.8999570201,0.9883,3692.6199,8.7192,0.0000,0.148637,"0.148263;0.149070;0.148637",21.294699,46960.04,,13.42,0,6980,10,True,nid006293,59116836
SparseHNSW_Bloom2_30_b16_s8x4_p256,"M=32 efC=1600 ef=50 alpha=0.85 beta=16 q=u8 seedT=8 seedH=8 seedS=4 pat=256 bloomH=2 bloomT=30 bloomSrc=pruned",64,0.8999570201,0.9883,3692.6199,8.7192,0.0000,0.148337,"0.148471;0.148337;0.148282",21.251719,47055.02,,13.42,0,6980,10,True,nid006293,59116836
SparseHNSW_Bloom2_30_b16_s8x4_p256,"M=32 efC=1600 ef=100 alpha=0.85 beta=16 q=u8 seedT=8 seedH=8 seedS=4 pat=256 bloomH=2 bloomT=30 bloomSrc=pruned",64,0.8999570201,0.9883,3692.6199,8.7192,0.0000,0.148526,"0.148343;0.148526;0.149050",21.278797,46995.14,,13.42,0,6980,10,True,nid006293,59116836
SparseHNSW_Bloom2_30_b16_s8x4_p256,"M=32 efC=1600 ef=200 alpha=0.85 beta=16 q=u8 seedT=8 seedH=8 seedS=4 pat=256 bloomH=2 bloomT=30 bloomSrc=pruned",64,0.9127793696,0.9900,3692.6199,8.7192,0.0000,0.176988,"0.176988;0.177237;0.176948",25.356447,39437.70,,13.42,0,6980,10,True,nid006293,59116836
SparseHNSW_Bloom2_30_b16_s8x4_p256,"M=32 efC=1600 ef=400 alpha=0.85 beta=16 q=u8 seedT=8 seedH=8 seedS=4 pat=256 bloomH=2 bloomT=30 bloomSrc=pruned",64,0.9517908309,0.9951,3692.6199,8.7192,0.0000,0.313270,"0.313270;0.312910;0.313450",44.881089,22281.10,,13.42,0,6980,10,True,nid006293,59116836
SparseHNSW_Bloom2_30_b16_s8x4_p256,"M=32 efC=1600 ef=800 alpha=0.85 beta=16 q=u8 seedT=8 seedH=8 seedS=4 pat=256 bloomH=2 bloomT=30 bloomSrc=pruned",64,0.9774068768,0.9983,3692.6199,8.7192,0.0000,0.402447,"0.402447;0.402175;0.402603",57.657163,17343.90,,13.42,0,6980,10,True,nid006293,59116836
SparseHNSW_Bloom2_30_b16_s8x4_p256,"M=32 efC=1600 ef=1600 alpha=0.85 beta=16 q=u8 seedT=8 seedH=8 seedS=4 pat=256 bloomH=2 bloomT=30 bloomSrc=pruned",64,0.9878080229,0.9986,3692.6199,8.7192,0.0000,0.406196,"0.406070;0.406205;0.406196",58.194269,17183.82,,13.42,0,6980,10,True,nid006293,59116836
SparseHNSW_Bloom2_30_b16_s8x4_p256,"M=32 efC=1600 ef=3200 alpha=0.85 beta=16 q=u8 seedT=8 seedH=8 seedS=4 pat=256 bloomH=2 bloomT=30 bloomSrc=pruned",64,0.9934240688,0.9997,3692.6199,8.7192,0.0000,0.418605,"0.418860;0.418605;0.418118",59.972063,16674.43,,13.42,0,6980,10,True,nid006293,59116836
SparseHNSW_Bloom2_30_b16_s8x4_p256,"M=32 efC=1600 ef=6400 alpha=0.85 beta=16 q=u8 seedT=8 seedH=8 seedS=4 pat=256 bloomH=2 bloomT=30 bloomSrc=pruned",64,0.9957593123,0.9999,3692.6199,8.7192,0.0000,0.477251,"0.476560;0.477251;0.477284",68.374069,14625.43,,13.42,0,6980,10,True,nid006293,59116836
SparseHNSW_Bloom2_30_b2_s0x0_p512,"M=32 efC=1600 ef=20 alpha=0.85 beta=2 q=u8 pat=512 bloomH=2 bloomT=30 bloomSrc=pruned",64,0.7508166189,0.8626,3692.6199,8.7192,0.0000,0.030926,"0.030276;0.030926;0.031155",4.430659,225700.06,,13.42,0,6980,10,True,nid006293,59116836
SparseHNSW_Bloom2_30_b2_s0x0_p512,"M=32 efC=1600 ef=50 alpha=0.85 beta=2 q=u8 pat=512 bloomH=2 bloomT=30 bloomSrc=pruned",64,0.8181805158,0.9222,3692.6199,8.7192,0.0000,0.058711,"0.058811;0.058711;0.058425",8.411318,118887.43,,13.42,0,6980,10,True,nid006293,59116836
SparseHNSW_Bloom2_30_b2_s0x0_p512,"M=32 efC=1600 ef=100 alpha=0.85 beta=2 q=u8 pat=512 bloomH=2 bloomT=30 bloomSrc=pruned",64,0.8490114613,0.9501,3692.6199,8.7192,0.0000,0.098009,"0.098009;0.097627;0.098399",14.041404,71217.95,,13.42,0,6980,10,True,nid006293,59116836
SparseHNSW_Bloom2_30_b2_s0x0_p512,"M=32 efC=1600 ef=200 alpha=0.85 beta=2 q=u8 pat=512 bloomH=2 bloomT=30 bloomSrc=pruned",64,0.8800143266,0.9718,3692.6199,8.7192,0.0000,0.169781,"0.170344;0.169781;0.169244",24.323926,41111.79,,13.42,0,6980,10,True,nid006293,59116836
SparseHNSW_Bloom2_30_b2_s0x0_p512,"M=32 efC=1600 ef=400 alpha=0.85 beta=2 q=u8 pat=512 bloomH=2 bloomT=30 bloomSrc=pruned",64,0.9175358166,0.9837,3692.6199,8.7192,0.0000,0.305860,"0.305283;0.306161;0.305860",43.819484,22820.90,,13.42,0,6980,10,True,nid006293,59116836
SparseHNSW_Bloom2_30_b2_s0x0_p512,"M=32 efC=1600 ef=800 alpha=0.85 beta=2 q=u8 pat=512 bloomH=2 bloomT=30 bloomSrc=pruned",64,0.9547134670,0.9923,3692.6199,8.7192,0.0000,0.409820,"0.409820;0.410043;0.409805",58.713467,17031.87,,13.42,0,6980,10,True,nid006293,59116836
SparseHNSW_Bloom2_30_b2_s0x0_p512,"M=32 efC=1600 ef=1600 alpha=0.85 beta=2 q=u8 pat=512 bloomH=2 bloomT=30 bloomSrc=pruned",64,0.9750859599,0.9944,3692.6199,8.7192,0.0000,0.419514,"0.418942;0.419514;0.419726",60.102292,16638.30,,13.42,0,6980,10,True,nid006293,59116836
SparseHNSW_Bloom2_30_b2_s0x0_p512,"M=32 efC=1600 ef=3200 alpha=0.85 beta=2 q=u8 pat=512 bloomH=2 bloomT=30 bloomSrc=pruned",64,0.9851575931,0.9973,3692.6199,8.7192,0.0000,0.441454,"0.441454;0.441317;0.441617",63.245559,15811.39,,13.42,0,6980,10,True,nid006293,59116836
SparseHNSW_Bloom2_30_b2_s0x0_p512,"M=32 efC=1600 ef=6400 alpha=0.85 beta=2 q=u8 pat=512 bloomH=2 bloomT=30 bloomSrc=pruned",64,0.9898567335,0.9989,3692.6199,8.7192,0.0000,0.499456,"0.499861;0.498209;0.499456",71.555301,13975.21,,13.42,0,6980,10,True,nid006293,59116836
SparseHNSW_Bloom2_30_b3_s0x0_p512,"M=32 efC=1600 ef=20 alpha=0.85 beta=3 q=u8 pat=512 bloomH=2 bloomT=30 bloomSrc=pruned",64,0.7891690544,0.8950,3692.6199,8.7192,0.0000,0.041515,"0.041251;0.041515;0.041833",5.947708,168132.00,,13.42,0,6980,10,True,nid006293,59116836
SparseHNSW_Bloom2_30_b3_s0x0_p512,"M=32 efC=1600 ef=50 alpha=0.85 beta=3 q=u8 pat=512 bloomH=2 bloomT=30 bloomSrc=pruned",64,0.8202865330,0.9222,3692.6199,8.7192,0.0000,0.059189,"0.059189;0.059033;0.059368",8.479799,117927.32,,13.42,0,6980,10,True,nid006293,59116836
SparseHNSW_Bloom2_30_b3_s0x0_p512,"M=32 efC=1600 ef=100 alpha=0.85 beta=3 q=u8 pat=512 bloomH=2 bloomT=30 bloomSrc=pruned",64,0.8512893983,0.9501,3692.6199,8.7192,0.0000,0.098534,"0.098606;0.098475;0.098534",14.116619,70838.49,,13.42,0,6980,10,True,nid006293,59116836
SparseHNSW_Bloom2_30_b3_s0x0_p512,"M=32 efC=1600 ef=200 alpha=0.85 beta=3 q=u8 pat=512 bloomH=2 bloomT=30 bloomSrc=pruned",64,0.8823925501,0.9718,3692.6199,8.7192,0.0000,0.170311,"0.170240;0.170311;0.170482",24.399857,40983.85,,13.42,0,6980,10,True,nid006293,59116836
SparseHNSW_Bloom2_30_b3_s0x0_p512,"M=32 efC=1600 ef=400 alpha=0.85 beta=3 q=u8 pat=512 bloomH=2 bloomT=30 bloomSrc=pruned",64,0.9201002865,0.9837,3692.6199,8.7192,0.0000,0.306461,"0.306808;0.306281;0.306461",43.905587,22776.14,,13.42,0,6980,10,True,nid006293,59116836
SparseHNSW_Bloom2_30_b3_s0x0_p512,"M=32 efC=1600 ef=800 alpha=0.85 beta=3 q=u8 pat=512 bloomH=2 bloomT=30 bloomSrc=pruned",64,0.9576217765,0.9923,3692.6199,8.7192,0.0000,0.421031,"0.420780;0.421031;0.421251",60.319628,16578.35,,13.42,0,6980,10,True,nid006293,59116836
SparseHNSW_Bloom2_30_b3_s0x0_p512,"M=32 efC=1600 ef=1600 alpha=0.85 beta=3 q=u8 pat=512 bloomH=2 bloomT=30 bloomSrc=pruned",64,0.9784097421,0.9946,3692.6199,8.7192,0.0000,0.431711,"0.431711;0.430857;0.432012",61.849713,16168.22,,13.42,0,6980,10,True,nid006293,59116836
SparseHNSW_Bloom2_30_b3_s0x0_p512,"M=32 efC=1600 ef=3200 alpha=0.85 beta=3 q=u8 pat=512 bloomH=2 bloomT=30 bloomSrc=pruned",64,0.9885816619,0.9974,3692.6199,8.7192,0.0000,0.452739,"0.452606;0.452739;0.453121",64.862321,15417.27,,13.42,0,6980,10,True,nid006293,59116836
SparseHNSW_Bloom2_30_b3_s0x0_p512,"M=32 efC=1600 ef=6400 alpha=0.85 beta=3 q=u8 pat=512 bloomH=2 bloomT=30 bloomSrc=pruned",64,0.9933667622,0.9990,3692.6199,8.7192,0.0000,0.510846,"0.510897;0.509665;0.510846",73.187106,13663.61,,13.42,0,6980,10,True,nid006293,59116836
SparseHNSW_Bloom2_30_b4_s0x0_p512,"M=32 efC=1600 ef=20 alpha=0.85 beta=4 q=u8 pat=512 bloomH=2 bloomT=30 bloomSrc=pruned",64,0.8077793696,0.9112,3692.6199,8.7192,0.0000,0.051074,"0.050690;0.051367;0.051074",7.317192,136664.45,,13.42,0,6980,10,True,nid006293,59116836
SparseHNSW_Bloom2_30_b4_s0x0_p512,"M=32 efC=1600 ef=50 alpha=0.85 beta=4 q=u8 pat=512 bloomH=2 bloomT=30 bloomSrc=pruned",64,0.8206733524,0.9222,3692.6199,8.7192,0.0000,0.060106,"0.060106;0.060329;0.059985",8.611175,116128.17,,13.42,0,6980,10,True,nid006293,59116836
SparseHNSW_Bloom2_30_b4_s0x0_p512,"M=32 efC=1600 ef=100 alpha=0.85 beta=4 q=u8 pat=512 bloomH=2 bloomT=30 bloomSrc=pruned",64,0.8517048711,0.9501,3692.6199,8.7192,0.0000,0.099725,"0.099725;0.100194;0.099659",14.287249,69992.48,,13.42,0,6980,10,True,nid006293,59116836
SparseHNSW_Bloom2_30_b4_s0x0_p512,"M=32 efC=1600 ef=200 alpha=0.85 beta=4 q=u8 pat=512 bloomH=2 bloomT=30 bloomSrc=pruned",64,0.8829226361,0.9718,3692.6199,8.7192,0.0000,0.171379,"0.171379;0.171175;0.171592",24.552865,40728.44,,13.42,0,6980,10,True,nid006293,59116836
SparseHNSW_Bloom2_30_b4_s0x0_p512,"M=32 efC=1600 ef=400 alpha=0.85 beta=4 q=u8 pat=512 bloomH=2 bloomT=30 bloomSrc=pruned",64,0.9206590258,0.9837,3692.6199,8.7192,0.0000,0.306744,"0.307041;0.306744;0.306669",43.946132,22755.13,,13.42,0,6980,10,True,nid006293,59116836
SparseHNSW_Bloom2_30_b4_s0x0_p512,"M=32 efC=1600 ef=800 alpha=0.85 beta=4 q=u8 pat=512 bloomH=2 bloomT=30 bloomSrc=pruned",64,0.9582234957,0.9923,3692.6199,8.7192,0.0000,0.432924,"0.432879;0.433117;0.432924",62.023496,16122.92,,13.42,0,6980,10,True,nid006293,59116836
SparseHNSW_Bloom2_30_b4_s0x0_p512,"M=32 efC=1600 ef=1600 alpha=0.85 beta=4 q=u8 pat=512 bloomH=2 bloomT=30 bloomSrc=pruned",64,0.9790830946,0.9946,3692.6199,8.7192,0.0000,0.443904,"0.443904;0.444786;0.443876",63.596562,15724.12,,13.42,0,6980,10,True,nid006293,59116836
SparseHNSW_Bloom2_30_b4_s0x0_p512,"M=32 efC=1600 ef=3200 alpha=0.85 beta=4 q=u8 pat=512 bloomH=2 bloomT=30 bloomSrc=pruned",64,0.9892836676,0.9974,3692.6199,8.7192,0.0000,0.464865,"0.464182;0.464865;0.465210",66.599570,15015.11,,13.42,0,6980,10,True,nid006293,59116836
SparseHNSW_Bloom2_30_b4_s0x0_p512,"M=32 efC=1600 ef=6400 alpha=0.85 beta=4 q=u8 pat=512 bloomH=2 bloomT=30 bloomSrc=pruned",64,0.9940687679,0.9990,3692.6199,8.7192,0.0000,0.522324,"0.522324;0.521762;0.522354",74.831519,13363.35,,13.42,0,6980,10,True,nid006293,59116836
SparseHNSW_Bloom2_30_b5_s0x0_p512,"M=32 efC=1600 ef=20 alpha=0.85 beta=5 q=u8 pat=512 bloomH=2 bloomT=30 bloomSrc=pruned",64,0.8207593123,0.9222,3692.6199,8.7192,0.0000,0.059979,"0.059758;0.059979;0.060591",8.592980,116374.06,,13.42,0,6980,10,True,nid006293,59116836
SparseHNSW_Bloom2_30_b5_s0x0_p512,"M=32 efC=1600 ef=50 alpha=0.85 beta=5 q=u8 pat=512 bloomH=2 bloomT=30 bloomSrc=pruned",64,0.8207593123,0.9222,3692.6199,8.7192,0.0000,0.060422,"0.060422;0.060220;0.060488",8.656447,115520.84,,13.42,0,6980,10,True,nid006293,59116836
SparseHNSW_Bloom2_30_b5_s0x0_p512,"M=32 efC=1600 ef=100 alpha=0.85 beta=5 q=u8 pat=512 bloomH=2 bloomT=30 bloomSrc=pruned",64,0.8518194842,0.9501,3692.6199,8.7192,0.0000,0.100254,"0.100517;0.100061;0.100254",14.363037,69623.16,,13.42,0,6980,10,True,nid006293,59116836
SparseHNSW_Bloom2_30_b5_s0x0_p512,"M=32 efC=1600 ef=200 alpha=0.85 beta=5 q=u8 pat=512 bloomH=2 bloomT=30 bloomSrc=pruned",64,0.8830372493,0.9718,3692.6199,8.7192,0.0000,0.172377,"0.172483;0.172120;0.172377",24.695845,40492.64,,13.42,0,6980,10,True,nid006293,59116836
SparseHNSW_Bloom2_30_b5_s0x0_p512,"M=32 efC=1600 ef=400 alpha=0.85 beta=5 q=u8 pat=512 bloomH=2 bloomT=30 bloomSrc=pruned",64,0.9207879656,0.9837,3692.6199,8.7192,0.0000,0.307707,"0.307238;0.307707;0.308285",44.084097,22683.92,,13.42,0,6980,10,True,nid006293,59116836
SparseHNSW_Bloom2_30_b5_s0x0_p512,"M=32 efC=1600 ef=800 alpha=0.85 beta=5 q=u8 pat=512 bloomH=2 bloomT=30 bloomSrc=pruned",64,0.9585243553,0.9924,3692.6199,8.7192,0.0000,0.443621,"0.443621;0.443232;0.443842",63.556017,15734.15,,13.42,0,6980,10,True,nid006293,59116836
SparseHNSW_Bloom2_30_b5_s0x0_p512,"M=32 efC=1600 ef=1600 alpha=0.85 beta=5 q=u8 pat=512 bloomH=2 bloomT=30 bloomSrc=pruned",64,0.9792693410,0.9946,3692.6199,8.7192,0.0000,0.455960,"0.455960;0.455221;0.456296",65.323782,15308.36,,13.42,0,6980,10,True,nid006293,59116836
SparseHNSW_Bloom2_30_b5_s0x0_p512,"M=32 efC=1600 ef=3200 alpha=0.85 beta=5 q=u8 pat=512 bloomH=2 bloomT=30 bloomSrc=pruned",64,0.9894842407,0.9974,3692.6199,8.7192,0.0000,0.476241,"0.476443;0.476241;0.475947",68.229370,14656.44,,13.42,0,6980,10,True,nid006293,59116836
SparseHNSW_Bloom2_30_b5_s0x0_p512,"M=32 efC=1600 ef=6400 alpha=0.85 beta=5 q=u8 pat=512 bloomH=2 bloomT=30 bloomSrc=pruned",64,0.9942550143,0.9990,3692.6199,8.7192,0.0000,0.534392,"0.534392;0.534375;0.534529",76.560458,13061.57,,13.42,0,6980,10,True,nid006293,59116836
SparseHNSW_Bloom2_30_b8_s0x0_p512,"M=32 efC=1600 ef=20 alpha=0.85 beta=8 q=u8 pat=512 bloomH=2 bloomT=30 bloomSrc=pruned",64,0.8423495702,0.9413,3692.6199,8.7192,0.0000,0.086993,"0.086794;0.087172;0.086993",12.463181,80236.34,,13.42,0,6980,10,True,nid006293,59116836
SparseHNSW_Bloom2_30_b8_s0x0_p512,"M=32 efC=1600 ef=50 alpha=0.85 beta=8 q=u8 pat=512 bloomH=2 bloomT=30 bloomSrc=pruned",64,0.8423495702,0.9413,3692.6199,8.7192,0.0000,0.087315,"0.087315;0.087081;0.087322",12.509312,79940.45,,13.42,0,6980,10,True,nid006293,59116836
SparseHNSW_Bloom2_30_b8_s0x0_p512,"M=32 efC=1600 ef=100 alpha=0.85 beta=8 q=u8 pat=512 bloomH=2 bloomT=30 bloomSrc=pruned",64,0.8518767908,0.9501,3692.6199,8.7192,0.0000,0.102427,"0.102427;0.102513;0.102332",14.674355,68146.09,,13.42,0,6980,10,True,nid006293,59116836
SparseHNSW_Bloom2_30_b8_s0x0_p512,"M=32 efC=1600 ef=200 alpha=0.85 beta=8 q=u8 pat=512 bloomH=2 bloomT=30 bloomSrc=pruned",64,0.8831088825,0.9718,3692.6199,8.7192,0.0000,0.174609,"0.175070;0.174340;0.174609",25.015616,39975.03,,13.42,0,6980,10,True,nid006293,59116836
SparseHNSW_Bloom2_30_b8_s0x0_p512,"M=32 efC=1600 ef=400 alpha=0.85 beta=8 q=u8 pat=512 bloomH=2 bloomT=30 bloomSrc=pruned",64,0.9208595989,0.9837,3692.6199,8.7192,0.0000,0.310604,"0.311041;0.310406;0.310604",44.499140,22472.34,,13.42,0,6980,10,True,nid006293,59116836
SparseHNSW_Bloom2_30_b8_s0x0_p512,"M=32 efC=1600 ef=800 alpha=0.85 beta=8 q=u8 pat=512 bloomH=2 bloomT=30 bloomSrc=pruned",64,0.9587679083,0.9927,3692.6199,8.7192,0.0000,0.475173,"0.475328;0.474386;0.475173",68.076361,14689.39,,13.42,0,6980,10,True,nid006293,59116836
SparseHNSW_Bloom2_30_b8_s0x0_p512,"M=32 efC=1600 ef=1600 alpha=0.85 beta=8 q=u8 pat=512 bloomH=2 bloomT=30 bloomSrc=pruned",64,0.9795415473,0.9947,3692.6199,8.7192,0.0000,0.497536,"0.496979;0.497536;0.497674",71.280229,14029.14,,13.42,0,6980,10,True,nid006293,59116836
SparseHNSW_Bloom2_30_b8_s0x0_p512,"M=32 efC=1600 ef=3200 alpha=0.85 beta=8 q=u8 pat=512 bloomH=2 bloomT=30 bloomSrc=pruned",64,0.9896131805,0.9974,3692.6199,8.7192,0.0000,0.511028,"0.510583;0.511028;0.511500",73.213181,13658.74,,13.42,0,6980,10,True,nid006293,59116836
SparseHNSW_Bloom2_30_b8_s0x0_p512,"M=32 efC=1600 ef=6400 alpha=0.85 beta=8 q=u8 pat=512 bloomH=2 bloomT=30 bloomSrc=pruned",64,0.9943696275,0.9990,3692.6199,8.7192,0.0000,0.567705,"0.567604;0.567705;0.567918",81.333095,12295.12,,13.42,0,6980,10,True,nid006293,59116836
SparseHNSW_Bloom2_30_b12_s0x0_p512,"M=32 efC=1600 ef=20 alpha=0.85 beta=12 q=u8 pat=512 bloomH=2 bloomT=30 bloomSrc=pruned",64,0.8594555874,0.9560,3692.6199,8.7192,0.0000,0.119822,"0.120082;0.119822;0.119766",17.166476,58253.08,,13.42,0,6980,10,True,nid006293,59116836
SparseHNSW_Bloom2_30_b12_s0x0_p512,"M=32 efC=1600 ef=50 alpha=0.85 beta=12 q=u8 pat=512 bloomH=2 bloomT=30 bloomSrc=pruned",64,0.8594555874,0.9560,3692.6199,8.7192,0.0000,0.119405,"0.119386;0.119405;0.119589",17.106734,58456.51,,13.42,0,6980,10,True,nid006293,59116836
SparseHNSW_Bloom2_30_b12_s0x0_p512,"M=32 efC=1600 ef=100 alpha=0.85 beta=12 q=u8 pat=512 bloomH=2 bloomT=30 bloomSrc=pruned",64,0.8594555874,0.9560,3692.6199,8.7192,0.0000,0.119916,"0.120402;0.119916;0.119815",17.179943,58207.41,,13.42,0,6980,10,True,nid006293,59116836
SparseHNSW_Bloom2_30_b12_s0x0_p512,"M=32 efC=1600 ef=200 alpha=0.85 beta=12 q=u8 pat=512 bloomH=2 bloomT=30 bloomSrc=pruned",64,0.8831375358,0.9718,3692.6199,8.7192,0.0000,0.177515,"0.177210;0.177637;0.177515",25.431948,39320.62,,13.42,0,6980,10,True,nid006293,59116836
SparseHNSW_Bloom2_30_b12_s0x0_p512,"M=32 efC=1600 ef=400 alpha=0.85 beta=12 q=u8 pat=512 bloomH=2 bloomT=30 bloomSrc=pruned",64,0.9208882521,0.9837,3692.6199,8.7192,0.0000,0.313574,"0.313558;0.313574;0.313612",44.924642,22259.50,,13.42,0,6980,10,True,nid006293,59116836
SparseHNSW_Bloom2_30_b12_s0x0_p512,"M=32 efC=1600 ef=800 alpha=0.85 beta=12 q=u8 pat=512 bloomH=2 bloomT=30 bloomSrc=pruned",64,0.9588108883,0.9927,3692.6199,8.7192,0.0000,0.510910,"0.510910;0.510785;0.510956",73.196275,13661.90,,13.42,0,6980,10,True,nid006293,59116836
SparseHNSW_Bloom2_30_b12_s0x0_p512,"M=32 efC=1600 ef=1600 alpha=0.85 beta=12 q=u8 pat=512 bloomH=2 bloomT=30 bloomSrc=pruned",64,0.9796275072,0.9947,3692.6199,8.7192,0.0000,0.552796,"0.552281;0.552906;0.552796",79.197135,12626.72,,13.42,0,6980,10,True,nid006293,59116836
SparseHNSW_Bloom2_30_b12_s0x0_p512,"M=32 efC=1600 ef=3200 alpha=0.85 beta=12 q=u8 pat=512 bloomH=2 bloomT=30 bloomSrc=pruned",64,0.9897134670,0.9976,3692.6199,8.7192,0.0000,0.560163,"0.559998;0.560359;0.560163",80.252579,12460.66,,13.42,0,6980,10,True,nid006293,59116836
SparseHNSW_Bloom2_30_b12_s0x0_p512,"M=32 efC=1600 ef=6400 alpha=0.85 beta=12 q=u8 pat=512 bloomH=2 bloomT=30 bloomSrc=pruned",64,0.9944412607,0.9990,3692.6199,8.7192,0.0000,0.611707,"0.611871;0.611707;0.611459",87.637106,11410.69,,13.42,0,6980,10,True,nid006293,59116836
SparseHNSW_Bloom2_30_b16_s0x0_p512,"M=32 efC=1600 ef=20 alpha=0.85 beta=16 q=u8 pat=512 bloomH=2 bloomT=30 bloomSrc=pruned",64,0.8717908309,0.9642,3692.6199,8.7192,0.0000,0.150897,"0.150726;0.151010;0.150897",21.618481,46256.72,,13.42,0,6980,10,True,nid006293,59116836
SparseHNSW_Bloom2_30_b16_s0x0_p512,"M=32 efC=1600 ef=50 alpha=0.85 beta=16 q=u8 pat=512 bloomH=2 bloomT=30 bloomSrc=pruned",64,0.8717908309,0.9642,3692.6199,8.7192,0.0000,0.150449,"0.150257;0.150449;0.150552",21.554298,46394.46,,13.42,0,6980,10,True,nid006293,59116836
SparseHNSW_Bloom2_30_b16_s0x0_p512,"M=32 efC=1600 ef=100 alpha=0.85 beta=16 q=u8 pat=512 bloomH=2 bloomT=30 bloomSrc=pruned",64,0.8717908309,0.9642,3692.6199,8.7192,0.0000,0.150806,"0.150932;0.150627;0.150806",21.605444,46284.63,,13.42,0,6980,10,True,nid006293,59116836
SparseHNSW_Bloom2_30_b16_s0x0_p512,"M=32 efC=1600 ef=200 alpha=0.85 beta=16 q=u8 pat=512 bloomH=2 bloomT=30 bloomSrc=pruned",64,0.8831375358,0.9718,3692.6199,8.7192,0.0000,0.179153,"0.179211;0.178585;0.179153",25.666619,38961.11,,13.42,0,6980,10,True,nid006293,59116836
SparseHNSW_Bloom2_30_b16_s0x0_p512,"M=32 efC=1600 ef=400 alpha=0.85 beta=16 q=u8 pat=512 bloomH=2 bloomT=30 bloomSrc=pruned",64,0.9208882521,0.9837,3692.6199,8.7192,0.0000,0.315033,"0.314412;0.315077;0.315033",45.133668,22156.41,,13.42,0,6980,10,True,nid006293,59116836
SparseHNSW_Bloom2_30_b16_s0x0_p512,"M=32 efC=1600 ef=800 alpha=0.85 beta=16 q=u8 pat=512 bloomH=2 bloomT=30 bloomSrc=pruned",64,0.9588108883,0.9927,3692.6199,8.7192,0.0000,0.535848,"0.536412;0.535072;0.535848",76.769054,13026.08,,13.42,0,6980,10,True,nid006293,59116836
SparseHNSW_Bloom2_30_b16_s0x0_p512,"M=32 efC=1600 ef=1600 alpha=0.85 beta=16 q=u8 pat=512 bloomH=2 bloomT=30 bloomSrc=pruned",64,0.9796418338,0.9947,3692.6199,8.7192,0.0000,0.608543,"0.608733;0.608543;0.608114",87.183811,11470.02,,13.42,0,6980,10,True,nid006293,59116836
SparseHNSW_Bloom2_30_b16_s0x0_p512,"M=32 efC=1600 ef=3200 alpha=0.85 beta=16 q=u8 pat=512 bloomH=2 bloomT=30 bloomSrc=pruned",64,0.9897277937,0.9976,3692.6199,8.7192,0.0000,0.606262,"0.605785;0.606262;0.606495",86.857020,11513.17,,13.42,0,6980,10,True,nid006293,59116836
SparseHNSW_Bloom2_30_b16_s0x0_p512,"M=32 efC=1600 ef=6400 alpha=0.85 beta=16 q=u8 pat=512 bloomH=2 bloomT=30 bloomSrc=pruned",64,0.9945988539,0.9991,3692.6199,8.7192,0.0000,0.658779,"0.658779;0.658773;0.658954",94.380946,10595.36,,13.42,0,6980,10,True,nid006293,59116836
SparseHNSW_Bloom2_30_b2_s8x4_p512,"M=32 efC=1600 ef=20 alpha=0.85 beta=2 q=u8 seedT=8 seedH=8 seedS=4 pat=512 bloomH=2 bloomT=30 bloomSrc=pruned",64,0.8331518625,0.9596,3692.6199,8.7192,0.0000,0.041294,"0.040660;0.041294;0.041465",5.916046,169031.82,,13.42,0,6980,10,True,nid006293,59116836
SparseHNSW_Bloom2_30_b2_s8x4_p512,"M=32 efC=1600 ef=50 alpha=0.85 beta=2 q=u8 seedT=8 seedH=8 seedS=4 pat=512 bloomH=2 bloomT=30 bloomSrc=pruned",64,0.8501719198,0.9692,3692.6199,8.7192,0.0000,0.056333,"0.056176;0.056372;0.056333",8.070630,123906.06,,13.42,0,6980,10,True,nid006293,59116836
SparseHNSW_Bloom2_30_b2_s8x4_p512,"M=32 efC=1600 ef=100 alpha=0.85 beta=2 q=u8 seedT=8 seedH=8 seedS=4 pat=512 bloomH=2 bloomT=30 bloomSrc=pruned",64,0.8758452722,0.9809,3692.6199,8.7192,0.0000,0.095683,"0.095638;0.095798;0.095683",13.708166,72949.22,,13.42,0,6980,10,True,nid006293,59116836
SparseHNSW_Bloom2_30_b2_s8x4_p512,"M=32 efC=1600 ef=200 alpha=0.85 beta=2 q=u8 seedT=8 seedH=8 seedS=4 pat=512 bloomH=2 bloomT=30 bloomSrc=pruned",64,0.9095702006,0.9900,3692.6199,8.7192,0.0000,0.167929,"0.167842;0.169232;0.167929",24.058596,41565.19,,13.42,0,6980,10,True,nid006293,59116836
SparseHNSW_Bloom2_30_b2_s8x4_p512,"M=32 efC=1600 ef=400 alpha=0.85 beta=2 q=u8 seedT=8 seedH=8 seedS=4 pat=512 bloomH=2 bloomT=30 bloomSrc=pruned",64,0.9483810888,0.9951,3692.6199,8.7192,0.0000,0.305062,"0.305432;0.304913;0.305062",43.705158,22880.59,,13.42,0,6980,10,True,nid006293,59116836
SparseHNSW_Bloom2_30_b2_s8x4_p512,"M=32 efC=1600 ef=800 alpha=0.85 beta=2 q=u8 seedT=8 seedH=8 seedS=4 pat=512 bloomH=2 bloomT=30 bloomSrc=pruned",64,0.9737535817,0.9984,3692.6199,8.7192,0.0000,0.405151,"0.404513;0.405532;0.405151",58.044556,17228.14,,13.42,0,6980,10,True,nid006293,59116836
SparseHNSW_Bloom2_30_b2_s8x4_p512,"M=32 efC=1600 ef=1600 alpha=0.85 beta=2 q=u8 seedT=8 seedH=8 seedS=4 pat=512 bloomH=2 bloomT=30 bloomSrc=pruned",64,0.9838968481,0.9989,3692.6199,8.7192,0.0000,0.415626,"0.415626;0.415905;0.415590",59.545272,16793.94,,13.42,0,6980,10,True,nid006293,59116836
SparseHNSW_Bloom2_30_b2_s8x4_p512,"M=32 efC=1600 ef=3200 alpha=0.85 beta=2 q=u8 seedT=8 seedH=8 seedS=4 pat=512 bloomH=2 bloomT=30 bloomSrc=pruned",64,0.9892406877,0.9999,3692.6199,8.7192,0.0000,0.439376,"0.439376;0.438602;0.439624",62.947851,15886.17,,13.42,0,6980,10,True,nid006293,59116836
SparseHNSW_Bloom2_30_b2_s8x4_p512,"M=32 efC=1600 ef=6400 alpha=0.85 beta=2 q=u8 seedT=8 seedH=8 seedS=4 pat=512 bloomH=2 bloomT=30 bloomSrc=pruned",64,0.9916475645,0.9999,3692.6199,8.7192,0.0000,0.498147,"0.498147;0.497760;0.498604",71.367765,14011.93,,13.42,0,6980,10,True,nid006293,59116836
SparseHNSW_Bloom2_30_b3_s8x4_p512,"M=32 efC=1600 ef=20 alpha=0.85 beta=3 q=u8 seedT=8 seedH=8 seedS=4 pat=512 bloomH=2 bloomT=30 bloomSrc=pruned",64,0.8351146132,0.9597,3692.6199,8.7192,0.0000,0.042315,"0.041793;0.042315;0.042366",6.062321,164953.33,,13.42,0,6980,10,True,nid006293,59116836
SparseHNSW_Bloom2_30_b3_s8x4_p512,"M=32 efC=1600 ef=50 alpha=0.85 beta=3 q=u8 seedT=8 seedH=8 seedS=4 pat=512 bloomH=2 bloomT=30 bloomSrc=pruned",64,0.8523495702,0.9692,3692.6199,8.7192,0.0000,0.056749,"0.056666;0.056749;0.056913",8.130229,122997.76,,13.42,0,6980,10,True,nid006293,59116836
SparseHNSW_Bloom2_30_b3_s8x4_p512,"M=32 efC=1600 ef=100 alpha=0.85 beta=3 q=u8 seedT=8 seedH=8 seedS=4 pat=512 bloomH=2 bloomT=30 bloomSrc=pruned",64,0.8781518625,0.9809,3692.6199,8.7192,0.0000,0.096324,"0.096659;0.096116;0.096324",13.800000,72463.77,,13.42,0,6980,10,True,nid006293,59116836
SparseHNSW_Bloom2_30_b3_s8x4_p512,"M=32 efC=1600 ef=200 alpha=0.85 beta=3 q=u8 seedT=8 seedH=8 seedS=4 pat=512 bloomH=2 bloomT=30 bloomSrc=pruned",64,0.9120487106,0.9900,3692.6199,8.7192,0.0000,0.168662,"0.168218;0.168662;0.168856",24.163610,41384.54,,13.42,0,6980,10,True,nid006293,59116836
SparseHNSW_Bloom2_30_b3_s8x4_p512,"M=32 efC=1600 ef=400 alpha=0.85 beta=3 q=u8 seedT=8 seedH=8 seedS=4 pat=512 bloomH=2 bloomT=30 bloomSrc=pruned",64,0.9509885387,0.9951,3692.6199,8.7192,0.0000,0.305923,"0.306029;0.305843;0.305923",43.828510,22816.20,,13.42,0,6980,10,True,nid006293,59116836
SparseHNSW_Bloom2_30_b3_s8x4_p512,"M=32 efC=1600 ef=800 alpha=0.85 beta=3 q=u8 seedT=8 seedH=8 seedS=4 pat=512 bloomH=2 bloomT=30 bloomSrc=pruned",64,0.9767621777,0.9984,3692.6199,8.7192,0.0000,0.416367,"0.416591;0.416367;0.416072",59.651433,16764.06,,13.42,0,6980,10,True,nid006293,59116836
SparseHNSW_Bloom2_30_b3_s8x4_p512,"M=32 efC=1600 ef=1600 alpha=0.85 beta=3 q=u8 seedT=8 seedH=8 seedS=4 pat=512 bloomH=2 bloomT=30 bloomSrc=pruned",64,0.9871919771,0.9989,3692.6199,8.7192,0.0000,0.428357,"0.428630;0.428271;0.428357",61.369198,16294.82,,13.42,0,6980,10,True,nid006293,59116836
SparseHNSW_Bloom2_30_b3_s8x4_p512,"M=32 efC=1600 ef=3200 alpha=0.85 beta=3 q=u8 seedT=8 seedH=8 seedS=4 pat=512 bloomH=2 bloomT=30 bloomSrc=pruned",64,0.9927077364,1.0000,3692.6199,8.7192,0.0000,0.450444,"0.450444;0.450488;0.450238",64.533524,15495.82,,13.42,0,6980,10,True,nid006293,59116836
SparseHNSW_Bloom2_30_b3_s8x4_p512,"M=32 efC=1600 ef=6400 alpha=0.85 beta=3 q=u8 seedT=8 seedH=8 seedS=4 pat=512 bloomH=2 bloomT=30 bloomSrc=pruned",64,0.9951575931,1.0000,3692.6199,8.7192,0.0000,0.509001,"0.509212;0.509001;0.508921",72.922779,13713.14,,13.42,0,6980,10,True,nid006293,59116836
SparseHNSW_Bloom2_30_b4_s8x4_p512,"M=32 efC=1600 ef=20 alpha=0.85 beta=4 q=u8 seedT=8 seedH=8 seedS=4 pat=512 bloomH=2 bloomT=30 bloomSrc=pruned",64,0.8455157593,0.9659,3692.6199,8.7192,0.0000,0.048818,"0.048432;0.048818;0.049006",6.993983,142980.05,,13.42,0,6980,10,True,nid006293,59116836
SparseHNSW_Bloom2_30_b4_s8x4_p512,"M=32 efC=1600 ef=50 alpha=0.85 beta=4 q=u8 seedT=8 seedH=8 seedS=4 pat=512 bloomH=2 bloomT=30 bloomSrc=pruned",64,0.8527507163,0.9692,3692.6199,8.7192,0.0000,0.057601,"0.057601;0.057649;0.057490",8.252292,121178.45,,13.42,0,6980,10,True,nid006293,59116836
SparseHNSW_Bloom2_30_b4_s8x4_p512,"M=32 efC=1600 ef=100 alpha=0.85 beta=4 q=u8 seedT=8 seedH=8 seedS=4 pat=512 bloomH=2 bloomT=30 bloomSrc=pruned",64,0.8785959885,0.9809,3692.6199,8.7192,0.0000,0.096939,"0.096683;0.096939;0.096955",13.888109,72004.04,,13.42,0,6980,10,True,nid006293,59116836
SparseHNSW_Bloom2_30_b4_s8x4_p512,"M=32 efC=1600 ef=200 alpha=0.85 beta=4 q=u8 seedT=8 seedH=8 seedS=4 pat=512 bloomH=2 bloomT=30 bloomSrc=pruned",64,0.9125501433,0.9900,3692.6199,8.7192,0.0000,0.169527,"0.169380;0.169686;0.169527",24.287536,41173.38,,13.42,0,6980,10,True,nid006293,59116836
SparseHNSW_Bloom2_30_b4_s8x4_p512,"M=32 efC=1600 ef=400 alpha=0.85 beta=4 q=u8 seedT=8 seedH=8 seedS=4 pat=512 bloomH=2 bloomT=30 bloomSrc=pruned",64,0.9515472779,0.9951,3692.6199,8.7192,0.0000,0.306938,"0.306933;0.306938;0.307121",43.973926,22740.75,,13.42,0,6980,10,True,nid006293,59116836
SparseHNSW_Bloom2_30_b4_s8x4_p512,"M=32 efC=1600 ef=800 alpha=0.85 beta=4 q=u8 seedT=8 seedH=8 seedS=4 pat=512 bloomH=2 bloomT=30 bloomSrc=pruned",64,0.9773638968,0.9984,3692.6199,8.7192,0.0000,0.428263,"0.428263;0.428773;0.427866",61.355731,16298.40,,13.42,0,6980,10,True,nid006293,59116836
SparseHNSW_Bloom2_30_b4_s8x4_p512,"M=32 efC=1600 ef=1600 alpha=0.85 beta=4 q=u8 seedT=8 seedH=8 seedS=4 pat=512 bloomH=2 bloomT=30 bloomSrc=pruned",64,0.9878510029,0.9989,3692.6199,8.7192,0.0000,0.440302,"0.440302;0.440428;0.439551",63.080516,15852.76,,13.42,0,6980,10,True,nid006293,59116836
SparseHNSW_Bloom2_30_b4_s8x4_p512,"M=32 efC=1600 ef=3200 alpha=0.85 beta=4 q=u8 seedT=8 seedH=8 seedS=4 pat=512 bloomH=2 bloomT=30 bloomSrc=pruned",64,0.9933954155,1.0000,3692.6199,8.7192,0.0000,0.461843,"0.461611;0.461843;0.462244",66.166619,15113.36,,13.42,0,6980,10,True,nid006293,59116836
SparseHNSW_Bloom2_30_b4_s8x4_p512,"M=32 efC=1600 ef=6400 alpha=0.85 beta=4 q=u8 seedT=8 seedH=8 seedS=4 pat=512 bloomH=2 bloomT=30 bloomSrc=pruned",64,0.9958309456,1.0000,3692.6199,8.7192,0.0000,0.520611,"0.520611;0.520633;0.520542",74.586103,13407.32,,13.42,0,6980,10,True,nid006293,59116836
SparseHNSW_Bloom2_30_b5_s8x4_p512,"M=32 efC=1600 ef=20 alpha=0.85 beta=5 q=u8 seedT=8 seedH=8 seedS=4 pat=512 bloomH=2 bloomT=30 bloomSrc=pruned",64,0.8528510029,0.9692,3692.6199,8.7192,0.0000,0.058143,"0.057379;0.058143;0.058297",8.329943,120048.85,,13.42,0,6980,10,True,nid006293,59116836
SparseHNSW_Bloom2_30_b5_s8x4_p512,"M=32 efC=1600 ef=50 alpha=0.85 beta=5 q=u8 seedT=8 seedH=8 seedS=4 pat=512 bloomH=2 bloomT=30 bloomSrc=pruned",64,0.8528510029,0.9692,3692.6199,8.7192,0.0000,0.057940,"0.057940;0.058041;0.057930",8.300860,120469.45,,13.42,0,6980,10,True,nid006293,59116836
SparseHNSW_Bloom2_30_b5_s8x4_p512,"M=32 efC=1600 ef=100 alpha=0.85 beta=5 q=u8 seedT=8 seedH=8 seedS=4 pat=512 bloomH=2 bloomT=30 bloomSrc=pruned",64,0.8787106017,0.9809,3692.6199,8.7192,0.0000,0.097790,"0.097906;0.097790;0.097674",14.010029,71377.44,,13.42,0,6980,10,True,nid006293,59116836
SparseHNSW_Bloom2_30_b5_s8x4_p512,"M=32 efC=1600 ef=200 alpha=0.85 beta=5 q=u8 seedT=8 seedH=8 seedS=4 pat=512 bloomH=2 bloomT=30 bloomSrc=pruned",64,0.9126790831,0.9900,3692.6199,8.7192,0.0000,0.170428,"0.170461;0.170428;0.169949",24.416619,40955.71,,13.42,0,6980,10,True,nid006293,59116836
SparseHNSW_Bloom2_30_b5_s8x4_p512,"M=32 efC=1600 ef=400 alpha=0.85 beta=5 q=u8 seedT=8 seedH=8 seedS=4 pat=512 bloomH=2 bloomT=30 bloomSrc=pruned",64,0.9516905444,0.9951,3692.6199,8.7192,0.0000,0.307728,"0.307728;0.307610;0.307871",44.087106,22682.37,,13.42,0,6980,10,True,nid006293,59116836
SparseHNSW_Bloom2_30_b5_s8x4_p512,"M=32 efC=1600 ef=800 alpha=0.85 beta=5 q=u8 seedT=8 seedH=8 seedS=4 pat=512 bloomH=2 bloomT=30 bloomSrc=pruned",64,0.9775787966,0.9984,3692.6199,8.7192,0.0000,0.438823,"0.438823;0.438785;0.438918",62.868625,15906.19,,13.42,0,6980,10,True,nid006293,59116836
SparseHNSW_Bloom2_30_b5_s8x4_p512,"M=32 efC=1600 ef=1600 alpha=0.85 beta=5 q=u8 seedT=8 seedH=8 seedS=4 pat=512 bloomH=2 bloomT=30 bloomSrc=pruned",64,0.9880515759,0.9989,3692.6199,8.7192,0.0000,0.452720,"0.453036;0.452431;0.452720",64.859599,15417.92,,13.42,0,6980,10,True,nid006293,59116836
SparseHNSW_Bloom2_30_b5_s8x4_p512,"M=32 efC=1600 ef=3200 alpha=0.85 beta=5 q=u8 seedT=8 seedH=8 seedS=4 pat=512 bloomH=2 bloomT=30 bloomSrc=pruned",64,0.9936103152,1.0000,3692.6199,8.7192,0.0000,0.474208,"0.473613;0.474208;0.474282",67.938109,14719.28,,13.42,0,6980,10,True,nid006293,59116836
SparseHNSW_Bloom2_30_b5_s8x4_p512,"M=32 efC=1600 ef=6400 alpha=0.85 beta=5 q=u8 seedT=8 seedH=8 seedS=4 pat=512 bloomH=2 bloomT=30 bloomSrc=pruned",64,0.9960315186,1.0000,3692.6199,8.7192,0.0000,0.532894,"0.532297;0.532894;0.533799",76.345845,13098.29,,13.42,0,6980,10,True,nid006293,59116836
SparseHNSW_Bloom2_30_b8_s8x4_p512,"M=32 efC=1600 ef=20 alpha=0.85 beta=8 q=u8 seedT=8 seedH=8 seedS=4 pat=512 bloomH=2 bloomT=30 bloomSrc=pruned",64,0.8707163324,0.9782,3692.6199,8.7192,0.0000,0.084252,"0.084252;0.084613;0.084215",12.070487,82846.70,,13.42,0,6980,10,True,nid006293,59116836
SparseHNSW_Bloom2_30_b8_s8x4_p512,"M=32 efC=1600 ef=50 alpha=0.85 beta=8 q=u8 seedT=8 seedH=8 seedS=4 pat=512 bloomH=2 bloomT=30 bloomSrc=pruned",64,0.8707163324,0.9782,3692.6199,8.7192,0.0000,0.084353,"0.084353;0.084423;0.083860",12.084957,82747.50,,13.42,0,6980,10,True,nid006293,59116836
SparseHNSW_Bloom2_30_b8_s8x4_p512,"M=32 efC=1600 ef=100 alpha=0.85 beta=8 q=u8 seedT=8 seedH=8 seedS=4 pat=512 bloomH=2 bloomT=30 bloomSrc=pruned",64,0.8787822350,0.9809,3692.6199,8.7192,0.0000,0.099767,"0.099767;0.100070;0.099729",14.293266,69963.01,,13.42,0,6980,10,True,nid006293,59116836
SparseHNSW_Bloom2_30_b8_s8x4_p512,"M=32 efC=1600 ef=200 alpha=0.85 beta=8 q=u8 seedT=8 seedH=8 seedS=4 pat=512 bloomH=2 bloomT=30 bloomSrc=pruned",64,0.9127507163,0.9900,3692.6199,8.7192,0.0000,0.172644,"0.172546;0.172644;0.172742",24.734097,40430.02,,13.42,0,6980,10,True,nid006293,59116836
SparseHNSW_Bloom2_30_b8_s8x4_p512,"M=32 efC=1600 ef=400 alpha=0.85 beta=8 q=u8 seedT=8 seedH=8 seedS=4 pat=512 bloomH=2 bloomT=30 bloomSrc=pruned",64,0.9517621777,0.9951,3692.6199,8.7192,0.0000,0.310534,"0.310202;0.310534;0.310687",44.489112,22477.41,,13.42,0,6980,10,True,nid006293,59116836
SparseHNSW_Bloom2_30_b8_s8x4_p512,"M=32 efC=1600 ef=800 alpha=0.85 beta=8 q=u8 seedT=8 seedH=8 seedS=4 pat=512 bloomH=2 bloomT=30 bloomSrc=pruned",64,0.9776647564,0.9984,3692.6199,8.7192,0.0000,0.470493,"0.470464;0.470843;0.470493",67.405874,14835.50,,13.42,0,6980,10,True,nid006293,59116836
SparseHNSW_Bloom2_30_b8_s8x4_p512,"M=32 efC=1600 ef=1600 alpha=0.85 beta=8 q=u8 seedT=8 seedH=8 seedS=4 pat=512 bloomH=2 bloomT=30 bloomSrc=pruned",64,0.9881948424,0.9989,3692.6199,8.7192,0.0000,0.489891,"0.489891;0.489902;0.489850",70.184957,14248.07,,13.42,0,6980,10,True,nid006293,59116836
SparseHNSW_Bloom2_30_b8_s8x4_p512,"M=32 efC=1600 ef=3200 alpha=0.85 beta=8 q=u8 seedT=8 seedH=8 seedS=4 pat=512 bloomH=2 bloomT=30 bloomSrc=pruned",64,0.9937392550,1.0000,3692.6199,8.7192,0.0000,0.507484,"0.508336;0.507484;0.507191",72.705444,13754.13,,13.42,0,6980,10,True,nid006293,59116836
SparseHNSW_Bloom2_30_b8_s8x4_p512,"M=32 efC=1600 ef=6400 alpha=0.85 beta=8 q=u8 seedT=8 seedH=8 seedS=4 pat=512 bloomH=2 bloomT=30 bloomSrc=pruned",64,0.9961891117,1.0000,3692.6199,8.7192,0.0000,0.568354,"0.568354;0.568292;0.568498",81.426074,12281.08,,13.42,0,6980,10,True,nid006293,59116836
SparseHNSW_Bloom2_30_b12_s8x4_p512,"M=32 efC=1600 ef=20 alpha=0.85 beta=12 q=u8 seedT=8 seedH=8 seedS=4 pat=512 bloomH=2 bloomT=30 bloomSrc=pruned",64,0.8859885387,0.9840,3692.6199,8.7192,0.0000,0.117287,"0.117287;0.117870;0.117171",16.803295,59512.14,,13.42,0,6980,10,True,nid006293,59116836
SparseHNSW_Bloom2_30_b12_s8x4_p512,"M=32 efC=1600 ef=50 alpha=0.85 beta=12 q=u8 seedT=8 seedH=8 seedS=4 pat=512 bloomH=2 bloomT=30 bloomSrc=pruned",64,0.8859885387,0.9840,3692.6199,8.7192,0.0000,0.117397,"0.117397;0.117351;0.117505",16.819054,59456.37,,13.42,0,6980,10,True,nid006293,59116836
SparseHNSW_Bloom2_30_b12_s8x4_p512,"M=32 efC=1600 ef=100 alpha=0.85 beta=12 q=u8 seedT=8 seedH=8 seedS=4 pat=512 bloomH=2 bloomT=30 bloomSrc=pruned",64,0.8859885387,0.9840,3692.6199,8.7192,0.0000,0.117258,"0.117258;0.116922;0.117524",16.799140,59526.86,,13.42,0,6980,10,True,nid006293,59116836
SparseHNSW_Bloom2_30_b12_s8x4_p512,"M=32 efC=1600 ef=200 alpha=0.85 beta=12 q=u8 seedT=8 seedH=8 seedS=4 pat=512 bloomH=2 bloomT=30 bloomSrc=pruned",64,0.9127793696,0.9900,3692.6199,8.7192,0.0000,0.175482,"0.175482;0.175475;0.175675",25.140688,39776.16,,13.42,0,6980,10,True,nid006293,59116836
SparseHNSW_Bloom2_30_b12_s8x4_p512,"M=32 efC=1600 ef=400 alpha=0.85 beta=12 q=u8 seedT=8 seedH=8 seedS=4 pat=512 bloomH=2 bloomT=30 bloomSrc=pruned",64,0.9517908309,0.9951,3692.6199,8.7192,0.0000,0.313331,"0.313331;0.313001;0.313708",44.889828,22276.76,,13.42,0,6980,10,True,nid006293,59116836
SparseHNSW_Bloom2_30_b12_s8x4_p512,"M=32 efC=1600 ef=800 alpha=0.85 beta=12 q=u8 seedT=8 seedH=8 seedS=4 pat=512 bloomH=2 bloomT=30 bloomSrc=pruned",64,0.9776934097,0.9984,3692.6199,8.7192,0.0000,0.509494,"0.509494;0.509372;0.509758",72.993410,13699.87,,13.42,0,6980,10,True,nid006293,59116836
SparseHNSW_Bloom2_30_b12_s8x4_p512,"M=32 efC=1600 ef=1600 alpha=0.85 beta=12 q=u8 seedT=8 seedH=8 seedS=4 pat=512 bloomH=2 bloomT=30 bloomSrc=pruned",64,0.9882664756,0.9989,3692.6199,8.7192,0.0000,0.545758,"0.546478;0.545673;0.545758",78.188825,12789.55,,13.42,0,6980,10,True,nid006293,59116836
SparseHNSW_Bloom2_30_b12_s8x4_p512,"M=32 efC=1600 ef=3200 alpha=0.85 beta=12 q=u8 seedT=8 seedH=8 seedS=4 pat=512 bloomH=2 bloomT=30 bloomSrc=pruned",64,0.9938108883,1.0000,3692.6199,8.7192,0.0000,0.554373,"0.553729;0.554471;0.554373",79.423066,12590.80,,13.42,0,6980,10,True,nid006293,59116836
SparseHNSW_Bloom2_30_b12_s8x4_p512,"M=32 efC=1600 ef=6400 alpha=0.85 beta=12 q=u8 seedT=8 seedH=8 seedS=4 pat=512 bloomH=2 bloomT=30 bloomSrc=pruned",64,0.9962607450,1.0000,3692.6199,8.7192,0.0000,0.610584,"0.610461;0.611173;0.610584",87.476218,11431.68,,13.42,0,6980,10,True,nid006293,59116836
SparseHNSW_Bloom2_30_b16_s8x4_p512,"M=32 efC=1600 ef=20 alpha=0.85 beta=16 q=u8 seedT=8 seedH=8 seedS=4 pat=512 bloomH=2 bloomT=30 bloomSrc=pruned",64,0.8999570201,0.9883,3692.6199,8.7192,0.0000,0.148665,"0.148449;0.148665;0.149014",21.298711,46951.20,,13.42,0,6980,10,True,nid006293,59116836
SparseHNSW_Bloom2_30_b16_s8x4_p512,"M=32 efC=1600 ef=50 alpha=0.85 beta=16 q=u8 seedT=8 seedH=8 seedS=4 pat=512 bloomH=2 bloomT=30 bloomSrc=pruned",64,0.8999570201,0.9883,3692.6199,8.7192,0.0000,0.148415,"0.148415;0.148727;0.148320",21.262894,47030.29,,13.42,0,6980,10,True,nid006293,59116836
SparseHNSW_Bloom2_30_b16_s8x4_p512,"M=32 efC=1600 ef=100 alpha=0.85 beta=16 q=u8 seedT=8 seedH=8 seedS=4 pat=512 bloomH=2 bloomT=30 bloomSrc=pruned",64,0.8999570201,0.9883,3692.6199,8.7192,0.0000,0.148556,"0.148213;0.148556;0.148661",21.283095,46985.65,,13.42,0,6980,10,True,nid006293,59116836
SparseHNSW_Bloom2_30_b16_s8x4_p512,"M=32 efC=1600 ef=200 alpha=0.85 beta=16 q=u8 seedT=8 seedH=8 seedS=4 pat=512 bloomH=2 bloomT=30 bloomSrc=pruned",64,0.9127793696,0.9900,3692.6199,8.7192,0.0000,0.177067,"0.177067;0.177119;0.176948",25.367765,39420.11,,13.42,0,6980,10,True,nid006293,59116836
SparseHNSW_Bloom2_30_b16_s8x4_p512,"M=32 efC=1600 ef=400 alpha=0.85 beta=16 q=u8 seedT=8 seedH=8 seedS=4 pat=512 bloomH=2 bloomT=30 bloomSrc=pruned",64,0.9517908309,0.9951,3692.6199,8.7192,0.0000,0.314846,"0.314970;0.314675;0.314846",45.106877,22169.57,,13.42,0,6980,10,True,nid006293,59116836
SparseHNSW_Bloom2_30_b16_s8x4_p512,"M=32 efC=1600 ef=800 alpha=0.85 beta=16 q=u8 seedT=8 seedH=8 seedS=4 pat=512 bloomH=2 bloomT=30 bloomSrc=pruned",64,0.9777363897,0.9984,3692.6199,8.7192,0.0000,0.535579,"0.535009;0.536234;0.535579",76.730516,13032.62,,13.42,0,6980,10,True,nid006293,59116836
SparseHNSW_Bloom2_30_b16_s8x4_p512,"M=32 efC=1600 ef=1600 alpha=0.85 beta=16 q=u8 seedT=8 seedH=8 seedS=4 pat=512 bloomH=2 bloomT=30 bloomSrc=pruned",64,0.9883381089,0.9990,3692.6199,8.7192,0.0000,0.596756,"0.596756;0.596295;0.596890",85.495129,11696.57,,13.42,0,6980,10,True,nid006293,59116836
SparseHNSW_Bloom2_30_b16_s8x4_p512,"M=32 efC=1600 ef=3200 alpha=0.85 beta=16 q=u8 seedT=8 seedH=8 seedS=4 pat=512 bloomH=2 bloomT=30 bloomSrc=pruned",64,0.9938538682,1.0000,3692.6199,8.7192,0.0000,0.604485,"0.604485;0.604437;0.604946",86.602436,11547.02,,13.42,0,6980,10,True,nid006293,59116836
SparseHNSW_Bloom2_30_b16_s8x4_p512,"M=32 efC=1600 ef=6400 alpha=0.85 beta=16 q=u8 seedT=8 seedH=8 seedS=4 pat=512 bloomH=2 bloomT=30 bloomSrc=pruned",64,0.9963180516,1.0000,3692.6199,8.7192,0.0000,0.658009,"0.658173;0.657843;0.658009",94.270630,10607.76,,13.42,0,6980,10,True,nid006293,59116836
SparseHNSW_Bloom2_30_b2_s0x0_p2048,"M=32 efC=1600 ef=20 alpha=0.85 beta=2 q=u8 pat=2048 bloomH=2 bloomT=30 bloomSrc=pruned",64,0.7508166189,0.8626,3692.6199,8.7192,0.0000,0.031038,"0.030383;0.031038;0.031293",4.446705,224885.62,,13.42,0,6980,10,True,nid006293,59116836
SparseHNSW_Bloom2_30_b2_s0x0_p2048,"M=32 efC=1600 ef=50 alpha=0.85 beta=2 q=u8 pat=2048 bloomH=2 bloomT=30 bloomSrc=pruned",64,0.8181805158,0.9222,3692.6199,8.7192,0.0000,0.058600,"0.058377;0.058600;0.058777",8.395415,119112.63,,13.42,0,6980,10,True,nid006293,59116836
SparseHNSW_Bloom2_30_b2_s0x0_p2048,"M=32 efC=1600 ef=100 alpha=0.85 beta=2 q=u8 pat=2048 bloomH=2 bloomT=30 bloomSrc=pruned",64,0.8490114613,0.9501,3692.6199,8.7192,0.0000,0.097994,"0.097994;0.097963;0.097996",14.039255,71228.85,,13.42,0,6980,10,True,nid006293,59116836
SparseHNSW_Bloom2_30_b2_s0x0_p2048,"M=32 efC=1600 ef=200 alpha=0.85 beta=2 q=u8 pat=2048 bloomH=2 bloomT=30 bloomSrc=pruned",64,0.8800143266,0.9718,3692.6199,8.7192,0.0000,0.170128,"0.170128;0.169882;0.170139",24.373639,41027.93,,13.42,0,6980,10,True,nid006293,59116836
SparseHNSW_Bloom2_30_b2_s0x0_p2048,"M=32 efC=1600 ef=400 alpha=0.85 beta=2 q=u8 pat=2048 bloomH=2 bloomT=30 bloomSrc=pruned",64,0.9175358166,0.9837,3692.6199,8.7192,0.0000,0.305402,"0.305647;0.305245;0.305402",43.753868,22855.12,,13.42,0,6980,10,True,nid006293,59116836
SparseHNSW_Bloom2_30_b2_s0x0_p2048,"M=32 efC=1600 ef=800 alpha=0.85 beta=2 q=u8 pat=2048 bloomH=2 bloomT=30 bloomSrc=pruned",64,0.9550859599,0.9927,3692.6199,8.7192,0.0000,0.562256,"0.562285;0.562124;0.562256",80.552436,12414.27,,13.42,0,6980,10,True,nid006293,59116836
SparseHNSW_Bloom2_30_b2_s0x0_p2048,"M=32 efC=1600 ef=1600 alpha=0.85 beta=2 q=u8 pat=2048 bloomH=2 bloomT=30 bloomSrc=pruned",64,0.9761747851,0.9958,3692.6199,8.7192,0.0000,1.044887,"1.045049;1.044887;1.044852",149.697278,6680.15,,13.42,0,6980,10,True,nid006293,59116836
SparseHNSW_Bloom2_30_b2_s0x0_p2048,"M=32 efC=1600 ef=3200 alpha=0.85 beta=2 q=u8 pat=2048 bloomH=2 bloomT=30 bloomSrc=pruned",64,0.9862320917,0.9984,3692.6199,8.7192,0.0000,1.337434,"1.336869;1.338183;1.337434",191.609456,5218.95,,13.42,0,6980,10,True,nid006293,59116836
SparseHNSW_Bloom2_30_b2_s0x0_p2048,"M=32 efC=1600 ef=6400 alpha=0.85 beta=2 q=u8 pat=2048 bloomH=2 bloomT=30 bloomSrc=pruned",64,0.9907593123,0.9996,3692.6199,8.7192,0.0000,1.375550,"1.375221;1.375554;1.375550",197.070201,5074.33,,13.42,0,6980,10,True,nid006293,59116836
SparseHNSW_Bloom2_30_b3_s0x0_p2048,"M=32 efC=1600 ef=20 alpha=0.85 beta=3 q=u8 pat=2048 bloomH=2 bloomT=30 bloomSrc=pruned",64,0.7891690544,0.8950,3692.6199,8.7192,0.0000,0.041711,"0.041108;0.041711;0.041841",5.975788,167341.95,,13.42,0,6980,10,True,nid006293,59116836
SparseHNSW_Bloom2_30_b3_s0x0_p2048,"M=32 efC=1600 ef=50 alpha=0.85 beta=3 q=u8 pat=2048 bloomH=2 bloomT=30 bloomSrc=pruned",64,0.8202865330,0.9222,3692.6199,8.7192,0.0000,0.059539,"0.059539;0.059447;0.059629",8.529943,117234.08,,13.42,0,6980,10,True,nid006293,59116836
SparseHNSW_Bloom2_30_b3_s0x0_p2048,"M=32 efC=1600 ef=100 alpha=0.85 beta=3 q=u8 pat=2048 bloomH=2 bloomT=30 bloomSrc=pruned",64,0.8512893983,0.9501,3692.6199,8.7192,0.0000,0.098855,"0.098553;0.098855;0.099007",14.162607,70608.47,,13.42,0,6980,10,True,nid006293,59116836
SparseHNSW_Bloom2_30_b3_s0x0_p2048,"M=32 efC=1600 ef=200 alpha=0.85 beta=3 q=u8 pat=2048 bloomH=2 bloomT=30 bloomSrc=pruned",64,0.8823925501,0.9718,3692.6199,8.7192,0.0000,0.170440,"0.170440;0.170417;0.170473",24.418338,40952.83,,13.42,0,6980,10,True,nid006293,59116836
SparseHNSW_Bloom2_30_b3_s0x0_p2048,"M=32 efC=1600 ef=400 alpha=0.85 beta=3 q=u8 pat=2048 bloomH=2 bloomT=30 bloomSrc=pruned",64,0.9201002865,0.9837,3692.6199,8.7192,0.0000,0.306429,"0.305541;0.306503;0.306429",43.901003,22778.52,,13.42,0,6980,10,True,nid006293,59116836
SparseHNSW_Bloom2_30_b3_s0x0_p2048,"M=32 efC=1600 ef=800 alpha=0.85 beta=3 q=u8 pat=2048 bloomH=2 bloomT=30 bloomSrc=pruned",64,0.9579656160,0.9927,3692.6199,8.7192,0.0000,0.563788,"0.563430;0.564153;0.563788",80.771920,12380.54,,13.42,0,6980,10,True,nid006293,59116836
SparseHNSW_Bloom2_30_b3_s0x0_p2048,"M=32 efC=1600 ef=1600 alpha=0.85 beta=3 q=u8 pat=2048 bloomH=2 bloomT=30 bloomSrc=pruned",64,0.9793982808,0.9958,3692.6199,8.7192,0.0000,1.045215,"1.045687;1.045215;1.044428",149.744269,6678.05,,13.42,0,6980,10,True,nid006293,59116836
SparseHNSW_Bloom2_30_b3_s0x0_p2048,"M=32 efC=1600 ef=3200 alpha=0.85 beta=3 q=u8 pat=2048 bloomH=2 bloomT=30 bloomSrc=pruned",64,0.9895988539,0.9984,3692.6199,8.7192,0.0000,1.348713,"1.347336;1.348713;1.348995",193.225358,5175.30,,13.42,0,6980,10,True,nid006293,59116836
SparseHNSW_Bloom2_30_b3_s0x0_p2048,"M=32 efC=1600 ef=6400 alpha=0.85 beta=3 q=u8 pat=2048 bloomH=2 bloomT=30 bloomSrc=pruned",64,0.9941977077,0.9996,3692.6199,8.7192,0.0000,1.387858,"1.388265;1.387858;1.387157",198.833524,5029.33,,13.42,0,6980,10,True,nid006293,59116836
SparseHNSW_Bloom2_30_b4_s0x0_p2048,"M=32 efC=1600 ef=20 alpha=0.85 beta=4 q=u8 pat=2048 bloomH=2 bloomT=30 bloomSrc=pruned",64,0.8077793696,0.9112,3692.6199,8.7192,0.0000,0.051161,"0.050544;0.051161;0.051398",7.329656,136432.05,,13.42,0,6980,10,True,nid006293,59116836
SparseHNSW_Bloom2_30_b4_s0x0_p2048,"M=32 efC=1600 ef=50 alpha=0.85 beta=4 q=u8 pat=2048 bloomH=2 bloomT=30 bloomSrc=pruned",64,0.8206733524,0.9222,3692.6199,8.7192,0.0000,0.059861,"0.059964;0.059861;0.059836",8.576074,116603.46,,13.42,0,6980,10,True,nid006293,59116836
SparseHNSW_Bloom2_30_b4_s0x0_p2048,"M=32 efC=1600 ef=100 alpha=0.85 beta=4 q=u8 pat=2048 bloomH=2 bloomT=30 bloomSrc=pruned",64,0.8517048711,0.9501,3692.6199,8.7192,0.0000,0.099772,"0.099827;0.099772;0.099425",14.293983,69959.51,,13.42,0,6980,10,True,nid006293,59116836
SparseHNSW_Bloom2_30_b4_s0x0_p2048,"M=32 efC=1600 ef=200 alpha=0.85 beta=4 q=u8 pat=2048 bloomH=2 bloomT=30 bloomSrc=pruned",64,0.8829226361,0.9718,3692.6199,8.7192,0.0000,0.171380,"0.170867;0.171529;0.171380",24.553009,40728.21,,13.42,0,6980,10,True,nid006293,59116836
SparseHNSW_Bloom2_30_b4_s0x0_p2048,"M=32 efC=1600 ef=400 alpha=0.85 beta=4 q=u8 pat=2048 bloomH=2 bloomT=30 bloomSrc=pruned",64,0.9206590258,0.9837,3692.6199,8.7192,0.0000,0.307017,"0.306749;0.307017;0.307257",43.985244,22734.90,,13.42,0,6980,10,True,nid006293,59116836
SparseHNSW_Bloom2_30_b4_s0x0_p2048,"M=32 efC=1600 ef=800 alpha=0.85 beta=4 q=u8 pat=2048 bloomH=2 bloomT=30 bloomSrc=pruned",64,0.9585530086,0.9927,3692.6199,8.7192,0.0000,0.564498,"0.564498;0.564755;0.563858",80.873639,12364.97,,13.42,0,6980,10,True,nid006293,59116836
SparseHNSW_Bloom2_30_b4_s0x0_p2048,"M=32 efC=1600 ef=1600 alpha=0.85 beta=4 q=u8 pat=2048 bloomH=2 bloomT=30 bloomSrc=pruned",64,0.9800573066,0.9958,3692.6199,8.7192,0.0000,1.046718,"1.047396;1.046074;1.046718",149.959599,6668.46,,13.42,0,6980,10,True,nid006293,59116836
SparseHNSW_Bloom2_30_b4_s0x0_p2048,"M=32 efC=1600 ef=3200 alpha=0.85 beta=4 q=u8 pat=2048 bloomH=2 bloomT=30 bloomSrc=pruned",64,0.9902722063,0.9984,3692.6199,8.7192,0.0000,1.358901,"1.358692;1.358901;1.360993",194.684957,5136.50,,13.42,0,6980,10,True,nid006293,59116836
SparseHNSW_Bloom2_30_b4_s0x0_p2048,"M=32 efC=1600 ef=6400 alpha=0.85 beta=4 q=u8 pat=2048 bloomH=2 bloomT=30 bloomSrc=pruned",64,0.9948710602,0.9996,3692.6199,8.7192,0.0000,1.400075,"1.400453;1.398843;1.400075",200.583811,4985.45,,13.42,0,6980,10,True,nid006293,59116836
SparseHNSW_Bloom2_30_b5_s0x0_p2048,"M=32 efC=1600 ef=20 alpha=0.85 beta=5 q=u8 pat=2048 bloomH=2 bloomT=30 bloomSrc=pruned",64,0.8207593123,0.9222,3692.6199,8.7192,0.0000,0.060057,"0.059683;0.060057;0.060363",8.604155,116222.92,,13.42,0,6980,10,True,nid006293,59116836
SparseHNSW_Bloom2_30_b5_s0x0_p2048,"M=32 efC=1600 ef=50 alpha=0.85 beta=5 q=u8 pat=2048 bloomH=2 bloomT=30 bloomSrc=pruned",64,0.8207593123,0.9222,3692.6199,8.7192,0.0000,0.060331,"0.060331;0.060350;0.060226",8.643410,115695.08,,13.42,0,6980,10,True,nid006293,59116836
SparseHNSW_Bloom2_30_b5_s0x0_p2048,"M=32 efC=1600 ef=100 alpha=0.85 beta=5 q=u8 pat=2048 bloomH=2 bloomT=30 bloomSrc=pruned",64,0.8518194842,0.9501,3692.6199,8.7192,0.0000,0.100389,"0.100312;0.100438;0.100389",14.382378,69529.53,,13.42,0,6980,10,True,nid006293,59116836
SparseHNSW_Bloom2_30_b5_s0x0_p2048,"M=32 efC=1600 ef=200 alpha=0.85 beta=5 q=u8 pat=2048 bloomH=2 bloomT=30 bloomSrc=pruned",64,0.8830372493,0.9718,3692.6199,8.7192,0.0000,0.172368,"0.172149;0.172466;0.172368",24.694556,40494.76,,13.42,0,6980,10,True,nid006293,59116836
SparseHNSW_Bloom2_30_b5_s0x0_p2048,"M=32 efC=1600 ef=400 alpha=0.85 beta=5 q=u8 pat=2048 bloomH=2 bloomT=30 bloomSrc=pruned",64,0.9207879656,0.9837,3692.6199,8.7192,0.0000,0.307648,"0.307495;0.307898;0.307648",44.075645,22688.27,,13.42,0,6980,10,True,nid006293,59116836
SparseHNSW_Bloom2_30_b5_s0x0_p2048,"M=32 efC=1600 ef=800 alpha=0.85 beta=5 q=u8 pat=2048 bloomH=2 bloomT=30 bloomSrc=pruned",64,0.9586962751,0.9927,3692.6199,8.7192,0.0000,0.565312,"0.565312;0.564846;0.565845",80.990258,12347.16,,13.42,0,6980,10,True,nid006293,59116836
SparseHNSW_Bloom2_30_b5_s0x0_p2048,"M=32 efC=1600 ef=1600 alpha=0.85 beta=5 q=u8 pat=2048 bloomH=2 bloomT=30 bloomSrc=pruned",64,0.9802148997,0.9958,3692.6199,8.7192,0.0000,1.047157,"1.047157;1.048138;1.047131",150.022493,6665.67,,13.42,0,6980,10,True,nid006293,59116836
SparseHNSW_Bloom2_30_b5_s0x0_p2048,"M=32 efC=1600 ef=3200 alpha=0.85 beta=5 q=u8 pat=2048 bloomH=2 bloomT=30 bloomSrc=pruned",64,0.9904297994,0.9984,3692.6199,8.7192,0.0000,1.373033,"1.373033;1.373295;1.372860",196.709599,5083.64,,13.42,0,6980,10,True,nid006293,59116836
SparseHNSW_Bloom2_30_b5_s0x0_p2048,"M=32 efC=1600 ef=6400 alpha=0.85 beta=5 q=u8 pat=2048 bloomH=2 bloomT=30 bloomSrc=pruned",64,0.9950286533,0.9996,3692.6199,8.7192,0.0000,1.414055,"1.414055;1.413694;1.414828",202.586676,4936.16,,13.42,0,6980,10,True,nid006293,59116836
SparseHNSW_Bloom2_30_b8_s0x0_p2048,"M=32 efC=1600 ef=20 alpha=0.85 beta=8 q=u8 pat=2048 bloomH=2 bloomT=30 bloomSrc=pruned",64,0.8423495702,0.9413,3692.6199,8.7192,0.0000,0.086851,"0.086584;0.087120;0.086851",12.442837,80367.53,,13.42,0,6980,10,True,nid006293,59116836
SparseHNSW_Bloom2_30_b8_s0x0_p2048,"M=32 efC=1600 ef=50 alpha=0.85 beta=8 q=u8 pat=2048 bloomH=2 bloomT=30 bloomSrc=pruned",64,0.8423495702,0.9413,3692.6199,8.7192,0.0000,0.086785,"0.086785;0.086781;0.086980",12.433381,80428.65,,13.42,0,6980,10,True,nid006293,59116836
SparseHNSW_Bloom2_30_b8_s0x0_p2048,"M=32 efC=1600 ef=100 alpha=0.85 beta=8 q=u8 pat=2048 bloomH=2 bloomT=30 bloomSrc=pruned",64,0.8518767908,0.9501,3692.6199,8.7192,0.0000,0.102502,"0.102774;0.102502;0.102169",14.685100,68096.23,,13.42,0,6980,10,True,nid006293,59116836
SparseHNSW_Bloom2_30_b8_s0x0_p2048,"M=32 efC=1600 ef=200 alpha=0.85 beta=8 q=u8 pat=2048 bloomH=2 bloomT=30 bloomSrc=pruned",64,0.8831088825,0.9718,3692.6199,8.7192,0.0000,0.174626,"0.174673;0.174626;0.174565",25.018052,39971.14,,13.42,0,6980,10,True,nid006293,59116836
SparseHNSW_Bloom2_30_b8_s0x0_p2048,"M=32 efC=1600 ef=400 alpha=0.85 beta=8 q=u8 pat=2048 bloomH=2 bloomT=30 bloomSrc=pruned",64,0.9208595989,0.9837,3692.6199,8.7192,0.0000,0.310592,"0.310356;0.310837;0.310592",44.497421,22473.21,,13.42,0,6980,10,True,nid006293,59116836
SparseHNSW_Bloom2_30_b8_s0x0_p2048,"M=32 efC=1600 ef=800 alpha=0.85 beta=8 q=u8 pat=2048 bloomH=2 bloomT=30 bloomSrc=pruned",64,0.9587965616,0.9927,3692.6199,8.7192,0.0000,0.567525,"0.567830;0.567446;0.567525",81.307307,12299.02,,13.42,0,6980,10,True,nid006293,59116836
SparseHNSW_Bloom2_30_b8_s0x0_p2048,"M=32 efC=1600 ef=1600 alpha=0.85 beta=8 q=u8 pat=2048 bloomH=2 bloomT=30 bloomSrc=pruned",64,0.9803151862,0.9958,3692.6199,8.7192,0.0000,1.050894,"1.051465;1.050894;1.050264",150.557880,6641.96,,13.42,0,6980,10,True,nid006293,59116836
SparseHNSW_Bloom2_30_b8_s0x0_p2048,"M=32 efC=1600 ef=3200 alpha=0.85 beta=8 q=u8 pat=2048 bloomH=2 bloomT=30 bloomSrc=pruned",64,0.9905300860,0.9984,3692.6199,8.7192,0.0000,1.415012,"1.414550;1.415782;1.415012",202.723782,4932.82,,13.42,0,6980,10,True,nid006293,59116836
SparseHNSW_Bloom2_30_b8_s0x0_p2048,"M=32 efC=1600 ef=6400 alpha=0.85 beta=8 q=u8 pat=2048 bloomH=2 bloomT=30 bloomSrc=pruned",64,0.9951289398,0.9996,3692.6199,8.7192,0.0000,1.457941,"1.458506;1.457941;1.457802",208.874069,4787.57,,13.42,0,6980,10,True,nid006293,59116836
SparseHNSW_Bloom2_30_b12_s0x0_p2048,"M=32 efC=1600 ef=20 alpha=0.85 beta=12 q=u8 pat=2048 bloomH=2 bloomT=30 bloomSrc=pruned",64,0.8594555874,0.9560,3692.6199,8.7192,0.0000,0.119886,"0.119923;0.119699;0.119886",17.175645,58221.98,,13.42,0,6980,10,True,nid006293,59116836
SparseHNSW_Bloom2_30_b12_s0x0_p2048,"M=32 efC=1600 ef=50 alpha=0.85 beta=12 q=u8 pat=2048 bloomH=2 bloomT=30 bloomSrc=pruned",64,0.8594555874,0.9560,3692.6199,8.7192,0.0000,0.120013,"0.120013;0.120142;0.119832",17.193840,58160.37,,13.42,0,6980,10,True,nid006293,59116836
SparseHNSW_Bloom2_30_b12_s0x0_p2048,"M=32 efC=1600 ef=100 alpha=0.85 beta=12 q=u8 pat=2048 bloomH=2 bloomT=30 bloomSrc=pruned",64,0.8594555874,0.9560,3692.6199,8.7192,0.0000,0.119902,"0.120204;0.119902;0.119749",17.177937,58214.21,,13.42,0,6980,10,True,nid006293,59116836
SparseHNSW_Bloom2_30_b12_s0x0_p2048,"M=32 efC=1600 ef=200 alpha=0.85 beta=12 q=u8 pat=2048 bloomH=2 bloomT=30 bloomSrc=pruned",64,0.8831375358,0.9718,3692.6199,8.7192,0.0000,0.177574,"0.177715;0.177574;0.177443",25.440401,39307.56,,13.42,0,6980,10,True,nid006293,59116836
SparseHNSW_Bloom2_30_b12_s0x0_p2048,"M=32 efC=1600 ef=400 alpha=0.85 beta=12 q=u8 pat=2048 bloomH=2 bloomT=30 bloomSrc=pruned",64,0.9208882521,0.9837,3692.6199,8.7192,0.0000,0.313610,"0.313070;0.313697;0.313610",44.929799,22256.94,,13.42,0,6980,10,True,nid006293,59116836
SparseHNSW_Bloom2_30_b12_s0x0_p2048,"M=32 efC=1600 ef=800 alpha=0.85 beta=12 q=u8 pat=2048 bloomH=2 bloomT=30 bloomSrc=pruned",64,0.9588252149,0.9927,3692.6199,8.7192,0.0000,0.571244,"0.571244;0.571233;0.571519",81.840115,12218.95,,13.42,0,6980,10,True,nid006293,59116836
SparseHNSW_Bloom2_30_b12_s0x0_p2048,"M=32 efC=1600 ef=1600 alpha=0.85 beta=12 q=u8 pat=2048 bloomH=2 bloomT=30 bloomSrc=pruned",64,0.9803581662,0.9958,3692.6199,8.7192,0.0000,1.053948,"1.052242;1.054132;1.053948",150.995415,6622.72,,13.42,0,6980,10,True,nid006293,59116836
SparseHNSW_Bloom2_30_b12_s0x0_p2048,"M=32 efC=1600 ef=3200 alpha=0.85 beta=12 q=u8 pat=2048 bloomH=2 bloomT=30 bloomSrc=pruned",64,0.9905730659,0.9984,3692.6199,8.7192,0.0000,1.464023,"1.464023;1.463334;1.464132",209.745415,4767.68,,13.42,0,6980,10,True,nid006293,59116836
SparseHNSW_Bloom2_30_b12_s0x0_p2048,"M=32 efC=1600 ef=6400 alpha=0.85 beta=12 q=u8 pat=2048 bloomH=2 bloomT=30 bloomSrc=pruned",64,0.9951862464,0.9996,3692.6199,8.7192,0.0000,1.509760,"1.510138;1.508402;1.509760",216.297994,4623.25,,13.42,0,6980,10,True,nid006293,59116836
SparseHNSW_Bloom2_30_b16_s0x0_p2048,"M=32 efC=1600 ef=20 alpha=0.85 beta=16 q=u8 pat=2048 bloomH=2 bloomT=30 bloomSrc=pruned",64,0.8717908309,0.9642,3692.6199,8.7192,0.0000,0.150762,"0.150441;0.150762;0.151072",21.599140,46298.14,,13.42,0,6980,10,True,nid006293,59116836
SparseHNSW_Bloom2_30_b16_s0x0_p2048,"M=32 efC=1600 ef=50 alpha=0.85 beta=16 q=u8 pat=2048 bloomH=2 bloomT=30 bloomSrc=pruned",64,0.8717908309,0.9642,3692.6199,8.7192,0.0000,0.150832,"0.150832;0.150891;0.150583",21.609169,46276.65,,13.42,0,6980,10,True,nid006293,59116836
SparseHNSW_Bloom2_30_b16_s0x0_p2048,"M=32 efC=1600 ef=100 alpha=0.85 beta=16 q=u8 pat=2048 bloomH=2 bloomT=30 bloomSrc=pruned",64,0.8717908309,0.9642,3692.6199,8.7192,0.0000,0.151192,"0.151185;0.151192;0.151220",21.660745,46166.46,,13.42,0,6980,10,True,nid006293,59116836
SparseHNSW_Bloom2_30_b16_s0x0_p2048,"M=32 efC=1600 ef=200 alpha=0.85 beta=16 q=u8 pat=2048 bloomH=2 bloomT=30 bloomSrc=pruned",64,0.8831375358,0.9718,3692.6199,8.7192,0.0000,0.179275,"0.179275;0.179368;0.179060",25.684097,38934.60,,13.42,0,6980,10,True,nid006293,59116836
SparseHNSW_Bloom2_30_b16_s0x0_p2048,"M=32 efC=1600 ef=400 alpha=0.85 beta=16 q=u8 pat=2048 bloomH=2 bloomT=30 bloomSrc=pruned",64,0.9208882521,0.9837,3692.6199,8.7192,0.0000,0.315122,"0.315122;0.315399;0.314768",45.146418,22150.15,,13.42,0,6980,10,True,nid006293,59116836
SparseHNSW_Bloom2_30_b16_s0x0_p2048,"M=32 efC=1600 ef=800 alpha=0.85 beta=16 q=u8 pat=2048 bloomH=2 bloomT=30 bloomSrc=pruned",64,0.9588252149,0.9927,3692.6199,8.7192,0.0000,0.572162,"0.572147;0.572992;0.572162",81.971633,12199.34,,13.42,0,6980,10,True,nid006293,59116836
SparseHNSW_Bloom2_30_b16_s0x0_p2048,"M=32 efC=1600 ef=1600 alpha=0.85 beta=16 q=u8 pat=2048 bloomH=2 bloomT=30 bloomSrc=pruned",64,0.9803581662,0.9958,3692.6199,8.7192,0.0000,1.054376,"1.054020;1.054619;1.054376",151.056734,6620.03,,13.42,0,6980,10,True,nid006293,59116836
SparseHNSW_Bloom2_30_b16_s0x0_p2048,"M=32 efC=1600 ef=3200 alpha=0.85 beta=16 q=u8 pat=2048 bloomH=2 bloomT=30 bloomSrc=pruned",64,0.9905873926,0.9986,3692.6199,8.7192,0.0000,1.515529,"1.515432;1.515529;1.515541",217.124499,4605.65,,13.42,0,6980,10,True,nid006293,59116836
SparseHNSW_Bloom2_30_b16_s0x0_p2048,"M=32 efC=1600 ef=6400 alpha=0.85 beta=16 q=u8 pat=2048 bloomH=2 bloomT=30 bloomSrc=pruned",64,0.9951862464,0.9996,3692.6199,8.7192,0.0000,1.562387,"1.562387;1.561824;1.563099",223.837679,4467.52,,13.42,0,6980,10,True,nid006293,59116836
SparseHNSW_Bloom2_30_b2_s8x4_p2048,"M=32 efC=1600 ef=20 alpha=0.85 beta=2 q=u8 seedT=8 seedH=8 seedS=4 pat=2048 bloomH=2 bloomT=30 bloomSrc=pruned",64,0.8331518625,0.9596,3692.6199,8.7192,0.0000,0.041442,"0.040658;0.041442;0.041674",5.937249,168428.16,,13.42,0,6980,10,True,nid006293,59116836
SparseHNSW_Bloom2_30_b2_s8x4_p2048,"M=32 efC=1600 ef=50 alpha=0.85 beta=2 q=u8 seedT=8 seedH=8 seedS=4 pat=2048 bloomH=2 bloomT=30 bloomSrc=pruned",64,0.8501719198,0.9692,3692.6199,8.7192,0.0000,0.055997,"0.056105;0.055997;0.055837",8.022493,124649.53,,13.42,0,6980,10,True,nid006293,59116836
SparseHNSW_Bloom2_30_b2_s8x4_p2048,"M=32 efC=1600 ef=100 alpha=0.85 beta=2 q=u8 seedT=8 seedH=8 seedS=4 pat=2048 bloomH=2 bloomT=30 bloomSrc=pruned",64,0.8758452722,0.9809,3692.6199,8.7192,0.0000,0.095348,"0.095160;0.095360;0.095348",13.660172,73205.52,,13.42,0,6980,10,True,nid006293,59116836
SparseHNSW_Bloom2_30_b2_s8x4_p2048,"M=32 efC=1600 ef=200 alpha=0.85 beta=2 q=u8 seedT=8 seedH=8 seedS=4 pat=2048 bloomH=2 bloomT=30 bloomSrc=pruned",64,0.9095702006,0.9900,3692.6199,8.7192,0.0000,0.167937,"0.167937;0.167976;0.167514",24.059742,41563.21,,13.42,0,6980,10,True,nid006293,59116836
SparseHNSW_Bloom2_30_b2_s8x4_p2048,"M=32 efC=1600 ef=400 alpha=0.85 beta=2 q=u8 seedT=8 seedH=8 seedS=4 pat=2048 bloomH=2 bloomT=30 bloomSrc=pruned",64,0.9483810888,0.9951,3692.6199,8.7192,0.0000,0.305455,"0.305454;0.305455;0.305574",43.761461,22851.16,,13.42,0,6980,10,True,nid006293,59116836
SparseHNSW_Bloom2_30_b2_s8x4_p2048,"M=32 efC=1600 ef=800 alpha=0.85 beta=2 q=u8 seedT=8 seedH=8 seedS=4 pat=2048 bloomH=2 bloomT=30 bloomSrc=pruned",64,0.9738825215,0.9984,3692.6199,8.7192,0.0000,0.564639,"0.563900;0.564802;0.564639",80.893840,12361.88,,13.42,0,6980,10,True,nid006293,59116836
SparseHNSW_Bloom2_30_b2_s8x4_p2048,"M=32 efC=1600 ef=1600 alpha=0.85 beta=2 q=u8 seedT=8 seedH=8 seedS=4 pat=2048 bloomH=2 bloomT=30 bloomSrc=pruned",64,0.9842550143,0.9991,3692.6199,8.7192,0.0000,1.046486,"1.046486;1.047606;1.045774",149.926361,6669.94,,13.42,0,6980,10,True,nid006293,59116836
SparseHNSW_Bloom2_30_b2_s8x4_p2048,"M=32 efC=1600 ef=3200 alpha=0.85 beta=2 q=u8 seedT=8 seedH=8 seedS=4 pat=2048 bloomH=2 bloomT=30 bloomSrc=pruned",64,0.9896848138,1.0000,3692.6199,8.7192,0.0000,1.333668,"1.333516;1.333668;1.335656",191.069914,5233.69,,13.42,0,6980,10,True,nid006293,59116836
SparseHNSW_Bloom2_30_b2_s8x4_p2048,"M=32 efC=1600 ef=6400 alpha=0.85 beta=2 q=u8 seedT=8 seedH=8 seedS=4 pat=2048 bloomH=2 bloomT=30 bloomSrc=pruned",64,0.9921489971,1.0000,3692.6199,8.7192,0.0000,1.370915,"1.372327;1.370915;1.370658",196.406160,5091.49,,13.42,0,6980,10,True,nid006293,59116836
SparseHNSW_Bloom2_30_b3_s8x4_p2048,"M=32 efC=1600 ef=20 alpha=0.85 beta=3 q=u8 seedT=8 seedH=8 seedS=4 pat=2048 bloomH=2 bloomT=30 bloomSrc=pruned",64,0.8351146132,0.9597,3692.6199,8.7192,0.0000,0.042219,"0.041512;0.042219;0.042257",6.048567,165328.41,,13.42,0,6980,10,True,nid006293,59116836
SparseHNSW_Bloom2_30_b3_s8x4_p2048,"M=32 efC=1600 ef=50 alpha=0.85 beta=3 q=u8 seedT=8 seedH=8 seedS=4 pat=2048 bloomH=2 bloomT=30 bloomSrc=pruned",64,0.8523495702,0.9692,3692.6199,8.7192,0.0000,0.056800,"0.056748;0.056800;0.056892",8.137536,122887.32,,13.42,0,6980,10,True,nid006293,59116836
SparseHNSW_Bloom2_30_b3_s8x4_p2048,"M=32 efC=1600 ef=100 alpha=0.85 beta=3 q=u8 seedT=8 seedH=8 seedS=4 pat=2048 bloomH=2 bloomT=30 bloomSrc=pruned",64,0.8781518625,0.9809,3692.6199,8.7192,0.0000,0.095893,"0.096408;0.095893;0.095801",13.738252,72789.46,,13.42,0,6980,10,True,nid006293,59116836
SparseHNSW_Bloom2_30_b3_s8x4_p2048,"M=32 efC=1600 ef=200 alpha=0.85 beta=3 q=u8 seedT=8 seedH=8 seedS=4 pat=2048 bloomH=2 bloomT=30 bloomSrc=pruned",64,0.9120487106,0.9900,3692.6199,8.7192,0.0000,0.168422,"0.168350;0.168422;0.168589",24.129226,41443.52,,13.42,0,6980,10,True,nid006293,59116836
SparseHNSW_Bloom2_30_b3_s8x4_p2048,"M=32 efC=1600 ef=400 alpha=0.85 beta=3 q=u8 seedT=8 seedH=8 seedS=4 pat=2048 bloomH=2 bloomT=30 bloomSrc=pruned",64,0.9509885387,0.9951,3692.6199,8.7192,0.0000,0.306319,"0.306137;0.306458;0.306319",43.885244,22786.70,,13.42,0,6980,10,True,nid006293,59116836
SparseHNSW_Bloom2_30_b3_s8x4_p2048,"M=32 efC=1600 ef=800 alpha=0.85 beta=3 q=u8 seedT=8 seedH=8 seedS=4 pat=2048 bloomH=2 bloomT=30 bloomSrc=pruned",64,0.9768767908,0.9984,3692.6199,8.7192,0.0000,0.565149,"0.565149;0.565279;0.565031",80.966905,12350.73,,13.42,0,6980,10,True,nid006293,59116836
SparseHNSW_Bloom2_30_b3_s8x4_p2048,"M=32 efC=1600 ef=1600 alpha=0.85 beta=3 q=u8 seedT=8 seedH=8 seedS=4 pat=2048 bloomH=2 bloomT=30 bloomSrc=pruned",64,0.9875214900,0.9991,3692.6199,8.7192,0.0000,1.048326,"1.047614;1.049082;1.048326",150.189971,6658.23,,13.42,0,6980,10,True,nid006293,59116836
SparseHNSW_Bloom2_30_b3_s8x4_p2048,"M=32 efC=1600 ef=3200 alpha=0.85 beta=3 q=u8 seedT=8 seedH=8 seedS=4 pat=2048 bloomH=2 bloomT=30 bloomSrc=pruned",64,0.9930515759,1.0000,3692.6199,8.7192,0.0000,1.344784,"1.346238;1.344784;1.343679",192.662464,5190.42,,13.42,0,6980,10,True,nid006293,59116836
SparseHNSW_Bloom2_30_b3_s8x4_p2048,"M=32 efC=1600 ef=6400 alpha=0.85 beta=3 q=u8 seedT=8 seedH=8 seedS=4 pat=2048 bloomH=2 bloomT=30 bloomSrc=pruned",64,0.9955587393,1.0000,3692.6199,8.7192,0.0000,1.382557,"1.382557;1.381602;1.382844",198.074069,5048.62,,13.42,0,6980,10,True,nid006293,59116836
SparseHNSW_Bloom2_30_b4_s8x4_p2048,"M=32 efC=1600 ef=20 alpha=0.85 beta=4 q=u8 seedT=8 seedH=8 seedS=4 pat=2048 bloomH=2 bloomT=30 bloomSrc=pruned",64,0.8455157593,0.9659,3692.6199,8.7192,0.0000,0.048891,"0.048567;0.048891;0.049015",7.004441,142766.56,,13.42,0,6980,10,True,nid006293,59116836
SparseHNSW_Bloom2_30_b4_s8x4_p2048,"M=32 efC=1600 ef=50 alpha=0.85 beta=4 q=u8 seedT=8 seedH=8 seedS=4 pat=2048 bloomH=2 bloomT=30 bloomSrc=pruned",64,0.8527507163,0.9692,3692.6199,8.7192,0.0000,0.057419,"0.057419;0.057341;0.057478",8.226218,121562.55,,13.42,0,6980,10,True,nid006293,59116836
SparseHNSW_Bloom2_30_b4_s8x4_p2048,"M=32 efC=1600 ef=100 alpha=0.85 beta=4 q=u8 seedT=8 seedH=8 seedS=4 pat=2048 bloomH=2 bloomT=30 bloomSrc=pruned",64,0.8785959885,0.9809,3692.6199,8.7192,0.0000,0.097080,"0.096928;0.097080;0.097116",13.908309,71899.46,,13.42,0,6980,10,True,nid006293,59116836
SparseHNSW_Bloom2_30_b4_s8x4_p2048,"M=32 efC=1600 ef=200 alpha=0.85 beta=4 q=u8 seedT=8 seedH=8 seedS=4 pat=2048 bloomH=2 bloomT=30 bloomSrc=pruned",64,0.9125501433,0.9900,3692.6199,8.7192,0.0000,0.169397,"0.169397;0.169401;0.169292",24.268911,41204.98,,13.42,0,6980,10,True,nid006293,59116836
SparseHNSW_Bloom2_30_b4_s8x4_p2048,"M=32 efC=1600 ef=400 alpha=0.85 beta=4 q=u8 seedT=8 seedH=8 seedS=4 pat=2048 bloomH=2 bloomT=30 bloomSrc=pruned",64,0.9515472779,0.9951,3692.6199,8.7192,0.0000,0.306813,"0.306813;0.306678;0.306990",43.956017,22750.01,,13.42,0,6980,10,True,nid006293,59116836
SparseHNSW_Bloom2_30_b4_s8x4_p2048,"M=32 efC=1600 ef=800 alpha=0.85 beta=4 q=u8 seedT=8 seedH=8 seedS=4 pat=2048 bloomH=2 bloomT=30 bloomSrc=pruned",64,0.9774641834,0.9984,3692.6199,8.7192,0.0000,0.565758,"0.565758;0.566266;0.565596",81.054155,12337.43,,13.42,0,6980,10,True,nid006293,59116836
SparseHNSW_Bloom2_30_b4_s8x4_p2048,"M=32 efC=1600 ef=1600 alpha=0.85 beta=4 q=u8 seedT=8 seedH=8 seedS=4 pat=2048 bloomH=2 bloomT=30 bloomSrc=pruned",64,0.9881661891,0.9991,3692.6199,8.7192,0.0000,1.049220,"1.049985;1.049220;1.048679",150.318052,6652.56,,13.42,0,6980,10,True,nid006293,59116836
SparseHNSW_Bloom2_30_b4_s8x4_p2048,"M=32 efC=1600 ef=3200 alpha=0.85 beta=4 q=u8 seedT=8 seedH=8 seedS=4 pat=2048 bloomH=2 bloomT=30 bloomSrc=pruned",64,0.9937106017,1.0000,3692.6199,8.7192,0.0000,1.356812,"1.356812;1.356770;1.357894",194.385673,5144.41,,13.42,0,6980,10,True,nid006293,59116836
SparseHNSW_Bloom2_30_b4_s8x4_p2048,"M=32 efC=1600 ef=6400 alpha=0.85 beta=4 q=u8 seedT=8 seedH=8 seedS=4 pat=2048 bloomH=2 bloomT=30 bloomSrc=pruned",64,0.9962177650,1.0000,3692.6199,8.7192,0.0000,1.396374,"1.396374;1.394063;1.396712",200.053582,4998.66,,13.42,0,6980,10,True,nid006293,59116836
SparseHNSW_Bloom2_30_b5_s8x4_p2048,"M=32 efC=1600 ef=20 alpha=0.85 beta=5 q=u8 seedT=8 seedH=8 seedS=4 pat=2048 bloomH=2 bloomT=30 bloomSrc=pruned",64,0.8528510029,0.9692,3692.6199,8.7192,0.0000,0.057742,"0.057470;0.057782;0.057742",8.272493,120882.55,,13.42,0,6980,10,True,nid006293,59116836
SparseHNSW_Bloom2_30_b5_s8x4_p2048,"M=32 efC=1600 ef=50 alpha=0.85 beta=5 q=u8 seedT=8 seedH=8 seedS=4 pat=2048 bloomH=2 bloomT=30 bloomSrc=pruned",64,0.8528510029,0.9692,3692.6199,8.7192,0.0000,0.058226,"0.058226;0.058068;0.058264",8.341834,119877.72,,13.42,0,6980,10,True,nid006293,59116836
SparseHNSW_Bloom2_30_b5_s8x4_p2048,"M=32 efC=1600 ef=100 alpha=0.85 beta=5 q=u8 seedT=8 seedH=8 seedS=4 pat=2048 bloomH=2 bloomT=30 bloomSrc=pruned",64,0.8787106017,0.9809,3692.6199,8.7192,0.0000,0.097739,"0.098043;0.097604;0.097739",14.002722,71414.69,,13.42,0,6980,10,True,nid006293,59116836
SparseHNSW_Bloom2_30_b5_s8x4_p2048,"M=32 efC=1600 ef=200 alpha=0.85 beta=5 q=u8 seedT=8 seedH=8 seedS=4 pat=2048 bloomH=2 bloomT=30 bloomSrc=pruned",64,0.9126790831,0.9900,3692.6199,8.7192,0.0000,0.170480,"0.170280;0.170529;0.170480",24.424069,40943.22,,13.42,0,6980,10,True,nid006293,59116836
SparseHNSW_Bloom2_30_b5_s8x4_p2048,"M=32 efC=1600 ef=400 alpha=0.85 beta=5 q=u8 seedT=8 seedH=8 seedS=4 pat=2048 bloomH=2 bloomT=30 bloomSrc=pruned",64,0.9516905444,0.9951,3692.6199,8.7192,0.0000,0.307771,"0.307444;0.308059;0.307771",44.093266,22679.20,,13.42,0,6980,10,True,nid006293,59116836
SparseHNSW_Bloom2_30_b5_s8x4_p2048,"M=32 efC=1600 ef=800 alpha=0.85 beta=5 q=u8 seedT=8 seedH=8 seedS=4 pat=2048 bloomH=2 bloomT=30 bloomSrc=pruned",64,0.9776217765,0.9984,3692.6199,8.7192,0.0000,0.566659,"0.567100;0.566659;0.566603",81.183238,12317.81,,13.42,0,6980,10,True,nid006293,59116836
SparseHNSW_Bloom2_30_b5_s8x4_p2048,"M=32 efC=1600 ef=1600 alpha=0.85 beta=5 q=u8 seedT=8 seedH=8 seedS=4 pat=2048 bloomH=2 bloomT=30 bloomSrc=pruned",64,0.9883381089,0.9991,3692.6199,8.7192,0.0000,1.049787,"1.050755;1.049488;1.049787",150.399284,6648.97,,13.42,0,6980,10,True,nid006293,59116836
SparseHNSW_Bloom2_30_b5_s8x4_p2048,"M=32 efC=1600 ef=3200 alpha=0.85 beta=5 q=u8 seedT=8 seedH=8 seedS=4 pat=2048 bloomH=2 bloomT=30 bloomSrc=pruned",64,0.9938825215,1.0000,3692.6199,8.7192,0.0000,1.371688,"1.369970;1.371688;1.371922",196.516905,5088.62,,13.42,0,6980,10,True,nid006293,59116836
SparseHNSW_Bloom2_30_b5_s8x4_p2048,"M=32 efC=1600 ef=6400 alpha=0.85 beta=5 q=u8 seedT=8 seedH=8 seedS=4 pat=2048 bloomH=2 bloomT=30 bloomSrc=pruned",64,0.9963896848,1.0000,3692.6199,8.7192,0.0000,1.410338,"1.410338;1.411598;1.410047",202.054155,4949.17,,13.42,0,6980,10,True,nid006293,59116836
SparseHNSW_Bloom2_30_b8_s8x4_p2048,"M=32 efC=1600 ef=20 alpha=0.85 beta=8 q=u8 seedT=8 seedH=8 seedS=4 pat=2048 bloomH=2 bloomT=30 bloomSrc=pruned",64,0.8707163324,0.9782,3692.6199,8.7192,0.0000,0.084555,"0.084555;0.084419;0.084557",12.113897,82549.82,,13.42,0,6980,10,True,nid006293,59116836
SparseHNSW_Bloom2_30_b8_s8x4_p2048,"M=32 efC=1600 ef=50 alpha=0.85 beta=8 q=u8 seedT=8 seedH=8 seedS=4 pat=2048 bloomH=2 bloomT=30 bloomSrc=pruned",64,0.8707163324,0.9782,3692.6199,8.7192,0.0000,0.084389,"0.084353;0.084502;0.084389",12.090115,82712.20,,13.42,0,6980,10,True,nid006293,59116836
SparseHNSW_Bloom2_30_b8_s8x4_p2048,"M=32 efC=1600 ef=100 alpha=0.85 beta=8 q=u8 seedT=8 seedH=8 seedS=4 pat=2048 bloomH=2 bloomT=30 bloomSrc=pruned",64,0.8787822350,0.9809,3692.6199,8.7192,0.0000,0.099734,"0.099677;0.099734;0.099871",14.288539,69986.16,,13.42,0,6980,10,True,nid006293,59116836
SparseHNSW_Bloom2_30_b8_s8x4_p2048,"M=32 efC=1600 ef=200 alpha=0.85 beta=8 q=u8 seedT=8 seedH=8 seedS=4 pat=2048 bloomH=2 bloomT=30 bloomSrc=pruned",64,0.9127507163,0.9900,3692.6199,8.7192,0.0000,0.172341,"0.172341;0.172129;0.172494",24.690688,40501.10,,13.42,0,6980,10,True,nid006293,59116836
SparseHNSW_Bloom2_30_b8_s8x4_p2048,"M=32 efC=1600 ef=400 alpha=0.85 beta=8 q=u8 seedT=8 seedH=8 seedS=4 pat=2048 bloomH=2 bloomT=30 bloomSrc=pruned",64,0.9517621777,0.9951,3692.6199,8.7192,0.0000,0.310359,"0.310656;0.310359;0.310113",44.464040,22490.08,,13.42,0,6980,10,True,nid006293,59116836
SparseHNSW_Bloom2_30_b8_s8x4_p2048,"M=32 efC=1600 ef=800 alpha=0.85 beta=8 q=u8 seedT=8 seedH=8 seedS=4 pat=2048 bloomH=2 bloomT=30 bloomSrc=pruned",64,0.9777077364,0.9984,3692.6199,8.7192,0.0000,0.569416,"0.569614;0.569180;0.569416",81.578223,12258.17,,13.42,0,6980,10,True,nid006293,59116836
SparseHNSW_Bloom2_30_b8_s8x4_p2048,"M=32 efC=1600 ef=1600 alpha=0.85 beta=8 q=u8 seedT=8 seedH=8 seedS=4 pat=2048 bloomH=2 bloomT=30 bloomSrc=pruned",64,0.9884383954,0.9991,3692.6199,8.7192,0.0000,1.053246,"1.052426;1.053339;1.053246",150.894842,6627.13,,13.42,0,6980,10,True,nid006293,59116836
SparseHNSW_Bloom2_30_b8_s8x4_p2048,"M=32 efC=1600 ef=3200 alpha=0.85 beta=8 q=u8 seedT=8 seedH=8 seedS=4 pat=2048 bloomH=2 bloomT=30 bloomSrc=pruned",64,0.9939828080,1.0000,3692.6199,8.7192,0.0000,1.412954,"1.413438;1.411950;1.412954",202.428940,4940.01,,13.42,0,6980,10,True,nid006293,59116836
SparseHNSW_Bloom2_30_b8_s8x4_p2048,"M=32 efC=1600 ef=6400 alpha=0.85 beta=8 q=u8 seedT=8 seedH=8 seedS=4 pat=2048 bloomH=2 bloomT=30 bloomSrc=pruned",64,0.9964899713,1.0000,3692.6199,8.7192,0.0000,1.455009,"1.455009;1.454098;1.455536",208.454011,4797.22,,13.42,0,6980,10,True,nid006293,59116836
SparseHNSW_Bloom2_30_b12_s8x4_p2048,"M=32 efC=1600 ef=20 alpha=0.85 beta=12 q=u8 seedT=8 seedH=8 seedS=4 pat=2048 bloomH=2 bloomT=30 bloomSrc=pruned",64,0.8859885387,0.9840,3692.6199,8.7192,0.0000,0.117309,"0.117578;0.117184;0.117309",16.806447,59500.98,,13.42,0,6980,10,True,nid006293,59116836
SparseHNSW_Bloom2_30_b12_s8x4_p2048,"M=32 efC=1600 ef=50 alpha=0.85 beta=12 q=u8 seedT=8 seedH=8 seedS=4 pat=2048 bloomH=2 bloomT=30 bloomSrc=pruned",64,0.8859885387,0.9840,3692.6199,8.7192,0.0000,0.117358,"0.117395;0.117252;0.117358",16.813467,59476.13,,13.42,0,6980,10,True,nid006293,59116836
SparseHNSW_Bloom2_30_b12_s8x4_p2048,"M=32 efC=1600 ef=100 alpha=0.85 beta=12 q=u8 seedT=8 seedH=8 seedS=4 pat=2048 bloomH=2 bloomT=30 bloomSrc=pruned",64,0.8859885387,0.9840,3692.6199,8.7192,0.0000,0.117699,"0.117699;0.117805;0.117585",16.862321,59303.82,,13.42,0,6980,10,True,nid006293,59116836
SparseHNSW_Bloom2_30_b12_s8x4_p2048,"M=32 efC=1600 ef=200 alpha=0.85 beta=12 q=u8 seedT=8 seedH=8 seedS=4 pat=2048 bloomH=2 bloomT=30 bloomSrc=pruned",64,0.9127793696,0.9900,3692.6199,8.7192,0.0000,0.175657,"0.175806;0.175657;0.175297",25.165759,39736.53,,13.42,0,6980,10,True,nid006293,59116836
SparseHNSW_Bloom2_30_b12_s8x4_p2048,"M=32 efC=1600 ef=400 alpha=0.85 beta=12 q=u8 seedT=8 seedH=8 seedS=4 pat=2048 bloomH=2 bloomT=30 bloomSrc=pruned",64,0.9517908309,0.9951,3692.6199,8.7192,0.0000,0.313679,"0.313679;0.313868;0.313408",44.939685,22252.05,,13.42,0,6980,10,True,nid006293,59116836
SparseHNSW_Bloom2_30_b12_s8x4_p2048,"M=32 efC=1600 ef=800 alpha=0.85 beta=12 q=u8 seedT=8 seedH=8 seedS=4 pat=2048 bloomH=2 bloomT=30 bloomSrc=pruned",64,0.9777363897,0.9984,3692.6199,8.7192,0.0000,0.572856,"0.572913;0.572453;0.572856",82.071060,12184.56,,13.42,0,6980,10,True,nid006293,59116836
SparseHNSW_Bloom2_30_b12_s8x4_p2048,"M=32 efC=1600 ef=1600 alpha=0.85 beta=12 q=u8 seedT=8 seedH=8 seedS=4 pat=2048 bloomH=2 bloomT=30 bloomSrc=pruned",64,0.9884670487,0.9991,3692.6199,8.7192,0.0000,1.055802,"1.055182;1.056221;1.055802",151.261032,6611.09,,13.42,0,6980,10,True,nid006293,59116836
SparseHNSW_Bloom2_30_b12_s8x4_p2048,"M=32 efC=1600 ef=3200 alpha=0.85 beta=12 q=u8 seedT=8 seedH=8 seedS=4 pat=2048 bloomH=2 bloomT=30 bloomSrc=pruned",64,0.9940257880,1.0000,3692.6199,8.7192,0.0000,1.461513,"1.461040;1.461540;1.461513",209.385817,4775.87,,13.42,0,6980,10,True,nid006293,59116836
SparseHNSW_Bloom2_30_b12_s8x4_p2048,"M=32 efC=1600 ef=6400 alpha=0.85 beta=12 q=u8 seedT=8 seedH=8 seedS=4 pat=2048 bloomH=2 bloomT=30 bloomSrc=pruned",64,0.9965472779,1.0000,3692.6199,8.7192,0.0000,1.508020,"1.506628;1.509172;1.508020",216.048711,4628.59,,13.42,0,6980,10,True,nid006293,59116836
SparseHNSW_Bloom2_30_b16_s8x4_p2048,"M=32 efC=1600 ef=20 alpha=0.85 beta=16 q=u8 seedT=8 seedH=8 seedS=4 pat=2048 bloomH=2 bloomT=30 bloomSrc=pruned",64,0.8999570201,0.9883,3692.6199,8.7192,0.0000,0.148268,"0.148268;0.148208;0.148684",21.241834,47076.91,,13.42,0,6980,10,True,nid006293,59116836
SparseHNSW_Bloom2_30_b16_s8x4_p2048,"M=32 efC=1600 ef=50 alpha=0.85 beta=16 q=u8 seedT=8 seedH=8 seedS=4 pat=2048 bloomH=2 bloomT=30 bloomSrc=pruned",64,0.8999570201,0.9883,3692.6199,8.7192,0.0000,0.148241,"0.148483;0.148241;0.148196",21.237966,47085.49,,13.42,0,6980,10,True,nid006293,59116836
SparseHNSW_Bloom2_30_b16_s8x4_p2048,"M=32 efC=1600 ef=100 alpha=0.85 beta=16 q=u8 seedT=8 seedH=8 seedS=4 pat=2048 bloomH=2 bloomT=30 bloomSrc=pruned",64,0.8999570201,0.9883,3692.6199,8.7192,0.0000,0.148379,"0.148379;0.148295;0.148675",21.257736,47041.70,,13.42,0,6980,10,True,nid006293,59116836
SparseHNSW_Bloom2_30_b16_s8x4_p2048,"M=32 efC=1600 ef=200 alpha=0.85 beta=16 q=u8 seedT=8 seedH=8 seedS=4 pat=2048 bloomH=2 bloomT=30 bloomSrc=pruned",64,0.9127793696,0.9900,3692.6199,8.7192,0.0000,0.177282,"0.177798;0.177282;0.177000",25.398567,39372.30,,13.42,0,6980,10,True,nid006293,59116836
SparseHNSW_Bloom2_30_b16_s8x4_p2048,"M=32 efC=1600 ef=400 alpha=0.85 beta=16 q=u8 seedT=8 seedH=8 seedS=4 pat=2048 bloomH=2 bloomT=30 bloomSrc=pruned",64,0.9517908309,0.9951,3692.6199,8.7192,0.0000,0.314738,"0.315012;0.314738;0.314455",45.091404,22177.18,,13.42,0,6980,10,True,nid006293,59116836
SparseHNSW_Bloom2_30_b16_s8x4_p2048,"M=32 efC=1600 ef=800 alpha=0.85 beta=16 q=u8 seedT=8 seedH=8 seedS=4 pat=2048 bloomH=2 bloomT=30 bloomSrc=pruned",64,0.9777363897,0.9984,3692.6199,8.7192,0.0000,0.574052,"0.574673;0.573899;0.574052",82.242407,12159.18,,13.42,0,6980,10,True,nid006293,59116836
SparseHNSW_Bloom2_30_b16_s8x4_p2048,"M=32 efC=1600 ef=1600 alpha=0.85 beta=16 q=u8 seedT=8 seedH=8 seedS=4 pat=2048 bloomH=2 bloomT=30 bloomSrc=pruned",64,0.9884670487,0.9991,3692.6199,8.7192,0.0000,1.057575,"1.058317;1.057575;1.056131",151.515043,6600.00,,13.42,0,6980,10,True,nid006293,59116836
SparseHNSW_Bloom2_30_b16_s8x4_p2048,"M=32 efC=1600 ef=3200 alpha=0.85 beta=16 q=u8 seedT=8 seedH=8 seedS=4 pat=2048 bloomH=2 bloomT=30 bloomSrc=pruned",64,0.9940257880,1.0000,3692.6199,8.7192,0.0000,1.515610,"1.516274;1.515610;1.514390",217.136103,4605.41,,13.42,0,6980,10,True,nid006293,59116836
SparseHNSW_Bloom2_30_b16_s8x4_p2048,"M=32 efC=1600 ef=6400 alpha=0.85 beta=16 q=u8 seedT=8 seedH=8 seedS=4 pat=2048 bloomH=2 bloomT=30 bloomSrc=pruned",64,0.9965472779,1.0000,3692.6199,8.7192,0.0000,1.562563,"1.562563;1.563615;1.562223",223.862894,4467.02,,13.42,0,6980,10,True,nid006293,59116836
