Model,Params,Threads,Recall,RR@10,IndexSec,LoadSec,ConvertSec,SearchSecMedian,SearchSecRuns,AmortizedUsPerQuery,QPS,LatencyUsSingleThread,PeakRSSGB,IndexBytes,NumQueries,K,ResultsOrdered,Host,JobID
SparseHNSW_Bloom2_30_b4_s0x0_p0,"M=64 efC=1600 ef=10 alpha=0.85 beta=4 q=u8 bloomH=2 bloomT=30 bloomSrc=pruned",64,0.8373782235,0.9470,5844.5689,8.8168,0.0000,0.074777,"0.074777;0.074949;0.074740",10.713037,93344.21,,15.34,0,6980,10,True,nid004173,59090050
SparseHNSW_Bloom2_30_b4_s0x0_p0,"M=64 efC=1600 ef=50 alpha=0.85 beta=4 q=u8 bloomH=2 bloomT=30 bloomSrc=pruned",64,0.8455014327,0.9532,5844.5689,8.8168,0.0000,0.088486,"0.088526;0.088252;0.088486",12.677077,78882.54,,15.34,0,6980,10,True,nid004173,59090050
SparseHNSW_Bloom2_30_b4_s0x0_p0,"M=64 efC=1600 ef=100 alpha=0.85 beta=4 q=u8 bloomH=2 bloomT=30 bloomSrc=pruned",64,0.8628366762,0.9695,5844.5689,8.8168,0.0000,0.150666,"0.150640;0.150666;0.150737",21.585387,46327.64,,15.34,0,6980,10,True,nid004173,59090050
SparseHNSW_Bloom2_30_b4_s0x0_p0,"M=64 efC=1600 ef=400 alpha=0.85 beta=4 q=u8 bloomH=2 bloomT=30 bloomSrc=pruned",64,0.9119627507,0.9878,5844.5689,8.8168,0.0000,0.488948,"0.488948;0.488603;0.489168",70.049857,14275.55,,15.35,0,6980,10,True,nid004173,59090050
SparseHNSW_Bloom2_30_b4_s0x0_p0,"M=64 efC=1600 ef=800 alpha=0.85 beta=4 q=u8 bloomH=2 bloomT=30 bloomSrc=pruned",64,0.9522779370,0.9943,5844.5689,8.8168,0.0000,0.905071,"0.904074;0.905071;0.905568",129.666332,7712.10,,15.37,0,6980,10,True,nid004173,59090050
SparseHNSW_Bloom2_30_b4_s0x0_p0,"M=64 efC=1600 ef=1600 alpha=0.85 beta=4 q=u8 bloomH=2 bloomT=30 bloomSrc=pruned",64,0.9787392550,0.9974,5844.5689,8.8168,0.0000,1.664137,"1.664137;1.664671;1.663092",238.415043,4194.37,,15.46,0,6980,10,True,nid004173,59090050
SparseHNSW_Bloom2_30_b4_s0x0_p0,"M=64 efC=1600 ef=3200 alpha=0.85 beta=4 q=u8 bloomH=2 bloomT=30 bloomSrc=pruned",64,0.9898710602,0.9986,5844.5689,8.8168,0.0000,3.025983,"3.023394;3.025983;3.026586",433.521920,2306.69,,15.47,0,6980,10,True,nid004173,59090050
SparseHNSW_Bloom2_30_b4_s0x0_p0,"M=64 efC=1600 ef=6400 alpha=0.85 beta=4 q=u8 bloomH=2 bloomT=30 bloomSrc=pruned",64,0.9954297994,0.9999,5844.5689,8.8168,0.0000,5.455185,"5.455185;5.459463;5.453097",781.545129,1279.52,,15.59,0,6980,10,True,nid004173,59090050
SparseHNSW_Bloom2_30_b5_s0x0_p0,"M=64 efC=1600 ef=10 alpha=0.85 beta=5 q=u8 bloomH=2 bloomT=30 bloomSrc=pruned",64,0.8455873926,0.9532,5844.5689,8.8168,0.0000,0.088634,"0.088531;0.088634;0.089150",12.698281,78750.82,,15.59,0,6980,10,True,nid004173,59090050
SparseHNSW_Bloom2_30_b5_s0x0_p0,"M=64 efC=1600 ef=50 alpha=0.85 beta=5 q=u8 bloomH=2 bloomT=30 bloomSrc=pruned",64,0.8455873926,0.9532,5844.5689,8.8168,0.0000,0.089042,"0.089042;0.088812;0.089486",12.756734,78389.97,,15.59,0,6980,10,True,nid004173,59090050
SparseHNSW_Bloom2_30_b5_s0x0_p0,"M=64 efC=1600 ef=100 alpha=0.85 beta=5 q=u8 bloomH=2 bloomT=30 bloomSrc=pruned",64,0.8629512894,0.9695,5844.5689,8.8168,0.0000,0.151310,"0.151118;0.151310;0.151902",21.677650,46130.46,,15.59,0,6980,10,True,nid004173,59090050
SparseHNSW_Bloom2_30_b5_s0x0_p0,"M=64 efC=1600 ef=400 alpha=0.85 beta=5 q=u8 bloomH=2 bloomT=30 bloomSrc=pruned",64,0.9120916905,0.9878,5844.5689,8.8168,0.0000,0.491267,"0.491267;0.491291;0.490477",70.382092,14208.16,,15.59,0,6980,10,True,nid004173,59090050
SparseHNSW_Bloom2_30_b5_s0x0_p0,"M=64 efC=1600 ef=800 alpha=0.85 beta=5 q=u8 bloomH=2 bloomT=30 bloomSrc=pruned",64,0.9524498567,0.9943,5844.5689,8.8168,0.0000,0.907082,"0.905188;0.907082;0.907541",129.954441,7695.00,,15.59,0,6980,10,True,nid004173,59090050
SparseHNSW_Bloom2_30_b5_s0x0_p0,"M=64 efC=1600 ef=1600 alpha=0.85 beta=5 q=u8 bloomH=2 bloomT=30 bloomSrc=pruned",64,0.9788968481,0.9974,5844.5689,8.8168,0.0000,1.663680,"1.663545;1.663680;1.665534",238.349570,4195.52,,15.59,0,6980,10,True,nid004173,59090050
SparseHNSW_Bloom2_30_b5_s0x0_p0,"M=64 efC=1600 ef=3200 alpha=0.85 beta=5 q=u8 bloomH=2 bloomT=30 bloomSrc=pruned",64,0.9900286533,0.9986,5844.5689,8.8168,0.0000,3.024492,"3.024258;3.029099;3.024492",433.308309,2307.83,,15.59,0,6980,10,True,nid004173,59090050
SparseHNSW_Bloom2_30_b5_s0x0_p0,"M=64 efC=1600 ef=6400 alpha=0.85 beta=5 q=u8 bloomH=2 bloomT=30 bloomSrc=pruned",64,0.9956017192,0.9999,5844.5689,8.8168,0.0000,5.453523,"5.453523;5.453066;5.456635",781.307020,1279.91,,15.59,0,6980,10,True,nid004173,59090050
SparseHNSW_Bloom2_30_b8_s0x0_p0,"M=64 efC=1600 ef=10 alpha=0.85 beta=8 q=u8 bloomH=2 bloomT=30 bloomSrc=pruned",64,0.8570487106,0.9640,5844.5689,8.8168,0.0000,0.128357,"0.128934;0.128357;0.128114",18.389255,54379.58,,15.59,0,6980,10,True,nid004173,59090050
SparseHNSW_Bloom2_30_b8_s0x0_p0,"M=64 efC=1600 ef=50 alpha=0.85 beta=8 q=u8 bloomH=2 bloomT=30 bloomSrc=pruned",64,0.8570487106,0.9640,5844.5689,8.8168,0.0000,0.128177,"0.128111;0.128561;0.128177",18.363467,54455.95,,15.59,0,6980,10,True,nid004173,59090050
SparseHNSW_Bloom2_30_b8_s0x0_p0,"M=64 efC=1600 ef=100 alpha=0.85 beta=8 q=u8 bloomH=2 bloomT=30 bloomSrc=pruned",64,0.8630229226,0.9695,5844.5689,8.8168,0.0000,0.153358,"0.153358;0.153352;0.153993",21.971060,45514.42,,15.59,0,6980,10,True,nid004173,59090050
SparseHNSW_Bloom2_30_b8_s0x0_p0,"M=64 efC=1600 ef=400 alpha=0.85 beta=8 q=u8 bloomH=2 bloomT=30 bloomSrc=pruned",64,0.9121633238,0.9878,5844.5689,8.8168,0.0000,0.492018,"0.490410;0.492050;0.492018",70.489685,14186.47,,15.59,0,6980,10,True,nid004173,59090050
SparseHNSW_Bloom2_30_b8_s0x0_p0,"M=64 efC=1600 ef=800 alpha=0.85 beta=8 q=u8 bloomH=2 bloomT=30 bloomSrc=pruned",64,0.9525358166,0.9943,5844.5689,8.8168,0.0000,0.908329,"0.906671;0.908329;0.908375",130.133095,7684.44,,15.59,0,6980,10,True,nid004173,59090050
SparseHNSW_Bloom2_30_b8_s0x0_p0,"M=64 efC=1600 ef=1600 alpha=0.85 beta=8 q=u8 bloomH=2 bloomT=30 bloomSrc=pruned",64,0.9789971347,0.9974,5844.5689,8.8168,0.0000,1.667285,"1.667285;1.667345;1.666022",238.866046,4186.45,,15.59,0,6980,10,True,nid004173,59090050
SparseHNSW_Bloom2_30_b8_s0x0_p0,"M=64 efC=1600 ef=3200 alpha=0.85 beta=8 q=u8 bloomH=2 bloomT=30 bloomSrc=pruned",64,0.9901289398,0.9986,5844.5689,8.8168,0.0000,3.026743,"3.026080;3.028491;3.026743",433.630802,2306.11,,15.59,0,6980,10,True,nid004173,59090050
SparseHNSW_Bloom2_30_b8_s0x0_p0,"M=64 efC=1600 ef=6400 alpha=0.85 beta=8 q=u8 bloomH=2 bloomT=30 bloomSrc=pruned",64,0.9957020057,0.9999,5844.5689,8.8168,0.0000,5.461261,"5.460449;5.461261;5.464513",782.415616,1278.09,,15.59,0,6980,10,True,nid004173,59090050
SparseHNSW_Bloom2_30_b12_s0x0_p0,"M=64 efC=1600 ef=10 alpha=0.85 beta=12 q=u8 bloomH=2 bloomT=30 bloomSrc=pruned",64,0.8673638968,0.9726,5844.5689,8.8168,0.0000,0.180446,"0.180566;0.180446;0.180044",25.851862,38681.93,,15.59,0,6980,10,True,nid004173,59090050
SparseHNSW_Bloom2_30_b12_s0x0_p0,"M=64 efC=1600 ef=50 alpha=0.85 beta=12 q=u8 bloomH=2 bloomT=30 bloomSrc=pruned",64,0.8673638968,0.9726,5844.5689,8.8168,0.0000,0.180416,"0.180000;0.180802;0.180416",25.847564,38688.36,,15.59,0,6980,10,True,nid004173,59090050
SparseHNSW_Bloom2_30_b12_s0x0_p0,"M=64 efC=1600 ef=100 alpha=0.85 beta=12 q=u8 bloomH=2 bloomT=30 bloomSrc=pruned",64,0.8673638968,0.9726,5844.5689,8.8168,0.0000,0.180485,"0.180485;0.180874;0.180244",25.857450,38673.57,,15.59,0,6980,10,True,nid004173,59090050
SparseHNSW_Bloom2_30_b12_s0x0_p0,"M=64 efC=1600 ef=400 alpha=0.85 beta=12 q=u8 bloomH=2 bloomT=30 bloomSrc=pruned",64,0.9121919771,0.9878,5844.5689,8.8168,0.0000,0.494902,"0.495245;0.494902;0.494730",70.902865,14103.80,,15.59,0,6980,10,True,nid004173,59090050
SparseHNSW_Bloom2_30_b12_s0x0_p0,"M=64 efC=1600 ef=800 alpha=0.85 beta=12 q=u8 bloomH=2 bloomT=30 bloomSrc=pruned",64,0.9525644699,0.9943,5844.5689,8.8168,0.0000,0.909937,"0.908982;0.909937;0.910675",130.363467,7670.86,,15.59,0,6980,10,True,nid004173,59090050
SparseHNSW_Bloom2_30_b12_s0x0_p0,"M=64 efC=1600 ef=1600 alpha=0.85 beta=12 q=u8 bloomH=2 bloomT=30 bloomSrc=pruned",64,0.9790257880,0.9974,5844.5689,8.8168,0.0000,1.671910,"1.671951;1.671910;1.671461",239.528653,4174.87,,15.59,0,6980,10,True,nid004173,59090050
SparseHNSW_Bloom2_30_b12_s0x0_p0,"M=64 efC=1600 ef=3200 alpha=0.85 beta=12 q=u8 bloomH=2 bloomT=30 bloomSrc=pruned",64,0.9901719198,0.9986,5844.5689,8.8168,0.0000,3.031049,"3.031049;3.033747;3.029947",434.247708,2302.83,,15.59,0,6980,10,True,nid004173,59090050
SparseHNSW_Bloom2_30_b12_s0x0_p0,"M=64 efC=1600 ef=6400 alpha=0.85 beta=12 q=u8 bloomH=2 bloomT=30 bloomSrc=pruned",64,0.9957449857,0.9999,5844.5689,8.8168,0.0000,5.458764,"5.462133;5.458764;5.458362",782.057880,1278.68,,15.59,0,6980,10,True,nid004173,59090050
SparseHNSW_Bloom2_30_b16_s0x0_p0,"M=64 efC=1600 ef=10 alpha=0.85 beta=16 q=u8 bloomH=2 bloomT=30 bloomSrc=pruned",64,0.8751862464,0.9775,5844.5689,8.8168,0.0000,0.228615,"0.228839;0.228287;0.228615",32.752865,30531.68,,15.59,0,6980,10,True,nid004173,59090050
SparseHNSW_Bloom2_30_b16_s0x0_p0,"M=64 efC=1600 ef=50 alpha=0.85 beta=16 q=u8 bloomH=2 bloomT=30 bloomSrc=pruned",64,0.8751862464,0.9775,5844.5689,8.8168,0.0000,0.228550,"0.228698;0.228416;0.228550",32.743553,30540.36,,15.59,0,6980,10,True,nid004173,59090050
SparseHNSW_Bloom2_30_b16_s0x0_p0,"M=64 efC=1600 ef=100 alpha=0.85 beta=16 q=u8 bloomH=2 bloomT=30 bloomSrc=pruned",64,0.8751862464,0.9775,5844.5689,8.8168,0.0000,0.228570,"0.228440;0.228570;0.228835",32.746418,30537.69,,15.59,0,6980,10,True,nid004173,59090050
SparseHNSW_Bloom2_30_b16_s0x0_p0,"M=64 efC=1600 ef=400 alpha=0.85 beta=16 q=u8 bloomH=2 bloomT=30 bloomSrc=pruned",64,0.9121919771,0.9878,5844.5689,8.8168,0.0000,0.495386,"0.494706;0.495842;0.495386",70.972206,14090.02,,15.59,0,6980,10,True,nid004173,59090050
SparseHNSW_Bloom2_30_b16_s0x0_p0,"M=64 efC=1600 ef=800 alpha=0.85 beta=16 q=u8 bloomH=2 bloomT=30 bloomSrc=pruned",64,0.9525644699,0.9943,5844.5689,8.8168,0.0000,0.910427,"0.910427;0.911358;0.910259",130.433668,7666.73,,15.59,0,6980,10,True,nid004173,59090050
SparseHNSW_Bloom2_30_b16_s0x0_p0,"M=64 efC=1600 ef=1600 alpha=0.85 beta=16 q=u8 bloomH=2 bloomT=30 bloomSrc=pruned",64,0.9790257880,0.9974,5844.5689,8.8168,0.0000,1.670471,"1.671105;1.669528;1.670471",239.322493,4178.46,,15.59,0,6980,10,True,nid004173,59090050
SparseHNSW_Bloom2_30_b16_s0x0_p0,"M=64 efC=1600 ef=3200 alpha=0.85 beta=16 q=u8 bloomH=2 bloomT=30 bloomSrc=pruned",64,0.9901719198,0.9986,5844.5689,8.8168,0.0000,3.031820,"3.032090;3.031820;3.029024",434.358166,2302.25,,15.59,0,6980,10,True,nid004173,59090050
SparseHNSW_Bloom2_30_b16_s0x0_p0,"M=64 efC=1600 ef=6400 alpha=0.85 beta=16 q=u8 bloomH=2 bloomT=30 bloomSrc=pruned",64,0.9957449857,0.9999,5844.5689,8.8168,0.0000,5.462962,"5.462930;5.462962;5.463045",782.659312,1277.70,,15.59,0,6980,10,True,nid004173,59090050
SparseHNSW_Bloom2_30_b4_s8x4_p0,"M=64 efC=1600 ef=10 alpha=0.85 beta=4 q=u8 seedT=8 seedH=8 seedS=4 bloomH=2 bloomT=30 bloomSrc=pruned",64,0.8568051576,0.9765,5844.5689,8.8168,0.0000,0.071896,"0.071210;0.072091;0.071896",10.300287,97084.68,,15.59,0,6980,10,True,nid004173,59090050
SparseHNSW_Bloom2_30_b4_s8x4_p0,"M=64 efC=1600 ef=50 alpha=0.85 beta=4 q=u8 seedT=8 seedH=8 seedS=4 bloomH=2 bloomT=30 bloomSrc=pruned",64,0.8631088825,0.9801,5844.5689,8.8168,0.0000,0.085024,"0.085245;0.085024;0.084939",12.181089,82094.47,,15.59,0,6980,10,True,nid004173,59090050
SparseHNSW_Bloom2_30_b4_s8x4_p0,"M=64 efC=1600 ef=100 alpha=0.85 beta=4 q=u8 seedT=8 seedH=8 seedS=4 bloomH=2 bloomT=30 bloomSrc=pruned",64,0.8762464183,0.9867,5844.5689,8.8168,0.0000,0.148002,"0.148002;0.147463;0.148047",21.203725,47161.52,,15.59,0,6980,10,True,nid004173,59090050
SparseHNSW_Bloom2_30_b4_s8x4_p0,"M=64 efC=1600 ef=400 alpha=0.85 beta=4 q=u8 seedT=8 seedH=8 seedS=4 bloomH=2 bloomT=30 bloomSrc=pruned",64,0.9367048711,0.9960,5844.5689,8.8168,0.0000,0.490876,"0.490876;0.489592;0.490983",70.326074,14219.48,,15.59,0,6980,10,True,nid004173,59090050
SparseHNSW_Bloom2_30_b4_s8x4_p0,"M=64 efC=1600 ef=800 alpha=0.85 beta=4 q=u8 seedT=8 seedH=8 seedS=4 bloomH=2 bloomT=30 bloomSrc=pruned",64,0.9727936963,0.9980,5844.5689,8.8168,0.0000,0.907519,"0.907373;0.909023;0.907519",130.017049,7691.30,,15.59,0,6980,10,True,nid004173,59090050
SparseHNSW_Bloom2_30_b4_s8x4_p0,"M=64 efC=1600 ef=1600 alpha=0.85 beta=4 q=u8 seedT=8 seedH=8 seedS=4 bloomH=2 bloomT=30 bloomSrc=pruned",64,0.9884240688,0.9997,5844.5689,8.8168,0.0000,1.668628,"1.668416;1.668628;1.669448",239.058453,4183.08,,15.59,0,6980,10,True,nid004173,59090050
SparseHNSW_Bloom2_30_b4_s8x4_p0,"M=64 efC=1600 ef=3200 alpha=0.85 beta=4 q=u8 seedT=8 seedH=8 seedS=4 bloomH=2 bloomT=30 bloomSrc=pruned",64,0.9936819484,1.0000,5844.5689,8.8168,0.0000,3.029616,"3.028277;3.029616;3.029710",434.042407,2303.92,,15.59,0,6980,10,True,nid004173,59090050
SparseHNSW_Bloom2_30_b4_s8x4_p0,"M=64 efC=1600 ef=6400 alpha=0.85 beta=4 q=u8 seedT=8 seedH=8 seedS=4 bloomH=2 bloomT=30 bloomSrc=pruned",64,0.9961318052,1.0000,5844.5689,8.8168,0.0000,5.463557,"5.463557;5.461353;5.465050",782.744556,1277.56,,15.60,0,6980,10,True,nid004173,59090050
SparseHNSW_Bloom2_30_b5_s8x4_p0,"M=64 efC=1600 ef=10 alpha=0.85 beta=5 q=u8 seedT=8 seedH=8 seedS=4 bloomH=2 bloomT=30 bloomSrc=pruned",64,0.8631948424,0.9801,5844.5689,8.8168,0.0000,0.085530,"0.085530;0.085798;0.085517",12.253582,81608.79,,15.60,0,6980,10,True,nid004173,59090050
SparseHNSW_Bloom2_30_b5_s8x4_p0,"M=64 efC=1600 ef=50 alpha=0.85 beta=5 q=u8 seedT=8 seedH=8 seedS=4 bloomH=2 bloomT=30 bloomSrc=pruned",64,0.8631948424,0.9801,5844.5689,8.8168,0.0000,0.085930,"0.085930;0.086221;0.085623",12.310888,81228.91,,15.60,0,6980,10,True,nid004173,59090050
SparseHNSW_Bloom2_30_b5_s8x4_p0,"M=64 efC=1600 ef=100 alpha=0.85 beta=5 q=u8 seedT=8 seedH=8 seedS=4 bloomH=2 bloomT=30 bloomSrc=pruned",64,0.8763610315,0.9867,5844.5689,8.8168,0.0000,0.148469,"0.148515;0.148326;0.148469",21.270630,47013.18,,15.60,0,6980,10,True,nid004173,59090050
SparseHNSW_Bloom2_30_b5_s8x4_p0,"M=64 efC=1600 ef=400 alpha=0.85 beta=5 q=u8 seedT=8 seedH=8 seedS=4 bloomH=2 bloomT=30 bloomSrc=pruned",64,0.9368481375,0.9960,5844.5689,8.8168,0.0000,0.491397,"0.491397;0.491113;0.491424",70.400716,14204.40,,15.60,0,6980,10,True,nid004173,59090050
SparseHNSW_Bloom2_30_b5_s8x4_p0,"M=64 efC=1600 ef=800 alpha=0.85 beta=5 q=u8 seedT=8 seedH=8 seedS=4 bloomH=2 bloomT=30 bloomSrc=pruned",64,0.9729512894,0.9980,5844.5689,8.8168,0.0000,0.909478,"0.909563;0.909478;0.908946",130.297708,7674.73,,15.60,0,6980,10,True,nid004173,59090050
SparseHNSW_Bloom2_30_b5_s8x4_p0,"M=64 efC=1600 ef=1600 alpha=0.85 beta=5 q=u8 seedT=8 seedH=8 seedS=4 bloomH=2 bloomT=30 bloomSrc=pruned",64,0.9885959885,0.9997,5844.5689,8.8168,0.0000,1.671541,"1.671366;1.671851;1.671541",239.475788,4175.79,,15.60,0,6980,10,True,nid004173,59090050
SparseHNSW_Bloom2_30_b5_s8x4_p0,"M=64 efC=1600 ef=3200 alpha=0.85 beta=5 q=u8 seedT=8 seedH=8 seedS=4 bloomH=2 bloomT=30 bloomSrc=pruned",64,0.9938538682,1.0000,5844.5689,8.8168,0.0000,3.030787,"3.029395;3.031278;3.030787",434.210172,2303.03,,15.60,0,6980,10,True,nid004173,59090050
SparseHNSW_Bloom2_30_b5_s8x4_p0,"M=64 efC=1600 ef=6400 alpha=0.85 beta=5 q=u8 seedT=8 seedH=8 seedS=4 bloomH=2 bloomT=30 bloomSrc=pruned",64,0.9963037249,1.0000,5844.5689,8.8168,0.0000,5.462777,"5.467587;5.462777;5.462755",782.632808,1277.74,,15.60,0,6980,10,True,nid004173,59090050
SparseHNSW_Bloom2_30_b8_s8x4_p0,"M=64 efC=1600 ef=10 alpha=0.85 beta=8 q=u8 seedT=8 seedH=8 seedS=4 bloomH=2 bloomT=30 bloomSrc=pruned",64,0.8715902579,0.9847,5844.5689,8.8168,0.0000,0.126144,"0.126144;0.126079;0.126424",18.072206,55333.59,,15.60,0,6980,10,True,nid004173,59090050
SparseHNSW_Bloom2_30_b8_s8x4_p0,"M=64 efC=1600 ef=50 alpha=0.85 beta=8 q=u8 seedT=8 seedH=8 seedS=4 bloomH=2 bloomT=30 bloomSrc=pruned",64,0.8715902579,0.9847,5844.5689,8.8168,0.0000,0.126014,"0.125891;0.126081;0.126014",18.053582,55390.67,,15.60,0,6980,10,True,nid004173,59090050
SparseHNSW_Bloom2_30_b8_s8x4_p0,"M=64 efC=1600 ef=100 alpha=0.85 beta=8 q=u8 seedT=8 seedH=8 seedS=4 bloomH=2 bloomT=30 bloomSrc=pruned",64,0.8764326648,0.9867,5844.5689,8.8168,0.0000,0.150832,"0.150965;0.150832;0.150782",21.609169,46276.65,,15.60,0,6980,10,True,nid004173,59090050
SparseHNSW_Bloom2_30_b8_s8x4_p0,"M=64 efC=1600 ef=400 alpha=0.85 beta=8 q=u8 seedT=8 seedH=8 seedS=4 bloomH=2 bloomT=30 bloomSrc=pruned",64,0.9369197708,0.9960,5844.5689,8.8168,0.0000,0.491935,"0.491301;0.491995;0.491935",70.477794,14188.87,,15.60,0,6980,10,True,nid004173,59090050
SparseHNSW_Bloom2_30_b8_s8x4_p0,"M=64 efC=1600 ef=800 alpha=0.85 beta=8 q=u8 seedT=8 seedH=8 seedS=4 bloomH=2 bloomT=30 bloomSrc=pruned",64,0.9730229226,0.9980,5844.5689,8.8168,0.0000,0.910495,"0.909480;0.910495;0.910719",130.443410,7666.16,,15.60,0,6980,10,True,nid004173,59090050
SparseHNSW_Bloom2_30_b8_s8x4_p0,"M=64 efC=1600 ef=1600 alpha=0.85 beta=8 q=u8 seedT=8 seedH=8 seedS=4 bloomH=2 bloomT=30 bloomSrc=pruned",64,0.9886962751,0.9997,5844.5689,8.8168,0.0000,1.672527,"1.672527;1.673925;1.670960",239.617049,4173.33,,15.60,0,6980,10,True,nid004173,59090050
SparseHNSW_Bloom2_30_b8_s8x4_p0,"M=64 efC=1600 ef=3200 alpha=0.85 beta=8 q=u8 seedT=8 seedH=8 seedS=4 bloomH=2 bloomT=30 bloomSrc=pruned",64,0.9939541547,1.0000,5844.5689,8.8168,0.0000,3.034144,"3.035913;3.034144;3.032399",434.691117,2300.48,,15.60,0,6980,10,True,nid004173,59090050
SparseHNSW_Bloom2_30_b8_s8x4_p0,"M=64 efC=1600 ef=6400 alpha=0.85 beta=8 q=u8 seedT=8 seedH=8 seedS=4 bloomH=2 bloomT=30 bloomSrc=pruned",64,0.9964040115,1.0000,5844.5689,8.8168,0.0000,5.463823,"5.463823;5.460574;5.464018",782.782665,1277.49,,15.60,0,6980,10,True,nid004173,59090050
SparseHNSW_Bloom2_30_b12_s8x4_p0,"M=64 efC=1600 ef=10 alpha=0.85 beta=12 q=u8 seedT=8 seedH=8 seedS=4 bloomH=2 bloomT=30 bloomSrc=pruned",64,0.8820916905,0.9884,5844.5689,8.8168,0.0000,0.177789,"0.177431;0.177789;0.177821",25.471203,39260.02,,15.60,0,6980,10,True,nid004173,59090050
SparseHNSW_Bloom2_30_b12_s8x4_p0,"M=64 efC=1600 ef=50 alpha=0.85 beta=12 q=u8 seedT=8 seedH=8 seedS=4 bloomH=2 bloomT=30 bloomSrc=pruned",64,0.8820916905,0.9884,5844.5689,8.8168,0.0000,0.177604,"0.177410;0.177604;0.177927",25.444699,39300.92,,15.60,0,6980,10,True,nid004173,59090050
SparseHNSW_Bloom2_30_b12_s8x4_p0,"M=64 efC=1600 ef=100 alpha=0.85 beta=12 q=u8 seedT=8 seedH=8 seedS=4 bloomH=2 bloomT=30 bloomSrc=pruned",64,0.8820916905,0.9884,5844.5689,8.8168,0.0000,0.177165,"0.177165;0.177787;0.177146",25.381805,39398.30,,15.60,0,6980,10,True,nid004173,59090050
SparseHNSW_Bloom2_30_b12_s8x4_p0,"M=64 efC=1600 ef=400 alpha=0.85 beta=12 q=u8 seedT=8 seedH=8 seedS=4 bloomH=2 bloomT=30 bloomSrc=pruned",64,0.9369484241,0.9960,5844.5689,8.8168,0.0000,0.495425,"0.495454;0.495425;0.494763",70.977794,14088.91,,15.60,0,6980,10,True,nid004173,59090050
SparseHNSW_Bloom2_30_b12_s8x4_p0,"M=64 efC=1600 ef=800 alpha=0.85 beta=12 q=u8 seedT=8 seedH=8 seedS=4 bloomH=2 bloomT=30 bloomSrc=pruned",64,0.9730515759,0.9980,5844.5689,8.8168,0.0000,0.912348,"0.911711;0.912348;0.912718",130.708883,7650.59,,15.60,0,6980,10,True,nid004173,59090050
SparseHNSW_Bloom2_30_b12_s8x4_p0,"M=64 efC=1600 ef=1600 alpha=0.85 beta=12 q=u8 seedT=8 seedH=8 seedS=4 bloomH=2 bloomT=30 bloomSrc=pruned",64,0.9887249284,0.9997,5844.5689,8.8168,0.0000,1.675634,"1.675634;1.676085;1.675152",240.062178,4165.59,,15.60,0,6980,10,True,nid004173,59090050
SparseHNSW_Bloom2_30_b12_s8x4_p0,"M=64 efC=1600 ef=3200 alpha=0.85 beta=12 q=u8 seedT=8 seedH=8 seedS=4 bloomH=2 bloomT=30 bloomSrc=pruned",64,0.9939971347,1.0000,5844.5689,8.8168,0.0000,3.040107,"3.040107;3.040251;3.036208",435.545415,2295.97,,15.60,0,6980,10,True,nid004173,59090050
SparseHNSW_Bloom2_30_b12_s8x4_p0,"M=64 efC=1600 ef=6400 alpha=0.85 beta=12 q=u8 seedT=8 seedH=8 seedS=4 bloomH=2 bloomT=30 bloomSrc=pruned",64,0.9964469914,1.0000,5844.5689,8.8168,0.0000,5.466497,"5.466497;5.467240;5.461435",783.165759,1276.87,,15.60,0,6980,10,True,nid004173,59090050
SparseHNSW_Bloom2_30_b16_s8x4_p0,"M=64 efC=1600 ef=10 alpha=0.85 beta=16 q=u8 seedT=8 seedH=8 seedS=4 bloomH=2 bloomT=30 bloomSrc=pruned",64,0.8914613181,0.9907,5844.5689,8.8168,0.0000,0.227006,"0.227006;0.227295;0.226645",32.522350,30748.09,,15.60,0,6980,10,True,nid004173,59090050
SparseHNSW_Bloom2_30_b16_s8x4_p0,"M=64 efC=1600 ef=50 alpha=0.85 beta=16 q=u8 seedT=8 seedH=8 seedS=4 bloomH=2 bloomT=30 bloomSrc=pruned",64,0.8914613181,0.9907,5844.5689,8.8168,0.0000,0.227037,"0.226673;0.227176;0.227037",32.526791,30743.89,,15.60,0,6980,10,True,nid004173,59090050
SparseHNSW_Bloom2_30_b16_s8x4_p0,"M=64 efC=1600 ef=100 alpha=0.85 beta=16 q=u8 seedT=8 seedH=8 seedS=4 bloomH=2 bloomT=30 bloomSrc=pruned",64,0.8914613181,0.9907,5844.5689,8.8168,0.0000,0.226798,"0.226798;0.226953;0.226603",32.492550,30776.29,,15.60,0,6980,10,True,nid004173,59090050
SparseHNSW_Bloom2_30_b16_s8x4_p0,"M=64 efC=1600 ef=400 alpha=0.85 beta=16 q=u8 seedT=8 seedH=8 seedS=4 bloomH=2 bloomT=30 bloomSrc=pruned",64,0.9369484241,0.9960,5844.5689,8.8168,0.0000,0.496382,"0.496382;0.496416;0.496165",71.114900,14061.75,,15.60,0,6980,10,True,nid004173,59090050
SparseHNSW_Bloom2_30_b16_s8x4_p0,"M=64 efC=1600 ef=800 alpha=0.85 beta=16 q=u8 seedT=8 seedH=8 seedS=4 bloomH=2 bloomT=30 bloomSrc=pruned",64,0.9730515759,0.9980,5844.5689,8.8168,0.0000,0.912958,"0.912958;0.911346;0.913733",130.796275,7645.48,,15.60,0,6980,10,True,nid004173,59090050
SparseHNSW_Bloom2_30_b16_s8x4_p0,"M=64 efC=1600 ef=1600 alpha=0.85 beta=16 q=u8 seedT=8 seedH=8 seedS=4 bloomH=2 bloomT=30 bloomSrc=pruned",64,0.9887249284,0.9997,5844.5689,8.8168,0.0000,1.676040,"1.675534;1.676040;1.676244",240.120344,4164.58,,15.60,0,6980,10,True,nid004173,59090050
SparseHNSW_Bloom2_30_b16_s8x4_p0,"M=64 efC=1600 ef=3200 alpha=0.85 beta=16 q=u8 seedT=8 seedH=8 seedS=4 bloomH=2 bloomT=30 bloomSrc=pruned",64,0.9939971347,1.0000,5844.5689,8.8168,0.0000,3.038302,"3.038806;3.036286;3.038302",435.286819,2297.34,,15.60,0,6980,10,True,nid004173,59090050
SparseHNSW_Bloom2_30_b16_s8x4_p0,"M=64 efC=1600 ef=6400 alpha=0.85 beta=16 q=u8 seedT=8 seedH=8 seedS=4 bloomH=2 bloomT=30 bloomSrc=pruned",64,0.9964469914,1.0000,5844.5689,8.8168,0.0000,5.471893,"5.473714;5.469998;5.471893",783.938825,1275.61,,15.60,0,6980,10,True,nid004173,59090050
SparseHNSW_Bloom2_30_b4_s0x0_p128,"M=64 efC=1600 ef=10 alpha=0.85 beta=4 q=u8 pat=128 bloomH=2 bloomT=30 bloomSrc=pruned",64,0.8373782235,0.9470,5844.5689,8.8168,0.0000,0.075649,"0.075353;0.075649;0.075910",10.837966,92268.24,,15.60,0,6980,10,True,nid004173,59090050
SparseHNSW_Bloom2_30_b4_s0x0_p128,"M=64 efC=1600 ef=50 alpha=0.85 beta=4 q=u8 pat=128 bloomH=2 bloomT=30 bloomSrc=pruned",64,0.8455014327,0.9532,5844.5689,8.8168,0.0000,0.089311,"0.089311;0.089336;0.088733",12.795272,78153.87,,15.60,0,6980,10,True,nid004173,59090050
SparseHNSW_Bloom2_30_b4_s0x0_p128,"M=64 efC=1600 ef=100 alpha=0.85 beta=4 q=u8 pat=128 bloomH=2 bloomT=30 bloomSrc=pruned",64,0.8628366762,0.9695,5844.5689,8.8168,0.0000,0.151257,"0.151670;0.150988;0.151257",21.670057,46146.62,,15.60,0,6980,10,True,nid004173,59090050
SparseHNSW_Bloom2_30_b4_s0x0_p128,"M=64 efC=1600 ef=400 alpha=0.85 beta=4 q=u8 pat=128 bloomH=2 bloomT=30 bloomSrc=pruned",64,0.9104727794,0.9862,5844.5689,8.8168,0.0000,0.264452,"0.264358;0.264452;0.264776",37.887106,26394.20,,15.60,0,6980,10,True,nid004173,59090050
SparseHNSW_Bloom2_30_b4_s0x0_p128,"M=64 efC=1600 ef=800 alpha=0.85 beta=4 q=u8 pat=128 bloomH=2 bloomT=30 bloomSrc=pruned",64,0.9494699140,0.9904,5844.5689,8.8168,0.0000,0.258021,"0.258021;0.257962;0.258234",36.965759,27052.06,,15.60,0,6980,10,True,nid004173,59090050
SparseHNSW_Bloom2_30_b4_s0x0_p128,"M=64 efC=1600 ef=1600 alpha=0.85 beta=4 q=u8 pat=128 bloomH=2 bloomT=30 bloomSrc=pruned",64,0.9758739255,0.9940,5844.5689,8.8168,0.0000,0.265723,"0.266154;0.265723;0.265074",38.069198,26267.96,,15.60,0,6980,10,True,nid004173,59090050
SparseHNSW_Bloom2_30_b4_s0x0_p128,"M=64 efC=1600 ef=3200 alpha=0.85 beta=4 q=u8 pat=128 bloomH=2 bloomT=30 bloomSrc=pruned",64,0.9875787966,0.9967,5844.5689,8.8168,0.0000,0.291215,"0.291151;0.291908;0.291215",41.721347,23968.55,,15.60,0,6980,10,True,nid004173,59090050
SparseHNSW_Bloom2_30_b4_s0x0_p128,"M=64 efC=1600 ef=6400 alpha=0.85 beta=4 q=u8 pat=128 bloomH=2 bloomT=30 bloomSrc=pruned",64,0.9933810888,0.9984,5844.5689,8.8168,0.0000,0.347807,"0.347976;0.347706;0.347807",49.829083,20068.60,,15.60,0,6980,10,True,nid004173,59090050
SparseHNSW_Bloom2_30_b5_s0x0_p128,"M=64 efC=1600 ef=10 alpha=0.85 beta=5 q=u8 pat=128 bloomH=2 bloomT=30 bloomSrc=pruned",64,0.8455873926,0.9532,5844.5689,8.8168,0.0000,0.089825,"0.089530;0.090007;0.089825",12.868911,77706.65,,15.60,0,6980,10,True,nid004173,59090050
SparseHNSW_Bloom2_30_b5_s0x0_p128,"M=64 efC=1600 ef=50 alpha=0.85 beta=5 q=u8 pat=128 bloomH=2 bloomT=30 bloomSrc=pruned",64,0.8455873926,0.9532,5844.5689,8.8168,0.0000,0.089647,"0.089647;0.089744;0.089132",12.843410,77860.94,,15.60,0,6980,10,True,nid004173,59090050
SparseHNSW_Bloom2_30_b5_s0x0_p128,"M=64 efC=1600 ef=100 alpha=0.85 beta=5 q=u8 pat=128 bloomH=2 bloomT=30 bloomSrc=pruned",64,0.8629512894,0.9695,5844.5689,8.8168,0.0000,0.151971,"0.151930;0.152148;0.151971",21.772350,45929.82,,15.60,0,6980,10,True,nid004173,59090050
SparseHNSW_Bloom2_30_b5_s0x0_p128,"M=64 efC=1600 ef=400 alpha=0.85 beta=5 q=u8 pat=128 bloomH=2 bloomT=30 bloomSrc=pruned",64,0.9107879656,0.9862,5844.5689,8.8168,0.0000,0.279269,"0.279149;0.279269;0.279322",40.009885,24993.82,,15.60,0,6980,10,True,nid004173,59090050
SparseHNSW_Bloom2_30_b5_s0x0_p128,"M=64 efC=1600 ef=800 alpha=0.85 beta=5 q=u8 pat=128 bloomH=2 bloomT=30 bloomSrc=pruned",64,0.9498997135,0.9908,5844.5689,8.8168,0.0000,0.273640,"0.273640;0.273634;0.273913",39.203438,25507.97,,15.60,0,6980,10,True,nid004173,59090050
SparseHNSW_Bloom2_30_b5_s0x0_p128,"M=64 efC=1600 ef=1600 alpha=0.85 beta=5 q=u8 pat=128 bloomH=2 bloomT=30 bloomSrc=pruned",64,0.9761174785,0.9943,5844.5689,8.8168,0.0000,0.279749,"0.279749;0.280006;0.279626",40.078653,24950.94,,15.60,0,6980,10,True,nid004173,59090050
SparseHNSW_Bloom2_30_b5_s0x0_p128,"M=64 efC=1600 ef=3200 alpha=0.85 beta=5 q=u8 pat=128 bloomH=2 bloomT=30 bloomSrc=pruned",64,0.9877650430,0.9967,5844.5689,8.8168,0.0000,0.304262,"0.304262;0.304139;0.304447",43.590544,22940.76,,15.60,0,6980,10,True,nid004173,59090050
SparseHNSW_Bloom2_30_b5_s0x0_p128,"M=64 efC=1600 ef=6400 alpha=0.85 beta=5 q=u8 pat=128 bloomH=2 bloomT=30 bloomSrc=pruned",64,0.9936103152,0.9984,5844.5689,8.8168,0.0000,0.361206,"0.361025;0.361206;0.361489",51.748711,19324.15,,15.60,0,6980,10,True,nid004173,59090050
SparseHNSW_Bloom2_30_b8_s0x0_p128,"M=64 efC=1600 ef=10 alpha=0.85 beta=8 q=u8 pat=128 bloomH=2 bloomT=30 bloomSrc=pruned",64,0.8570487106,0.9640,5844.5689,8.8168,0.0000,0.129763,"0.130392;0.129458;0.129763",18.590688,53790.37,,15.60,0,6980,10,True,nid004173,59090050
SparseHNSW_Bloom2_30_b8_s0x0_p128,"M=64 efC=1600 ef=50 alpha=0.85 beta=8 q=u8 pat=128 bloomH=2 bloomT=30 bloomSrc=pruned",64,0.8570487106,0.9640,5844.5689,8.8168,0.0000,0.129753,"0.129766;0.129700;0.129753",18.589255,53794.52,,15.60,0,6980,10,True,nid004173,59090050
SparseHNSW_Bloom2_30_b8_s0x0_p128,"M=64 efC=1600 ef=100 alpha=0.85 beta=8 q=u8 pat=128 bloomH=2 bloomT=30 bloomSrc=pruned",64,0.8630229226,0.9695,5844.5689,8.8168,0.0000,0.154744,"0.155016;0.154744;0.153806",22.169628,45106.76,,15.60,0,6980,10,True,nid004173,59090050
SparseHNSW_Bloom2_30_b8_s0x0_p128,"M=64 efC=1600 ef=400 alpha=0.85 beta=8 q=u8 pat=128 bloomH=2 bloomT=30 bloomSrc=pruned",64,0.9110888252,0.9867,5844.5689,8.8168,0.0000,0.327174,"0.327374;0.327060;0.327174",46.873066,21334.21,,15.60,0,6980,10,True,nid004173,59090050
SparseHNSW_Bloom2_30_b8_s0x0_p128,"M=64 efC=1600 ef=800 alpha=0.85 beta=8 q=u8 pat=128 bloomH=2 bloomT=30 bloomSrc=pruned",64,0.9504584527,0.9915,5844.5689,8.8168,0.0000,0.320967,"0.320967;0.321374;0.320833",45.983811,21746.78,,15.60,0,6980,10,True,nid004173,59090050
SparseHNSW_Bloom2_30_b8_s0x0_p128,"M=64 efC=1600 ef=1600 alpha=0.85 beta=8 q=u8 pat=128 bloomH=2 bloomT=30 bloomSrc=pruned",64,0.9766618911,0.9948,5844.5689,8.8168,0.0000,0.321613,"0.321352;0.322562;0.321613",46.076361,21703.10,,15.60,0,6980,10,True,nid004173,59090050
SparseHNSW_Bloom2_30_b8_s0x0_p128,"M=64 efC=1600 ef=3200 alpha=0.85 beta=8 q=u8 pat=128 bloomH=2 bloomT=30 bloomSrc=pruned",64,0.9881375358,0.9970,5844.5689,8.8168,0.0000,0.341544,"0.341747;0.340954;0.341544",48.931805,20436.61,,15.60,0,6980,10,True,nid004173,59090050
SparseHNSW_Bloom2_30_b8_s0x0_p128,"M=64 efC=1600 ef=6400 alpha=0.85 beta=8 q=u8 pat=128 bloomH=2 bloomT=30 bloomSrc=pruned",64,0.9939255014,0.9986,5844.5689,8.8168,0.0000,0.400555,"0.400555;0.400508;0.400825",57.386103,17425.82,,15.60,0,6980,10,True,nid004173,59090050
SparseHNSW_Bloom2_30_b12_s0x0_p128,"M=64 efC=1600 ef=10 alpha=0.85 beta=12 q=u8 pat=128 bloomH=2 bloomT=30 bloomSrc=pruned",64,0.8673638968,0.9726,5844.5689,8.8168,0.0000,0.181830,"0.181089;0.181830;0.181878",26.050143,38387.50,,15.60,0,6980,10,True,nid004173,59090050
SparseHNSW_Bloom2_30_b12_s0x0_p128,"M=64 efC=1600 ef=50 alpha=0.85 beta=12 q=u8 pat=128 bloomH=2 bloomT=30 bloomSrc=pruned",64,0.8673638968,0.9726,5844.5689,8.8168,0.0000,0.181402,"0.181402;0.181560;0.181246",25.988825,38478.08,,15.60,0,6980,10,True,nid004173,59090050
SparseHNSW_Bloom2_30_b12_s0x0_p128,"M=64 efC=1600 ef=100 alpha=0.85 beta=12 q=u8 pat=128 bloomH=2 bloomT=30 bloomSrc=pruned",64,0.8673638968,0.9726,5844.5689,8.8168,0.0000,0.181668,"0.182223;0.181668;0.181001",26.026934,38421.74,,15.60,0,6980,10,True,nid004173,59090050
SparseHNSW_Bloom2_30_b12_s0x0_p128,"M=64 efC=1600 ef=400 alpha=0.85 beta=12 q=u8 pat=128 bloomH=2 bloomT=30 bloomSrc=pruned",64,0.9114899713,0.9871,5844.5689,8.8168,0.0000,0.386177,"0.386177;0.386917;0.384535",55.326218,18074.61,,15.60,0,6980,10,True,nid004173,59090050
SparseHNSW_Bloom2_30_b12_s0x0_p128,"M=64 efC=1600 ef=800 alpha=0.85 beta=12 q=u8 pat=128 bloomH=2 bloomT=30 bloomSrc=pruned",64,0.9508595989,0.9920,5844.5689,8.8168,0.0000,0.384282,"0.384347;0.384282;0.384037",55.054728,18163.74,,15.60,0,6980,10,True,nid004173,59090050
SparseHNSW_Bloom2_30_b12_s0x0_p128,"M=64 efC=1600 ef=1600 alpha=0.85 beta=12 q=u8 pat=128 bloomH=2 bloomT=30 bloomSrc=pruned",64,0.9771203438,0.9953,5844.5689,8.8168,0.0000,0.378815,"0.379142;0.378691;0.378815",54.271490,18425.88,,15.60,0,6980,10,True,nid004173,59090050
SparseHNSW_Bloom2_30_b12_s0x0_p128,"M=64 efC=1600 ef=3200 alpha=0.85 beta=12 q=u8 pat=128 bloomH=2 bloomT=30 bloomSrc=pruned",64,0.9883810888,0.9970,5844.5689,8.8168,0.0000,0.392172,"0.392172;0.392000;0.392238",56.185100,17798.31,,15.60,0,6980,10,True,nid004173,59090050
SparseHNSW_Bloom2_30_b12_s0x0_p128,"M=64 efC=1600 ef=6400 alpha=0.85 beta=12 q=u8 pat=128 bloomH=2 bloomT=30 bloomSrc=pruned",64,0.9943982808,0.9987,5844.5689,8.8168,0.0000,0.450206,"0.450206;0.450149;0.451334",64.499427,15504.01,,15.60,0,6980,10,True,nid004173,59090050
SparseHNSW_Bloom2_30_b16_s0x0_p128,"M=64 efC=1600 ef=10 alpha=0.85 beta=16 q=u8 pat=128 bloomH=2 bloomT=30 bloomSrc=pruned",64,0.8751862464,0.9775,5844.5689,8.8168,0.0000,0.230307,"0.230217;0.230991;0.230307",32.995272,30307.37,,15.60,0,6980,10,True,nid004173,59090050
SparseHNSW_Bloom2_30_b16_s0x0_p128,"M=64 efC=1600 ef=50 alpha=0.85 beta=16 q=u8 pat=128 bloomH=2 bloomT=30 bloomSrc=pruned",64,0.8751862464,0.9775,5844.5689,8.8168,0.0000,0.230136,"0.229671;0.230136;0.230176",32.970774,30329.89,,15.60,0,6980,10,True,nid004173,59090050
SparseHNSW_Bloom2_30_b16_s0x0_p128,"M=64 efC=1600 ef=100 alpha=0.85 beta=16 q=u8 pat=128 bloomH=2 bloomT=30 bloomSrc=pruned",64,0.8751862464,0.9775,5844.5689,8.8168,0.0000,0.230552,"0.230552;0.229742;0.230682",33.030372,30275.17,,15.60,0,6980,10,True,nid004173,59090050
SparseHNSW_Bloom2_30_b16_s0x0_p128,"M=64 efC=1600 ef=400 alpha=0.85 beta=16 q=u8 pat=128 bloomH=2 bloomT=30 bloomSrc=pruned",64,0.9115472779,0.9871,5844.5689,8.8168,0.0000,0.427649,"0.427649;0.427941;0.427560",61.267765,16321.80,,15.60,0,6980,10,True,nid004173,59090050
SparseHNSW_Bloom2_30_b16_s0x0_p128,"M=64 efC=1600 ef=800 alpha=0.85 beta=16 q=u8 pat=128 bloomH=2 bloomT=30 bloomSrc=pruned",64,0.9510744986,0.9924,5844.5689,8.8168,0.0000,0.451787,"0.451902;0.451787;0.451411",64.725931,15449.76,,15.60,0,6980,10,True,nid004173,59090050
SparseHNSW_Bloom2_30_b16_s0x0_p128,"M=64 efC=1600 ef=1600 alpha=0.85 beta=16 q=u8 pat=128 bloomH=2 bloomT=30 bloomSrc=pruned",64,0.9774355301,0.9958,5844.5689,8.8168,0.0000,0.438770,"0.439253;0.438770;0.438545",62.861032,15908.11,,15.60,0,6980,10,True,nid004173,59090050
SparseHNSW_Bloom2_30_b16_s0x0_p128,"M=64 efC=1600 ef=3200 alpha=0.85 beta=16 q=u8 pat=128 bloomH=2 bloomT=30 bloomSrc=pruned",64,0.9885816619,0.9973,5844.5689,8.8168,0.0000,0.442647,"0.442647;0.442540;0.443098",63.416476,15768.77,,15.60,0,6980,10,True,nid004173,59090050
SparseHNSW_Bloom2_30_b16_s0x0_p128,"M=64 efC=1600 ef=6400 alpha=0.85 beta=16 q=u8 pat=128 bloomH=2 bloomT=30 bloomSrc=pruned",64,0.9944555874,0.9989,5844.5689,8.8168,0.0000,0.495599,"0.495599;0.495969;0.495046",71.002722,14083.97,,15.60,0,6980,10,True,nid004173,59090050
SparseHNSW_Bloom2_30_b4_s8x4_p128,"M=64 efC=1600 ef=10 alpha=0.85 beta=4 q=u8 seedT=8 seedH=8 seedS=4 pat=128 bloomH=2 bloomT=30 bloomSrc=pruned",64,0.8568051576,0.9765,5844.5689,8.8168,0.0000,0.072428,"0.072212;0.072428;0.072733",10.376504,96371.57,,15.60,0,6980,10,True,nid004173,59090050
SparseHNSW_Bloom2_30_b4_s8x4_p128,"M=64 efC=1600 ef=50 alpha=0.85 beta=4 q=u8 seedT=8 seedH=8 seedS=4 pat=128 bloomH=2 bloomT=30 bloomSrc=pruned",64,0.8631088825,0.9801,5844.5689,8.8168,0.0000,0.085688,"0.085805;0.085688;0.085529",12.276218,81458.31,,15.60,0,6980,10,True,nid004173,59090050
SparseHNSW_Bloom2_30_b4_s8x4_p128,"M=64 efC=1600 ef=100 alpha=0.85 beta=4 q=u8 seedT=8 seedH=8 seedS=4 pat=128 bloomH=2 bloomT=30 bloomSrc=pruned",64,0.8762464183,0.9867,5844.5689,8.8168,0.0000,0.148897,"0.148975;0.148897;0.148243",21.331948,46878.04,,15.60,0,6980,10,True,nid004173,59090050
SparseHNSW_Bloom2_30_b4_s8x4_p128,"M=64 efC=1600 ef=400 alpha=0.85 beta=4 q=u8 seedT=8 seedH=8 seedS=4 pat=128 bloomH=2 bloomT=30 bloomSrc=pruned",64,0.9360315186,0.9957,5844.5689,8.8168,0.0000,0.252136,"0.252251;0.252136;0.251457",36.122636,27683.47,,15.60,0,6980,10,True,nid004173,59090050
SparseHNSW_Bloom2_30_b4_s8x4_p128,"M=64 efC=1600 ef=800 alpha=0.85 beta=4 q=u8 seedT=8 seedH=8 seedS=4 pat=128 bloomH=2 bloomT=30 bloomSrc=pruned",64,0.9713896848,0.9971,5844.5689,8.8168,0.0000,0.250479,"0.250658;0.250479;0.250040",35.885244,27866.61,,15.60,0,6980,10,True,nid004173,59090050
SparseHNSW_Bloom2_30_b4_s8x4_p128,"M=64 efC=1600 ef=1600 alpha=0.85 beta=4 q=u8 seedT=8 seedH=8 seedS=4 pat=128 bloomH=2 bloomT=30 bloomSrc=pruned",64,0.9870343840,0.9989,5844.5689,8.8168,0.0000,0.261964,"0.261785;0.262767;0.261964",37.530659,26644.88,,15.60,0,6980,10,True,nid004173,59090050
SparseHNSW_Bloom2_30_b4_s8x4_p128,"M=64 efC=1600 ef=3200 alpha=0.85 beta=4 q=u8 seedT=8 seedH=8 seedS=4 pat=128 bloomH=2 bloomT=30 bloomSrc=pruned",64,0.9925931232,0.9997,5844.5689,8.8168,0.0000,0.289273,"0.289273;0.288870;0.289484",41.443123,24129.46,,15.60,0,6980,10,True,nid004173,59090050
SparseHNSW_Bloom2_30_b4_s8x4_p128,"M=64 efC=1600 ef=6400 alpha=0.85 beta=4 q=u8 seedT=8 seedH=8 seedS=4 pat=128 bloomH=2 bloomT=30 bloomSrc=pruned",64,0.9950859599,0.9999,5844.5689,8.8168,0.0000,0.346214,"0.346214;0.346601;0.345487",49.600860,20160.94,,15.60,0,6980,10,True,nid004173,59090050
SparseHNSW_Bloom2_30_b5_s8x4_p128,"M=64 efC=1600 ef=10 alpha=0.85 beta=5 q=u8 seedT=8 seedH=8 seedS=4 pat=128 bloomH=2 bloomT=30 bloomSrc=pruned",64,0.8631948424,0.9801,5844.5689,8.8168,0.0000,0.086257,"0.086257;0.086212;0.086940",12.357736,80920.97,,15.60,0,6980,10,True,nid004173,59090050
SparseHNSW_Bloom2_30_b5_s8x4_p128,"M=64 efC=1600 ef=50 alpha=0.85 beta=5 q=u8 seedT=8 seedH=8 seedS=4 pat=128 bloomH=2 bloomT=30 bloomSrc=pruned",64,0.8631948424,0.9801,5844.5689,8.8168,0.0000,0.086481,"0.086572;0.086481;0.086060",12.389828,80711.37,,15.60,0,6980,10,True,nid004173,59090050
SparseHNSW_Bloom2_30_b5_s8x4_p128,"M=64 efC=1600 ef=100 alpha=0.85 beta=5 q=u8 seedT=8 seedH=8 seedS=4 pat=128 bloomH=2 bloomT=30 bloomSrc=pruned",64,0.8763610315,0.9867,5844.5689,8.8168,0.0000,0.150033,"0.150033;0.150380;0.149684",21.494699,46523.10,,15.60,0,6980,10,True,nid004173,59090050
SparseHNSW_Bloom2_30_b5_s8x4_p128,"M=64 efC=1600 ef=400 alpha=0.85 beta=5 q=u8 seedT=8 seedH=8 seedS=4 pat=128 bloomH=2 bloomT=30 bloomSrc=pruned",64,0.9362464183,0.9957,5844.5689,8.8168,0.0000,0.268284,"0.268145;0.268284;0.268680",38.436103,26017.21,,15.60,0,6980,10,True,nid004173,59090050
SparseHNSW_Bloom2_30_b5_s8x4_p128,"M=64 efC=1600 ef=800 alpha=0.85 beta=5 q=u8 seedT=8 seedH=8 seedS=4 pat=128 bloomH=2 bloomT=30 bloomSrc=pruned",64,0.9717191977,0.9974,5844.5689,8.8168,0.0000,0.264544,"0.264544;0.264696;0.264364",37.900287,26385.02,,15.60,0,6980,10,True,nid004173,59090050
SparseHNSW_Bloom2_30_b5_s8x4_p128,"M=64 efC=1600 ef=1600 alpha=0.85 beta=5 q=u8 seedT=8 seedH=8 seedS=4 pat=128 bloomH=2 bloomT=30 bloomSrc=pruned",64,0.9872922636,0.9990,5844.5689,8.8168,0.0000,0.275491,"0.275521;0.274993;0.275491",39.468625,25336.58,,15.60,0,6980,10,True,nid004173,59090050
SparseHNSW_Bloom2_30_b5_s8x4_p128,"M=64 efC=1600 ef=3200 alpha=0.85 beta=5 q=u8 seedT=8 seedH=8 seedS=4 pat=128 bloomH=2 bloomT=30 bloomSrc=pruned",64,0.9927650430,0.9997,5844.5689,8.8168,0.0000,0.301968,"0.301968;0.302869;0.301765",43.261891,23115.03,,15.60,0,6980,10,True,nid004173,59090050
SparseHNSW_Bloom2_30_b5_s8x4_p128,"M=64 efC=1600 ef=6400 alpha=0.85 beta=5 q=u8 seedT=8 seedH=8 seedS=4 pat=128 bloomH=2 bloomT=30 bloomSrc=pruned",64,0.9952722063,0.9999,5844.5689,8.8168,0.0000,0.359388,"0.360267;0.359388;0.359227",51.488252,19421.91,,15.60,0,6980,10,True,nid004173,59090050
SparseHNSW_Bloom2_30_b8_s8x4_p128,"M=64 efC=1600 ef=10 alpha=0.85 beta=8 q=u8 seedT=8 seedH=8 seedS=4 pat=128 bloomH=2 bloomT=30 bloomSrc=pruned",64,0.8715902579,0.9847,5844.5689,8.8168,0.0000,0.127400,"0.127812;0.127167;0.127400",18.252149,54788.07,,15.60,0,6980,10,True,nid004173,59090050
SparseHNSW_Bloom2_30_b8_s8x4_p128,"M=64 efC=1600 ef=50 alpha=0.85 beta=8 q=u8 seedT=8 seedH=8 seedS=4 pat=128 bloomH=2 bloomT=30 bloomSrc=pruned",64,0.8715902579,0.9847,5844.5689,8.8168,0.0000,0.126895,"0.126839;0.126895;0.127627",18.179799,55006.11,,15.60,0,6980,10,True,nid004173,59090050
SparseHNSW_Bloom2_30_b8_s8x4_p128,"M=64 efC=1600 ef=100 alpha=0.85 beta=8 q=u8 seedT=8 seedH=8 seedS=4 pat=128 bloomH=2 bloomT=30 bloomSrc=pruned",64,0.8764326648,0.9867,5844.5689,8.8168,0.0000,0.151583,"0.151536;0.151583;0.151739",21.716762,46047.38,,15.60,0,6980,10,True,nid004173,59090050
SparseHNSW_Bloom2_30_b8_s8x4_p128,"M=64 efC=1600 ef=400 alpha=0.85 beta=8 q=u8 seedT=8 seedH=8 seedS=4 pat=128 bloomH=2 bloomT=30 bloomSrc=pruned",64,0.9364326648,0.9957,5844.5689,8.8168,0.0000,0.316570,"0.316521;0.316570;0.316967",45.353868,22048.84,,15.60,0,6980,10,True,nid004173,59090050
SparseHNSW_Bloom2_30_b8_s8x4_p128,"M=64 efC=1600 ef=800 alpha=0.85 beta=8 q=u8 seedT=8 seedH=8 seedS=4 pat=128 bloomH=2 bloomT=30 bloomSrc=pruned",64,0.9721060172,0.9976,5844.5689,8.8168,0.0000,0.311692,"0.310499;0.311723;0.311692",44.655014,22393.90,,15.60,0,6980,10,True,nid004173,59090050
SparseHNSW_Bloom2_30_b8_s8x4_p128,"M=64 efC=1600 ef=1600 alpha=0.85 beta=8 q=u8 seedT=8 seedH=8 seedS=4 pat=128 bloomH=2 bloomT=30 bloomSrc=pruned",64,0.9875787966,0.9990,5844.5689,8.8168,0.0000,0.315895,"0.315895;0.315876;0.316022",45.257163,22095.95,,15.60,0,6980,10,True,nid004173,59090050
SparseHNSW_Bloom2_30_b8_s8x4_p128,"M=64 efC=1600 ef=3200 alpha=0.85 beta=8 q=u8 seedT=8 seedH=8 seedS=4 pat=128 bloomH=2 bloomT=30 bloomSrc=pruned",64,0.9930372493,0.9997,5844.5689,8.8168,0.0000,0.340404,"0.340273;0.340404;0.340526",48.768481,20505.05,,15.60,0,6980,10,True,nid004173,59090050
SparseHNSW_Bloom2_30_b8_s8x4_p128,"M=64 efC=1600 ef=6400 alpha=0.85 beta=8 q=u8 seedT=8 seedH=8 seedS=4 pat=128 bloomH=2 bloomT=30 bloomSrc=pruned",64,0.9955300860,0.9999,5844.5689,8.8168,0.0000,0.399611,"0.398706;0.399849;0.399611",57.250860,17466.99,,15.60,0,6980,10,True,nid004173,59090050
SparseHNSW_Bloom2_30_b12_s8x4_p128,"M=64 efC=1600 ef=10 alpha=0.85 beta=12 q=u8 seedT=8 seedH=8 seedS=4 pat=128 bloomH=2 bloomT=30 bloomSrc=pruned",64,0.8820916905,0.9884,5844.5689,8.8168,0.0000,0.178895,"0.178892;0.179448;0.178895",25.629656,39017.30,,15.60,0,6980,10,True,nid004173,59090050
SparseHNSW_Bloom2_30_b12_s8x4_p128,"M=64 efC=1600 ef=50 alpha=0.85 beta=12 q=u8 seedT=8 seedH=8 seedS=4 pat=128 bloomH=2 bloomT=30 bloomSrc=pruned",64,0.8820916905,0.9884,5844.5689,8.8168,0.0000,0.178695,"0.178695;0.178670;0.179002",25.601003,39060.97,,15.60,0,6980,10,True,nid004173,59090050
SparseHNSW_Bloom2_30_b12_s8x4_p128,"M=64 efC=1600 ef=100 alpha=0.85 beta=12 q=u8 seedT=8 seedH=8 seedS=4 pat=128 bloomH=2 bloomT=30 bloomSrc=pruned",64,0.8820916905,0.9884,5844.5689,8.8168,0.0000,0.179095,"0.179348;0.179095;0.179093",25.658309,38973.73,,15.60,0,6980,10,True,nid004173,59090050
SparseHNSW_Bloom2_30_b12_s8x4_p128,"M=64 efC=1600 ef=400 alpha=0.85 beta=12 q=u8 seedT=8 seedH=8 seedS=4 pat=128 bloomH=2 bloomT=30 bloomSrc=pruned",64,0.9367765043,0.9958,5844.5689,8.8168,0.0000,0.373767,"0.373463;0.373767;0.373963",53.548281,18674.74,,15.60,0,6980,10,True,nid004173,59090050
SparseHNSW_Bloom2_30_b12_s8x4_p128,"M=64 efC=1600 ef=800 alpha=0.85 beta=12 q=u8 seedT=8 seedH=8 seedS=4 pat=128 bloomH=2 bloomT=30 bloomSrc=pruned",64,0.9723925501,0.9977,5844.5689,8.8168,0.0000,0.376941,"0.376941;0.376851;0.377274",54.003009,18517.49,,15.60,0,6980,10,True,nid004173,59090050
SparseHNSW_Bloom2_30_b12_s8x4_p128,"M=64 efC=1600 ef=1600 alpha=0.85 beta=12 q=u8 seedT=8 seedH=8 seedS=4 pat=128 bloomH=2 bloomT=30 bloomSrc=pruned",64,0.9878653295,0.9991,5844.5689,8.8168,0.0000,0.373255,"0.373255;0.373491;0.373060",53.474928,18700.35,,15.60,0,6980,10,True,nid004173,59090050
SparseHNSW_Bloom2_30_b12_s8x4_p128,"M=64 efC=1600 ef=3200 alpha=0.85 beta=12 q=u8 seedT=8 seedH=8 seedS=4 pat=128 bloomH=2 bloomT=30 bloomSrc=pruned",64,0.9932521490,0.9997,5844.5689,8.8168,0.0000,0.390524,"0.390920;0.390298;0.390524",55.948997,17873.42,,15.60,0,6980,10,True,nid004173,59090050
SparseHNSW_Bloom2_30_b12_s8x4_p128,"M=64 efC=1600 ef=6400 alpha=0.85 beta=12 q=u8 seedT=8 seedH=8 seedS=4 pat=128 bloomH=2 bloomT=30 bloomSrc=pruned",64,0.9958739255,0.9999,5844.5689,8.8168,0.0000,0.449597,"0.449597;0.449704;0.449289",64.412178,15525.01,,15.60,0,6980,10,True,nid004173,59090050
SparseHNSW_Bloom2_30_b16_s8x4_p128,"M=64 efC=1600 ef=10 alpha=0.85 beta=16 q=u8 seedT=8 seedH=8 seedS=4 pat=128 bloomH=2 bloomT=30 bloomSrc=pruned",64,0.8914613181,0.9907,5844.5689,8.8168,0.0000,0.228483,"0.228483;0.228447;0.228510",32.733954,30549.32,,15.60,0,6980,10,True,nid004173,59090050
SparseHNSW_Bloom2_30_b16_s8x4_p128,"M=64 efC=1600 ef=50 alpha=0.85 beta=16 q=u8 seedT=8 seedH=8 seedS=4 pat=128 bloomH=2 bloomT=30 bloomSrc=pruned",64,0.8914613181,0.9907,5844.5689,8.8168,0.0000,0.228548,"0.228762;0.228470;0.228548",32.743266,30540.63,,15.60,0,6980,10,True,nid004173,59090050
SparseHNSW_Bloom2_30_b16_s8x4_p128,"M=64 efC=1600 ef=100 alpha=0.85 beta=16 q=u8 seedT=8 seedH=8 seedS=4 pat=128 bloomH=2 bloomT=30 bloomSrc=pruned",64,0.8914613181,0.9907,5844.5689,8.8168,0.0000,0.228219,"0.229137;0.227709;0.228219",32.696132,30584.66,,15.60,0,6980,10,True,nid004173,59090050
SparseHNSW_Bloom2_30_b16_s8x4_p128,"M=64 efC=1600 ef=400 alpha=0.85 beta=16 q=u8 seedT=8 seedH=8 seedS=4 pat=128 bloomH=2 bloomT=30 bloomSrc=pruned",64,0.9368767908,0.9960,5844.5689,8.8168,0.0000,0.422549,"0.422570;0.422549;0.422458",60.537106,16518.79,,15.60,0,6980,10,True,nid004173,59090050
SparseHNSW_Bloom2_30_b16_s8x4_p128,"M=64 efC=1600 ef=800 alpha=0.85 beta=16 q=u8 seedT=8 seedH=8 seedS=4 pat=128 bloomH=2 bloomT=30 bloomSrc=pruned",64,0.9724355301,0.9977,5844.5689,8.8168,0.0000,0.436448,"0.436832;0.436448;0.436344",62.528367,15992.74,,15.60,0,6980,10,True,nid004173,59090050
SparseHNSW_Bloom2_30_b16_s8x4_p128,"M=64 efC=1600 ef=1600 alpha=0.85 beta=16 q=u8 seedT=8 seedH=8 seedS=4 pat=128 bloomH=2 bloomT=30 bloomSrc=pruned",64,0.9879512894,0.9993,5844.5689,8.8168,0.0000,0.431131,"0.431131;0.430956;0.431481",61.766619,16189.97,,15.60,0,6980,10,True,nid004173,59090050
SparseHNSW_Bloom2_30_b16_s8x4_p128,"M=64 efC=1600 ef=3200 alpha=0.85 beta=16 q=u8 seedT=8 seedH=8 seedS=4 pat=128 bloomH=2 bloomT=30 bloomSrc=pruned",64,0.9933524355,0.9999,5844.5689,8.8168,0.0000,0.442163,"0.443101;0.442163;0.441325",63.347135,15786.03,,15.60,0,6980,10,True,nid004173,59090050
SparseHNSW_Bloom2_30_b16_s8x4_p128,"M=64 efC=1600 ef=6400 alpha=0.85 beta=16 q=u8 seedT=8 seedH=8 seedS=4 pat=128 bloomH=2 bloomT=30 bloomSrc=pruned",64,0.9959742120,1.0000,5844.5689,8.8168,0.0000,0.494819,"0.494841;0.494632;0.494819",70.890974,14106.17,,15.60,0,6980,10,True,nid004173,59090050
SparseHNSW_Bloom2_30_b4_s0x0_p256,"M=64 efC=1600 ef=10 alpha=0.85 beta=4 q=u8 pat=256 bloomH=2 bloomT=30 bloomSrc=pruned",64,0.8373782235,0.9470,5844.5689,8.8168,0.0000,0.075885,"0.075068;0.075996;0.075885",10.871777,91981.29,,15.60,0,6980,10,True,nid004173,59090050
SparseHNSW_Bloom2_30_b4_s0x0_p256,"M=64 efC=1600 ef=50 alpha=0.85 beta=4 q=u8 pat=256 bloomH=2 bloomT=30 bloomSrc=pruned",64,0.8455014327,0.9532,5844.5689,8.8168,0.0000,0.088829,"0.088845;0.088706;0.088829",12.726218,78577.94,,15.60,0,6980,10,True,nid004173,59090050
SparseHNSW_Bloom2_30_b4_s0x0_p256,"M=64 efC=1600 ef=100 alpha=0.85 beta=4 q=u8 pat=256 bloomH=2 bloomT=30 bloomSrc=pruned",64,0.8628366762,0.9695,5844.5689,8.8168,0.0000,0.151615,"0.151615;0.151410;0.151799",21.721347,46037.66,,15.60,0,6980,10,True,nid004173,59090050
SparseHNSW_Bloom2_30_b4_s0x0_p256,"M=64 efC=1600 ef=400 alpha=0.85 beta=4 q=u8 pat=256 bloomH=2 bloomT=30 bloomSrc=pruned",64,0.9117621777,0.9877,5844.5689,8.8168,0.0000,0.402353,"0.401986;0.402394;0.402353",57.643696,17347.95,,15.60,0,6980,10,True,nid004173,59090050
SparseHNSW_Bloom2_30_b4_s0x0_p256,"M=64 efC=1600 ef=800 alpha=0.85 beta=4 q=u8 pat=256 bloomH=2 bloomT=30 bloomSrc=pruned",64,0.9513467049,0.9933,5844.5689,8.8168,0.0000,0.410899,"0.410531;0.410899;0.411260",58.868052,16987.14,,15.60,0,6980,10,True,nid004173,59090050
SparseHNSW_Bloom2_30_b4_s0x0_p256,"M=64 efC=1600 ef=1600 alpha=0.85 beta=4 q=u8 pat=256 bloomH=2 bloomT=30 bloomSrc=pruned",64,0.9774355301,0.9963,5844.5689,8.8168,0.0000,0.412814,"0.413987;0.412814;0.412789",59.142407,16908.34,,15.60,0,6980,10,True,nid004173,59090050
SparseHNSW_Bloom2_30_b4_s0x0_p256,"M=64 efC=1600 ef=3200 alpha=0.85 beta=4 q=u8 pat=256 bloomH=2 bloomT=30 bloomSrc=pruned",64,0.9884383954,0.9974,5844.5689,8.8168,0.0000,0.434941,"0.433997;0.435252;0.434941",62.312464,16048.15,,15.60,0,6980,10,True,nid004173,59090050
SparseHNSW_Bloom2_30_b4_s0x0_p256,"M=64 efC=1600 ef=6400 alpha=0.85 beta=4 q=u8 pat=256 bloomH=2 bloomT=30 bloomSrc=pruned",64,0.9941404011,0.9989,5844.5689,8.8168,0.0000,0.495496,"0.495604;0.495496;0.495212",70.987966,14086.89,,15.60,0,6980,10,True,nid004173,59090050
SparseHNSW_Bloom2_30_b5_s0x0_p256,"M=64 efC=1600 ef=10 alpha=0.85 beta=5 q=u8 pat=256 bloomH=2 bloomT=30 bloomSrc=pruned",64,0.8455873926,0.9532,5844.5689,8.8168,0.0000,0.089667,"0.088934;0.089835;0.089667",12.846275,77843.58,,15.60,0,6980,10,True,nid004173,59090050
SparseHNSW_Bloom2_30_b5_s0x0_p256,"M=64 efC=1600 ef=50 alpha=0.85 beta=5 q=u8 pat=256 bloomH=2 bloomT=30 bloomSrc=pruned",64,0.8455873926,0.9532,5844.5689,8.8168,0.0000,0.089553,"0.089765;0.089511;0.089553",12.829943,77942.67,,15.60,0,6980,10,True,nid004173,59090050
SparseHNSW_Bloom2_30_b5_s0x0_p256,"M=64 efC=1600 ef=100 alpha=0.85 beta=5 q=u8 pat=256 bloomH=2 bloomT=30 bloomSrc=pruned",64,0.8629512894,0.9695,5844.5689,8.8168,0.0000,0.152611,"0.152244;0.152611;0.152889",21.864040,45737.20,,15.60,0,6980,10,True,nid004173,59090050
SparseHNSW_Bloom2_30_b5_s0x0_p256,"M=64 efC=1600 ef=400 alpha=0.85 beta=5 q=u8 pat=256 bloomH=2 bloomT=30 bloomSrc=pruned",64,0.9118911175,0.9877,5844.5689,8.8168,0.0000,0.416723,"0.416723;0.417025;0.416464",59.702436,16749.74,,15.60,0,6980,10,True,nid004173,59090050
SparseHNSW_Bloom2_30_b5_s0x0_p256,"M=64 efC=1600 ef=800 alpha=0.85 beta=5 q=u8 pat=256 bloomH=2 bloomT=30 bloomSrc=pruned",64,0.9516189112,0.9936,5844.5689,8.8168,0.0000,0.428293,"0.427958;0.428293;0.428385",61.360029,16297.25,,15.60,0,6980,10,True,nid004173,59090050
SparseHNSW_Bloom2_30_b5_s0x0_p256,"M=64 efC=1600 ef=1600 alpha=0.85 beta=5 q=u8 pat=256 bloomH=2 bloomT=30 bloomSrc=pruned",64,0.9776504298,0.9963,5844.5689,8.8168,0.0000,0.429323,"0.428904;0.429422;0.429323",61.507593,16258.16,,15.60,0,6980,10,True,nid004173,59090050
SparseHNSW_Bloom2_30_b5_s0x0_p256,"M=64 efC=1600 ef=3200 alpha=0.85 beta=5 q=u8 pat=256 bloomH=2 bloomT=30 bloomSrc=pruned",64,0.9886103152,0.9974,5844.5689,8.8168,0.0000,0.449016,"0.449016;0.448353;0.449466",64.328940,15545.10,,15.60,0,6980,10,True,nid004173,59090050
SparseHNSW_Bloom2_30_b5_s0x0_p256,"M=64 efC=1600 ef=6400 alpha=0.85 beta=5 q=u8 pat=256 bloomH=2 bloomT=30 bloomSrc=pruned",64,0.9943409742,0.9989,5844.5689,8.8168,0.0000,0.508933,"0.508933;0.509286;0.508413",72.913037,13714.97,,15.60,0,6980,10,True,nid004173,59090050
SparseHNSW_Bloom2_30_b8_s0x0_p256,"M=64 efC=1600 ef=10 alpha=0.85 beta=8 q=u8 pat=256 bloomH=2 bloomT=30 bloomSrc=pruned",64,0.8570487106,0.9640,5844.5689,8.8168,0.0000,0.129651,"0.129651;0.129392;0.129921",18.574642,53836.84,,15.60,0,6980,10,True,nid004173,59090050
SparseHNSW_Bloom2_30_b8_s0x0_p256,"M=64 efC=1600 ef=50 alpha=0.85 beta=8 q=u8 pat=256 bloomH=2 bloomT=30 bloomSrc=pruned",64,0.8570487106,0.9640,5844.5689,8.8168,0.0000,0.129770,"0.129587;0.129915;0.129770",18.591691,53787.47,,15.60,0,6980,10,True,nid004173,59090050
SparseHNSW_Bloom2_30_b8_s0x0_p256,"M=64 efC=1600 ef=100 alpha=0.85 beta=8 q=u8 pat=256 bloomH=2 bloomT=30 bloomSrc=pruned",64,0.8630229226,0.9695,5844.5689,8.8168,0.0000,0.154611,"0.154938;0.154340;0.154611",22.150573,45145.56,,15.60,0,6980,10,True,nid004173,59090050
SparseHNSW_Bloom2_30_b8_s0x0_p256,"M=64 efC=1600 ef=400 alpha=0.85 beta=8 q=u8 pat=256 bloomH=2 bloomT=30 bloomSrc=pruned",64,0.9119914040,0.9877,5844.5689,8.8168,0.0000,0.449632,"0.448902;0.449728;0.449632",64.417192,15523.81,,15.60,0,6980,10,True,nid004173,59090050
SparseHNSW_Bloom2_30_b8_s0x0_p256,"M=64 efC=1600 ef=800 alpha=0.85 beta=8 q=u8 pat=256 bloomH=2 bloomT=30 bloomSrc=pruned",64,0.9519197708,0.9937,5844.5689,8.8168,0.0000,0.481740,"0.481766;0.481740;0.480857",69.017192,14489.14,,15.60,0,6980,10,True,nid004173,59090050
SparseHNSW_Bloom2_30_b8_s0x0_p256,"M=64 efC=1600 ef=1600 alpha=0.85 beta=8 q=u8 pat=256 bloomH=2 bloomT=30 bloomSrc=pruned",64,0.9778796562,0.9964,5844.5689,8.8168,0.0000,0.478102,"0.478090;0.478212;0.478102",68.495989,14599.40,,15.60,0,6980,10,True,nid004173,59090050
SparseHNSW_Bloom2_30_b8_s0x0_p256,"M=64 efC=1600 ef=3200 alpha=0.85 beta=8 q=u8 pat=256 bloomH=2 bloomT=30 bloomSrc=pruned",64,0.9888108883,0.9974,5844.5689,8.8168,0.0000,0.490164,"0.490164;0.490123;0.490197",70.224069,14240.13,,15.60,0,6980,10,True,nid004173,59090050
SparseHNSW_Bloom2_30_b8_s0x0_p256,"M=64 efC=1600 ef=6400 alpha=0.85 beta=8 q=u8 pat=256 bloomH=2 bloomT=30 bloomSrc=pruned",64,0.9944985673,0.9989,5844.5689,8.8168,0.0000,0.547880,"0.547880;0.547277;0.549153",78.492837,12740.02,,15.60,0,6980,10,True,nid004173,59090050
SparseHNSW_Bloom2_30_b12_s0x0_p256,"M=64 efC=1600 ef=10 alpha=0.85 beta=12 q=u8 pat=256 bloomH=2 bloomT=30 bloomSrc=pruned",64,0.8673638968,0.9726,5844.5689,8.8168,0.0000,0.181221,"0.181114;0.181221;0.181437",25.962894,38516.51,,15.60,0,6980,10,True,nid004173,59090050
SparseHNSW_Bloom2_30_b12_s0x0_p256,"M=64 efC=1600 ef=50 alpha=0.85 beta=12 q=u8 pat=256 bloomH=2 bloomT=30 bloomSrc=pruned",64,0.8673638968,0.9726,5844.5689,8.8168,0.0000,0.181761,"0.181449;0.181761;0.181969",26.040258,38402.08,,15.60,0,6980,10,True,nid004173,59090050
SparseHNSW_Bloom2_30_b12_s0x0_p256,"M=64 efC=1600 ef=100 alpha=0.85 beta=12 q=u8 pat=256 bloomH=2 bloomT=30 bloomSrc=pruned",64,0.8673638968,0.9726,5844.5689,8.8168,0.0000,0.181773,"0.182220;0.181773;0.181708",26.041977,38399.54,,15.60,0,6980,10,True,nid004173,59090050
SparseHNSW_Bloom2_30_b12_s0x0_p256,"M=64 efC=1600 ef=400 alpha=0.85 beta=12 q=u8 pat=256 bloomH=2 bloomT=30 bloomSrc=pruned",64,0.9120630372,0.9877,5844.5689,8.8168,0.0000,0.480086,"0.479525;0.480086;0.480391",68.780229,14539.06,,15.60,0,6980,10,True,nid004173,59090050
SparseHNSW_Bloom2_30_b12_s0x0_p256,"M=64 efC=1600 ef=800 alpha=0.85 beta=12 q=u8 pat=256 bloomH=2 bloomT=30 bloomSrc=pruned",64,0.9520057307,0.9937,5844.5689,8.8168,0.0000,0.556102,"0.556102;0.555563;0.556185",79.670774,12551.65,,15.60,0,6980,10,True,nid004173,59090050
SparseHNSW_Bloom2_30_b12_s0x0_p256,"M=64 efC=1600 ef=1600 alpha=0.85 beta=12 q=u8 pat=256 bloomH=2 bloomT=30 bloomSrc=pruned",64,0.9780659026,0.9966,5844.5689,8.8168,0.0000,0.545572,"0.545572;0.545651;0.545459",78.162178,12793.91,,15.60,0,6980,10,True,nid004173,59090050
SparseHNSW_Bloom2_30_b12_s0x0_p256,"M=64 efC=1600 ef=3200 alpha=0.85 beta=12 q=u8 pat=256 bloomH=2 bloomT=30 bloomSrc=pruned",64,0.9889971347,0.9976,5844.5689,8.8168,0.0000,0.549132,"0.549507;0.548876;0.549132",78.672206,12710.97,,15.60,0,6980,10,True,nid004173,59090050
SparseHNSW_Bloom2_30_b12_s0x0_p256,"M=64 efC=1600 ef=6400 alpha=0.85 beta=12 q=u8 pat=256 bloomH=2 bloomT=30 bloomSrc=pruned",64,0.9945845272,0.9989,5844.5689,8.8168,0.0000,0.600331,"0.599810;0.601042;0.600331",86.007307,11626.92,,15.60,0,6980,10,True,nid004173,59090050
SparseHNSW_Bloom2_30_b16_s0x0_p256,"M=64 efC=1600 ef=10 alpha=0.85 beta=16 q=u8 pat=256 bloomH=2 bloomT=30 bloomSrc=pruned",64,0.8751862464,0.9775,5844.5689,8.8168,0.0000,0.230479,"0.230479;0.230359;0.230486",33.019914,30284.75,,15.60,0,6980,10,True,nid004173,59090050
SparseHNSW_Bloom2_30_b16_s0x0_p256,"M=64 efC=1600 ef=50 alpha=0.85 beta=16 q=u8 pat=256 bloomH=2 bloomT=30 bloomSrc=pruned",64,0.8751862464,0.9775,5844.5689,8.8168,0.0000,0.230360,"0.230424;0.230360;0.229882",33.002865,30300.40,,15.60,0,6980,10,True,nid004173,59090050
SparseHNSW_Bloom2_30_b16_s0x0_p256,"M=64 efC=1600 ef=100 alpha=0.85 beta=16 q=u8 pat=256 bloomH=2 bloomT=30 bloomSrc=pruned",64,0.8751862464,0.9775,5844.5689,8.8168,0.0000,0.230543,"0.230543;0.230378;0.230673",33.029083,30276.35,,15.60,0,6980,10,True,nid004173,59090050
SparseHNSW_Bloom2_30_b16_s0x0_p256,"M=64 efC=1600 ef=400 alpha=0.85 beta=16 q=u8 pat=256 bloomH=2 bloomT=30 bloomSrc=pruned",64,0.9120630372,0.9877,5844.5689,8.8168,0.0000,0.494075,"0.494105;0.493708;0.494075",70.784384,14127.41,,15.60,0,6980,10,True,nid004173,59090050
SparseHNSW_Bloom2_30_b16_s0x0_p256,"M=64 efC=1600 ef=800 alpha=0.85 beta=16 q=u8 pat=256 bloomH=2 bloomT=30 bloomSrc=pruned",64,0.9520343840,0.9937,5844.5689,8.8168,0.0000,0.620946,"0.620706;0.620946;0.621229",88.960745,11240.91,,15.60,0,6980,10,True,nid004173,59090050
SparseHNSW_Bloom2_30_b16_s0x0_p256,"M=64 efC=1600 ef=1600 alpha=0.85 beta=16 q=u8 pat=256 bloomH=2 bloomT=30 bloomSrc=pruned",64,0.9780802292,0.9966,5844.5689,8.8168,0.0000,0.610804,"0.610804;0.610782;0.611263",87.507736,11427.56,,15.60,0,6980,10,True,nid004173,59090050
SparseHNSW_Bloom2_30_b16_s0x0_p256,"M=64 efC=1600 ef=3200 alpha=0.85 beta=16 q=u8 pat=256 bloomH=2 bloomT=30 bloomSrc=pruned",64,0.9889971347,0.9976,5844.5689,8.8168,0.0000,0.605350,"0.605666;0.605220;0.605350",86.726361,11530.52,,15.60,0,6980,10,True,nid004173,59090050
SparseHNSW_Bloom2_30_b16_s0x0_p256,"M=64 efC=1600 ef=6400 alpha=0.85 beta=16 q=u8 pat=256 bloomH=2 bloomT=30 bloomSrc=pruned",64,0.9948137536,0.9991,5844.5689,8.8168,0.0000,0.650227,"0.650771;0.650227;0.650068",93.155731,10734.71,,15.60,0,6980,10,True,nid004173,59090050
SparseHNSW_Bloom2_30_b4_s8x4_p256,"M=64 efC=1600 ef=10 alpha=0.85 beta=4 q=u8 seedT=8 seedH=8 seedS=4 pat=256 bloomH=2 bloomT=30 bloomSrc=pruned",64,0.8568051576,0.9765,5844.5689,8.8168,0.0000,0.072637,"0.072430;0.072637;0.072696",10.406447,96094.28,,15.60,0,6980,10,True,nid004173,59090050
SparseHNSW_Bloom2_30_b4_s8x4_p256,"M=64 efC=1600 ef=50 alpha=0.85 beta=4 q=u8 seedT=8 seedH=8 seedS=4 pat=256 bloomH=2 bloomT=30 bloomSrc=pruned",64,0.8631088825,0.9801,5844.5689,8.8168,0.0000,0.085957,"0.085547;0.085957;0.086040",12.314756,81203.39,,15.60,0,6980,10,True,nid004173,59090050
SparseHNSW_Bloom2_30_b4_s8x4_p256,"M=64 efC=1600 ef=100 alpha=0.85 beta=4 q=u8 seedT=8 seedH=8 seedS=4 pat=256 bloomH=2 bloomT=30 bloomSrc=pruned",64,0.8762464183,0.9867,5844.5689,8.8168,0.0000,0.149111,"0.148919;0.149180;0.149111",21.362607,46810.77,,15.60,0,6980,10,True,nid004173,59090050
SparseHNSW_Bloom2_30_b4_s8x4_p256,"M=64 efC=1600 ef=400 alpha=0.85 beta=4 q=u8 seedT=8 seedH=8 seedS=4 pat=256 bloomH=2 bloomT=30 bloomSrc=pruned",64,0.9366618911,0.9960,5844.5689,8.8168,0.0000,0.394891,"0.394548;0.395013;0.394891",56.574642,17675.76,,15.60,0,6980,10,True,nid004173,59090050
SparseHNSW_Bloom2_30_b4_s8x4_p256,"M=64 efC=1600 ef=800 alpha=0.85 beta=4 q=u8 seedT=8 seedH=8 seedS=4 pat=256 bloomH=2 bloomT=30 bloomSrc=pruned",64,0.9722779370,0.9977,5844.5689,8.8168,0.0000,0.399808,"0.399808;0.400447;0.399572",57.279083,17458.38,,15.60,0,6980,10,True,nid004173,59090050
SparseHNSW_Bloom2_30_b4_s8x4_p256,"M=64 efC=1600 ef=1600 alpha=0.85 beta=4 q=u8 seedT=8 seedH=8 seedS=4 pat=256 bloomH=2 bloomT=30 bloomSrc=pruned",64,0.9877936963,0.9994,5844.5689,8.8168,0.0000,0.408281,"0.408725;0.407312;0.408281",58.492980,17096.07,,15.60,0,6980,10,True,nid004173,59090050
SparseHNSW_Bloom2_30_b4_s8x4_p256,"M=64 efC=1600 ef=3200 alpha=0.85 beta=4 q=u8 seedT=8 seedH=8 seedS=4 pat=256 bloomH=2 bloomT=30 bloomSrc=pruned",64,0.9930802292,0.9999,5844.5689,8.8168,0.0000,0.432908,"0.432908;0.432704;0.433342",62.021203,16123.52,,15.60,0,6980,10,True,nid004173,59090050
SparseHNSW_Bloom2_30_b4_s8x4_p256,"M=64 efC=1600 ef=6400 alpha=0.85 beta=4 q=u8 seedT=8 seedH=8 seedS=4 pat=256 bloomH=2 bloomT=30 bloomSrc=pruned",64,0.9956160458,1.0000,5844.5689,8.8168,0.0000,0.493515,"0.493321;0.493515;0.493706",70.704155,14143.44,,15.60,0,6980,10,True,nid004173,59090050
SparseHNSW_Bloom2_30_b5_s8x4_p256,"M=64 efC=1600 ef=10 alpha=0.85 beta=5 q=u8 seedT=8 seedH=8 seedS=4 pat=256 bloomH=2 bloomT=30 bloomSrc=pruned",64,0.8631948424,0.9801,5844.5689,8.8168,0.0000,0.086379,"0.086493;0.086337;0.086379",12.375215,80806.68,,15.60,0,6980,10,True,nid004173,59090050
SparseHNSW_Bloom2_30_b5_s8x4_p256,"M=64 efC=1600 ef=50 alpha=0.85 beta=5 q=u8 seedT=8 seedH=8 seedS=4 pat=256 bloomH=2 bloomT=30 bloomSrc=pruned",64,0.8631948424,0.9801,5844.5689,8.8168,0.0000,0.086308,"0.086491;0.086235;0.086308",12.365043,80873.15,,15.60,0,6980,10,True,nid004173,59090050
SparseHNSW_Bloom2_30_b5_s8x4_p256,"M=64 efC=1600 ef=100 alpha=0.85 beta=5 q=u8 seedT=8 seedH=8 seedS=4 pat=256 bloomH=2 bloomT=30 bloomSrc=pruned",64,0.8763610315,0.9867,5844.5689,8.8168,0.0000,0.149555,"0.149555;0.149370;0.149933",21.426218,46671.79,,15.60,0,6980,10,True,nid004173,59090050
SparseHNSW_Bloom2_30_b5_s8x4_p256,"M=64 efC=1600 ef=400 alpha=0.85 beta=5 q=u8 seedT=8 seedH=8 seedS=4 pat=256 bloomH=2 bloomT=30 bloomSrc=pruned",64,0.9368051576,0.9960,5844.5689,8.8168,0.0000,0.409703,"0.409750;0.409330;0.409703",58.696705,17036.73,,15.60,0,6980,10,True,nid004173,59090050
SparseHNSW_Bloom2_30_b5_s8x4_p256,"M=64 efC=1600 ef=800 alpha=0.85 beta=5 q=u8 seedT=8 seedH=8 seedS=4 pat=256 bloomH=2 bloomT=30 bloomSrc=pruned",64,0.9724641834,0.9977,5844.5689,8.8168,0.0000,0.416584,"0.417404;0.416584;0.416449",59.682521,16755.32,,15.60,0,6980,10,True,nid004173,59090050
SparseHNSW_Bloom2_30_b5_s8x4_p256,"M=64 efC=1600 ef=1600 alpha=0.85 beta=5 q=u8 seedT=8 seedH=8 seedS=4 pat=256 bloomH=2 bloomT=30 bloomSrc=pruned",64,0.9879799427,0.9994,5844.5689,8.8168,0.0000,0.422387,"0.422387;0.422344;0.424295",60.513897,16525.13,,15.60,0,6980,10,True,nid004173,59090050
SparseHNSW_Bloom2_30_b5_s8x4_p256,"M=64 efC=1600 ef=3200 alpha=0.85 beta=5 q=u8 seedT=8 seedH=8 seedS=4 pat=256 bloomH=2 bloomT=30 bloomSrc=pruned",64,0.9932808023,0.9999,5844.5689,8.8168,0.0000,0.446255,"0.446255;0.445603;0.446705",63.933381,15641.28,,15.60,0,6980,10,True,nid004173,59090050
SparseHNSW_Bloom2_30_b5_s8x4_p256,"M=64 efC=1600 ef=6400 alpha=0.85 beta=5 q=u8 seedT=8 seedH=8 seedS=4 pat=256 bloomH=2 bloomT=30 bloomSrc=pruned",64,0.9958166189,1.0000,5844.5689,8.8168,0.0000,0.506536,"0.506536;0.506281;0.506701",72.569628,13779.87,,15.60,0,6980,10,True,nid004173,59090050
SparseHNSW_Bloom2_30_b8_s8x4_p256,"M=64 efC=1600 ef=10 alpha=0.85 beta=8 q=u8 seedT=8 seedH=8 seedS=4 pat=256 bloomH=2 bloomT=30 bloomSrc=pruned",64,0.8715902579,0.9847,5844.5689,8.8168,0.0000,0.126882,"0.127176;0.126826;0.126882",18.177937,55011.74,,15.60,0,6980,10,True,nid004173,59090050
SparseHNSW_Bloom2_30_b8_s8x4_p256,"M=64 efC=1600 ef=50 alpha=0.85 beta=8 q=u8 seedT=8 seedH=8 seedS=4 pat=256 bloomH=2 bloomT=30 bloomSrc=pruned",64,0.8715902579,0.9847,5844.5689,8.8168,0.0000,0.127219,"0.127117;0.127315;0.127219",18.226218,54866.02,,15.60,0,6980,10,True,nid004173,59090050
SparseHNSW_Bloom2_30_b8_s8x4_p256,"M=64 efC=1600 ef=100 alpha=0.85 beta=8 q=u8 seedT=8 seedH=8 seedS=4 pat=256 bloomH=2 bloomT=30 bloomSrc=pruned",64,0.8764326648,0.9867,5844.5689,8.8168,0.0000,0.151579,"0.151536;0.151579;0.152022",21.716189,46048.60,,15.60,0,6980,10,True,nid004173,59090050
SparseHNSW_Bloom2_30_b8_s8x4_p256,"M=64 efC=1600 ef=400 alpha=0.85 beta=8 q=u8 seedT=8 seedH=8 seedS=4 pat=256 bloomH=2 bloomT=30 bloomSrc=pruned",64,0.9369054441,0.9960,5844.5689,8.8168,0.0000,0.445755,"0.445855;0.445755;0.445107",63.861748,15658.83,,15.60,0,6980,10,True,nid004173,59090050
SparseHNSW_Bloom2_30_b8_s8x4_p256,"M=64 efC=1600 ef=800 alpha=0.85 beta=8 q=u8 seedT=8 seedH=8 seedS=4 pat=256 bloomH=2 bloomT=30 bloomSrc=pruned",64,0.9726647564,0.9979,5844.5689,8.8168,0.0000,0.470127,"0.470363;0.469451;0.470127",67.353438,14847.05,,15.60,0,6980,10,True,nid004173,59090050
SparseHNSW_Bloom2_30_b8_s8x4_p256,"M=64 efC=1600 ef=1600 alpha=0.85 beta=8 q=u8 seedT=8 seedH=8 seedS=4 pat=256 bloomH=2 bloomT=30 bloomSrc=pruned",64,0.9882091691,0.9994,5844.5689,8.8168,0.0000,0.469936,"0.469936;0.469952;0.469886",67.326074,14853.09,,15.60,0,6980,10,True,nid004173,59090050
SparseHNSW_Bloom2_30_b8_s8x4_p256,"M=64 efC=1600 ef=3200 alpha=0.85 beta=8 q=u8 seedT=8 seedH=8 seedS=4 pat=256 bloomH=2 bloomT=30 bloomSrc=pruned",64,0.9934670487,0.9999,5844.5689,8.8168,0.0000,0.487659,"0.486996;0.487659;0.487948",69.865186,14313.28,,15.60,0,6980,10,True,nid004173,59090050
SparseHNSW_Bloom2_30_b8_s8x4_p256,"M=64 efC=1600 ef=6400 alpha=0.85 beta=8 q=u8 seedT=8 seedH=8 seedS=4 pat=256 bloomH=2 bloomT=30 bloomSrc=pruned",64,0.9959742120,1.0000,5844.5689,8.8168,0.0000,0.546239,"0.547153;0.546052;0.546239",78.257736,12778.29,,15.60,0,6980,10,True,nid004173,59090050
SparseHNSW_Bloom2_30_b12_s8x4_p256,"M=64 efC=1600 ef=10 alpha=0.85 beta=12 q=u8 seedT=8 seedH=8 seedS=4 pat=256 bloomH=2 bloomT=30 bloomSrc=pruned",64,0.8820916905,0.9884,5844.5689,8.8168,0.0000,0.178728,"0.178728;0.179015;0.178400",25.605731,39053.76,,15.60,0,6980,10,True,nid004173,59090050
SparseHNSW_Bloom2_30_b12_s8x4_p256,"M=64 efC=1600 ef=50 alpha=0.85 beta=12 q=u8 seedT=8 seedH=8 seedS=4 pat=256 bloomH=2 bloomT=30 bloomSrc=pruned",64,0.8820916905,0.9884,5844.5689,8.8168,0.0000,0.178936,"0.178936;0.179415;0.178802",25.635530,39008.36,,15.60,0,6980,10,True,nid004173,59090050
SparseHNSW_Bloom2_30_b12_s8x4_p256,"M=64 efC=1600 ef=100 alpha=0.85 beta=12 q=u8 seedT=8 seedH=8 seedS=4 pat=256 bloomH=2 bloomT=30 bloomSrc=pruned",64,0.8820916905,0.9884,5844.5689,8.8168,0.0000,0.178892,"0.179124;0.178892;0.178415",25.629226,39017.95,,15.60,0,6980,10,True,nid004173,59090050
SparseHNSW_Bloom2_30_b12_s8x4_p256,"M=64 efC=1600 ef=400 alpha=0.85 beta=12 q=u8 seedT=8 seedH=8 seedS=4 pat=256 bloomH=2 bloomT=30 bloomSrc=pruned",64,0.9369484241,0.9960,5844.5689,8.8168,0.0000,0.479339,"0.478729;0.479339;0.480094",68.673209,14561.72,,15.60,0,6980,10,True,nid004173,59090050
SparseHNSW_Bloom2_30_b12_s8x4_p256,"M=64 efC=1600 ef=800 alpha=0.85 beta=12 q=u8 seedT=8 seedH=8 seedS=4 pat=256 bloomH=2 bloomT=30 bloomSrc=pruned",64,0.9727220630,0.9979,5844.5689,8.8168,0.0000,0.539195,"0.539908;0.539195;0.539081",77.248567,12945.22,,15.60,0,6980,10,True,nid004173,59090050
SparseHNSW_Bloom2_30_b12_s8x4_p256,"M=64 efC=1600 ef=1600 alpha=0.85 beta=12 q=u8 seedT=8 seedH=8 seedS=4 pat=256 bloomH=2 bloomT=30 bloomSrc=pruned",64,0.9883094556,0.9994,5844.5689,8.8168,0.0000,0.538344,"0.538344;0.537845;0.538420",77.126648,12965.69,,15.60,0,6980,10,True,nid004173,59090050
SparseHNSW_Bloom2_30_b12_s8x4_p256,"M=64 efC=1600 ef=3200 alpha=0.85 beta=12 q=u8 seedT=8 seedH=8 seedS=4 pat=256 bloomH=2 bloomT=30 bloomSrc=pruned",64,0.9936246418,0.9999,5844.5689,8.8168,0.0000,0.548142,"0.548286;0.548142;0.547987",78.530372,12733.93,,15.60,0,6980,10,True,nid004173,59090050
SparseHNSW_Bloom2_30_b12_s8x4_p256,"M=64 efC=1600 ef=6400 alpha=0.85 beta=12 q=u8 seedT=8 seedH=8 seedS=4 pat=256 bloomH=2 bloomT=30 bloomSrc=pruned",64,0.9961031519,1.0000,5844.5689,8.8168,0.0000,0.599439,"0.599043;0.599439;0.600364",85.879513,11644.22,,15.60,0,6980,10,True,nid004173,59090050
SparseHNSW_Bloom2_30_b16_s8x4_p256,"M=64 efC=1600 ef=10 alpha=0.85 beta=16 q=u8 seedT=8 seedH=8 seedS=4 pat=256 bloomH=2 bloomT=30 bloomSrc=pruned",64,0.8914613181,0.9907,5844.5689,8.8168,0.0000,0.228206,"0.228051;0.228385;0.228206",32.694269,30586.40,,15.60,0,6980,10,True,nid004173,59090050
SparseHNSW_Bloom2_30_b16_s8x4_p256,"M=64 efC=1600 ef=50 alpha=0.85 beta=16 q=u8 seedT=8 seedH=8 seedS=4 pat=256 bloomH=2 bloomT=30 bloomSrc=pruned",64,0.8914613181,0.9907,5844.5689,8.8168,0.0000,0.228742,"0.228742;0.228480;0.228904",32.771060,30514.73,,15.60,0,6980,10,True,nid004173,59090050
SparseHNSW_Bloom2_30_b16_s8x4_p256,"M=64 efC=1600 ef=100 alpha=0.85 beta=16 q=u8 seedT=8 seedH=8 seedS=4 pat=256 bloomH=2 bloomT=30 bloomSrc=pruned",64,0.8914613181,0.9907,5844.5689,8.8168,0.0000,0.228312,"0.228111;0.228562;0.228312",32.709456,30572.20,,15.60,0,6980,10,True,nid004173,59090050
SparseHNSW_Bloom2_30_b16_s8x4_p256,"M=64 efC=1600 ef=400 alpha=0.85 beta=16 q=u8 seedT=8 seedH=8 seedS=4 pat=256 bloomH=2 bloomT=30 bloomSrc=pruned",64,0.9369484241,0.9960,5844.5689,8.8168,0.0000,0.493688,"0.493351;0.493688;0.493909",70.728940,14138.48,,15.60,0,6980,10,True,nid004173,59090050
SparseHNSW_Bloom2_30_b16_s8x4_p256,"M=64 efC=1600 ef=800 alpha=0.85 beta=16 q=u8 seedT=8 seedH=8 seedS=4 pat=256 bloomH=2 bloomT=30 bloomSrc=pruned",64,0.9727507163,0.9979,5844.5689,8.8168,0.0000,0.611185,"0.611185;0.610263;0.611318",87.562321,11420.44,,15.60,0,6980,10,True,nid004173,59090050
SparseHNSW_Bloom2_30_b16_s8x4_p256,"M=64 efC=1600 ef=1600 alpha=0.85 beta=16 q=u8 seedT=8 seedH=8 seedS=4 pat=256 bloomH=2 bloomT=30 bloomSrc=pruned",64,0.9883094556,0.9994,5844.5689,8.8168,0.0000,0.601602,"0.601602;0.601732;0.601485",86.189398,11602.36,,15.60,0,6980,10,True,nid004173,59090050
SparseHNSW_Bloom2_30_b16_s8x4_p256,"M=64 efC=1600 ef=3200 alpha=0.85 beta=16 q=u8 seedT=8 seedH=8 seedS=4 pat=256 bloomH=2 bloomT=30 bloomSrc=pruned",64,0.9936246418,0.9999,5844.5689,8.8168,0.0000,0.607003,"0.607003;0.607330;0.606348",86.963181,11499.12,,15.60,0,6980,10,True,nid004173,59090050
SparseHNSW_Bloom2_30_b16_s8x4_p256,"M=64 efC=1600 ef=6400 alpha=0.85 beta=16 q=u8 seedT=8 seedH=8 seedS=4 pat=256 bloomH=2 bloomT=30 bloomSrc=pruned",64,0.9961174785,1.0000,5844.5689,8.8168,0.0000,0.651050,"0.651268;0.650443;0.651050",93.273639,10721.14,,15.60,0,6980,10,True,nid004173,59090050
SparseHNSW_Bloom2_30_b4_s0x0_p512,"M=64 efC=1600 ef=10 alpha=0.85 beta=4 q=u8 pat=512 bloomH=2 bloomT=30 bloomSrc=pruned",64,0.8373782235,0.9470,5844.5689,8.8168,0.0000,0.075279,"0.075279;0.075520;0.075230",10.784957,92721.74,,15.60,0,6980,10,True,nid004173,59090050
SparseHNSW_Bloom2_30_b4_s0x0_p512,"M=64 efC=1600 ef=50 alpha=0.85 beta=4 q=u8 pat=512 bloomH=2 bloomT=30 bloomSrc=pruned",64,0.8455014327,0.9532,5844.5689,8.8168,0.0000,0.089072,"0.088976;0.089072;0.089314",12.761032,78363.57,,15.60,0,6980,10,True,nid004173,59090050
SparseHNSW_Bloom2_30_b4_s0x0_p512,"M=64 efC=1600 ef=100 alpha=0.85 beta=4 q=u8 pat=512 bloomH=2 bloomT=30 bloomSrc=pruned",64,0.8628366762,0.9695,5844.5689,8.8168,0.0000,0.151826,"0.151359;0.151826;0.151948",21.751576,45973.68,,15.60,0,6980,10,True,nid004173,59090050
SparseHNSW_Bloom2_30_b4_s0x0_p512,"M=64 efC=1600 ef=400 alpha=0.85 beta=4 q=u8 pat=512 bloomH=2 bloomT=30 bloomSrc=pruned",64,0.9119627507,0.9878,5844.5689,8.8168,0.0000,0.490624,"0.490102;0.490624;0.490799",70.289971,14226.78,,15.60,0,6980,10,True,nid004173,59090050
SparseHNSW_Bloom2_30_b4_s0x0_p512,"M=64 efC=1600 ef=800 alpha=0.85 beta=4 q=u8 pat=512 bloomH=2 bloomT=30 bloomSrc=pruned",64,0.9520773639,0.9941,5844.5689,8.8168,0.0000,0.682797,"0.682797;0.682251;0.682824",97.821920,10222.66,,15.60,0,6980,10,True,nid004173,59090050
SparseHNSW_Bloom2_30_b4_s0x0_p512,"M=64 efC=1600 ef=1600 alpha=0.85 beta=4 q=u8 pat=512 bloomH=2 bloomT=30 bloomSrc=pruned",64,0.9783954155,0.9971,5844.5689,8.8168,0.0000,0.689858,"0.690138;0.689858;0.689503",98.833524,10118.02,,15.60,0,6980,10,True,nid004173,59090050
SparseHNSW_Bloom2_30_b4_s0x0_p512,"M=64 efC=1600 ef=3200 alpha=0.85 beta=4 q=u8 pat=512 bloomH=2 bloomT=30 bloomSrc=pruned",64,0.9891404011,0.9979,5844.5689,8.8168,0.0000,0.707132,"0.705856;0.707132;0.707627",101.308309,9870.86,,15.60,0,6980,10,True,nid004173,59090050
SparseHNSW_Bloom2_30_b4_s0x0_p512,"M=64 efC=1600 ef=6400 alpha=0.85 beta=4 q=u8 pat=512 bloomH=2 bloomT=30 bloomSrc=pruned",64,0.9947994269,0.9993,5844.5689,8.8168,0.0000,0.760570,"0.760463;0.760570;0.762127",108.964183,9177.33,,15.60,0,6980,10,True,nid004173,59090050
SparseHNSW_Bloom2_30_b5_s0x0_p512,"M=64 efC=1600 ef=10 alpha=0.85 beta=5 q=u8 pat=512 bloomH=2 bloomT=30 bloomSrc=pruned",64,0.8455873926,0.9532,5844.5689,8.8168,0.0000,0.089555,"0.089555;0.089454;0.089593",12.830229,77940.93,,15.60,0,6980,10,True,nid004173,59090050
SparseHNSW_Bloom2_30_b5_s0x0_p512,"M=64 efC=1600 ef=50 alpha=0.85 beta=5 q=u8 pat=512 bloomH=2 bloomT=30 bloomSrc=pruned",64,0.8455873926,0.9532,5844.5689,8.8168,0.0000,0.089680,"0.089873;0.089680;0.089372",12.848138,77832.29,,15.60,0,6980,10,True,nid004173,59090050
SparseHNSW_Bloom2_30_b5_s0x0_p512,"M=64 efC=1600 ef=100 alpha=0.85 beta=5 q=u8 pat=512 bloomH=2 bloomT=30 bloomSrc=pruned",64,0.8629512894,0.9695,5844.5689,8.8168,0.0000,0.152426,"0.152607;0.152426;0.152193",21.837536,45792.71,,15.60,0,6980,10,True,nid004173,59090050
SparseHNSW_Bloom2_30_b5_s0x0_p512,"M=64 efC=1600 ef=400 alpha=0.85 beta=5 q=u8 pat=512 bloomH=2 bloomT=30 bloomSrc=pruned",64,0.9120916905,0.9878,5844.5689,8.8168,0.0000,0.491116,"0.491286;0.490327;0.491116",70.360458,14212.53,,15.60,0,6980,10,True,nid004173,59090050
SparseHNSW_Bloom2_30_b5_s0x0_p512,"M=64 efC=1600 ef=800 alpha=0.85 beta=5 q=u8 pat=512 bloomH=2 bloomT=30 bloomSrc=pruned",64,0.9522492837,0.9941,5844.5689,8.8168,0.0000,0.700021,"0.699422;0.700021;0.700447",100.289542,9971.13,,15.60,0,6980,10,True,nid004173,59090050
SparseHNSW_Bloom2_30_b5_s0x0_p512,"M=64 efC=1600 ef=1600 alpha=0.85 beta=5 q=u8 pat=512 bloomH=2 bloomT=30 bloomSrc=pruned",64,0.9785530086,0.9971,5844.5689,8.8168,0.0000,0.706673,"0.706909;0.706059;0.706673",101.242550,9877.27,,15.60,0,6980,10,True,nid004173,59090050
SparseHNSW_Bloom2_30_b5_s0x0_p512,"M=64 efC=1600 ef=3200 alpha=0.85 beta=5 q=u8 pat=512 bloomH=2 bloomT=30 bloomSrc=pruned",64,0.9893123209,0.9979,5844.5689,8.8168,0.0000,0.720593,"0.720593;0.721960;0.719684",103.236819,9686.47,,15.60,0,6980,10,True,nid004173,59090050
SparseHNSW_Bloom2_30_b5_s0x0_p512,"M=64 efC=1600 ef=6400 alpha=0.85 beta=5 q=u8 pat=512 bloomH=2 bloomT=30 bloomSrc=pruned",64,0.9950000000,0.9993,5844.5689,8.8168,0.0000,0.774374,"0.774374;0.773857;0.775147",110.941834,9013.73,,15.60,0,6980,10,True,nid004173,59090050
SparseHNSW_Bloom2_30_b8_s0x0_p512,"M=64 efC=1600 ef=10 alpha=0.85 beta=8 q=u8 pat=512 bloomH=2 bloomT=30 bloomSrc=pruned",64,0.8570487106,0.9640,5844.5689,8.8168,0.0000,0.129588,"0.129792;0.129588;0.129360",18.565616,53863.01,,15.60,0,6980,10,True,nid004173,59090050
SparseHNSW_Bloom2_30_b8_s0x0_p512,"M=64 efC=1600 ef=50 alpha=0.85 beta=8 q=u8 pat=512 bloomH=2 bloomT=30 bloomSrc=pruned",64,0.8570487106,0.9640,5844.5689,8.8168,0.0000,0.129585,"0.129793;0.129585;0.129174",18.565186,53864.26,,15.60,0,6980,10,True,nid004173,59090050
SparseHNSW_Bloom2_30_b8_s0x0_p512,"M=64 efC=1600 ef=100 alpha=0.85 beta=8 q=u8 pat=512 bloomH=2 bloomT=30 bloomSrc=pruned",64,0.8630229226,0.9695,5844.5689,8.8168,0.0000,0.154457,"0.153993;0.154457;0.155146",22.128510,45190.57,,15.60,0,6980,10,True,nid004173,59090050
SparseHNSW_Bloom2_30_b8_s0x0_p512,"M=64 efC=1600 ef=400 alpha=0.85 beta=8 q=u8 pat=512 bloomH=2 bloomT=30 bloomSrc=pruned",64,0.9121633238,0.9878,5844.5689,8.8168,0.0000,0.493047,"0.492518;0.493047;0.493956",70.637106,14156.87,,15.60,0,6980,10,True,nid004173,59090050
SparseHNSW_Bloom2_30_b8_s0x0_p512,"M=64 efC=1600 ef=800 alpha=0.85 beta=8 q=u8 pat=512 bloomH=2 bloomT=30 bloomSrc=pruned",64,0.9523352436,0.9941,5844.5689,8.8168,0.0000,0.745633,"0.745500;0.745633;0.746248",106.824212,9361.17,,15.60,0,6980,10,True,nid004173,59090050
SparseHNSW_Bloom2_30_b8_s0x0_p512,"M=64 efC=1600 ef=1600 alpha=0.85 beta=8 q=u8 pat=512 bloomH=2 bloomT=30 bloomSrc=pruned",64,0.9786532951,0.9971,5844.5689,8.8168,0.0000,0.760049,"0.760381;0.760049;0.759910",108.889542,9183.62,,15.60,0,6980,10,True,nid004173,59090050
SparseHNSW_Bloom2_30_b8_s0x0_p512,"M=64 efC=1600 ef=3200 alpha=0.85 beta=8 q=u8 pat=512 bloomH=2 bloomT=30 bloomSrc=pruned",64,0.9896848138,0.9981,5844.5689,8.8168,0.0000,0.765910,"0.765942;0.765910;0.765377",109.729226,9113.34,,15.60,0,6980,10,True,nid004173,59090050
SparseHNSW_Bloom2_30_b8_s0x0_p512,"M=64 efC=1600 ef=6400 alpha=0.85 beta=8 q=u8 pat=512 bloomH=2 bloomT=30 bloomSrc=pruned",64,0.9951002865,0.9993,5844.5689,8.8168,0.0000,0.816378,"0.815322;0.816786;0.816378",116.959599,8549.96,,15.60,0,6980,10,True,nid004173,59090050
SparseHNSW_Bloom2_30_b12_s0x0_p512,"M=64 efC=1600 ef=10 alpha=0.85 beta=12 q=u8 pat=512 bloomH=2 bloomT=30 bloomSrc=pruned",64,0.8673638968,0.9726,5844.5689,8.8168,0.0000,0.181508,"0.181811;0.181123;0.181508",26.004011,38455.61,,15.60,0,6980,10,True,nid004173,59090050
SparseHNSW_Bloom2_30_b12_s0x0_p512,"M=64 efC=1600 ef=50 alpha=0.85 beta=12 q=u8 pat=512 bloomH=2 bloomT=30 bloomSrc=pruned",64,0.8673638968,0.9726,5844.5689,8.8168,0.0000,0.181689,"0.182141;0.181554;0.181689",26.029943,38417.30,,15.60,0,6980,10,True,nid004173,59090050
SparseHNSW_Bloom2_30_b12_s0x0_p512,"M=64 efC=1600 ef=100 alpha=0.85 beta=12 q=u8 pat=512 bloomH=2 bloomT=30 bloomSrc=pruned",64,0.8673638968,0.9726,5844.5689,8.8168,0.0000,0.181266,"0.181266;0.181319;0.180801",25.969341,38506.95,,15.60,0,6980,10,True,nid004173,59090050
SparseHNSW_Bloom2_30_b12_s0x0_p512,"M=64 efC=1600 ef=400 alpha=0.85 beta=12 q=u8 pat=512 bloomH=2 bloomT=30 bloomSrc=pruned",64,0.9121919771,0.9878,5844.5689,8.8168,0.0000,0.496738,"0.496738;0.496906;0.496710",71.165903,14051.67,,15.60,0,6980,10,True,nid004173,59090050
SparseHNSW_Bloom2_30_b12_s0x0_p512,"M=64 efC=1600 ef=800 alpha=0.85 beta=12 q=u8 pat=512 bloomH=2 bloomT=30 bloomSrc=pruned",64,0.9525358166,0.9943,5844.5689,8.8168,0.0000,0.801806,"0.801806;0.802839;0.801755",114.871920,8705.35,,15.60,0,6980,10,True,nid004173,59090050
SparseHNSW_Bloom2_30_b12_s0x0_p512,"M=64 efC=1600 ef=1600 alpha=0.85 beta=12 q=u8 pat=512 bloomH=2 bloomT=30 bloomSrc=pruned",64,0.9787249284,0.9973,5844.5689,8.8168,0.0000,0.834649,"0.834649;0.835412;0.833418",119.577221,8362.80,,15.60,0,6980,10,True,nid004173,59090050
SparseHNSW_Bloom2_30_b12_s0x0_p512,"M=64 efC=1600 ef=3200 alpha=0.85 beta=12 q=u8 pat=512 bloomH=2 bloomT=30 bloomSrc=pruned",64,0.9897851003,0.9983,5844.5689,8.8168,0.0000,0.831150,"0.831244;0.830630;0.831150",119.075931,8398.00,,15.60,0,6980,10,True,nid004173,59090050
SparseHNSW_Bloom2_30_b12_s0x0_p512,"M=64 efC=1600 ef=6400 alpha=0.85 beta=12 q=u8 pat=512 bloomH=2 bloomT=30 bloomSrc=pruned",64,0.9951719198,0.9994,5844.5689,8.8168,0.0000,0.871734,"0.872654;0.871734;0.871488",124.890258,8007.03,,15.60,0,6980,10,True,nid004173,59090050
SparseHNSW_Bloom2_30_b16_s0x0_p512,"M=64 efC=1600 ef=10 alpha=0.85 beta=16 q=u8 pat=512 bloomH=2 bloomT=30 bloomSrc=pruned",64,0.8751862464,0.9775,5844.5689,8.8168,0.0000,0.229963,"0.229963;0.230530;0.229893",32.945989,30352.71,,15.60,0,6980,10,True,nid004173,59090050
SparseHNSW_Bloom2_30_b16_s0x0_p512,"M=64 efC=1600 ef=50 alpha=0.85 beta=16 q=u8 pat=512 bloomH=2 bloomT=30 bloomSrc=pruned",64,0.8751862464,0.9775,5844.5689,8.8168,0.0000,0.230130,"0.230130;0.230215;0.229877",32.969914,30330.68,,15.60,0,6980,10,True,nid004173,59090050
SparseHNSW_Bloom2_30_b16_s0x0_p512,"M=64 efC=1600 ef=100 alpha=0.85 beta=16 q=u8 pat=512 bloomH=2 bloomT=30 bloomSrc=pruned",64,0.8751862464,0.9775,5844.5689,8.8168,0.0000,0.230076,"0.230076;0.229986;0.230627",32.962178,30337.80,,15.60,0,6980,10,True,nid004173,59090050
SparseHNSW_Bloom2_30_b16_s0x0_p512,"M=64 efC=1600 ef=400 alpha=0.85 beta=16 q=u8 pat=512 bloomH=2 bloomT=30 bloomSrc=pruned",64,0.9121919771,0.9878,5844.5689,8.8168,0.0000,0.498131,"0.498237;0.497805;0.498131",71.365473,14012.38,,15.60,0,6980,10,True,nid004173,59090050
SparseHNSW_Bloom2_30_b16_s0x0_p512,"M=64 efC=1600 ef=800 alpha=0.85 beta=16 q=u8 pat=512 bloomH=2 bloomT=30 bloomSrc=pruned",64,0.9525501433,0.9943,5844.5689,8.8168,0.0000,0.842720,"0.843898;0.842720;0.842028",120.733524,8282.70,,15.60,0,6980,10,True,nid004173,59090050
SparseHNSW_Bloom2_30_b16_s0x0_p512,"M=64 efC=1600 ef=1600 alpha=0.85 beta=16 q=u8 pat=512 bloomH=2 bloomT=30 bloomSrc=pruned",64,0.9788252149,0.9974,5844.5689,8.8168,0.0000,0.916203,"0.915237;0.917418;0.916203",131.261175,7618.40,,15.60,0,6980,10,True,nid004173,59090050
SparseHNSW_Bloom2_30_b16_s0x0_p512,"M=64 efC=1600 ef=3200 alpha=0.85 beta=16 q=u8 pat=512 bloomH=2 bloomT=30 bloomSrc=pruned",64,0.9898137536,0.9983,5844.5689,8.8168,0.0000,0.898736,"0.899218;0.898043;0.898736",128.758739,7766.46,,15.60,0,6980,10,True,nid004173,59090050
SparseHNSW_Bloom2_30_b16_s0x0_p512,"M=64 efC=1600 ef=6400 alpha=0.85 beta=16 q=u8 pat=512 bloomH=2 bloomT=30 bloomSrc=pruned",64,0.9951862464,0.9994,5844.5689,8.8168,0.0000,0.925225,"0.925225;0.924469;0.926016",132.553725,7544.11,,15.60,0,6980,10,True,nid004173,59090050
SparseHNSW_Bloom2_30_b4_s8x4_p512,"M=64 efC=1600 ef=10 alpha=0.85 beta=4 q=u8 seedT=8 seedH=8 seedS=4 pat=512 bloomH=2 bloomT=30 bloomSrc=pruned",64,0.8568051576,0.9765,5844.5689,8.8168,0.0000,0.072263,"0.072139;0.072263;0.072871",10.352865,96591.62,,15.60,0,6980,10,True,nid004173,59090050
SparseHNSW_Bloom2_30_b4_s8x4_p512,"M=64 efC=1600 ef=50 alpha=0.85 beta=4 q=u8 seedT=8 seedH=8 seedS=4 pat=512 bloomH=2 bloomT=30 bloomSrc=pruned",64,0.8631088825,0.9801,5844.5689,8.8168,0.0000,0.085852,"0.085852;0.086207;0.085709",12.299713,81302.71,,15.60,0,6980,10,True,nid004173,59090050
SparseHNSW_Bloom2_30_b4_s8x4_p512,"M=64 efC=1600 ef=100 alpha=0.85 beta=4 q=u8 seedT=8 seedH=8 seedS=4 pat=512 bloomH=2 bloomT=30 bloomSrc=pruned",64,0.8762464183,0.9867,5844.5689,8.8168,0.0000,0.148914,"0.148914;0.149267;0.148821",21.334384,46872.69,,15.60,0,6980,10,True,nid004173,59090050
SparseHNSW_Bloom2_30_b4_s8x4_p512,"M=64 efC=1600 ef=400 alpha=0.85 beta=4 q=u8 seedT=8 seedH=8 seedS=4 pat=512 bloomH=2 bloomT=30 bloomSrc=pruned",64,0.9367048711,0.9960,5844.5689,8.8168,0.0000,0.491213,"0.491213;0.490946;0.491256",70.374355,14209.72,,15.60,0,6980,10,True,nid004173,59090050
SparseHNSW_Bloom2_30_b4_s8x4_p512,"M=64 efC=1600 ef=800 alpha=0.85 beta=4 q=u8 seedT=8 seedH=8 seedS=4 pat=512 bloomH=2 bloomT=30 bloomSrc=pruned",64,0.9727363897,0.9980,5844.5689,8.8168,0.0000,0.676264,"0.676326;0.676264;0.675296",96.885960,10321.41,,15.60,0,6980,10,True,nid004173,59090050
SparseHNSW_Bloom2_30_b4_s8x4_p512,"M=64 efC=1600 ef=1600 alpha=0.85 beta=4 q=u8 seedT=8 seedH=8 seedS=4 pat=512 bloomH=2 bloomT=30 bloomSrc=pruned",64,0.9883237822,0.9996,5844.5689,8.8168,0.0000,0.684754,"0.684686;0.684754;0.684839",98.102292,10193.44,,15.60,0,6980,10,True,nid004173,59090050
SparseHNSW_Bloom2_30_b4_s8x4_p512,"M=64 efC=1600 ef=3200 alpha=0.85 beta=4 q=u8 seedT=8 seedH=8 seedS=4 pat=512 bloomH=2 bloomT=30 bloomSrc=pruned",64,0.9934527221,0.9999,5844.5689,8.8168,0.0000,0.703553,"0.703833;0.703553;0.702666",100.795559,9921.07,,15.60,0,6980,10,True,nid004173,59090050
SparseHNSW_Bloom2_30_b4_s8x4_p512,"M=64 efC=1600 ef=6400 alpha=0.85 beta=4 q=u8 seedT=8 seedH=8 seedS=4 pat=512 bloomH=2 bloomT=30 bloomSrc=pruned",64,0.9959598854,1.0000,5844.5689,8.8168,0.0000,0.758693,"0.759186;0.758693;0.757558",108.695272,9200.03,,15.60,0,6980,10,True,nid004173,59090050
SparseHNSW_Bloom2_30_b5_s8x4_p512,"M=64 efC=1600 ef=10 alpha=0.85 beta=5 q=u8 seedT=8 seedH=8 seedS=4 pat=512 bloomH=2 bloomT=30 bloomSrc=pruned",64,0.8631948424,0.9801,5844.5689,8.8168,0.0000,0.086290,"0.086290;0.086164;0.086304",12.362464,80890.02,,15.60,0,6980,10,True,nid004173,59090050
SparseHNSW_Bloom2_30_b5_s8x4_p512,"M=64 efC=1600 ef=50 alpha=0.85 beta=5 q=u8 seedT=8 seedH=8 seedS=4 pat=512 bloomH=2 bloomT=30 bloomSrc=pruned",64,0.8631948424,0.9801,5844.5689,8.8168,0.0000,0.086716,"0.086718;0.086716;0.086683",12.423496,80492.64,,15.60,0,6980,10,True,nid004173,59090050
SparseHNSW_Bloom2_30_b5_s8x4_p512,"M=64 efC=1600 ef=100 alpha=0.85 beta=5 q=u8 seedT=8 seedH=8 seedS=4 pat=512 bloomH=2 bloomT=30 bloomSrc=pruned",64,0.8763610315,0.9867,5844.5689,8.8168,0.0000,0.149521,"0.149042;0.149904;0.149521",21.421347,46682.41,,15.60,0,6980,10,True,nid004173,59090050
SparseHNSW_Bloom2_30_b5_s8x4_p512,"M=64 efC=1600 ef=400 alpha=0.85 beta=5 q=u8 seedT=8 seedH=8 seedS=4 pat=512 bloomH=2 bloomT=30 bloomSrc=pruned",64,0.9368481375,0.9960,5844.5689,8.8168,0.0000,0.492558,"0.492728;0.492558;0.491874",70.567049,14170.92,,15.60,0,6980,10,True,nid004173,59090050
SparseHNSW_Bloom2_30_b5_s8x4_p512,"M=64 efC=1600 ef=800 alpha=0.85 beta=5 q=u8 seedT=8 seedH=8 seedS=4 pat=512 bloomH=2 bloomT=30 bloomSrc=pruned",64,0.9728939828,0.9980,5844.5689,8.8168,0.0000,0.692491,"0.692376;0.692491;0.692670",99.210745,10079.55,,15.60,0,6980,10,True,nid004173,59090050
SparseHNSW_Bloom2_30_b5_s8x4_p512,"M=64 efC=1600 ef=1600 alpha=0.85 beta=5 q=u8 seedT=8 seedH=8 seedS=4 pat=512 bloomH=2 bloomT=30 bloomSrc=pruned",64,0.9884957020,0.9996,5844.5689,8.8168,0.0000,0.701918,"0.700629;0.701918;0.701989",100.561318,9944.18,,15.60,0,6980,10,True,nid004173,59090050
SparseHNSW_Bloom2_30_b5_s8x4_p512,"M=64 efC=1600 ef=3200 alpha=0.85 beta=5 q=u8 seedT=8 seedH=8 seedS=4 pat=512 bloomH=2 bloomT=30 bloomSrc=pruned",64,0.9936389685,0.9999,5844.5689,8.8168,0.0000,0.717352,"0.717352;0.717338;0.717896",102.772493,9730.23,,15.60,0,6980,10,True,nid004173,59090050
SparseHNSW_Bloom2_30_b5_s8x4_p512,"M=64 efC=1600 ef=6400 alpha=0.85 beta=5 q=u8 seedT=8 seedH=8 seedS=4 pat=512 bloomH=2 bloomT=30 bloomSrc=pruned",64,0.9961461318,1.0000,5844.5689,8.8168,0.0000,0.772611,"0.773128;0.771817;0.772611",110.689255,9034.30,,15.60,0,6980,10,True,nid004173,59090050
SparseHNSW_Bloom2_30_b8_s8x4_p512,"M=64 efC=1600 ef=10 alpha=0.85 beta=8 q=u8 seedT=8 seedH=8 seedS=4 pat=512 bloomH=2 bloomT=30 bloomSrc=pruned",64,0.8715902579,0.9847,5844.5689,8.8168,0.0000,0.127125,"0.127226;0.127125;0.126734",18.212751,54906.59,,15.60,0,6980,10,True,nid004173,59090050
SparseHNSW_Bloom2_30_b8_s8x4_p512,"M=64 efC=1600 ef=50 alpha=0.85 beta=8 q=u8 seedT=8 seedH=8 seedS=4 pat=512 bloomH=2 bloomT=30 bloomSrc=pruned",64,0.8715902579,0.9847,5844.5689,8.8168,0.0000,0.126862,"0.126979;0.126862;0.126008",18.175072,55020.42,,15.60,0,6980,10,True,nid004173,59090050
SparseHNSW_Bloom2_30_b8_s8x4_p512,"M=64 efC=1600 ef=100 alpha=0.85 beta=8 q=u8 seedT=8 seedH=8 seedS=4 pat=512 bloomH=2 bloomT=30 bloomSrc=pruned",64,0.8764326648,0.9867,5844.5689,8.8168,0.0000,0.151759,"0.151759;0.151609;0.151833",21.741977,45993.98,,15.60,0,6980,10,True,nid004173,59090050
SparseHNSW_Bloom2_30_b8_s8x4_p512,"M=64 efC=1600 ef=400 alpha=0.85 beta=8 q=u8 seedT=8 seedH=8 seedS=4 pat=512 bloomH=2 bloomT=30 bloomSrc=pruned",64,0.9369197708,0.9960,5844.5689,8.8168,0.0000,0.493624,"0.493624;0.494505;0.493586",70.719771,14140.32,,15.60,0,6980,10,True,nid004173,59090050
SparseHNSW_Bloom2_30_b8_s8x4_p512,"M=64 efC=1600 ef=800 alpha=0.85 beta=8 q=u8 seedT=8 seedH=8 seedS=4 pat=512 bloomH=2 bloomT=30 bloomSrc=pruned",64,0.9729656160,0.9980,5844.5689,8.8168,0.0000,0.739881,"0.739881;0.740656;0.739170",106.000143,9433.95,,15.60,0,6980,10,True,nid004173,59090050
SparseHNSW_Bloom2_30_b8_s8x4_p512,"M=64 efC=1600 ef=1600 alpha=0.85 beta=8 q=u8 seedT=8 seedH=8 seedS=4 pat=512 bloomH=2 bloomT=30 bloomSrc=pruned",64,0.9886103152,0.9996,5844.5689,8.8168,0.0000,0.751924,"0.751376;0.752027;0.751924",107.725501,9282.85,,15.60,0,6980,10,True,nid004173,59090050
SparseHNSW_Bloom2_30_b8_s8x4_p512,"M=64 efC=1600 ef=3200 alpha=0.85 beta=8 q=u8 seedT=8 seedH=8 seedS=4 pat=512 bloomH=2 bloomT=30 bloomSrc=pruned",64,0.9937392550,0.9999,5844.5689,8.8168,0.0000,0.762786,"0.762872;0.762535;0.762786",109.281662,9150.67,,15.60,0,6980,10,True,nid004173,59090050
SparseHNSW_Bloom2_30_b8_s8x4_p512,"M=64 efC=1600 ef=6400 alpha=0.85 beta=8 q=u8 seedT=8 seedH=8 seedS=4 pat=512 bloomH=2 bloomT=30 bloomSrc=pruned",64,0.9962464183,1.0000,5844.5689,8.8168,0.0000,0.813250,"0.813250;0.813030;0.813947",116.511461,8582.85,,15.60,0,6980,10,True,nid004173,59090050
SparseHNSW_Bloom2_30_b12_s8x4_p512,"M=64 efC=1600 ef=10 alpha=0.85 beta=12 q=u8 seedT=8 seedH=8 seedS=4 pat=512 bloomH=2 bloomT=30 bloomSrc=pruned",64,0.8820916905,0.9884,5844.5689,8.8168,0.0000,0.178645,"0.178586;0.178645;0.178725",25.593840,39071.90,,15.60,0,6980,10,True,nid004173,59090050
SparseHNSW_Bloom2_30_b12_s8x4_p512,"M=64 efC=1600 ef=50 alpha=0.85 beta=12 q=u8 seedT=8 seedH=8 seedS=4 pat=512 bloomH=2 bloomT=30 bloomSrc=pruned",64,0.8820916905,0.9884,5844.5689,8.8168,0.0000,0.178586,"0.178586;0.178947;0.178514",25.585387,39084.81,,15.60,0,6980,10,True,nid004173,59090050
SparseHNSW_Bloom2_30_b12_s8x4_p512,"M=64 efC=1600 ef=100 alpha=0.85 beta=12 q=u8 seedT=8 seedH=8 seedS=4 pat=512 bloomH=2 bloomT=30 bloomSrc=pruned",64,0.8820916905,0.9884,5844.5689,8.8168,0.0000,0.178563,"0.178563;0.179163;0.178181",25.582092,39089.85,,15.60,0,6980,10,True,nid004173,59090050
SparseHNSW_Bloom2_30_b12_s8x4_p512,"M=64 efC=1600 ef=400 alpha=0.85 beta=12 q=u8 seedT=8 seedH=8 seedS=4 pat=512 bloomH=2 bloomT=30 bloomSrc=pruned",64,0.9369484241,0.9960,5844.5689,8.8168,0.0000,0.497300,"0.497300;0.497671;0.497042",71.246418,14035.79,,15.60,0,6980,10,True,nid004173,59090050
SparseHNSW_Bloom2_30_b12_s8x4_p512,"M=64 efC=1600 ef=800 alpha=0.85 beta=12 q=u8 seedT=8 seedH=8 seedS=4 pat=512 bloomH=2 bloomT=30 bloomSrc=pruned",64,0.9729942693,0.9980,5844.5689,8.8168,0.0000,0.796736,"0.795528;0.796736;0.797334",114.145559,8760.74,,15.60,0,6980,10,True,nid004173,59090050
SparseHNSW_Bloom2_30_b12_s8x4_p512,"M=64 efC=1600 ef=1600 alpha=0.85 beta=12 q=u8 seedT=8 seedH=8 seedS=4 pat=512 bloomH=2 bloomT=30 bloomSrc=pruned",64,0.9886389685,0.9996,5844.5689,8.8168,0.0000,0.831625,"0.832398;0.831565;0.831625",119.143983,8393.21,,15.60,0,6980,10,True,nid004173,59090050
SparseHNSW_Bloom2_30_b12_s8x4_p512,"M=64 efC=1600 ef=3200 alpha=0.85 beta=12 q=u8 seedT=8 seedH=8 seedS=4 pat=512 bloomH=2 bloomT=30 bloomSrc=pruned",64,0.9937965616,0.9999,5844.5689,8.8168,0.0000,0.826355,"0.826355;0.826405;0.825474",118.388968,8446.73,,15.60,0,6980,10,True,nid004173,59090050
SparseHNSW_Bloom2_30_b12_s8x4_p512,"M=64 efC=1600 ef=6400 alpha=0.85 beta=12 q=u8 seedT=8 seedH=8 seedS=4 pat=512 bloomH=2 bloomT=30 bloomSrc=pruned",64,0.9963037249,1.0000,5844.5689,8.8168,0.0000,0.870731,"0.870898;0.870716;0.870731",124.746562,8016.25,,15.60,0,6980,10,True,nid004173,59090050
SparseHNSW_Bloom2_30_b16_s8x4_p512,"M=64 efC=1600 ef=10 alpha=0.85 beta=16 q=u8 seedT=8 seedH=8 seedS=4 pat=512 bloomH=2 bloomT=30 bloomSrc=pruned",64,0.8914613181,0.9907,5844.5689,8.8168,0.0000,0.228223,"0.228635;0.227948;0.228223",32.696705,30584.12,,15.60,0,6980,10,True,nid004173,59090050
SparseHNSW_Bloom2_30_b16_s8x4_p512,"M=64 efC=1600 ef=50 alpha=0.85 beta=16 q=u8 seedT=8 seedH=8 seedS=4 pat=512 bloomH=2 bloomT=30 bloomSrc=pruned",64,0.8914613181,0.9907,5844.5689,8.8168,0.0000,0.228407,"0.227906;0.228407;0.228845",32.723066,30559.48,,15.60,0,6980,10,True,nid004173,59090050
SparseHNSW_Bloom2_30_b16_s8x4_p512,"M=64 efC=1600 ef=100 alpha=0.85 beta=16 q=u8 seedT=8 seedH=8 seedS=4 pat=512 bloomH=2 bloomT=30 bloomSrc=pruned",64,0.8914613181,0.9907,5844.5689,8.8168,0.0000,0.228191,"0.228148;0.229397;0.228191",32.692120,30588.41,,15.60,0,6980,10,True,nid004173,59090050
SparseHNSW_Bloom2_30_b16_s8x4_p512,"M=64 efC=1600 ef=400 alpha=0.85 beta=16 q=u8 seedT=8 seedH=8 seedS=4 pat=512 bloomH=2 bloomT=30 bloomSrc=pruned",64,0.9369484241,0.9960,5844.5689,8.8168,0.0000,0.498239,"0.498239;0.498139;0.498879",71.380946,14009.34,,15.60,0,6980,10,True,nid004173,59090050
SparseHNSW_Bloom2_30_b16_s8x4_p512,"M=64 efC=1600 ef=800 alpha=0.85 beta=16 q=u8 seedT=8 seedH=8 seedS=4 pat=512 bloomH=2 bloomT=30 bloomSrc=pruned",64,0.9730085960,0.9980,5844.5689,8.8168,0.0000,0.840996,"0.840996;0.841232;0.839682",120.486533,8299.68,,15.60,0,6980,10,True,nid004173,59090050
SparseHNSW_Bloom2_30_b16_s8x4_p512,"M=64 efC=1600 ef=1600 alpha=0.85 beta=16 q=u8 seedT=8 seedH=8 seedS=4 pat=512 bloomH=2 bloomT=30 bloomSrc=pruned",64,0.9886532951,0.9996,5844.5689,8.8168,0.0000,0.905506,"0.905253;0.905870;0.905506",129.728653,7708.40,,15.60,0,6980,10,True,nid004173,59090050
SparseHNSW_Bloom2_30_b16_s8x4_p512,"M=64 efC=1600 ef=3200 alpha=0.85 beta=16 q=u8 seedT=8 seedH=8 seedS=4 pat=512 bloomH=2 bloomT=30 bloomSrc=pruned",64,0.9938108883,0.9999,5844.5689,8.8168,0.0000,0.892245,"0.892245;0.893361;0.891763",127.828797,7822.96,,15.60,0,6980,10,True,nid004173,59090050
SparseHNSW_Bloom2_30_b16_s8x4_p512,"M=64 efC=1600 ef=6400 alpha=0.85 beta=16 q=u8 seedT=8 seedH=8 seedS=4 pat=512 bloomH=2 bloomT=30 bloomSrc=pruned",64,0.9963180516,1.0000,5844.5689,8.8168,0.0000,0.922332,"0.921876;0.922832;0.922332",132.139255,7567.77,,15.60,0,6980,10,True,nid004173,59090050
SparseHNSW_Bloom2_30_b4_s0x0_p2048,"M=64 efC=1600 ef=10 alpha=0.85 beta=4 q=u8 pat=2048 bloomH=2 bloomT=30 bloomSrc=pruned",64,0.8373782235,0.9470,5844.5689,8.8168,0.0000,0.075886,"0.075369;0.075886;0.075933",10.871920,91980.08,,15.60,0,6980,10,True,nid004173,59090050
SparseHNSW_Bloom2_30_b4_s0x0_p2048,"M=64 efC=1600 ef=50 alpha=0.85 beta=4 q=u8 pat=2048 bloomH=2 bloomT=30 bloomSrc=pruned",64,0.8455014327,0.9532,5844.5689,8.8168,0.0000,0.089026,"0.089026;0.088998;0.089234",12.754441,78404.06,,15.60,0,6980,10,True,nid004173,59090050
SparseHNSW_Bloom2_30_b4_s0x0_p2048,"M=64 efC=1600 ef=100 alpha=0.85 beta=4 q=u8 pat=2048 bloomH=2 bloomT=30 bloomSrc=pruned",64,0.8628366762,0.9695,5844.5689,8.8168,0.0000,0.151753,"0.152073;0.151753;0.151607",21.741117,45995.80,,15.60,0,6980,10,True,nid004173,59090050
SparseHNSW_Bloom2_30_b4_s0x0_p2048,"M=64 efC=1600 ef=400 alpha=0.85 beta=4 q=u8 pat=2048 bloomH=2 bloomT=30 bloomSrc=pruned",64,0.9119627507,0.9878,5844.5689,8.8168,0.0000,0.489629,"0.490494;0.489629;0.489382",70.147421,14255.69,,15.60,0,6980,10,True,nid004173,59090050
SparseHNSW_Bloom2_30_b4_s0x0_p2048,"M=64 efC=1600 ef=800 alpha=0.85 beta=4 q=u8 pat=2048 bloomH=2 bloomT=30 bloomSrc=pruned",64,0.9522779370,0.9943,5844.5689,8.8168,0.0000,0.907204,"0.905611;0.907252;0.907204",129.971920,7693.97,,15.60,0,6980,10,True,nid004173,59090050
SparseHNSW_Bloom2_30_b4_s0x0_p2048,"M=64 efC=1600 ef=1600 alpha=0.85 beta=4 q=u8 pat=2048 bloomH=2 bloomT=30 bloomSrc=pruned",64,0.9787392550,0.9974,5844.5689,8.8168,0.0000,1.665896,"1.665896;1.665556;1.666581",238.667049,4189.94,,15.60,0,6980,10,True,nid004173,59090050
SparseHNSW_Bloom2_30_b4_s0x0_p2048,"M=64 efC=1600 ef=3200 alpha=0.85 beta=4 q=u8 pat=2048 bloomH=2 bloomT=30 bloomSrc=pruned",64,0.9897994269,0.9984,5844.5689,8.8168,0.0000,2.132531,"2.132196;2.133889;2.132531",305.520201,3273.11,,15.60,0,6980,10,True,nid004173,59090050
SparseHNSW_Bloom2_30_b4_s0x0_p2048,"M=64 efC=1600 ef=6400 alpha=0.85 beta=4 q=u8 pat=2048 bloomH=2 bloomT=30 bloomSrc=pruned",64,0.9954011461,0.9999,5844.5689,8.8168,0.0000,2.164566,"2.164219;2.164566;2.165385",310.109742,3224.66,,15.60,0,6980,10,True,nid004173,59090050
SparseHNSW_Bloom2_30_b5_s0x0_p2048,"M=64 efC=1600 ef=10 alpha=0.85 beta=5 q=u8 pat=2048 bloomH=2 bloomT=30 bloomSrc=pruned",64,0.8455873926,0.9532,5844.5689,8.8168,0.0000,0.089314,"0.089314;0.089257;0.089542",12.795702,78151.24,,15.60,0,6980,10,True,nid004173,59090050
SparseHNSW_Bloom2_30_b5_s0x0_p2048,"M=64 efC=1600 ef=50 alpha=0.85 beta=5 q=u8 pat=2048 bloomH=2 bloomT=30 bloomSrc=pruned",64,0.8455873926,0.9532,5844.5689,8.8168,0.0000,0.089739,"0.089917;0.089739;0.089562",12.856590,77781.12,,15.60,0,6980,10,True,nid004173,59090050
SparseHNSW_Bloom2_30_b5_s0x0_p2048,"M=64 efC=1600 ef=100 alpha=0.85 beta=5 q=u8 pat=2048 bloomH=2 bloomT=30 bloomSrc=pruned",64,0.8629512894,0.9695,5844.5689,8.8168,0.0000,0.152333,"0.152482;0.152333;0.152054",21.824212,45820.67,,15.60,0,6980,10,True,nid004173,59090050
SparseHNSW_Bloom2_30_b5_s0x0_p2048,"M=64 efC=1600 ef=400 alpha=0.85 beta=5 q=u8 pat=2048 bloomH=2 bloomT=30 bloomSrc=pruned",64,0.9120916905,0.9878,5844.5689,8.8168,0.0000,0.492202,"0.491393;0.492367;0.492202",70.516046,14181.17,,15.60,0,6980,10,True,nid004173,59090050
SparseHNSW_Bloom2_30_b5_s0x0_p2048,"M=64 efC=1600 ef=800 alpha=0.85 beta=5 q=u8 pat=2048 bloomH=2 bloomT=30 bloomSrc=pruned",64,0.9524498567,0.9943,5844.5689,8.8168,0.0000,0.907471,"0.907471;0.907127;0.907816",130.010172,7691.71,,15.60,0,6980,10,True,nid004173,59090050
SparseHNSW_Bloom2_30_b5_s0x0_p2048,"M=64 efC=1600 ef=1600 alpha=0.85 beta=5 q=u8 pat=2048 bloomH=2 bloomT=30 bloomSrc=pruned",64,0.9788968481,0.9974,5844.5689,8.8168,0.0000,1.667196,"1.666496;1.667477;1.667196",238.853295,4186.67,,15.60,0,6980,10,True,nid004173,59090050
SparseHNSW_Bloom2_30_b5_s0x0_p2048,"M=64 efC=1600 ef=3200 alpha=0.85 beta=5 q=u8 pat=2048 bloomH=2 bloomT=30 bloomSrc=pruned",64,0.9899856734,0.9986,5844.5689,8.8168,0.0000,2.146928,"2.148087;2.146928;2.146783",307.582808,3251.16,,15.60,0,6980,10,True,nid004173,59090050
SparseHNSW_Bloom2_30_b5_s0x0_p2048,"M=64 efC=1600 ef=6400 alpha=0.85 beta=5 q=u8 pat=2048 bloomH=2 bloomT=30 bloomSrc=pruned",64,0.9955730659,0.9999,5844.5689,8.8168,0.0000,2.182074,"2.182074;2.182502;2.178633",312.618052,3198.79,,15.60,0,6980,10,True,nid004173,59090050
SparseHNSW_Bloom2_30_b8_s0x0_p2048,"M=64 efC=1600 ef=10 alpha=0.85 beta=8 q=u8 pat=2048 bloomH=2 bloomT=30 bloomSrc=pruned",64,0.8570487106,0.9640,5844.5689,8.8168,0.0000,0.129680,"0.129680;0.129758;0.129463",18.578797,53824.80,,15.60,0,6980,10,True,nid004173,59090050
SparseHNSW_Bloom2_30_b8_s0x0_p2048,"M=64 efC=1600 ef=50 alpha=0.85 beta=8 q=u8 pat=2048 bloomH=2 bloomT=30 bloomSrc=pruned",64,0.8570487106,0.9640,5844.5689,8.8168,0.0000,0.129770,"0.129729;0.129877;0.129770",18.591691,53787.47,,15.60,0,6980,10,True,nid004173,59090050
SparseHNSW_Bloom2_30_b8_s0x0_p2048,"M=64 efC=1600 ef=100 alpha=0.85 beta=8 q=u8 pat=2048 bloomH=2 bloomT=30 bloomSrc=pruned",64,0.8630229226,0.9695,5844.5689,8.8168,0.0000,0.154702,"0.154702;0.154975;0.154377",22.163610,45119.00,,15.60,0,6980,10,True,nid004173,59090050
SparseHNSW_Bloom2_30_b8_s0x0_p2048,"M=64 efC=1600 ef=400 alpha=0.85 beta=8 q=u8 pat=2048 bloomH=2 bloomT=30 bloomSrc=pruned",64,0.9121633238,0.9878,5844.5689,8.8168,0.0000,0.493685,"0.493824;0.493233;0.493685",70.728510,14138.57,,15.60,0,6980,10,True,nid004173,59090050
SparseHNSW_Bloom2_30_b8_s0x0_p2048,"M=64 efC=1600 ef=800 alpha=0.85 beta=8 q=u8 pat=2048 bloomH=2 bloomT=30 bloomSrc=pruned",64,0.9525358166,0.9943,5844.5689,8.8168,0.0000,0.909025,"0.909003;0.909382;0.909025",130.232808,7678.56,,15.60,0,6980,10,True,nid004173,59090050
SparseHNSW_Bloom2_30_b8_s0x0_p2048,"M=64 efC=1600 ef=1600 alpha=0.85 beta=8 q=u8 pat=2048 bloomH=2 bloomT=30 bloomSrc=pruned",64,0.9789971347,0.9974,5844.5689,8.8168,0.0000,1.669507,"1.669507;1.670899;1.667801",239.184384,4180.87,,15.60,0,6980,10,True,nid004173,59090050
SparseHNSW_Bloom2_30_b8_s0x0_p2048,"M=64 efC=1600 ef=3200 alpha=0.85 beta=8 q=u8 pat=2048 bloomH=2 bloomT=30 bloomSrc=pruned",64,0.9900859599,0.9986,5844.5689,8.8168,0.0000,2.193124,"2.192288;2.194460;2.193124",314.201146,3182.67,,15.60,0,6980,10,True,nid004173,59090050
SparseHNSW_Bloom2_30_b8_s0x0_p2048,"M=64 efC=1600 ef=6400 alpha=0.85 beta=8 q=u8 pat=2048 bloomH=2 bloomT=30 bloomSrc=pruned",64,0.9956733524,0.9999,5844.5689,8.8168,0.0000,2.221312,"2.223735;2.221081;2.221312",318.239542,3142.29,,15.60,0,6980,10,True,nid004173,59090050
SparseHNSW_Bloom2_30_b12_s0x0_p2048,"M=64 efC=1600 ef=10 alpha=0.85 beta=12 q=u8 pat=2048 bloomH=2 bloomT=30 bloomSrc=pruned",64,0.8673638968,0.9726,5844.5689,8.8168,0.0000,0.181475,"0.181475;0.180808;0.182138",25.999284,38462.60,,15.60,0,6980,10,True,nid004173,59090050
SparseHNSW_Bloom2_30_b12_s0x0_p2048,"M=64 efC=1600 ef=50 alpha=0.85 beta=12 q=u8 pat=2048 bloomH=2 bloomT=30 bloomSrc=pruned",64,0.8673638968,0.9726,5844.5689,8.8168,0.0000,0.181478,"0.181287;0.181478;0.181536",25.999713,38461.96,,15.60,0,6980,10,True,nid004173,59090050
SparseHNSW_Bloom2_30_b12_s0x0_p2048,"M=64 efC=1600 ef=100 alpha=0.85 beta=12 q=u8 pat=2048 bloomH=2 bloomT=30 bloomSrc=pruned",64,0.8673638968,0.9726,5844.5689,8.8168,0.0000,0.181529,"0.181412;0.181529;0.181545",26.007020,38451.16,,15.60,0,6980,10,True,nid004173,59090050
SparseHNSW_Bloom2_30_b12_s0x0_p2048,"M=64 efC=1600 ef=400 alpha=0.85 beta=12 q=u8 pat=2048 bloomH=2 bloomT=30 bloomSrc=pruned",64,0.9121919771,0.9878,5844.5689,8.8168,0.0000,0.496647,"0.496647;0.496236;0.497184",71.152865,14054.25,,15.60,0,6980,10,True,nid004173,59090050
SparseHNSW_Bloom2_30_b12_s0x0_p2048,"M=64 efC=1600 ef=800 alpha=0.85 beta=12 q=u8 pat=2048 bloomH=2 bloomT=30 bloomSrc=pruned",64,0.9525644699,0.9943,5844.5689,8.8168,0.0000,0.912179,"0.912179;0.911239;0.912355",130.684670,7652.01,,15.60,0,6980,10,True,nid004173,59090050
SparseHNSW_Bloom2_30_b12_s0x0_p2048,"M=64 efC=1600 ef=1600 alpha=0.85 beta=12 q=u8 pat=2048 bloomH=2 bloomT=30 bloomSrc=pruned",64,0.9790257880,0.9974,5844.5689,8.8168,0.0000,1.672638,"1.672638;1.673322;1.671560",239.632951,4173.05,,15.60,0,6980,10,True,nid004173,59090050
SparseHNSW_Bloom2_30_b12_s0x0_p2048,"M=64 efC=1600 ef=3200 alpha=0.85 beta=12 q=u8 pat=2048 bloomH=2 bloomT=30 bloomSrc=pruned",64,0.9901289398,0.9986,5844.5689,8.8168,0.0000,2.256459,"2.256995;2.255884;2.256459",323.274928,3093.34,,15.60,0,6980,10,True,nid004173,59090050
SparseHNSW_Bloom2_30_b12_s0x0_p2048,"M=64 efC=1600 ef=6400 alpha=0.85 beta=12 q=u8 pat=2048 bloomH=2 bloomT=30 bloomSrc=pruned",64,0.9957306590,0.9999,5844.5689,8.8168,0.0000,2.281363,"2.279945;2.284318;2.281363",326.842837,3059.57,,15.60,0,6980,10,True,nid004173,59090050
SparseHNSW_Bloom2_30_b16_s0x0_p2048,"M=64 efC=1600 ef=10 alpha=0.85 beta=16 q=u8 pat=2048 bloomH=2 bloomT=30 bloomSrc=pruned",64,0.8751862464,0.9775,5844.5689,8.8168,0.0000,0.230219,"0.229694;0.230493;0.230219",32.982665,30318.96,,15.60,0,6980,10,True,nid004173,59090050
SparseHNSW_Bloom2_30_b16_s0x0_p2048,"M=64 efC=1600 ef=50 alpha=0.85 beta=16 q=u8 pat=2048 bloomH=2 bloomT=30 bloomSrc=pruned",64,0.8751862464,0.9775,5844.5689,8.8168,0.0000,0.230303,"0.230636;0.230155;0.230303",32.994699,30307.90,,15.60,0,6980,10,True,nid004173,59090050
SparseHNSW_Bloom2_30_b16_s0x0_p2048,"M=64 efC=1600 ef=100 alpha=0.85 beta=16 q=u8 pat=2048 bloomH=2 bloomT=30 bloomSrc=pruned",64,0.8751862464,0.9775,5844.5689,8.8168,0.0000,0.230228,"0.230228;0.230120;0.230287",32.983954,30317.77,,15.60,0,6980,10,True,nid004173,59090050
SparseHNSW_Bloom2_30_b16_s0x0_p2048,"M=64 efC=1600 ef=400 alpha=0.85 beta=16 q=u8 pat=2048 bloomH=2 bloomT=30 bloomSrc=pruned",64,0.9121919771,0.9878,5844.5689,8.8168,0.0000,0.497969,"0.497969;0.498150;0.497819",71.342264,14016.94,,15.60,0,6980,10,True,nid004173,59090050
SparseHNSW_Bloom2_30_b16_s0x0_p2048,"M=64 efC=1600 ef=800 alpha=0.85 beta=16 q=u8 pat=2048 bloomH=2 bloomT=30 bloomSrc=pruned",64,0.9525644699,0.9943,5844.5689,8.8168,0.0000,0.912999,"0.913438;0.912776;0.912999",130.802149,7645.13,,15.60,0,6980,10,True,nid004173,59090050
SparseHNSW_Bloom2_30_b16_s0x0_p2048,"M=64 efC=1600 ef=1600 alpha=0.85 beta=16 q=u8 pat=2048 bloomH=2 bloomT=30 bloomSrc=pruned",64,0.9790257880,0.9974,5844.5689,8.8168,0.0000,1.672628,"1.672628;1.672105;1.673678",239.631519,4173.07,,15.60,0,6980,10,True,nid004173,59090050
SparseHNSW_Bloom2_30_b16_s0x0_p2048,"M=64 efC=1600 ef=3200 alpha=0.85 beta=16 q=u8 pat=2048 bloomH=2 bloomT=30 bloomSrc=pruned",64,0.9901289398,0.9986,5844.5689,8.8168,0.0000,2.317282,"2.317282;2.317903;2.316222",331.988825,3012.15,,15.60,0,6980,10,True,nid004173,59090050
SparseHNSW_Bloom2_30_b16_s0x0_p2048,"M=64 efC=1600 ef=6400 alpha=0.85 beta=16 q=u8 pat=2048 bloomH=2 bloomT=30 bloomSrc=pruned",64,0.9957306590,0.9999,5844.5689,8.8168,0.0000,2.341992,"2.342951;2.341992;2.341811",335.528940,2980.37,,15.60,0,6980,10,True,nid004173,59090050
SparseHNSW_Bloom2_30_b4_s8x4_p2048,"M=64 efC=1600 ef=10 alpha=0.85 beta=4 q=u8 seedT=8 seedH=8 seedS=4 pat=2048 bloomH=2 bloomT=30 bloomSrc=pruned",64,0.8568051576,0.9765,5844.5689,8.8168,0.0000,0.072259,"0.071901;0.072259;0.072920",10.352292,96596.96,,15.60,0,6980,10,True,nid004173,59090050
SparseHNSW_Bloom2_30_b4_s8x4_p2048,"M=64 efC=1600 ef=50 alpha=0.85 beta=4 q=u8 seedT=8 seedH=8 seedS=4 pat=2048 bloomH=2 bloomT=30 bloomSrc=pruned",64,0.8631088825,0.9801,5844.5689,8.8168,0.0000,0.085959,"0.086253;0.085959;0.085237",12.315043,81201.50,,15.60,0,6980,10,True,nid004173,59090050
SparseHNSW_Bloom2_30_b4_s8x4_p2048,"M=64 efC=1600 ef=100 alpha=0.85 beta=4 q=u8 seedT=8 seedH=8 seedS=4 pat=2048 bloomH=2 bloomT=30 bloomSrc=pruned",64,0.8762464183,0.9867,5844.5689,8.8168,0.0000,0.149063,"0.149363;0.148539;0.149063",21.355731,46825.84,,15.60,0,6980,10,True,nid004173,59090050
SparseHNSW_Bloom2_30_b4_s8x4_p2048,"M=64 efC=1600 ef=400 alpha=0.85 beta=4 q=u8 seedT=8 seedH=8 seedS=4 pat=2048 bloomH=2 bloomT=30 bloomSrc=pruned",64,0.9367048711,0.9960,5844.5689,8.8168,0.0000,0.490595,"0.491083;0.490595;0.490526",70.285817,14227.62,,15.60,0,6980,10,True,nid004173,59090050
SparseHNSW_Bloom2_30_b4_s8x4_p2048,"M=64 efC=1600 ef=800 alpha=0.85 beta=4 q=u8 seedT=8 seedH=8 seedS=4 pat=2048 bloomH=2 bloomT=30 bloomSrc=pruned",64,0.9727936963,0.9980,5844.5689,8.8168,0.0000,0.908750,"0.907985;0.908893;0.908750",130.193410,7680.88,,15.60,0,6980,10,True,nid004173,59090050
SparseHNSW_Bloom2_30_b4_s8x4_p2048,"M=64 efC=1600 ef=1600 alpha=0.85 beta=4 q=u8 seedT=8 seedH=8 seedS=4 pat=2048 bloomH=2 bloomT=30 bloomSrc=pruned",64,0.9884240688,0.9997,5844.5689,8.8168,0.0000,1.669512,"1.669512;1.669123;1.670411",239.185100,4180.86,,15.60,0,6980,10,True,nid004173,59090050
SparseHNSW_Bloom2_30_b4_s8x4_p2048,"M=64 efC=1600 ef=3200 alpha=0.85 beta=4 q=u8 seedT=8 seedH=8 seedS=4 pat=2048 bloomH=2 bloomT=30 bloomSrc=pruned",64,0.9936676218,1.0000,5844.5689,8.8168,0.0000,2.133693,"2.133815;2.133693;2.132099",305.686676,3271.32,,15.60,0,6980,10,True,nid004173,59090050
SparseHNSW_Bloom2_30_b4_s8x4_p2048,"M=64 efC=1600 ef=6400 alpha=0.85 beta=4 q=u8 seedT=8 seedH=8 seedS=4 pat=2048 bloomH=2 bloomT=30 bloomSrc=pruned",64,0.9961031519,1.0000,5844.5689,8.8168,0.0000,2.160948,"2.159749;2.164146;2.160948",309.591404,3230.06,,15.60,0,6980,10,True,nid004173,59090050
SparseHNSW_Bloom2_30_b5_s8x4_p2048,"M=64 efC=1600 ef=10 alpha=0.85 beta=5 q=u8 seedT=8 seedH=8 seedS=4 pat=2048 bloomH=2 bloomT=30 bloomSrc=pruned",64,0.8631948424,0.9801,5844.5689,8.8168,0.0000,0.086641,"0.086143;0.086641;0.086648",12.412751,80562.32,,15.60,0,6980,10,True,nid004173,59090050
SparseHNSW_Bloom2_30_b5_s8x4_p2048,"M=64 efC=1600 ef=50 alpha=0.85 beta=5 q=u8 seedT=8 seedH=8 seedS=4 pat=2048 bloomH=2 bloomT=30 bloomSrc=pruned",64,0.8631948424,0.9801,5844.5689,8.8168,0.0000,0.086152,"0.086500;0.086046;0.086152",12.342693,81019.59,,15.60,0,6980,10,True,nid004173,59090050
SparseHNSW_Bloom2_30_b5_s8x4_p2048,"M=64 efC=1600 ef=100 alpha=0.85 beta=5 q=u8 seedT=8 seedH=8 seedS=4 pat=2048 bloomH=2 bloomT=30 bloomSrc=pruned",64,0.8763610315,0.9867,5844.5689,8.8168,0.0000,0.149757,"0.149677;0.149983;0.149757",21.455158,46608.84,,15.60,0,6980,10,True,nid004173,59090050
SparseHNSW_Bloom2_30_b5_s8x4_p2048,"M=64 efC=1600 ef=400 alpha=0.85 beta=5 q=u8 seedT=8 seedH=8 seedS=4 pat=2048 bloomH=2 bloomT=30 bloomSrc=pruned",64,0.9368481375,0.9960,5844.5689,8.8168,0.0000,0.491701,"0.491099;0.492097;0.491701",70.444269,14195.62,,15.60,0,6980,10,True,nid004173,59090050
SparseHNSW_Bloom2_30_b5_s8x4_p2048,"M=64 efC=1600 ef=800 alpha=0.85 beta=5 q=u8 seedT=8 seedH=8 seedS=4 pat=2048 bloomH=2 bloomT=30 bloomSrc=pruned",64,0.9729512894,0.9980,5844.5689,8.8168,0.0000,0.910218,"0.909152;0.910218;0.911591",130.403725,7668.49,,15.60,0,6980,10,True,nid004173,59090050
SparseHNSW_Bloom2_30_b5_s8x4_p2048,"M=64 efC=1600 ef=1600 alpha=0.85 beta=5 q=u8 seedT=8 seedH=8 seedS=4 pat=2048 bloomH=2 bloomT=30 bloomSrc=pruned",64,0.9885959885,0.9997,5844.5689,8.8168,0.0000,1.671545,"1.672009;1.669705;1.671545",239.476361,4175.78,,15.60,0,6980,10,True,nid004173,59090050
SparseHNSW_Bloom2_30_b5_s8x4_p2048,"M=64 efC=1600 ef=3200 alpha=0.85 beta=5 q=u8 seedT=8 seedH=8 seedS=4 pat=2048 bloomH=2 bloomT=30 bloomSrc=pruned",64,0.9938538682,1.0000,5844.5689,8.8168,0.0000,2.146325,"2.146325;2.146307;2.148495",307.496418,3252.07,,15.60,0,6980,10,True,nid004173,59090050
SparseHNSW_Bloom2_30_b5_s8x4_p2048,"M=64 efC=1600 ef=6400 alpha=0.85 beta=5 q=u8 seedT=8 seedH=8 seedS=4 pat=2048 bloomH=2 bloomT=30 bloomSrc=pruned",64,0.9962750716,1.0000,5844.5689,8.8168,0.0000,2.178766,"2.178576;2.179257;2.178766",312.144126,3203.65,,15.60,0,6980,10,True,nid004173,59090050
SparseHNSW_Bloom2_30_b8_s8x4_p2048,"M=64 efC=1600 ef=10 alpha=0.85 beta=8 q=u8 seedT=8 seedH=8 seedS=4 pat=2048 bloomH=2 bloomT=30 bloomSrc=pruned",64,0.8715902579,0.9847,5844.5689,8.8168,0.0000,0.126612,"0.127007;0.126522;0.126612",18.139255,55129.06,,15.60,0,6980,10,True,nid004173,59090050
SparseHNSW_Bloom2_30_b8_s8x4_p2048,"M=64 efC=1600 ef=50 alpha=0.85 beta=8 q=u8 seedT=8 seedH=8 seedS=4 pat=2048 bloomH=2 bloomT=30 bloomSrc=pruned",64,0.8715902579,0.9847,5844.5689,8.8168,0.0000,0.127254,"0.127254;0.126857;0.127373",18.231232,54850.93,,15.60,0,6980,10,True,nid004173,59090050
SparseHNSW_Bloom2_30_b8_s8x4_p2048,"M=64 efC=1600 ef=100 alpha=0.85 beta=8 q=u8 seedT=8 seedH=8 seedS=4 pat=2048 bloomH=2 bloomT=30 bloomSrc=pruned",64,0.8764326648,0.9867,5844.5689,8.8168,0.0000,0.151663,"0.151580;0.151663;0.151805",21.728223,46023.09,,15.60,0,6980,10,True,nid004173,59090050
SparseHNSW_Bloom2_30_b8_s8x4_p2048,"M=64 efC=1600 ef=400 alpha=0.85 beta=8 q=u8 seedT=8 seedH=8 seedS=4 pat=2048 bloomH=2 bloomT=30 bloomSrc=pruned",64,0.9369197708,0.9960,5844.5689,8.8168,0.0000,0.493867,"0.493708;0.494094;0.493867",70.754585,14133.36,,15.60,0,6980,10,True,nid004173,59090050
SparseHNSW_Bloom2_30_b8_s8x4_p2048,"M=64 efC=1600 ef=800 alpha=0.85 beta=8 q=u8 seedT=8 seedH=8 seedS=4 pat=2048 bloomH=2 bloomT=30 bloomSrc=pruned",64,0.9730229226,0.9980,5844.5689,8.8168,0.0000,0.911991,"0.911859;0.911991;0.912077",130.657736,7653.58,,15.60,0,6980,10,True,nid004173,59090050
SparseHNSW_Bloom2_30_b8_s8x4_p2048,"M=64 efC=1600 ef=1600 alpha=0.85 beta=8 q=u8 seedT=8 seedH=8 seedS=4 pat=2048 bloomH=2 bloomT=30 bloomSrc=pruned",64,0.9886962751,0.9997,5844.5689,8.8168,0.0000,1.673587,"1.673110;1.673587;1.674327",239.768911,4170.68,,15.60,0,6980,10,True,nid004173,59090050
SparseHNSW_Bloom2_30_b8_s8x4_p2048,"M=64 efC=1600 ef=3200 alpha=0.85 beta=8 q=u8 seedT=8 seedH=8 seedS=4 pat=2048 bloomH=2 bloomT=30 bloomSrc=pruned",64,0.9939541547,1.0000,5844.5689,8.8168,0.0000,2.192610,"2.192183;2.192610;2.196554",314.127507,3183.42,,15.60,0,6980,10,True,nid004173,59090050
SparseHNSW_Bloom2_30_b8_s8x4_p2048,"M=64 efC=1600 ef=6400 alpha=0.85 beta=8 q=u8 seedT=8 seedH=8 seedS=4 pat=2048 bloomH=2 bloomT=30 bloomSrc=pruned",64,0.9963753582,1.0000,5844.5689,8.8168,0.0000,2.220368,"2.222597;2.220368;2.218690",318.104298,3143.62,,15.60,0,6980,10,True,nid004173,59090050
SparseHNSW_Bloom2_30_b12_s8x4_p2048,"M=64 efC=1600 ef=10 alpha=0.85 beta=12 q=u8 seedT=8 seedH=8 seedS=4 pat=2048 bloomH=2 bloomT=30 bloomSrc=pruned",64,0.8820916905,0.9884,5844.5689,8.8168,0.0000,0.178868,"0.179289;0.178580;0.178868",25.625788,39023.19,,15.60,0,6980,10,True,nid004173,59090050
SparseHNSW_Bloom2_30_b12_s8x4_p2048,"M=64 efC=1600 ef=50 alpha=0.85 beta=12 q=u8 seedT=8 seedH=8 seedS=4 pat=2048 bloomH=2 bloomT=30 bloomSrc=pruned",64,0.8820916905,0.9884,5844.5689,8.8168,0.0000,0.178871,"0.178871;0.178708;0.179244",25.626218,39022.54,,15.60,0,6980,10,True,nid004173,59090050
SparseHNSW_Bloom2_30_b12_s8x4_p2048,"M=64 efC=1600 ef=100 alpha=0.85 beta=12 q=u8 seedT=8 seedH=8 seedS=4 pat=2048 bloomH=2 bloomT=30 bloomSrc=pruned",64,0.8820916905,0.9884,5844.5689,8.8168,0.0000,0.179077,"0.179077;0.178986;0.179257",25.655731,38977.65,,15.60,0,6980,10,True,nid004173,59090050
SparseHNSW_Bloom2_30_b12_s8x4_p2048,"M=64 efC=1600 ef=400 alpha=0.85 beta=12 q=u8 seedT=8 seedH=8 seedS=4 pat=2048 bloomH=2 bloomT=30 bloomSrc=pruned",64,0.9369484241,0.9960,5844.5689,8.8168,0.0000,0.497200,"0.497096;0.497200;0.497209",71.232092,14038.62,,15.60,0,6980,10,True,nid004173,59090050
SparseHNSW_Bloom2_30_b12_s8x4_p2048,"M=64 efC=1600 ef=800 alpha=0.85 beta=12 q=u8 seedT=8 seedH=8 seedS=4 pat=2048 bloomH=2 bloomT=30 bloomSrc=pruned",64,0.9730515759,0.9980,5844.5689,8.8168,0.0000,0.915557,"0.915207;0.915557;0.915807",131.168625,7623.77,,15.60,0,6980,10,True,nid004173,59090050
SparseHNSW_Bloom2_30_b12_s8x4_p2048,"M=64 efC=1600 ef=1600 alpha=0.85 beta=12 q=u8 seedT=8 seedH=8 seedS=4 pat=2048 bloomH=2 bloomT=30 bloomSrc=pruned",64,0.9887249284,0.9997,5844.5689,8.8168,0.0000,1.676258,"1.675573;1.677943;1.676258",240.151576,4164.04,,15.60,0,6980,10,True,nid004173,59090050
SparseHNSW_Bloom2_30_b12_s8x4_p2048,"M=64 efC=1600 ef=3200 alpha=0.85 beta=12 q=u8 seedT=8 seedH=8 seedS=4 pat=2048 bloomH=2 bloomT=30 bloomSrc=pruned",64,0.9939971347,1.0000,5844.5689,8.8168,0.0000,2.266781,"2.267005;2.266781;2.266191",324.753725,3079.26,,15.60,0,6980,10,True,nid004173,59090050
SparseHNSW_Bloom2_30_b12_s8x4_p2048,"M=64 efC=1600 ef=6400 alpha=0.85 beta=12 q=u8 seedT=8 seedH=8 seedS=4 pat=2048 bloomH=2 bloomT=30 bloomSrc=pruned",64,0.9964326648,1.0000,5844.5689,8.8168,0.0000,2.281456,"2.281456;2.279877;2.281653",326.856160,3059.45,,15.60,0,6980,10,True,nid004173,59090050
SparseHNSW_Bloom2_30_b16_s8x4_p2048,"M=64 efC=1600 ef=10 alpha=0.85 beta=16 q=u8 seedT=8 seedH=8 seedS=4 pat=2048 bloomH=2 bloomT=30 bloomSrc=pruned",64,0.8914613181,0.9907,5844.5689,8.8168,0.0000,0.228293,"0.228203;0.228293;0.229176",32.706734,30574.74,,15.60,0,6980,10,True,nid004173,59090050
SparseHNSW_Bloom2_30_b16_s8x4_p2048,"M=64 efC=1600 ef=50 alpha=0.85 beta=16 q=u8 seedT=8 seedH=8 seedS=4 pat=2048 bloomH=2 bloomT=30 bloomSrc=pruned",64,0.8914613181,0.9907,5844.5689,8.8168,0.0000,0.228545,"0.228581;0.228545;0.228285",32.742837,30541.03,,15.60,0,6980,10,True,nid004173,59090050
SparseHNSW_Bloom2_30_b16_s8x4_p2048,"M=64 efC=1600 ef=100 alpha=0.85 beta=16 q=u8 seedT=8 seedH=8 seedS=4 pat=2048 bloomH=2 bloomT=30 bloomSrc=pruned",64,0.8914613181,0.9907,5844.5689,8.8168,0.0000,0.228295,"0.228479;0.228129;0.228295",32.707020,30574.48,,15.60,0,6980,10,True,nid004173,59090050
SparseHNSW_Bloom2_30_b16_s8x4_p2048,"M=64 efC=1600 ef=400 alpha=0.85 beta=16 q=u8 seedT=8 seedH=8 seedS=4 pat=2048 bloomH=2 bloomT=30 bloomSrc=pruned",64,0.9369484241,0.9960,5844.5689,8.8168,0.0000,0.498053,"0.498026;0.498053;0.498858",71.354298,14014.57,,15.60,0,6980,10,True,nid004173,59090050
SparseHNSW_Bloom2_30_b16_s8x4_p2048,"M=64 efC=1600 ef=800 alpha=0.85 beta=16 q=u8 seedT=8 seedH=8 seedS=4 pat=2048 bloomH=2 bloomT=30 bloomSrc=pruned",64,0.9730515759,0.9980,5844.5689,8.8168,0.0000,0.916742,"0.916742;0.917015;0.915836",131.338395,7613.92,,15.60,0,6980,10,True,nid004173,59090050
SparseHNSW_Bloom2_30_b16_s8x4_p2048,"M=64 efC=1600 ef=1600 alpha=0.85 beta=16 q=u8 seedT=8 seedH=8 seedS=4 pat=2048 bloomH=2 bloomT=30 bloomSrc=pruned",64,0.9887249284,0.9997,5844.5689,8.8168,0.0000,1.677898,"1.677488;1.678888;1.677898",240.386533,4159.97,,15.60,0,6980,10,True,nid004173,59090050
SparseHNSW_Bloom2_30_b16_s8x4_p2048,"M=64 efC=1600 ef=3200 alpha=0.85 beta=16 q=u8 seedT=8 seedH=8 seedS=4 pat=2048 bloomH=2 bloomT=30 bloomSrc=pruned",64,0.9939971347,1.0000,5844.5689,8.8168,0.0000,2.330960,"2.330556;2.332228;2.330960",333.948424,2994.47,,15.60,0,6980,10,True,nid004173,59090050
SparseHNSW_Bloom2_30_b16_s8x4_p2048,"M=64 efC=1600 ef=6400 alpha=0.85 beta=16 q=u8 seedT=8 seedH=8 seedS=4 pat=2048 bloomH=2 bloomT=30 bloomSrc=pruned",64,0.9964326648,1.0000,5844.5689,8.8168,0.0000,2.342521,"2.342521;2.340455;2.343155",335.604728,2979.70,,15.60,0,6980,10,True,nid004173,59090050
